{
"type": "FeatureCollection",
"name": "admiralteysky",
"crs": { "type": "name", "properties": { "name": "urn:ogc:def:crs:OGC:1.3:CRS84" } },
"features": [
{ "type": "Feature", "properties": { "height": 7.5, "match_type": "only_a", "height_source": "ml_predicted" }, "geometry": { "type": "Polygon", "coordinates": [ [ [ 30.29986, 59.92892 ], [ 30.29967, 59.92882 ], [ 30.29937, 59.92882 ], [ 30.29924, 59.92875 ], [ 30.29915, 59.9288 ], [ 30.29922, 59.92884 ], [ 30.29906, 59.92893 ], [ 30.2993, 59.92882 ], [ 30.29958, 59.92884 ], [ 30.29982, 59.92895 ], [ 30.29985, 59.929 ], [ 30.2998, 59.92908 ], [ 30.29985, 59.92911 ], [ 30.29989, 59.92908 ], [ 30.29986, 59.92892 ] ] ] } },
{ "type": "Feature", "properties": { "height": 15.0, "match_type": "matched", "height_source": "source_b" }, "geometry": { "type": "Polygon", "coordinates": [ [ [ 30.30025, 59.92872599999864 ], [ 30.3003, 59.928645999998643 ], [ 30.300054, 59.928590999998669 ], [ 30.300035, 59.928488999998656 ], [ 30.299817, 59.928497999998655 ], [ 30.299862, 59.928654999998649 ], [ 30.30025, 59.92872599999864 ] ] ] } },
{ "type": "Feature", "properties": { "height": 13.2, "match_type": "matched", "height_source": "source_b" }, "geometry": { "type": "Polygon", "coordinates": [ [ [ 30.299964, 59.929062999998649 ], [ 30.30013, 59.929103999998659 ], [ 30.300312, 59.92886699999864 ], [ 30.300167, 59.928834999998635 ], [ 30.299964, 59.929062999998649 ] ] ] } },
{ "type": "Feature", "properties": { "height": 15.0, "match_type": "matched", "height_source": "source_b" }, "geometry": { "type": "Polygon", "coordinates": [ [ [ 30.299186, 59.929824999998658 ], [ 30.299801, 59.929242999998635 ], [ 30.30025, 59.92872599999864 ], [ 30.299996, 59.92867999999865 ], [ 30.299878, 59.928843999998648 ], [ 30.299968, 59.92886399999864 ], [ 30.299871, 59.928989999998656 ], [ 30.299902, 59.928999999998638 ], [ 30.299665, 59.929216999998658 ], [ 30.299508, 59.929292999998665 ], [ 30.299376, 59.929443999998654 ], [ 30.298709, 59.92919199999865 ], [ 30.298653, 59.92921599999864 ], [ 30.298426, 59.92905699999865 ], [ 30.298067, 59.929254999998648 ], [ 30.299186, 59.929824999998658 ] ] ] } },
{ "type": "Feature", "properties": { "height": 15.0, "match_type": "matched", "height_source": "source_b" }, "geometry": { "type": "Polygon", "coordinates": [ [ [ 30.294858, 59.92766699999865 ], [ 30.295128, 59.927721999998639 ], [ 30.295425, 59.927379999998635 ], [ 30.294976, 59.927338999998639 ], [ 30.294875, 59.927452999998629 ], [ 30.295006, 59.92750799999866 ], [ 30.294936, 59.927585999998648 ], [ 30.294883, 59.927582999998634 ], [ 30.294858, 59.92766699999865 ] ] ] } },
{ "type": "Feature", "properties": { "height": 9.9, "match_type": "matched", "height_source": "source_b" }, "geometry": { "type": "Polygon", "coordinates": [ [ [ 30.294766, 59.920262999998634 ], [ 30.295014, 59.920314999998638 ], [ 30.295059, 59.920251999998641 ], [ 30.295252, 59.920285999998626 ], [ 30.295532, 59.919956999998632 ], [ 30.295111, 59.919863999998661 ], [ 30.294766, 59.920262999998634 ] ] ] } },
{ "type": "Feature", "properties": { "height": 13.2, "match_type": "matched", "height_source": "source_b" }, "geometry": { "type": "Polygon", "coordinates": [ [ [ 30.295937, 59.920048999998656 ], [ 30.295532, 59.919956999998632 ], [ 30.29543, 59.920075999998637 ], [ 30.295708, 59.920133999998633 ], [ 30.295602, 59.92024999999866 ], [ 30.29574, 59.920279999998641 ], [ 30.295937, 59.920048999998656 ] ] ] } },
{ "type": "Feature", "properties": { "height": 15.0, "match_type": "matched", "height_source": "source_b" }, "geometry": { "type": "Polygon", "coordinates": [ [ [ 30.295555, 59.920101999998664 ], [ 30.29543, 59.920075999998637 ], [ 30.295276, 59.920257999998654 ], [ 30.295402, 59.920283999998631 ], [ 30.295555, 59.920101999998664 ] ] ] } },
{ "type": "Feature", "properties": { "height": 4.5, "match_type": "matched", "height_source": "source_b" }, "geometry": { "type": "Polygon", "coordinates": [ [ [ 30.294787, 59.930047999998635 ], [ 30.294894, 59.93007599999865 ], [ 30.295289, 59.929686999998651 ], [ 30.295188, 59.929660999998632 ], [ 30.294787, 59.930047999998635 ] ] ] } },
{ "type": "Feature", "properties": { "height": 13.2, "match_type": "matched", "height_source": "source_b" }, "geometry": { "type": "Polygon", "coordinates": [ [ [ 30.295905, 59.923717999998672 ], [ 30.296443, 59.923065999998663 ], [ 30.295745, 59.922916999998634 ], [ 30.295656, 59.923023999998648 ], [ 30.295548, 59.92300199999864 ], [ 30.29514, 59.923503999998665 ], [ 30.295186, 59.92351399999864 ], [ 30.295119, 59.923585999998643 ], [ 30.295905, 59.923717999998672 ] ], [ [ 30.29541, 59.923549999998642 ], [ 30.295798, 59.923062999998642 ], [ 30.296083, 59.923119999998626 ], [ 30.295694, 59.923606999998654 ], [ 30.29541, 59.923549999998642 ] ] ] } },
{ "type": "Feature", "properties": { "height": 2.3, "match_type": "only_a", "height_source": "ml_predicted" }, "geometry": { "type": "Polygon", "coordinates": [ [ [ 30.29516, 59.92044 ], [ 30.29521, 59.92039 ], [ 30.2951, 59.92037 ], [ 30.29505, 59.92042 ], [ 30.29516, 59.92044 ] ] ] } },
{ "type": "Feature", "properties": { "height": 13.2, "match_type": "matched", "height_source": "source_b" }, "geometry": { "type": "Polygon", "coordinates": [ [ [ 30.295745, 59.922916999998634 ], [ 30.295224, 59.92280499999864 ], [ 30.294682, 59.923452999998652 ], [ 30.294919, 59.923502999998632 ], [ 30.295007, 59.923396999998637 ], [ 30.294948, 59.923384999998639 ], [ 30.295309, 59.922951999998645 ], [ 30.295656, 59.923023999998648 ], [ 30.295745, 59.922916999998634 ] ] ] } },
{ "type": "Feature", "properties": { "height": 9.9, "match_type": "matched", "height_source": "source_b" }, "geometry": { "type": "Polygon", "coordinates": [ [ [ 30.295364, 59.920777999998627 ], [ 30.295532, 59.920745999998651 ], [ 30.295569, 59.92079299999866 ], [ 30.295636, 59.920780999998648 ], [ 30.295582, 59.920699999998632 ], [ 30.295662, 59.920684999998628 ], [ 30.295571, 59.92051999999866 ], [ 30.295055, 59.920405999998643 ], [ 30.294854, 59.920636999998649 ], [ 30.295364, 59.920777999998627 ] ] ] } },
{ "type": "Feature", "properties": { "height": 3.1, "match_type": "only_a", "height_source": "ml_predicted" }, "geometry": { "type": "Polygon", "coordinates": [ [ [ 30.29528, 59.92382 ], [ 30.29518, 59.9238 ], [ 30.29513, 59.92385 ], [ 30.29524, 59.92388 ], [ 30.29528, 59.92382 ] ] ] } },
{ "type": "Feature", "properties": { "height": 13.2, "match_type": "matched", "height_source": "source_b" }, "geometry": { "type": "Polygon", "coordinates": [ [ [ 30.295727, 59.923934999998636 ], [ 30.295905, 59.923717999998672 ], [ 30.295217, 59.923574999998642 ], [ 30.295034, 59.923782999998622 ], [ 30.295727, 59.923934999998636 ] ], [ [ 30.295241, 59.923774999998656 ], [ 30.295328, 59.923669999998644 ], [ 30.295618, 59.923729999998656 ], [ 30.295532, 59.92383499999864 ], [ 30.295241, 59.923774999998656 ] ] ] } },
{ "type": "Feature", "properties": { "height": 15.0, "match_type": "matched", "height_source": "source_b" }, "geometry": { "type": "Polygon", "coordinates": [ [ [ 30.295008, 59.924292999998642 ], [ 30.295366, 59.924371999998627 ], [ 30.295727, 59.923934999998636 ], [ 30.295283, 59.92383599999863 ], [ 30.295232, 59.923895999998649 ], [ 30.295427, 59.92393899999864 ], [ 30.295373, 59.924001999998637 ], [ 30.294924, 59.923904999998634 ], [ 30.294817, 59.924022999998655 ], [ 30.295274, 59.924127999998653 ], [ 30.295205, 59.924203999998646 ], [ 30.295109, 59.924181999998623 ], [ 30.295008, 59.924292999998642 ] ] ] } },
{ "type": "Feature", "properties": { "height": 6.6, "match_type": "matched", "height_source": "source_b" }, "geometry": { "type": "Polygon", "coordinates": [ [ [ 30.295389, 59.930145999998658 ], [ 30.295535, 59.93018399999864 ], [ 30.295953, 59.929777999998642 ], [ 30.295807, 59.929736999998639 ], [ 30.295389, 59.930145999998658 ] ] ] } },
{ "type": "Feature", "properties": { "height": 18.0, "match_type": "matched", "height_source": "source_b" }, "geometry": { "type": "Polygon", "coordinates": [ [ [ 30.295338, 59.929492999998644 ], [ 30.295039, 59.929405999998671 ], [ 30.294946, 59.929489999998658 ], [ 30.295244, 59.929575999998654 ], [ 30.295338, 59.929492999998644 ] ] ] } },
{ "type": "Feature", "properties": { "height": 4.5, "match_type": "only_a", "height_source": "ml_predicted" }, "geometry": { "type": "Polygon", "coordinates": [ [ [ 30.29538, 59.93007 ], [ 30.29561, 59.92985 ], [ 30.29551, 59.92982 ], [ 30.29528, 59.93004 ], [ 30.29538, 59.93007 ] ] ] } },
{ "type": "Feature", "properties": { "height": 6.6, "match_type": "matched", "height_source": "source_b" }, "geometry": { "type": "Polygon", "coordinates": [ [ [ 30.29546, 59.920335999998642 ], [ 30.295414, 59.920394999998635 ], [ 30.295487, 59.920429999998646 ], [ 30.295682, 59.920467999998657 ], [ 30.295742, 59.920391999998635 ], [ 30.29546, 59.920335999998642 ] ] ] } },
{ "type": "Feature", "properties": { "height": 18.0, "match_type": "matched", "height_source": "source_b" }, "geometry": { "type": "Polygon", "coordinates": [ [ [ 30.295448, 59.929016999998673 ], [ 30.29561, 59.92906399999864 ], [ 30.295741, 59.928984999998647 ], [ 30.295556, 59.928912999998637 ], [ 30.295448, 59.929016999998673 ] ] ] } },
{ "type": "Feature", "properties": { "height": 15.0, "match_type": "matched", "height_source": "source_b" }, "geometry": { "type": "Polygon", "coordinates": [ [ [ 30.295445, 59.926654999998632 ], [ 30.295942, 59.926802999998657 ], [ 30.296081, 59.926644999998643 ], [ 30.29556, 59.92652799999864 ], [ 30.295445, 59.926654999998632 ] ] ] } },
{ "type": "Feature", "properties": { "height": 15.0, "match_type": "matched", "height_source": "source_b" }, "geometry": { "type": "Polygon", "coordinates": [ [ [ 30.294909, 59.926609999998632 ], [ 30.295177, 59.926654999998632 ], [ 30.29521, 59.926604999998638 ], [ 30.295445, 59.926654999998632 ], [ 30.29556, 59.92652799999864 ], [ 30.295036, 59.926410999998659 ], [ 30.294909, 59.926609999998632 ] ] ] } },
{ "type": "Feature", "properties": { "height": 15.0, "match_type": "matched", "height_source": "source_b" }, "geometry": { "type": "Polygon", "coordinates": [ [ [ 30.295405, 59.927035999998658 ], [ 30.295692, 59.927088999998652 ], [ 30.295942, 59.926802999998657 ], [ 30.295738, 59.926754999998657 ], [ 30.295638, 59.926868999998639 ], [ 30.295199, 59.926745999998637 ], [ 30.295118, 59.926874999998638 ], [ 30.295491, 59.926933999998639 ], [ 30.295405, 59.927035999998658 ] ] ] } },
{ "type": "Feature", "properties": { "height": 15.0, "match_type": "matched", "height_source": "source_b" }, "geometry": { "type": "Polygon", "coordinates": [ [ [ 30.294794, 59.927245999998654 ], [ 30.295425, 59.927379999998635 ], [ 30.295692, 59.927088999998652 ], [ 30.295405, 59.927035999998658 ], [ 30.295441, 59.926993999998636 ], [ 30.294987, 59.926937999998643 ], [ 30.294919, 59.927039999998655 ], [ 30.29541, 59.927074999998652 ], [ 30.295243, 59.927259999998647 ], [ 30.294831, 59.927171999998642 ], [ 30.294794, 59.927245999998654 ] ] ] } },
{ "type": "Feature", "properties": { "height": 13.2, "match_type": "matched", "height_source": "source_b" }, "geometry": { "type": "Polygon", "coordinates": [ [ [ 30.294362, 59.921031999998633 ], [ 30.294492, 59.921101999998648 ], [ 30.294969, 59.921020999998653 ], [ 30.294932, 59.920967999998652 ], [ 30.295456, 59.920870999998634 ], [ 30.295489, 59.920921999998619 ], [ 30.295783, 59.920864999998649 ], [ 30.295712, 59.920766999998641 ], [ 30.295569, 59.92079299999866 ], [ 30.295532, 59.920745999998651 ], [ 30.294677, 59.920909999998649 ], [ 30.294707, 59.92095799999862 ], [ 30.294362, 59.921031999998633 ] ] ] } },
{ "type": "Feature", "properties": { "height": 3.1, "match_type": "only_a", "height_source": "ml_predicted" }, "geometry": { "type": "Polygon", "coordinates": [ [ [ 30.29562, 59.92955 ], [ 30.29574, 59.92958 ], [ 30.29578, 59.92955 ], [ 30.29566, 59.92952 ], [ 30.29562, 59.92955 ] ] ] } },
{ "type": "Feature", "properties": { "height": 9.8, "match_type": "only_a", "height_source": "ml_predicted" }, "geometry": { "type": "Polygon", "coordinates": [ [ [ 30.29563, 59.92518 ], [ 30.29567, 59.92513 ], [ 30.29511, 59.92501 ], [ 30.29508, 59.92506 ], [ 30.29563, 59.92518 ] ] ] } },
{ "type": "Feature", "properties": { "height": 4.5, "match_type": "matched", "height_source": "source_b" }, "geometry": { "type": "Polygon", "coordinates": [ [ [ 30.295406, 59.929511999998653 ], [ 30.295562, 59.929556999998645 ], [ 30.295662, 59.92946399999866 ], [ 30.295513, 59.92941999999865 ], [ 30.295406, 59.929511999998653 ] ] ] } },
{ "type": "Feature", "properties": { "height": 9.9, "match_type": "matched", "height_source": "source_b" }, "geometry": { "type": "Polygon", "coordinates": [ [ [ 30.297265, 59.930153999998652 ], [ 30.297369, 59.930079999998647 ], [ 30.295338, 59.929492999998644 ], [ 30.295244, 59.929575999998654 ], [ 30.297265, 59.930153999998652 ] ] ] } },
{ "type": "Feature", "properties": { "height": 13.2, "match_type": "matched", "height_source": "source_b" }, "geometry": { "type": "Polygon", "coordinates": [ [ [ 30.296667, 59.920384999998646 ], [ 30.296787, 59.920237999998676 ], [ 30.295937, 59.920048999998656 ], [ 30.295805, 59.920200999998656 ], [ 30.296143, 59.920213999998644 ], [ 30.295984, 59.920396999998644 ], [ 30.296113, 59.920424999998637 ], [ 30.296242, 59.920428999998627 ], [ 30.296357, 59.920295999998636 ], [ 30.296565, 59.920308999998625 ], [ 30.296524, 59.920353999998653 ], [ 30.296667, 59.920384999998646 ] ] ] } },
{ "type": "Feature", "properties": { "height": 15.0, "match_type": "matched", "height_source": "source_b" }, "geometry": { "type": "Polygon", "coordinates": [ [ [ 30.29603, 59.920846999998645 ], [ 30.296888, 59.920681999998642 ], [ 30.296798, 59.92056899999865 ], [ 30.296739, 59.920580999998649 ], [ 30.296812, 59.920676999998634 ], [ 30.296117, 59.92081099999865 ], [ 30.296043, 59.920714999998644 ], [ 30.295947, 59.920732999998634 ], [ 30.29603, 59.920846999998645 ] ] ] } },
{ "type": "Feature", "properties": { "height": 18.0, "match_type": "matched", "height_source": "source_b" }, "geometry": { "type": "Polygon", "coordinates": [ [ [ 30.296043, 59.920714999998644 ], [ 30.296117, 59.92081099999865 ], [ 30.296812, 59.920676999998634 ], [ 30.296739, 59.920580999998649 ], [ 30.296043, 59.920714999998644 ] ] ] } },
{ "type": "Feature", "properties": { "height": 9.9, "match_type": "matched", "height_source": "source_b" }, "geometry": { "type": "Polygon", "coordinates": [ [ [ 30.296305, 59.922491999998634 ], [ 30.296563, 59.922187999998656 ], [ 30.296105, 59.922085999998643 ], [ 30.295843, 59.922397999998658 ], [ 30.295951, 59.922419999998638 ], [ 30.296172, 59.922163999998645 ], [ 30.296311, 59.922194999998645 ], [ 30.296092, 59.922448999998643 ], [ 30.296305, 59.922491999998634 ] ] ] } },
{ "type": "Feature", "properties": { "height": 13.2, "match_type": "matched", "height_source": "source_b" }, "geometry": { "type": "Polygon", "coordinates": [ [ [ 30.296112, 59.922723999998659 ], [ 30.296305, 59.922491999998634 ], [ 30.296092, 59.922448999998643 ], [ 30.29603, 59.922525999998655 ], [ 30.295889, 59.922497999998654 ], [ 30.295951, 59.922419999998638 ], [ 30.295843, 59.922397999998658 ], [ 30.295652, 59.92262599999863 ], [ 30.296112, 59.922723999998659 ] ] ] } },
{ "type": "Feature", "properties": { "height": 9.7, "match_type": "only_a", "height_source": "ml_predicted" }, "geometry": { "type": "Polygon", "coordinates": [ [ [ 30.2962, 59.92273 ], [ 30.29658, 59.92283 ], [ 30.29667, 59.92283 ], [ 30.29687, 59.92256 ], [ 30.29634, 59.92245 ], [ 30.29685, 59.92257 ], [ 30.29666, 59.92281 ], [ 30.2962, 59.92273 ] ] ] } },
{ "type": "Feature", "properties": { "height": 15.0, "match_type": "matched", "height_source": "source_b" }, "geometry": { "type": "Polygon", "coordinates": [ [ [ 30.296462, 59.92266599999865 ], [ 30.296286, 59.922631999998664 ], [ 30.296199, 59.922739999998647 ], [ 30.296657, 59.922826999998634 ], [ 30.296857, 59.922572999998636 ], [ 30.296333, 59.922459999998637 ], [ 30.296269, 59.922534999998639 ], [ 30.296529, 59.92258999999865 ], [ 30.296462, 59.92266599999865 ] ] ] } },
{ "type": "Feature", "properties": { "height": 13.2, "match_type": "matched", "height_source": "source_b" }, "geometry": { "type": "Polygon", "coordinates": [ [ [ 30.295921, 59.92476699999866 ], [ 30.295482, 59.92531899999868 ], [ 30.295389, 59.925304999998652 ], [ 30.295159, 59.925721999998672 ], [ 30.295241, 59.925748999998625 ], [ 30.295074, 59.925997999998629 ], [ 30.295656, 59.926127999998648 ], [ 30.295827, 59.925937999998659 ], [ 30.296255, 59.925990999998653 ], [ 30.296382, 59.925848999998649 ], [ 30.296269, 59.925815999998647 ], [ 30.296455, 59.925616999998624 ], [ 30.296579, 59.925645999998665 ], [ 30.296649, 59.925569999998643 ], [ 30.296434, 59.925520999998639 ], [ 30.296473, 59.925471999998649 ], [ 30.296272, 59.92542599999863 ], [ 30.296713, 59.924932999998653 ], [ 30.295921, 59.92476699999866 ] ], [ [ 30.296275, 59.925670999998644 ], [ 30.296152, 59.92578399999865 ], [ 30.295858, 59.925827999998653 ], [ 30.295267, 59.925659999998651 ], [ 30.295459, 59.925376999998655 ], [ 30.296179, 59.925502999998656 ], [ 30.29615, 59.925538999998658 ], [ 30.296247, 59.92559699999866 ], [ 30.296275, 59.925670999998644 ] ], [ [ 30.296096, 59.924884999998632 ], [ 30.296249, 59.924916999998658 ], [ 30.296053, 59.925153999998635 ], [ 30.295901, 59.925122999998642 ], [ 30.296096, 59.924884999998632 ] ], [ [ 30.29563, 59.925303999998647 ], [ 30.295701, 59.925218999998656 ], [ 30.295801, 59.925239999998659 ], [ 30.295731, 59.925324999998665 ], [ 30.29563, 59.925303999998647 ] ], [ [ 30.295272, 59.925841999998632 ], [ 30.295302, 59.925807999998639 ], [ 30.295472, 59.925845999998678 ], [ 30.295441, 59.925879999998635 ], [ 30.295272, 59.925841999998632 ] ] ] } },
{ "type": "Feature", "properties": { "height": 15.0, "match_type": "matched", "height_source": "source_b" }, "geometry": { "type": "Polygon", "coordinates": [ [ [ 30.296506, 59.925951999998638 ], [ 30.296534, 59.925919999998627 ], [ 30.296479, 59.925906999998638 ], [ 30.296666, 59.925660999998641 ], [ 30.296758, 59.925636999998638 ], [ 30.296455, 59.925616999998624 ], [ 30.296269, 59.925815999998647 ], [ 30.296382, 59.925848999998649 ], [ 30.296325, 59.925909999998652 ], [ 30.296506, 59.925951999998638 ] ] ] } },
{ "type": "Feature", "properties": { "height": 18.0, "match_type": "matched", "height_source": "source_b" }, "geometry": { "type": "Polygon", "coordinates": [ [ [ 30.295427, 59.925519999998635 ], [ 30.295705, 59.925579999998632 ], [ 30.295766, 59.925507999998651 ], [ 30.295488, 59.925447999998667 ], [ 30.295427, 59.925519999998635 ] ] ] } },
{ "type": "Feature", "properties": { "height": 15.0, "match_type": "matched", "height_source": "source_b" }, "geometry": { "type": "Polygon", "coordinates": [ [ [ 30.296275, 59.925670999998644 ], [ 30.296247, 59.92559699999866 ], [ 30.29615, 59.925538999998658 ], [ 30.296179, 59.925502999998656 ], [ 30.295459, 59.925376999998655 ], [ 30.295267, 59.925659999998651 ], [ 30.295858, 59.925827999998653 ], [ 30.296152, 59.92578399999865 ], [ 30.296275, 59.925670999998644 ] ], [ [ 30.295427, 59.925519999998635 ], [ 30.295488, 59.925447999998667 ], [ 30.295766, 59.925507999998651 ], [ 30.295705, 59.925579999998632 ], [ 30.295427, 59.925519999998635 ] ] ] } },
{ "type": "Feature", "properties": { "height": 15.0, "match_type": "matched", "height_source": "source_b" }, "geometry": { "type": "Polygon", "coordinates": [ [ [ 30.296444, 59.921412999998651 ], [ 30.294417, 59.921787999998607 ], [ 30.294555, 59.92197899999865 ], [ 30.296582, 59.921602999998626 ], [ 30.296444, 59.921412999998651 ] ] ] } },
{ "type": "Feature", "properties": { "height": 4.5, "match_type": "matched", "height_source": "source_b" }, "geometry": { "type": "Polygon", "coordinates": [ [ [ 30.296633, 59.927705999998651 ], [ 30.29689, 59.92773699999865 ], [ 30.296811, 59.92772099999862 ], [ 30.296858, 59.927656999998661 ], [ 30.296709, 59.927620999998673 ], [ 30.296633, 59.927705999998651 ] ] ] } },
{ "type": "Feature", "properties": { "height": 27.0, "match_type": "matched", "height_source": "source_b" }, "geometry": { "type": "Polygon", "coordinates": [ [ [ 30.296759, 59.928019999998618 ], [ 30.296973, 59.928074999998621 ], [ 30.297886, 59.927059999998654 ], [ 30.296476, 59.926766999998641 ], [ 30.296389, 59.926862999998662 ], [ 30.297571, 59.927129999998641 ], [ 30.296759, 59.928019999998618 ] ] ] } },
{ "type": "Feature", "properties": { "height": 15.0, "match_type": "matched", "height_source": "source_b" }, "geometry": { "type": "Polygon", "coordinates": [ [ [ 30.296032, 59.92826899999865 ], [ 30.296273, 59.928104999998638 ], [ 30.295885, 59.92790899999865 ], [ 30.296366, 59.927396999998642 ], [ 30.296217, 59.927359999998657 ], [ 30.296578, 59.926953999998652 ], [ 30.296667, 59.926925999998645 ], [ 30.296389, 59.926862999998662 ], [ 30.295379, 59.927979999998655 ], [ 30.296032, 59.92826899999865 ] ] ] } },
{ "type": "Feature", "properties": { "height": 9.9, "match_type": "matched", "height_source": "source_b" }, "geometry": { "type": "Polygon", "coordinates": [ [ [ 30.296328, 59.927235999998651 ], [ 30.296447, 59.927263999998637 ], [ 30.296403, 59.92732499999866 ], [ 30.296555, 59.927360999998626 ], [ 30.296799, 59.927073999998633 ], [ 30.296519, 59.927020999998653 ], [ 30.296328, 59.927235999998651 ] ] ] } },
{ "type": "Feature", "properties": { "height": 15.0, "match_type": "matched", "height_source": "source_b" }, "geometry": { "type": "Polygon", "coordinates": [ [ [ 30.296629, 59.928520999998653 ], [ 30.29689, 59.928373999998634 ], [ 30.297019, 59.928234999998658 ], [ 30.296869, 59.928183999998659 ], [ 30.296973, 59.928074999998621 ], [ 30.296759, 59.928019999998618 ], [ 30.296496, 59.92830499999863 ], [ 30.296326, 59.928230999998654 ], [ 30.296365, 59.928180999998631 ], [ 30.29625, 59.928119999998657 ], [ 30.296032, 59.92826899999865 ], [ 30.296629, 59.928520999998653 ] ] ] } },
{ "type": "Feature", "properties": { "height": 4.5, "match_type": "matched", "height_source": "source_b" }, "geometry": { "type": "Polygon", "coordinates": [ [ [ 30.296346, 59.928033999998654 ], [ 30.296507, 59.928072999998655 ], [ 30.296785, 59.927844999998669 ], [ 30.296556, 59.927791999998647 ], [ 30.296346, 59.928033999998654 ] ] ] } },
{ "type": "Feature", "properties": { "height": 13.2, "match_type": "matched", "height_source": "source_b" }, "geometry": { "type": "Polygon", "coordinates": [ [ [ 30.297119, 59.921634999998638 ], [ 30.297087, 59.921295999998627 ], [ 30.296583, 59.921392999998638 ], [ 30.296724, 59.921581999998651 ], [ 30.296956, 59.921535999998646 ], [ 30.297016, 59.921646999998664 ], [ 30.297119, 59.921634999998638 ] ] ] } },
{ "type": "Feature", "properties": { "height": 6.6, "match_type": "matched", "height_source": "source_b" }, "geometry": { "type": "Polygon", "coordinates": [ [ [ 30.296786, 59.923904999998648 ], [ 30.29659, 59.924143999998662 ], [ 30.296914, 59.924212999998645 ], [ 30.296967, 59.924149999998626 ], [ 30.297198, 59.92419899999863 ], [ 30.297145, 59.92426099999863 ], [ 30.297357, 59.924305999998658 ], [ 30.297682, 59.923917999998636 ], [ 30.297052, 59.923788999998649 ], [ 30.296984, 59.92387599999865 ], [ 30.297157, 59.923909999998628 ], [ 30.297111, 59.923968999998635 ], [ 30.296786, 59.923904999998648 ] ] ] } },
{ "type": "Feature", "properties": { "height": 15.0, "match_type": "matched", "height_source": "source_b" }, "geometry": { "type": "Polygon", "coordinates": [ [ [ 30.296905, 59.923757999998628 ], [ 30.296786, 59.923904999998648 ], [ 30.297111, 59.923968999998635 ], [ 30.297157, 59.923909999998628 ], [ 30.296984, 59.92387599999865 ], [ 30.297052, 59.923788999998649 ], [ 30.296905, 59.923757999998628 ] ] ] } },
{ "type": "Feature", "properties": { "height": 9.9, "match_type": "matched", "height_source": "source_b" }, "geometry": { "type": "Polygon", "coordinates": [ [ [ 30.296701, 59.922217999998658 ], [ 30.296505, 59.922400999998629 ], [ 30.296919, 59.92249299999861 ], [ 30.297387, 59.921929999998625 ], [ 30.296496, 59.921733999998665 ], [ 30.296426, 59.921816999998647 ], [ 30.297027, 59.921927999998651 ], [ 30.296878, 59.92216499999865 ], [ 30.296312, 59.922041999998648 ], [ 30.29644, 59.922039999998653 ], [ 30.296569, 59.921877999998635 ], [ 30.296317, 59.921826999998636 ], [ 30.296105, 59.922085999998643 ], [ 30.296701, 59.922217999998658 ] ] ] } },
{ "type": "Feature", "properties": { "height": 15.0, "match_type": "matched", "height_source": "source_b" }, "geometry": { "type": "Polygon", "coordinates": [ [ [ 30.296798, 59.92056899999865 ], [ 30.296865, 59.920657999998646 ], [ 30.297577, 59.920515999998656 ], [ 30.29728, 59.920465999998648 ], [ 30.296798, 59.92056899999865 ] ] ] } },
{ "type": "Feature", "properties": { "height": 15.0, "match_type": "matched", "height_source": "source_b" }, "geometry": { "type": "Polygon", "coordinates": [ [ [ 30.296703, 59.920341999998641 ], [ 30.297577, 59.920515999998656 ], [ 30.297623, 59.920421999998652 ], [ 30.296787, 59.920237999998676 ], [ 30.296703, 59.920341999998641 ] ] ] } },
{ "type": "Feature", "properties": { "height": 9.9, "match_type": "matched", "height_source": "source_b" }, "geometry": { "type": "Polygon", "coordinates": [ [ [ 30.296881, 59.924976999998648 ], [ 30.296725, 59.925030999998633 ], [ 30.296855, 59.925124999998651 ], [ 30.297034, 59.925062999998659 ], [ 30.296925, 59.924983999998638 ], [ 30.296988, 59.924931999998648 ], [ 30.296851, 59.924910999998644 ], [ 30.296818, 59.92496799999865 ], [ 30.296881, 59.924976999998648 ] ] ] } },
{ "type": "Feature", "properties": { "height": 9.9, "match_type": "matched", "height_source": "source_b" }, "geometry": { "type": "Polygon", "coordinates": [ [ [ 30.297083, 59.925187999998641 ], [ 30.297023, 59.925157999998639 ], [ 30.296964, 59.925187999998641 ], [ 30.297023, 59.925217999998637 ], [ 30.297083, 59.925187999998641 ] ] ] } },
{ "type": "Feature", "properties": { "height": 6.6, "match_type": "matched", "height_source": "source_b" }, "geometry": { "type": "Polygon", "coordinates": [ [ [ 30.296643, 59.925211999998666 ], [ 30.297129, 59.925253999998667 ], [ 30.29721, 59.925017999998659 ], [ 30.297003, 59.92499999999864 ], [ 30.297034, 59.925062999998659 ], [ 30.296952, 59.92514899999864 ], [ 30.296673, 59.925124999998651 ], [ 30.296643, 59.925211999998666 ] ], [ [ 30.297083, 59.925187999998641 ], [ 30.297023, 59.925217999998637 ], [ 30.296964, 59.925187999998641 ], [ 30.297023, 59.925157999998639 ], [ 30.297083, 59.925187999998641 ] ] ] } },
{ "type": "Feature", "properties": { "height": 15.0, "match_type": "matched", "height_source": "source_b" }, "geometry": { "type": "Polygon", "coordinates": [ [ [ 30.296231, 59.92457399999865 ], [ 30.296988, 59.924733999998644 ], [ 30.297357, 59.924305999998658 ], [ 30.29659, 59.924143999998662 ], [ 30.296231, 59.92457399999865 ] ], [ [ 30.297156, 59.92436399999864 ], [ 30.296987, 59.924566999998646 ], [ 30.296631, 59.924492999998641 ], [ 30.2968, 59.924288999998623 ], [ 30.297156, 59.92436399999864 ] ] ] } },
{ "type": "Feature", "properties": { "height": 6.6, "match_type": "matched", "height_source": "source_b" }, "geometry": { "type": "Polygon", "coordinates": [ [ [ 30.29768, 59.923456999998621 ], [ 30.29737, 59.923853999998634 ], [ 30.29786, 59.923954999998656 ], [ 30.29791, 59.923892999998635 ], [ 30.297631, 59.923835999998644 ], [ 30.297901, 59.923503999998651 ], [ 30.29768, 59.923456999998621 ] ] ] } },
{ "type": "Feature", "properties": { "height": 21.0, "match_type": "matched", "height_source": "source_b" }, "geometry": { "type": "Polygon", "coordinates": [ [ [ 30.297609, 59.923547999998647 ], [ 30.29768, 59.923456999998621 ], [ 30.297606, 59.923441999998651 ], [ 30.297727, 59.92328899999864 ], [ 30.297336, 59.923207999998652 ], [ 30.297195, 59.923398999998646 ], [ 30.297285, 59.92341599999866 ], [ 30.297245, 59.923471999998654 ], [ 30.297609, 59.923547999998647 ] ], [ [ 30.297449, 59.923411999998642 ], [ 30.297506, 59.923322999998646 ], [ 30.2976, 59.92333899999862 ], [ 30.297543, 59.923426999998654 ], [ 30.297449, 59.923411999998642 ] ] ] } },
{ "type": "Feature", "properties": { "height": 21.0, "match_type": "matched", "height_source": "source_b" }, "geometry": { "type": "Polygon", "coordinates": [ [ [ 30.296905, 59.923757999998628 ], [ 30.297119, 59.923801999998645 ], [ 30.297161, 59.923749999998634 ], [ 30.297412, 59.923801999998624 ], [ 30.297609, 59.923547999998647 ], [ 30.297458, 59.923515999998635 ], [ 30.297388, 59.923600999998655 ], [ 30.297179, 59.923557999998636 ], [ 30.297132, 59.92361999999865 ], [ 30.297035, 59.923598999998646 ], [ 30.296905, 59.923757999998628 ] ] ] } },
{ "type": "Feature", "properties": { "height": 9.9, "match_type": "matched", "height_source": "source_b" }, "geometry": { "type": "Polygon", "coordinates": [ [ [ 30.297918, 59.921282999998645 ], [ 30.297904, 59.921239999998633 ], [ 30.29772, 59.92118099999864 ], [ 30.297087, 59.921295999998627 ], [ 30.297119, 59.921634999998638 ], [ 30.297683, 59.921570999998657 ], [ 30.297918, 59.921282999998645 ] ], [ [ 30.297233, 59.921406999998631 ], [ 30.2974, 59.921378999998645 ], [ 30.297371, 59.921339999998629 ], [ 30.297462, 59.921296999998667 ], [ 30.297526, 59.921365999998635 ], [ 30.297657, 59.921390999998643 ], [ 30.297612, 59.921448999998631 ], [ 30.29752, 59.921434999998624 ], [ 30.297444, 59.921529999998647 ], [ 30.297274, 59.92154999999866 ], [ 30.297238, 59.921533999998637 ], [ 30.297233, 59.921406999998631 ] ] ] } },
{ "type": "Feature", "properties": { "height": 15.0, "match_type": "matched", "height_source": "source_b" }, "geometry": { "type": "Polygon", "coordinates": [ [ [ 30.297972, 59.927243999998659 ], [ 30.29895, 59.927463999998636 ], [ 30.298841, 59.927657999998637 ], [ 30.299018, 59.927680999998657 ], [ 30.299116, 59.927483999998628 ], [ 30.299068, 59.927475999998634 ], [ 30.299183, 59.927354999998649 ], [ 30.297886, 59.927059999998654 ], [ 30.297223, 59.927795999998636 ], [ 30.298006, 59.927928999998656 ], [ 30.29804, 59.927775999998637 ], [ 30.297425, 59.927675999998648 ], [ 30.297467, 59.927623999998659 ], [ 30.297572, 59.927647999998655 ], [ 30.297972, 59.927243999998659 ] ] ] } },
{ "type": "Feature", "properties": { "height": 11.9, "match_type": "only_a", "height_source": "ml_predicted" }, "geometry": { "type": "Polygon", "coordinates": [ [ [ 30.29725, 59.92351 ], [ 30.29724, 59.92346 ], [ 30.2972, 59.9235 ], [ 30.29725, 59.92351 ] ] ] } },
{ "type": "Feature", "properties": { "height": 13.2, "match_type": "matched", "height_source": "source_b" }, "geometry": { "type": "Polygon", "coordinates": [ [ [ 30.29716, 59.921880999998635 ], [ 30.297387, 59.921929999998625 ], [ 30.297683, 59.921570999998657 ], [ 30.297386, 59.921603999998645 ], [ 30.29716, 59.921880999998635 ] ] ] } },
{ "type": "Feature", "properties": { "height": 15.0, "match_type": "matched", "height_source": "source_b" }, "geometry": { "type": "Polygon", "coordinates": [ [ [ 30.295039, 59.929405999998671 ], [ 30.295338, 59.929492999998644 ], [ 30.295659, 59.92919399999866 ], [ 30.29606, 59.929351999998659 ], [ 30.296278, 59.92924399999864 ], [ 30.295724, 59.928992999998648 ], [ 30.29561, 59.92906399999864 ], [ 30.295448, 59.929016999998673 ], [ 30.295039, 59.929405999998671 ] ] ] } },
{ "type": "Feature", "properties": { "height": 15.0, "match_type": "matched", "height_source": "source_b" }, "geometry": { "type": "Polygon", "coordinates": [ [ [ 30.297049, 59.929627999998658 ], [ 30.296278, 59.92924399999864 ], [ 30.29606, 59.929351999998659 ], [ 30.296818, 59.929730999998647 ], [ 30.297049, 59.929627999998658 ] ] ] } },
{ "type": "Feature", "properties": { "height": 15.0, "match_type": "matched", "height_source": "source_b" }, "geometry": { "type": "Polygon", "coordinates": [ [ [ 30.297265, 59.930153999998652 ], [ 30.297671, 59.930270999998669 ], [ 30.297914, 59.930059999998633 ], [ 30.297049, 59.929627999998658 ], [ 30.296818, 59.929730999998647 ], [ 30.297431, 59.930036999998656 ], [ 30.297265, 59.930153999998652 ] ] ] } },
{ "type": "Feature", "properties": { "height": 4.1, "match_type": "only_a", "height_source": "ml_predicted" }, "geometry": { "type": "Polygon", "coordinates": [ [ [ 30.29762, 59.92845 ], [ 30.29765, 59.9284 ], [ 30.29733, 59.92833 ], [ 30.29729, 59.92838 ], [ 30.29762, 59.92845 ] ] ] } },
{ "type": "Feature", "properties": { "height": 15.0, "match_type": "matched", "height_source": "source_b" }, "geometry": { "type": "Polygon", "coordinates": [ [ [ 30.297672, 59.924877999998643 ], [ 30.298032, 59.924447999998641 ], [ 30.297811, 59.924401999998643 ], [ 30.29755, 59.924691999998643 ], [ 30.297672, 59.924877999998643 ] ] ] } },
{ "type": "Feature", "properties": { "height": 15.0, "match_type": "matched", "height_source": "source_b" }, "geometry": { "type": "Polygon", "coordinates": [ [ [ 30.297357, 59.924305999998658 ], [ 30.298032, 59.924447999998641 ], [ 30.298175, 59.924276999998639 ], [ 30.297499, 59.924135999998619 ], [ 30.297357, 59.924305999998658 ] ], [ [ 30.297598, 59.924297999998664 ], [ 30.29765, 59.924238999998643 ], [ 30.297901, 59.924294999998637 ], [ 30.297849, 59.924353999998644 ], [ 30.297598, 59.924297999998664 ] ] ] } },
{ "type": "Feature", "properties": { "height": 15.0, "match_type": "matched", "height_source": "source_b" }, "geometry": { "type": "Polygon", "coordinates": [ [ [ 30.296988, 59.924733999998644 ], [ 30.297672, 59.924877999998643 ], [ 30.29755, 59.924691999998643 ], [ 30.297261, 59.924626999998665 ], [ 30.297438, 59.924428999998668 ], [ 30.297727, 59.92449499999865 ], [ 30.297811, 59.924401999998643 ], [ 30.297357, 59.924305999998658 ], [ 30.296988, 59.924733999998644 ] ] ] } },
{ "type": "Feature", "properties": { "height": 13.2, "match_type": "matched", "height_source": "source_b" }, "geometry": { "type": "Polygon", "coordinates": [ [ [ 30.297606, 59.923441999998651 ], [ 30.298404, 59.923584999998667 ], [ 30.298512, 59.923452999998652 ], [ 30.297727, 59.92328899999864 ], [ 30.297606, 59.923441999998651 ] ] ] } },
{ "type": "Feature", "properties": { "height": 15.0, "match_type": "matched", "height_source": "source_b" }, "geometry": { "type": "Polygon", "coordinates": [ [ [ 30.298067, 59.929254999998648 ], [ 30.298249, 59.92915399999864 ], [ 30.298346, 59.928959999998646 ], [ 30.298317, 59.928873999998665 ], [ 30.297774, 59.92892599999864 ], [ 30.297465, 59.928740999998659 ], [ 30.297164, 59.928692999998624 ], [ 30.297256, 59.92855899999865 ], [ 30.297542, 59.928607999998654 ], [ 30.297633, 59.928479999998622 ], [ 30.297245, 59.928408999998645 ], [ 30.2971, 59.928612999998649 ], [ 30.296783, 59.928441999998647 ], [ 30.296629, 59.928520999998653 ], [ 30.296876, 59.928644999998639 ], [ 30.29684, 59.928663999998662 ], [ 30.298067, 59.929254999998648 ] ] ] } },
{ "type": "Feature", "properties": { "height": 15.0, "match_type": "matched", "height_source": "source_b" }, "geometry": { "type": "Polygon", "coordinates": [ [ [ 30.297158, 59.927869999998627 ], [ 30.297042, 59.927997999998638 ], [ 30.297811, 59.92816499999865 ], [ 30.297921, 59.928037999998651 ], [ 30.297158, 59.927869999998627 ] ] ] } },
{ "type": "Feature", "properties": { "height": 4.5, "match_type": "matched", "height_source": "source_b" }, "geometry": { "type": "Polygon", "coordinates": [ [ [ 30.297927, 59.92267299999866 ], [ 30.297833, 59.922796999998653 ], [ 30.298021, 59.922831999998643 ], [ 30.298076, 59.922760999998651 ], [ 30.298016, 59.922748999998632 ], [ 30.298055, 59.922696999998628 ], [ 30.297927, 59.92267299999866 ] ] ] } },
{ "type": "Feature", "properties": { "height": 4.9, "match_type": "only_a", "height_source": "ml_predicted" }, "geometry": { "type": "Polygon", "coordinates": [ [ [ 30.29803, 59.92383 ], [ 30.2979, 59.9238 ], [ 30.29781, 59.9239 ], [ 30.29795, 59.92392 ], [ 30.29803, 59.92383 ] ] ] } },
{ "type": "Feature", "properties": { "height": 9.9, "match_type": "matched", "height_source": "source_b" }, "geometry": { "type": "Polygon", "coordinates": [ [ [ 30.298175, 59.924276999998639 ], [ 30.298353, 59.924063999998637 ], [ 30.297682, 59.923917999998636 ], [ 30.297499, 59.924135999998619 ], [ 30.298175, 59.924276999998639 ] ], [ [ 30.297721, 59.924100999998636 ], [ 30.297778, 59.924038999998658 ], [ 30.298021, 59.924094999998651 ], [ 30.297964, 59.924156999998651 ], [ 30.297721, 59.924100999998636 ] ] ] } },
{ "type": "Feature", "properties": { "height": 4.9, "match_type": "only_a", "height_source": "ml_predicted" }, "geometry": { "type": "Polygon", "coordinates": [ [ [ 30.29796, 59.9283 ], [ 30.29824, 59.92835 ], [ 30.29827, 59.92832 ], [ 30.298, 59.92825 ], [ 30.29796, 59.9283 ] ] ] } },
{ "type": "Feature", "properties": { "height": 13.2, "match_type": "matched", "height_source": "source_b" }, "geometry": { "type": "Polygon", "coordinates": [ [ [ 30.297969, 59.920246999998646 ], [ 30.298056, 59.920140999998637 ], [ 30.297986, 59.920124999998663 ], [ 30.298022, 59.920085999998662 ], [ 30.297734, 59.919993999998638 ], [ 30.297528, 59.919952999998628 ], [ 30.297386, 59.920114999998624 ], [ 30.297969, 59.920246999998646 ] ] ] } },
{ "type": "Feature", "properties": { "height": 4.5, "match_type": "matched", "height_source": "source_b" }, "geometry": { "type": "Polygon", "coordinates": [ [ [ 30.298032, 59.923772999998647 ], [ 30.297934, 59.923752999998648 ], [ 30.297894, 59.923801999998624 ], [ 30.29799, 59.923823999998646 ], [ 30.298032, 59.923772999998647 ] ] ] } },
{ "type": "Feature", "properties": { "height": 9.9, "match_type": "matched", "height_source": "source_b" }, "geometry": { "type": "Polygon", "coordinates": [ [ [ 30.298485, 59.927998999998643 ], [ 30.29858, 59.928014999998652 ], [ 30.298685, 59.927835999998635 ], [ 30.298578, 59.927837999998665 ], [ 30.298485, 59.927998999998643 ] ] ] } },
{ "type": "Feature", "properties": { "height": 15.0, "match_type": "matched", "height_source": "source_b" }, "geometry": { "type": "Polygon", "coordinates": [ [ [ 30.298578, 59.927837999998665 ], [ 30.298782, 59.92778899999864 ], [ 30.298784, 59.927708999998664 ], [ 30.29868, 59.927663999998636 ], [ 30.298825, 59.92743599999865 ], [ 30.298457, 59.927352999998632 ], [ 30.298094, 59.92794099999864 ], [ 30.298485, 59.927998999998643 ], [ 30.298578, 59.927837999998665 ] ] ] } },
{ "type": "Feature", "properties": { "height": 6.6, "match_type": "matched", "height_source": "source_b" }, "geometry": { "type": "Polygon", "coordinates": [ [ [ 30.298175, 59.923802999998635 ], [ 30.298224, 59.923742999998645 ], [ 30.298133, 59.923723999998657 ], [ 30.298084, 59.923783999998641 ], [ 30.298175, 59.923802999998635 ] ] ] } },
{ "type": "Feature", "properties": { "height": 13.2, "match_type": "matched", "height_source": "source_b" }, "geometry": { "type": "Polygon", "coordinates": [ [ [ 30.298703, 59.923645999998669 ], [ 30.298813, 59.92351899999862 ], [ 30.298512, 59.923452999998652 ], [ 30.298404, 59.923584999998667 ], [ 30.298703, 59.923645999998669 ] ] ] } },
{ "type": "Feature", "properties": { "height": 13.2, "match_type": "matched", "height_source": "source_b" }, "geometry": { "type": "Polygon", "coordinates": [ [ [ 30.298353, 59.924063999998637 ], [ 30.298703, 59.923645999998669 ], [ 30.298499, 59.923606999998654 ], [ 30.298212, 59.923962999998651 ], [ 30.298069, 59.923933999998646 ], [ 30.298175, 59.923802999998635 ], [ 30.298032, 59.923772999998647 ], [ 30.29786, 59.923954999998656 ], [ 30.298353, 59.924063999998637 ] ] ] } },
{ "type": "Feature", "properties": { "height": 6.6, "match_type": "matched", "height_source": "source_b" }, "geometry": { "type": "Polygon", "coordinates": [ [ [ 30.298012, 59.923541999998641 ], [ 30.297909, 59.923667999998642 ], [ 30.298104, 59.923707999998634 ], [ 30.298207, 59.923581999998653 ], [ 30.298012, 59.923541999998641 ] ] ] } },
{ "type": "Feature", "properties": { "height": 15.0, "match_type": "matched", "height_source": "source_b" }, "geometry": { "type": "Polygon", "coordinates": [ [ [ 30.2985, 59.922082999998658 ], [ 30.298394, 59.922029999998649 ], [ 30.298289, 59.922082999998644 ], [ 30.298394, 59.922135999998638 ], [ 30.2985, 59.922082999998658 ] ] ] } },
{ "type": "Feature", "properties": { "height": 4.5, "match_type": "matched", "height_source": "source_b" }, "geometry": { "type": "Polygon", "coordinates": [ [ [ 30.298206, 59.926719999998646 ], [ 30.298141, 59.926790999998644 ], [ 30.298255, 59.926816999998636 ], [ 30.298318, 59.92674499999864 ], [ 30.298206, 59.926719999998646 ] ] ] } },
{ "type": "Feature", "properties": { "height": 4.5, "match_type": "matched", "height_source": "source_b" }, "geometry": { "type": "Polygon", "coordinates": [ [ [ 30.298223, 59.926607999998659 ], [ 30.298175, 59.926667999998656 ], [ 30.29833, 59.926699999998647 ], [ 30.298379, 59.926639999998649 ], [ 30.298223, 59.926607999998659 ] ] ] } },
{ "type": "Feature", "properties": { "height": 13.2, "match_type": "matched", "height_source": "source_b" }, "geometry": { "type": "Polygon", "coordinates": [ [ [ 30.298431, 59.928260999998642 ], [ 30.298261, 59.928620999998643 ], [ 30.298189, 59.928717999998661 ], [ 30.298478, 59.928754999998652 ], [ 30.298724, 59.928297999998655 ], [ 30.298431, 59.928260999998642 ] ] ] } },
{ "type": "Feature", "properties": { "height": 6.6, "match_type": "matched", "height_source": "source_b" }, "geometry": { "type": "Polygon", "coordinates": [ [ [ 30.298531, 59.920244999998644 ], [ 30.298741, 59.92028899999864 ], [ 30.298941, 59.920048999998642 ], [ 30.298749, 59.920007999998646 ], [ 30.298531, 59.920244999998644 ] ] ] } },
{ "type": "Feature", "properties": { "height": 6.6, "match_type": "matched", "height_source": "source_b" }, "geometry": { "type": "Polygon", "coordinates": [ [ [ 30.298741, 59.92028899999864 ], [ 30.29841, 59.920221999998653 ], [ 30.298502, 59.920108999998654 ], [ 30.29841, 59.920089999998638 ], [ 30.298499, 59.919981999998619 ], [ 30.298231, 59.919926999998644 ], [ 30.297969, 59.920246999998646 ], [ 30.298592, 59.920387999998646 ], [ 30.298657, 59.920385999998665 ], [ 30.298741, 59.92028899999864 ] ] ] } },
{ "type": "Feature", "properties": { "height": 4.5, "match_type": "matched", "height_source": "source_b" }, "geometry": { "type": "Polygon", "coordinates": [ [ [ 30.298611, 59.928283999998648 ], [ 30.298724, 59.928297999998655 ], [ 30.298871, 59.927973999998642 ], [ 30.298774, 59.927957999998618 ], [ 30.298611, 59.928283999998648 ] ] ] } },
{ "type": "Feature", "properties": { "height": 13.2, "match_type": "matched", "height_source": "source_b" }, "geometry": { "type": "Polygon", "coordinates": [ [ [ 30.298573, 59.92825199999865 ], [ 30.298653, 59.928115999998631 ], [ 30.298045, 59.928021999998656 ], [ 30.297966, 59.928157999998646 ], [ 30.298573, 59.92825199999865 ] ] ] } },
{ "type": "Feature", "properties": { "height": 5.2, "match_type": "only_a", "height_source": "ml_predicted" }, "geometry": { "type": "Polygon", "coordinates": [ [ [ 30.29899, 59.92895 ], [ 30.29866, 59.92913 ], [ 30.29901, 59.92896 ], [ 30.29899, 59.92895 ] ] ] } },
{ "type": "Feature", "properties": { "height": 4.5, "match_type": "matched", "height_source": "source_b" }, "geometry": { "type": "Polygon", "coordinates": [ [ [ 30.298719, 59.921837999998658 ], [ 30.298632, 59.921940999998633 ], [ 30.29964, 59.922159999998655 ], [ 30.299749, 59.922032999998635 ], [ 30.299128, 59.921855999998662 ], [ 30.299077, 59.921915999998646 ], [ 30.298719, 59.921837999998658 ] ] ] } },
{ "type": "Feature", "properties": { "height": 15.0, "match_type": "matched", "height_source": "source_b" }, "geometry": { "type": "Polygon", "coordinates": [ [ [ 30.298425, 59.925950999998648 ], [ 30.298764, 59.926032999998654 ], [ 30.298919, 59.925870999998622 ], [ 30.29858, 59.925788999998652 ], [ 30.298425, 59.925950999998648 ] ] ] } },
{ "type": "Feature", "properties": { "height": 13.2, "match_type": "matched", "height_source": "source_b" }, "geometry": { "type": "Polygon", "coordinates": [ [ [ 30.297072, 59.926134999998638 ], [ 30.298522, 59.926466999998652 ], [ 30.299063, 59.925860999998619 ], [ 30.298782, 59.925797999998636 ], [ 30.298882, 59.925686999998661 ], [ 30.298429, 59.925582999998653 ], [ 30.298379, 59.925637999998656 ], [ 30.297704, 59.925442999998658 ], [ 30.297072, 59.926134999998638 ] ], [ [ 30.298425, 59.925950999998648 ], [ 30.29858, 59.925788999998652 ], [ 30.298919, 59.925870999998622 ], [ 30.298764, 59.926032999998654 ], [ 30.298425, 59.925950999998648 ] ], [ [ 30.298202, 59.926065999998642 ], [ 30.298448, 59.926124999998635 ], [ 30.298296, 59.926285999998619 ], [ 30.29805, 59.926226999998654 ], [ 30.298202, 59.926065999998642 ] ], [ [ 30.297745, 59.925948999998653 ], [ 30.297934, 59.925988999998658 ], [ 30.29779, 59.926157999998651 ], [ 30.297601, 59.926116999998669 ], [ 30.297745, 59.925948999998653 ] ], [ [ 30.29864, 59.925734999998646 ], [ 30.298674, 59.92569299999866 ], [ 30.298753, 59.925708999998641 ], [ 30.298719, 59.925750999998634 ], [ 30.29864, 59.925734999998646 ] ] ] } },
{ "type": "Feature", "properties": { "height": 15.0, "match_type": "matched", "height_source": "source_b" }, "geometry": { "type": "Polygon", "coordinates": [ [ [ 30.29864, 59.925734999998646 ], [ 30.298719, 59.925750999998634 ], [ 30.298753, 59.925708999998641 ], [ 30.298674, 59.92569299999866 ], [ 30.29864, 59.925734999998646 ] ] ] } },
{ "type": "Feature", "properties": { "height": 15.0, "match_type": "matched", "height_source": "source_b" }, "geometry": { "type": "Polygon", "coordinates": [ [ [ 30.298758, 59.924270999998647 ], [ 30.298576, 59.924486999998635 ], [ 30.298885, 59.924551999998677 ], [ 30.299061, 59.92434299999865 ], [ 30.298758, 59.924270999998647 ] ] ] } },
{ "type": "Feature", "properties": { "height": 10.0, "match_type": "only_a", "height_source": "ml_predicted" }, "geometry": { "type": "Polygon", "coordinates": [ [ [ 30.29881, 59.92462 ], [ 30.29933, 59.92471 ], [ 30.29938, 59.92465 ], [ 30.29888, 59.92454 ], [ 30.29881, 59.92462 ] ] ] } },
{ "type": "Feature", "properties": { "height": 15.0, "match_type": "matched", "height_source": "source_b" }, "geometry": { "type": "Polygon", "coordinates": [ [ [ 30.298232, 59.924849999998656 ], [ 30.298114, 59.924989999998651 ], [ 30.298899, 59.925167999998664 ], [ 30.299032, 59.925019999998639 ], [ 30.298232, 59.924849999998656 ] ] ] } },
{ "type": "Feature", "properties": { "height": 4.5, "match_type": "matched", "height_source": "source_b" }, "geometry": { "type": "Polygon", "coordinates": [ [ [ 30.298602, 59.924927999998637 ], [ 30.298774, 59.92496899999864 ], [ 30.298924, 59.924810999998641 ], [ 30.298752, 59.924769999998631 ], [ 30.298602, 59.924927999998637 ] ] ] } },
{ "type": "Feature", "properties": { "height": 4.5, "match_type": "matched", "height_source": "source_b" }, "geometry": { "type": "Polygon", "coordinates": [ [ [ 30.298424, 59.924628999998646 ], [ 30.298539, 59.924648999998652 ], [ 30.298579, 59.924590999998635 ], [ 30.298464, 59.924570999998636 ], [ 30.298424, 59.924628999998646 ] ] ] } },
{ "type": "Feature", "properties": { "height": 9.9, "match_type": "matched", "height_source": "source_b" }, "geometry": { "type": "Polygon", "coordinates": [ [ [ 30.298935, 59.921505999998651 ], [ 30.298688, 59.921768999998633 ], [ 30.298926, 59.921824999998655 ], [ 30.299049, 59.921693999998645 ], [ 30.299463, 59.921808999998639 ], [ 30.299599, 59.921664999998647 ], [ 30.298935, 59.921505999998651 ] ] ] } },
{ "type": "Feature", "properties": { "height": 13.2, "match_type": "matched", "height_source": "source_b" }, "geometry": { "type": "Polygon", "coordinates": [ [ [ 30.298925, 59.924556999998643 ], [ 30.299496, 59.924675999998655 ], [ 30.299566, 59.924590999998649 ], [ 30.298995, 59.924471999998637 ], [ 30.298925, 59.924556999998643 ] ] ] } },
{ "type": "Feature", "properties": { "height": 15.0, "match_type": "matched", "height_source": "source_b" }, "geometry": { "type": "Polygon", "coordinates": [ [ [ 30.299416, 59.925284999998659 ], [ 30.299839, 59.924803999998666 ], [ 30.299328, 59.924687999998653 ], [ 30.299224, 59.924802999998647 ], [ 30.299592, 59.924886999998648 ], [ 30.2994, 59.925099999998643 ], [ 30.299309, 59.925078999998632 ], [ 30.29935, 59.925032999998642 ], [ 30.299061, 59.924987999998656 ], [ 30.298899, 59.925167999998664 ], [ 30.299416, 59.925284999998659 ] ] ] } },
{ "type": "Feature", "properties": { "height": 15.0, "match_type": "matched", "height_source": "source_b" }, "geometry": { "type": "Polygon", "coordinates": [ [ [ 30.299526, 59.927124999998632 ], [ 30.299722, 59.926914999998665 ], [ 30.299792, 59.926843999998667 ], [ 30.299661, 59.926806999998647 ], [ 30.299397, 59.927092999998642 ], [ 30.299526, 59.927124999998632 ] ] ] } },
{ "type": "Feature", "properties": { "height": 15.0, "match_type": "matched", "height_source": "source_b" }, "geometry": { "type": "Polygon", "coordinates": [ [ [ 30.29941, 59.927253999998648 ], [ 30.299526, 59.927124999998632 ], [ 30.299031, 59.92701399999865 ], [ 30.298913, 59.927139999998666 ], [ 30.29941, 59.927253999998648 ] ] ] } },
{ "type": "Feature", "properties": { "height": 9.9, "match_type": "matched", "height_source": "source_b" }, "geometry": { "type": "Polygon", "coordinates": [ [ [ 30.298898, 59.927015999998659 ], [ 30.299006, 59.927040999998653 ], [ 30.299308, 59.926701999998677 ], [ 30.299032, 59.92663799999864 ], [ 30.298984, 59.926689999998658 ], [ 30.299165, 59.92671999999866 ], [ 30.298898, 59.927015999998659 ] ] ] } },
{ "type": "Feature", "properties": { "height": 15.0, "match_type": "matched", "height_source": "source_b" }, "geometry": { "type": "Polygon", "coordinates": [ [ [ 30.300113, 59.927116999998667 ], [ 30.300416, 59.926810999998651 ], [ 30.300292, 59.926691999998638 ], [ 30.300055, 59.926799999998671 ], [ 30.300177, 59.926884999998634 ], [ 30.300087, 59.926985999998656 ], [ 30.299814, 59.926976999998644 ], [ 30.299751, 59.927048999998661 ], [ 30.300059, 59.927075999998642 ], [ 30.300038, 59.927097999998637 ], [ 30.300113, 59.927116999998667 ] ] ] } },
{ "type": "Feature", "properties": { "height": 9.9, "match_type": "matched", "height_source": "source_b" }, "geometry": { "type": "Polygon", "coordinates": [ [ [ 30.299722, 59.926914999998665 ], [ 30.299817, 59.926937999998628 ], [ 30.299946, 59.926807999998623 ], [ 30.29985, 59.926784999998645 ], [ 30.299722, 59.926914999998665 ] ] ] } },
{ "type": "Feature", "properties": { "height": 15.0, "match_type": "matched", "height_source": "source_b" }, "geometry": { "type": "Polygon", "coordinates": [ [ [ 30.299031, 59.92701399999865 ], [ 30.299166, 59.92704199999865 ], [ 30.299429, 59.926754999998657 ], [ 30.29929, 59.92672299999866 ], [ 30.299031, 59.92701399999865 ] ] ] } },
{ "type": "Feature", "properties": { "height": 15.0, "match_type": "matched", "height_source": "source_b" }, "geometry": { "type": "Polygon", "coordinates": [ [ [ 30.298913, 59.927139999998666 ], [ 30.299006, 59.927040999998653 ], [ 30.298687, 59.926965999998664 ], [ 30.298852, 59.926853999998656 ], [ 30.298576, 59.926786999998633 ], [ 30.298359, 59.92701799999864 ], [ 30.298913, 59.927139999998666 ] ] ] } },
{ "type": "Feature", "properties": { "height": 9.9, "match_type": "matched", "height_source": "source_b" }, "geometry": { "type": "Polygon", "coordinates": [ [ [ 30.299882, 59.926755999998626 ], [ 30.300055, 59.926799999998671 ], [ 30.300292, 59.926691999998638 ], [ 30.300103, 59.926537999998651 ], [ 30.299951, 59.926319999998668 ], [ 30.299652, 59.92633999999866 ], [ 30.299732, 59.926472999998637 ], [ 30.299867, 59.926459999998649 ], [ 30.299988, 59.926648999998633 ], [ 30.299882, 59.926755999998626 ] ] ] } },
{ "type": "Feature", "properties": { "height": 9.9, "match_type": "matched", "height_source": "source_b" }, "geometry": { "type": "Polygon", "coordinates": [ [ [ 30.299698, 59.927108999998644 ], [ 30.299814, 59.926976999998644 ], [ 30.299722, 59.926914999998665 ], [ 30.299571, 59.927076999998633 ], [ 30.299698, 59.927108999998644 ] ] ] } },
{ "type": "Feature", "properties": { "height": 15.0, "match_type": "matched", "height_source": "source_b" }, "geometry": { "type": "Polygon", "coordinates": [ [ [ 30.298576, 59.926786999998633 ], [ 30.298838, 59.926850999998656 ], [ 30.299032, 59.92663799999864 ], [ 30.298768, 59.926576999998638 ], [ 30.298576, 59.926786999998633 ] ] ] } },
{ "type": "Feature", "properties": { "height": 15.0, "match_type": "matched", "height_source": "source_b" }, "geometry": { "type": "Polygon", "coordinates": [ [ [ 30.299308, 59.926701999998677 ], [ 30.299355, 59.926649999998652 ], [ 30.299632, 59.926335999998656 ], [ 30.299488, 59.92630299999864 ], [ 30.299296, 59.926521999998641 ], [ 30.29922, 59.92654399999865 ], [ 30.299288, 59.926559999998659 ], [ 30.299241, 59.926608999998663 ], [ 30.298975, 59.926548999998658 ], [ 30.298918, 59.926610999998651 ], [ 30.299308, 59.926701999998677 ] ] ] } },
{ "type": "Feature", "properties": { "height": 9.9, "match_type": "matched", "height_source": "source_b" }, "geometry": { "type": "Polygon", "coordinates": [ [ [ 30.299387, 59.926612999998632 ], [ 30.299533, 59.926647999998664 ], [ 30.299668, 59.926497999998674 ], [ 30.299548, 59.926429999998668 ], [ 30.299387, 59.926612999998632 ] ] ] } },
{ "type": "Feature", "properties": { "height": 4.5, "match_type": "matched", "height_source": "source_b" }, "geometry": { "type": "Polygon", "coordinates": [ [ [ 30.299518, 59.928581999998642 ], [ 30.299084, 59.928800999998671 ], [ 30.299164, 59.928844999998653 ], [ 30.299649, 59.92860399999865 ], [ 30.299518, 59.928581999998642 ] ] ] } },
{ "type": "Feature", "properties": { "height": 9.9, "match_type": "matched", "height_source": "source_b" }, "geometry": { "type": "Polygon", "coordinates": [ [ [ 30.299275, 59.923656999998649 ], [ 30.298758, 59.924270999998647 ], [ 30.299649, 59.924472999998642 ], [ 30.299816, 59.924275999998663 ], [ 30.299762, 59.924264999998648 ], [ 30.300121, 59.923835999998644 ], [ 30.299275, 59.923656999998649 ] ], [ [ 30.299113, 59.924246999998665 ], [ 30.299442, 59.923869999998651 ], [ 30.299845, 59.923958999998646 ], [ 30.299517, 59.924335999998647 ], [ 30.299113, 59.924246999998665 ] ] ] } },
{ "type": "Feature", "properties": { "height": 4.5, "match_type": "matched", "height_source": "source_b" }, "geometry": { "type": "Polygon", "coordinates": [ [ [ 30.299354, 59.92416399999864 ], [ 30.299469, 59.924186999998646 ], [ 30.29952, 59.924123999998621 ], [ 30.299405, 59.924100999998643 ], [ 30.299354, 59.92416399999864 ] ] ] } },
{ "type": "Feature", "properties": { "height": 9.9, "match_type": "matched", "height_source": "source_b" }, "geometry": { "type": "Polygon", "coordinates": [ [ [ 30.29985, 59.926784999998645 ], [ 30.299902, 59.926735999998634 ], [ 30.299387, 59.926612999998632 ], [ 30.299341, 59.926664999998657 ], [ 30.29985, 59.926784999998645 ] ] ] } },
{ "type": "Feature", "properties": { "height": 13.2, "match_type": "matched", "height_source": "source_b" }, "geometry": { "type": "Polygon", "coordinates": [ [ [ 30.300158, 59.929977999998641 ], [ 30.300243, 59.929872999998629 ], [ 30.299432, 59.929590999998652 ], [ 30.299326, 59.929691999998653 ], [ 30.300158, 59.929977999998641 ] ] ] } },
{ "type": "Feature", "properties": { "height": 8.9, "match_type": "only_a", "height_source": "ml_predicted" }, "geometry": { "type": "Polygon", "coordinates": [ [ [ 30.29959, 59.92926 ], [ 30.29955, 59.92924 ], [ 30.29928, 59.92939 ], [ 30.29959, 59.92926 ] ] ] } },
{ "type": "Feature", "properties": { "height": 4.5, "match_type": "matched", "height_source": "source_b" }, "geometry": { "type": "Polygon", "coordinates": [ [ [ 30.299598, 59.927440999998637 ], [ 30.299549, 59.927510999998646 ], [ 30.29975, 59.927583999998667 ], [ 30.299959, 59.927604999998636 ], [ 30.300015, 59.927534999998649 ], [ 30.299598, 59.927440999998637 ] ] ] } },
{ "type": "Feature", "properties": { "height": 21.0, "match_type": "matched", "height_source": "source_b" }, "geometry": { "type": "Polygon", "coordinates": [ [ [ 30.300158, 59.922451999998643 ], [ 30.300052, 59.92239899999862 ], [ 30.299947, 59.922451999998643 ], [ 30.300052, 59.922504999998658 ], [ 30.300158, 59.922451999998643 ] ] ] } },
{ "type": "Feature", "properties": { "height": 21.0, "match_type": "matched", "height_source": "source_b" }, "geometry": { "type": "Polygon", "coordinates": [ [ [ 30.299867, 59.922488999998649 ], [ 30.299798, 59.922446999998648 ], [ 30.299701, 59.922488999998635 ], [ 30.299769, 59.922529999998631 ], [ 30.299867, 59.922488999998649 ] ] ] } },
{ "type": "Feature", "properties": { "height": 21.0, "match_type": "matched", "height_source": "source_b" }, "geometry": { "type": "Polygon", "coordinates": [ [ [ 30.300241, 59.92259499999863 ], [ 30.300143, 59.922553999998627 ], [ 30.300075, 59.92259499999863 ], [ 30.300172, 59.922635999998654 ], [ 30.300241, 59.92259499999863 ] ] ] } },
{ "type": "Feature", "properties": { "height": 21.0, "match_type": "matched", "height_source": "source_b" }, "geometry": { "type": "Polygon", "coordinates": [ [ [ 30.300027, 59.922323999998653 ], [ 30.299958, 59.922282999998643 ], [ 30.29986, 59.922323999998653 ], [ 30.299929, 59.922364999998649 ], [ 30.300027, 59.922323999998653 ] ] ] } },
{ "type": "Feature", "properties": { "height": 9.9, "match_type": "matched", "height_source": "source_b" }, "geometry": { "type": "Polygon", "coordinates": [ [ [ 30.300041, 59.922224999998619 ], [ 30.299992, 59.922273999998623 ], [ 30.299886, 59.922247999998646 ], [ 30.299828, 59.922307999998644 ], [ 30.29975, 59.922287999998652 ], [ 30.299566, 59.922474999998641 ], [ 30.299667, 59.922498999998645 ], [ 30.299605, 59.922561999998628 ], [ 30.299813, 59.922612999998655 ], [ 30.299765, 59.922661999998645 ], [ 30.300047, 59.922730999998649 ], [ 30.300118, 59.92265999999865 ], [ 30.300355, 59.922668999998649 ], [ 30.30055, 59.922471999998642 ], [ 30.300433, 59.922442999998658 ], [ 30.300494, 59.922380999998637 ], [ 30.300392, 59.922355999998658 ], [ 30.300427, 59.922319999998649 ], [ 30.300041, 59.922224999998619 ] ], [ [ 30.300158, 59.922451999998643 ], [ 30.300052, 59.922504999998658 ], [ 30.299947, 59.922451999998643 ], [ 30.300052, 59.92239899999862 ], [ 30.300158, 59.922451999998643 ] ], [ [ 30.300401, 59.922405999998652 ], [ 30.300303, 59.922446999998648 ], [ 30.300234, 59.922405999998638 ], [ 30.300303, 59.922363999998637 ], [ 30.300401, 59.922405999998652 ] ], [ [ 30.299867, 59.922488999998649 ], [ 30.299769, 59.922529999998631 ], [ 30.299701, 59.922488999998635 ], [ 30.299798, 59.922446999998648 ], [ 30.299867, 59.922488999998649 ] ], [ [ 30.300027, 59.922323999998653 ], [ 30.299958, 59.922364999998649 ], [ 30.29986, 59.922323999998653 ], [ 30.299929, 59.922282999998643 ], [ 30.300027, 59.922323999998653 ] ], [ [ 30.300241, 59.92259499999863 ], [ 30.300172, 59.922635999998654 ], [ 30.300075, 59.92259499999863 ], [ 30.300143, 59.922553999998627 ], [ 30.300241, 59.92259499999863 ] ] ] } },
{ "type": "Feature", "properties": { "height": 21.0, "match_type": "matched", "height_source": "source_b" }, "geometry": { "type": "Polygon", "coordinates": [ [ [ 30.300401, 59.922405999998652 ], [ 30.300303, 59.922363999998637 ], [ 30.300234, 59.922405999998638 ], [ 30.300303, 59.922446999998648 ], [ 30.300401, 59.922405999998652 ] ] ] } },
{ "type": "Feature", "properties": { "height": 13.2, "match_type": "matched", "height_source": "source_b" }, "geometry": { "type": "Polygon", "coordinates": [ [ [ 30.299627, 59.924504999998625 ], [ 30.299917, 59.92457099999865 ], [ 30.300065, 59.924408999998633 ], [ 30.299834, 59.924355999998639 ], [ 30.299627, 59.924504999998625 ] ] ] } },
{ "type": "Feature", "properties": { "height": 13.2, "match_type": "matched", "height_source": "source_b" }, "geometry": { "type": "Polygon", "coordinates": [ [ [ 30.299416, 59.925284999998659 ], [ 30.299879, 59.925396999998632 ], [ 30.300275, 59.924983999998652 ], [ 30.299792, 59.924866999998649 ], [ 30.299657, 59.92500899999866 ], [ 30.300016, 59.925095999998661 ], [ 30.299874, 59.925243999998649 ], [ 30.299688, 59.925198999998621 ], [ 30.299775, 59.925108999998649 ], [ 30.299601, 59.92506999999862 ], [ 30.299416, 59.925284999998659 ] ] ] } },
{ "type": "Feature", "properties": { "height": 4.5, "match_type": "matched", "height_source": "source_b" }, "geometry": { "type": "Polygon", "coordinates": [ [ [ 30.299902, 59.926735999998634 ], [ 30.299966, 59.926670999998656 ], [ 30.299667, 59.926599999998665 ], [ 30.299604, 59.926664999998657 ], [ 30.299902, 59.926735999998634 ] ] ] } },
{ "type": "Feature", "properties": { "height": 6.6, "match_type": "matched", "height_source": "source_b" }, "geometry": { "type": "Polygon", "coordinates": [ [ [ 30.299518, 59.928581999998642 ], [ 30.299649, 59.92860399999865 ], [ 30.299814, 59.928376999998619 ], [ 30.299654, 59.928347999998643 ], [ 30.299518, 59.928581999998642 ] ] ] } },
{ "type": "Feature", "properties": { "height": 4.5, "match_type": "matched", "height_source": "source_b" }, "geometry": { "type": "Polygon", "coordinates": [ [ [ 30.300193, 59.924808999998632 ], [ 30.299916, 59.924750999998643 ], [ 30.299875, 59.924800999998638 ], [ 30.300152, 59.924858999998669 ], [ 30.300193, 59.924808999998632 ] ] ] } },
{ "type": "Feature", "properties": { "height": 13.2, "match_type": "matched", "height_source": "source_b" }, "geometry": { "type": "Polygon", "coordinates": [ [ [ 30.30004, 59.924776999998649 ], [ 30.300067, 59.924740999998633 ], [ 30.300307, 59.924452999998636 ], [ 30.300192, 59.924428999998646 ], [ 30.299955, 59.924715999998632 ], [ 30.299837, 59.924690999998653 ], [ 30.299765, 59.924777999998639 ], [ 30.30004, 59.924776999998649 ] ] ] } },
{ "type": "Feature", "properties": { "height": 13.2, "match_type": "matched", "height_source": "source_b" }, "geometry": { "type": "Polygon", "coordinates": [ [ [ 30.299762, 59.924264999998648 ], [ 30.300303, 59.924387999998636 ], [ 30.300364, 59.92431499999865 ], [ 30.299818, 59.924197999998661 ], [ 30.299762, 59.924264999998648 ] ] ] } },
{ "type": "Feature", "properties": { "height": 13.2, "match_type": "matched", "height_source": "source_b" }, "geometry": { "type": "Polygon", "coordinates": [ [ [ 30.299541, 59.929488999998654 ], [ 30.299713, 59.929538999998648 ], [ 30.299841, 59.929415999998668 ], [ 30.300095, 59.92948599999864 ], [ 30.300232, 59.929359999998653 ], [ 30.299801, 59.929242999998635 ], [ 30.299541, 59.929488999998654 ] ] ] } },
{ "type": "Feature", "properties": { "height": 15.0, "match_type": "matched", "height_source": "source_b" }, "geometry": { "type": "Polygon", "coordinates": [ [ [ 30.300251, 59.924290999998632 ], [ 30.300446, 59.924059999998661 ], [ 30.300556, 59.923928999998651 ], [ 30.300121, 59.923835999998644 ], [ 30.299818, 59.924197999998661 ], [ 30.300251, 59.924290999998632 ] ], [ [ 30.300201, 59.924178999998652 ], [ 30.300007, 59.924135999998619 ], [ 30.300136, 59.923989999998653 ], [ 30.30033, 59.924032999998644 ], [ 30.300201, 59.924178999998652 ] ] ] } },
{ "type": "Feature", "properties": { "height": 4.5, "match_type": "matched", "height_source": "source_b" }, "geometry": { "type": "Polygon", "coordinates": [ [ [ 30.300291, 59.927715999998654 ], [ 30.300352, 59.927639999998647 ], [ 30.30019, 59.92760599999864 ], [ 30.300131, 59.927683999998663 ], [ 30.300291, 59.927715999998654 ] ] ] } },
{ "type": "Feature", "properties": { "height": 9.9, "match_type": "matched", "height_source": "source_b" }, "geometry": { "type": "Polygon", "coordinates": [ [ [ 30.299817, 59.928497999998655 ], [ 30.300035, 59.928488999998656 ], [ 30.300478, 59.927853999998653 ], [ 30.300341, 59.927828999998653 ], [ 30.300522, 59.927653999998647 ], [ 30.300366, 59.927621999998649 ], [ 30.300129, 59.927918999998653 ], [ 30.300194, 59.92793399999865 ], [ 30.299817, 59.928497999998655 ] ] ] } },
{ "type": "Feature", "properties": { "height": 4.5, "match_type": "matched", "height_source": "source_b" }, "geometry": { "type": "Polygon", "coordinates": [ [ [ 30.299954, 59.921755999998638 ], [ 30.299896, 59.921823999998637 ], [ 30.300338, 59.921919999998664 ], [ 30.300316, 59.921945999998648 ], [ 30.301114, 59.92209599999866 ], [ 30.301171, 59.92202799999864 ], [ 30.30037, 59.921884999998639 ], [ 30.300397, 59.921851999998637 ], [ 30.299954, 59.921755999998638 ] ] ] } },
{ "type": "Feature", "properties": { "height": 5.2, "match_type": "only_a", "height_source": "ml_predicted" }, "geometry": { "type": "Polygon", "coordinates": [ [ [ 30.29994, 59.92716 ], [ 30.29995, 59.92714 ], [ 30.2998, 59.92712 ], [ 30.29994, 59.92716 ] ] ] } },
{ "type": "Feature", "properties": { "height": 6.1, "match_type": "only_a", "height_source": "ml_predicted" }, "geometry": { "type": "Polygon", "coordinates": [ [ [ 30.30003, 59.92718 ], [ 30.30005, 59.92716 ], [ 30.29994, 59.92716 ], [ 30.30003, 59.92718 ] ] ] } },
{ "type": "Feature", "properties": { "height": 9.9, "match_type": "matched", "height_source": "source_b" }, "geometry": { "type": "Polygon", "coordinates": [ [ [ 30.298768, 59.926576999998638 ], [ 30.298918, 59.926610999998651 ], [ 30.299031, 59.926542999998645 ], [ 30.299055, 59.926516999998618 ], [ 30.299006, 59.926504999998649 ], [ 30.299144, 59.926357999998636 ], [ 30.299237, 59.926344999998655 ], [ 30.29917, 59.926328999998667 ], [ 30.299293, 59.926187999998668 ], [ 30.299555, 59.926153999998647 ], [ 30.299556, 59.926035999998653 ], [ 30.299311, 59.925975999998656 ], [ 30.298768, 59.926576999998638 ] ] ] } },
{ "type": "Feature", "properties": { "height": 15.0, "match_type": "matched", "height_source": "source_b" }, "geometry": { "type": "Polygon", "coordinates": [ [ [ 30.29953, 59.92631299999865 ], [ 30.299951, 59.926319999998668 ], [ 30.2999, 59.926037999998634 ], [ 30.299556, 59.926035999998653 ], [ 30.29953, 59.92631299999865 ] ] ] } },
{ "type": "Feature", "properties": { "height": 9.9, "match_type": "matched", "height_source": "source_b" }, "geometry": { "type": "Polygon", "coordinates": [ [ [ 30.300211, 59.927012999998659 ], [ 30.300087, 59.927144999998674 ], [ 30.300334, 59.927201999998644 ], [ 30.30046, 59.927067999998648 ], [ 30.300211, 59.927012999998659 ] ] ] } },
{ "type": "Feature", "properties": { "height": 15.0, "match_type": "matched", "height_source": "source_b" }, "geometry": { "type": "Polygon", "coordinates": [ [ [ 30.299311, 59.925975999998656 ], [ 30.299498, 59.925998999998633 ], [ 30.299505, 59.925956999998647 ], [ 30.299628, 59.925961999998648 ], [ 30.299648, 59.925854999998649 ], [ 30.299863, 59.925833999998652 ], [ 30.29996, 59.925655999998639 ], [ 30.299652, 59.925590999998633 ], [ 30.299311, 59.925975999998656 ] ], [ [ 30.299775, 59.925773999998661 ], [ 30.299803, 59.92573799999866 ], [ 30.299878, 59.925752999998664 ], [ 30.299851, 59.925788999998652 ], [ 30.299775, 59.925773999998661 ] ] ] } },
{ "type": "Feature", "properties": { "height": 15.0, "match_type": "matched", "height_source": "source_b" }, "geometry": { "type": "Polygon", "coordinates": [ [ [ 30.299667, 59.926040999998634 ], [ 30.2999, 59.926037999998634 ], [ 30.300064, 59.925675999998653 ], [ 30.29996, 59.925655999998639 ], [ 30.299863, 59.925833999998652 ], [ 30.2997, 59.925856999998629 ], [ 30.299667, 59.926040999998634 ] ] ] } },
{ "type": "Feature", "properties": { "height": 13.2, "match_type": "matched", "height_source": "source_b" }, "geometry": { "type": "Polygon", "coordinates": [ [ [ 30.30049, 59.929572999998655 ], [ 30.300049, 59.930112999998656 ], [ 30.300774, 59.930221999998665 ], [ 30.300905, 59.929962999998658 ], [ 30.300774, 59.929942999998644 ], [ 30.300731, 59.930014999998647 ], [ 30.30033, 59.929961999998653 ], [ 30.300636, 59.929597999998641 ], [ 30.30049, 59.929572999998655 ] ] ] } },
{ "type": "Feature", "properties": { "height": 18.0, "match_type": "matched", "height_source": "source_b" }, "geometry": { "type": "Polygon", "coordinates": [ [ [ 30.300649, 59.924889999998648 ], [ 30.300916, 59.924568999998627 ], [ 30.300682, 59.924519999998637 ], [ 30.30062, 59.924593999998635 ], [ 30.300351, 59.924536999998644 ], [ 30.300416, 59.924458999998635 ], [ 30.300319, 59.924438999998635 ], [ 30.300067, 59.924740999998633 ], [ 30.30018, 59.924764999998651 ], [ 30.30027, 59.924657999998637 ], [ 30.300536, 59.924713999998637 ], [ 30.300433, 59.924836999998647 ], [ 30.300649, 59.924889999998648 ] ] ] } },
{ "type": "Feature", "properties": { "height": 9.9, "match_type": "matched", "height_source": "source_b" }, "geometry": { "type": "Polygon", "coordinates": [ [ [ 30.300446, 59.924059999998661 ], [ 30.300251, 59.924290999998632 ], [ 30.300364, 59.92431499999865 ], [ 30.300339, 59.924344999998659 ], [ 30.300393, 59.924356999998651 ], [ 30.300601, 59.924088999998652 ], [ 30.300446, 59.924059999998661 ] ] ] } },
{ "type": "Feature", "properties": { "height": 13.2, "match_type": "matched", "height_source": "source_b" }, "geometry": { "type": "Polygon", "coordinates": [ [ [ 30.301124, 59.924044999998642 ], [ 30.300556, 59.923928999998651 ], [ 30.300446, 59.924059999998661 ], [ 30.301015, 59.924164999998645 ], [ 30.301124, 59.924044999998642 ] ] ] } },
{ "type": "Feature", "properties": { "height": 18.0, "match_type": "matched", "height_source": "source_b" }, "geometry": { "type": "Polygon", "coordinates": [ [ [ 30.300264, 59.925346999998638 ], [ 30.300101, 59.925304999998637 ], [ 30.300146, 59.925257999998678 ], [ 30.300037, 59.925231999998637 ], [ 30.299879, 59.925396999998632 ], [ 30.300165, 59.925458999998646 ], [ 30.300264, 59.925346999998638 ] ] ] } },
{ "type": "Feature", "properties": { "height": 18.0, "match_type": "matched", "height_source": "source_b" }, "geometry": { "type": "Polygon", "coordinates": [ [ [ 30.300304, 59.925306999998647 ], [ 30.300165, 59.925458999998646 ], [ 30.300247, 59.925476999998658 ], [ 30.300775, 59.925231999998665 ], [ 30.300524, 59.925115999998653 ], [ 30.300258, 59.925294999998648 ], [ 30.300304, 59.925306999998647 ] ] ] } },
{ "type": "Feature", "properties": { "height": 4.5, "match_type": "matched", "height_source": "source_b" }, "geometry": { "type": "Polygon", "coordinates": [ [ [ 30.300305, 59.924883999998663 ], [ 30.300337, 59.924849999998628 ], [ 30.300255, 59.924871999998665 ], [ 30.300305, 59.924883999998663 ] ] ] } },
{ "type": "Feature", "properties": { "height": 9.9, "match_type": "matched", "height_source": "source_b" }, "geometry": { "type": "Polygon", "coordinates": [ [ [ 30.300037, 59.925231999998637 ], [ 30.300146, 59.925257999998678 ], [ 30.300384, 59.925009999998643 ], [ 30.300275, 59.924983999998652 ], [ 30.300037, 59.925231999998637 ] ] ] } },
{ "type": "Feature", "properties": { "height": 13.2, "match_type": "matched", "height_source": "source_b" }, "geometry": { "type": "Polygon", "coordinates": [ [ [ 30.300228, 59.928761999998642 ], [ 30.300966, 59.928879999998649 ], [ 30.301038, 59.928755999998643 ], [ 30.3003, 59.928645999998643 ], [ 30.300228, 59.928761999998642 ] ] ] } },
{ "type": "Feature", "properties": { "height": 13.2, "match_type": "matched", "height_source": "source_b" }, "geometry": { "type": "Polygon", "coordinates": [ [ [ 30.300473, 59.929592999998633 ], [ 30.300742, 59.929248999998634 ], [ 30.299964, 59.929062999998649 ], [ 30.2999, 59.929133999998633 ], [ 30.300457, 59.929276999998642 ], [ 30.300495, 59.929232999998661 ], [ 30.300569, 59.929252999998639 ], [ 30.300322, 59.929558999998648 ], [ 30.300473, 59.929592999998633 ] ] ] } },
{ "type": "Feature", "properties": { "height": 9.9, "match_type": "matched", "height_source": "source_b" }, "geometry": { "type": "Polygon", "coordinates": [ [ [ 30.300742, 59.929248999998634 ], [ 30.300558, 59.92948599999864 ], [ 30.300683, 59.929509999998636 ], [ 30.300867, 59.929262999998649 ], [ 30.300742, 59.929248999998634 ] ] ] } },
{ "type": "Feature", "properties": { "height": 3.1, "match_type": "only_a", "height_source": "ml_predicted" }, "geometry": { "type": "Polygon", "coordinates": [ [ [ 30.30041, 59.92699 ], [ 30.30047, 59.92693 ], [ 30.30041, 59.9269 ], [ 30.30034, 59.92697 ], [ 30.30041, 59.92699 ] ] ] } },
{ "type": "Feature", "properties": { "height": 13.2, "match_type": "matched", "height_source": "source_b" }, "geometry": { "type": "Polygon", "coordinates": [ [ [ 30.300215, 59.928228999998659 ], [ 30.300042, 59.928478999998639 ], [ 30.300338, 59.928526999998653 ], [ 30.300468, 59.928344999998636 ], [ 30.300693, 59.928383999998623 ], [ 30.300522, 59.928559999998647 ], [ 30.300758, 59.92859999999866 ], [ 30.300929, 59.928351999998625 ], [ 30.300215, 59.928228999998659 ] ], [ [ 30.300367, 59.928325999998634 ], [ 30.300301, 59.928364999998635 ], [ 30.300207, 59.92832599999862 ], [ 30.300301, 59.928285999998671 ], [ 30.300367, 59.928325999998634 ] ] ] } },
{ "type": "Feature", "properties": { "height": 15.0, "match_type": "matched", "height_source": "source_b" }, "geometry": { "type": "Polygon", "coordinates": [ [ [ 30.300367, 59.928325999998634 ], [ 30.300301, 59.928285999998671 ], [ 30.300207, 59.92832599999862 ], [ 30.300301, 59.928364999998635 ], [ 30.300367, 59.928325999998634 ] ] ] } },
{ "type": "Feature", "properties": { "height": 9.9, "match_type": "matched", "height_source": "source_b" }, "geometry": { "type": "Polygon", "coordinates": [ [ [ 30.300867, 59.924136999998652 ], [ 30.300767, 59.924274999998637 ], [ 30.300533, 59.924231999998653 ], [ 30.300425, 59.92436399999864 ], [ 30.300771, 59.92443999999864 ], [ 30.301015, 59.924164999998645 ], [ 30.300867, 59.924136999998652 ] ] ] } },
{ "type": "Feature", "properties": { "height": 13.2, "match_type": "matched", "height_source": "source_b" }, "geometry": { "type": "Polygon", "coordinates": [ [ [ 30.301704, 59.92416399999864 ], [ 30.301124, 59.924044999998642 ], [ 30.300841, 59.924354999998648 ], [ 30.300969, 59.924380999998647 ], [ 30.301123, 59.924190999998608 ], [ 30.301451, 59.924258999998649 ], [ 30.301276, 59.924459999998639 ], [ 30.301393, 59.924484999998626 ], [ 30.301704, 59.92416399999864 ] ] ] } },
{ "type": "Feature", "properties": { "height": 9.9, "match_type": "matched", "height_source": "source_b" }, "geometry": { "type": "Polygon", "coordinates": [ [ [ 30.299902, 59.92141899999865 ], [ 30.299781, 59.921551999998634 ], [ 30.300404, 59.921696999998659 ], [ 30.300527, 59.921561999998659 ], [ 30.299902, 59.92141899999865 ] ] ] } },
{ "type": "Feature", "properties": { "height": 13.2, "match_type": "matched", "height_source": "source_b" }, "geometry": { "type": "Polygon", "coordinates": [ [ [ 30.300185, 59.92911799999866 ], [ 30.300534, 59.929205999998658 ], [ 30.300604, 59.929127999998641 ], [ 30.300242, 59.929053999998636 ], [ 30.300185, 59.92911799999866 ] ] ] } },
{ "type": "Feature", "properties": { "height": 15.0, "match_type": "matched", "height_source": "source_b" }, "geometry": { "type": "Polygon", "coordinates": [ [ [ 30.300364, 59.924820999998659 ], [ 30.300289, 59.924900999998655 ], [ 30.300537, 59.924959999998634 ], [ 30.300612, 59.924879999998623 ], [ 30.300364, 59.924820999998659 ] ] ] } },
{ "type": "Feature", "properties": { "height": 3.4, "match_type": "only_a", "height_source": "ml_predicted" }, "geometry": { "type": "Polygon", "coordinates": [ [ [ 30.30075, 59.92967 ], [ 30.30087, 59.92969 ], [ 30.3009, 59.92964 ], [ 30.30078, 59.92962 ], [ 30.30075, 59.92967 ] ] ] } },
{ "type": "Feature", "properties": { "height": 13.2, "match_type": "matched", "height_source": "source_b" }, "geometry": { "type": "Polygon", "coordinates": [ [ [ 30.300742, 59.929248999998634 ], [ 30.300816, 59.929129999998636 ], [ 30.300929, 59.928942999998633 ], [ 30.300779, 59.928922999998655 ], [ 30.300608, 59.929223999998676 ], [ 30.300742, 59.929248999998634 ] ] ] } },
{ "type": "Feature", "properties": { "height": 15.0, "match_type": "matched", "height_source": "source_b" }, "geometry": { "type": "Polygon", "coordinates": [ [ [ 30.300416, 59.926810999998651 ], [ 30.300337, 59.926876999998633 ], [ 30.300753, 59.927063999998644 ], [ 30.300733, 59.927143999998641 ], [ 30.300898, 59.927185999998642 ], [ 30.300989, 59.927087999998648 ], [ 30.300416, 59.926810999998651 ] ] ] } },
{ "type": "Feature", "properties": { "height": 4.0, "match_type": "only_a", "height_source": "ml_predicted" }, "geometry": { "type": "Polygon", "coordinates": [ [ [ 30.30103, 59.92826 ], [ 30.30089, 59.92828 ], [ 30.30104, 59.92827 ], [ 30.30103, 59.92826 ] ] ] } },
{ "type": "Feature", "properties": { "height": 15.0, "match_type": "matched", "height_source": "source_b" }, "geometry": { "type": "Polygon", "coordinates": [ [ [ 30.300375, 59.92747099999864 ], [ 30.3006, 59.927523999998641 ], [ 30.300847, 59.92725199999866 ], [ 30.300546, 59.927186999998661 ], [ 30.300455, 59.92728699999865 ], [ 30.300521, 59.927301999998633 ], [ 30.300375, 59.92747099999864 ] ] ] } },
{ "type": "Feature", "properties": { "height": 15.0, "match_type": "matched", "height_source": "source_b" }, "geometry": { "type": "Polygon", "coordinates": [ [ [ 30.300375, 59.92747099999864 ], [ 30.300463, 59.927368999998642 ], [ 30.300357, 59.927342999998643 ], [ 30.300377, 59.927318999998647 ], [ 30.299852, 59.927195999998659 ], [ 30.299512, 59.927139999998666 ], [ 30.29941, 59.927253999998648 ], [ 30.300375, 59.92747099999864 ] ] ] } },
{ "type": "Feature", "properties": { "height": 5.6, "match_type": "only_a", "height_source": "ml_predicted" }, "geometry": { "type": "Polygon", "coordinates": [ [ [ 30.30094, 59.92724 ], [ 30.30081, 59.92721 ], [ 30.30079, 59.92724 ], [ 30.30091, 59.92727 ], [ 30.30094, 59.92724 ] ] ] } },
{ "type": "Feature", "properties": { "height": 6.6, "match_type": "matched", "height_source": "source_b" }, "geometry": { "type": "Polygon", "coordinates": [ [ [ 30.300921, 59.929644999998636 ], [ 30.300806, 59.929869999998672 ], [ 30.300955, 59.929890999998655 ], [ 30.301068, 59.929665999998655 ], [ 30.300921, 59.929644999998636 ] ] ] } },
{ "type": "Feature", "properties": { "height": 13.2, "match_type": "matched", "height_source": "source_b" }, "geometry": { "type": "Polygon", "coordinates": [ [ [ 30.300976, 59.928231999998658 ], [ 30.301278, 59.927818999998642 ], [ 30.300609, 59.927668999998659 ], [ 30.300274, 59.928143999998653 ], [ 30.300976, 59.928231999998658 ] ], [ [ 30.300643, 59.927835999998656 ], [ 30.301059, 59.927917999998648 ], [ 30.300933, 59.928080999998656 ], [ 30.300518, 59.927998999998643 ], [ 30.300643, 59.927835999998656 ] ] ] } },
{ "type": "Feature", "properties": { "height": 15.0, "match_type": "matched", "height_source": "source_b" }, "geometry": { "type": "Polygon", "coordinates": [ [ [ 30.300739, 59.92502099999863 ], [ 30.300575, 59.925138999998666 ], [ 30.300775, 59.925231999998665 ], [ 30.301132, 59.925025999998638 ], [ 30.300612, 59.924879999998623 ], [ 30.300537, 59.924959999998634 ], [ 30.300739, 59.92502099999863 ] ] ] } },
{ "type": "Feature", "properties": { "height": 13.2, "match_type": "matched", "height_source": "source_b" }, "geometry": { "type": "Polygon", "coordinates": [ [ [ 30.301702, 59.92813399999865 ], [ 30.301861, 59.928164999998657 ], [ 30.301958, 59.927971999998661 ], [ 30.301278, 59.927818999998642 ], [ 30.300976, 59.928231999998658 ], [ 30.301754, 59.928366999998644 ], [ 30.301804, 59.92827199999865 ], [ 30.301186, 59.928186999998658 ], [ 30.301344, 59.927972999998637 ], [ 30.301757, 59.928062999998652 ], [ 30.301702, 59.92813399999865 ] ] ] } },
{ "type": "Feature", "properties": { "height": 9.9, "match_type": "matched", "height_source": "source_b" }, "geometry": { "type": "Polygon", "coordinates": [ [ [ 30.300898, 59.929641999998637 ], [ 30.300933, 59.929576999998673 ], [ 30.300543, 59.929505999998646 ], [ 30.30049, 59.929572999998655 ], [ 30.300898, 59.929641999998637 ] ] ] } },
{ "type": "Feature", "properties": { "height": 13.2, "match_type": "matched", "height_source": "source_b" }, "geometry": { "type": "Polygon", "coordinates": [ [ [ 30.300921, 59.929644999998636 ], [ 30.301068, 59.929665999998655 ], [ 30.301316, 59.92920799999866 ], [ 30.300816, 59.929129999998636 ], [ 30.300774, 59.929197999998635 ], [ 30.301109, 59.929250999998651 ], [ 30.300921, 59.929644999998636 ] ] ] } },
{ "type": "Feature", "properties": { "height": 4.5, "match_type": "matched", "height_source": "source_b" }, "geometry": { "type": "Polygon", "coordinates": [ [ [ 30.301142, 59.922329999998638 ], [ 30.30108, 59.922398999998634 ], [ 30.301147, 59.922413999998653 ], [ 30.3011, 59.922466999998662 ], [ 30.301304, 59.922511999998662 ], [ 30.30135, 59.922461999998667 ], [ 30.301482, 59.922491999998648 ], [ 30.301528, 59.922440999998649 ], [ 30.301142, 59.922329999998638 ] ] ] } },
{ "type": "Feature", "properties": { "height": 3.1, "match_type": "only_a", "height_source": "ml_predicted" }, "geometry": { "type": "Polygon", "coordinates": [ [ [ 30.30136, 59.92209 ], [ 30.30132, 59.92213 ], [ 30.30143, 59.9221 ], [ 30.30136, 59.92209 ] ] ] } },
{ "type": "Feature", "properties": { "height": 9.9, "match_type": "matched", "height_source": "source_b" }, "geometry": { "type": "Polygon", "coordinates": [ [ [ 30.301327, 59.922261999998653 ], [ 30.302021, 59.922423999998671 ], [ 30.302157, 59.922269999998647 ], [ 30.301449, 59.922118999998631 ], [ 30.301327, 59.922261999998653 ] ] ] } },
{ "type": "Feature", "properties": { "height": 9.9, "match_type": "matched", "height_source": "source_b" }, "geometry": { "type": "Polygon", "coordinates": [ [ [ 30.301776, 59.922372999998672 ], [ 30.301688, 59.922397999998644 ], [ 30.30165, 59.922491999998648 ], [ 30.301918, 59.922548999998639 ], [ 30.302021, 59.922423999998671 ], [ 30.301776, 59.922372999998672 ] ] ] } },
{ "type": "Feature", "properties": { "height": 13.2, "match_type": "matched", "height_source": "source_b" }, "geometry": { "type": "Polygon", "coordinates": [ [ [ 30.301401, 59.929428999998635 ], [ 30.301963, 59.929499999998647 ], [ 30.302082, 59.929294999998639 ], [ 30.301507, 59.929223999998662 ], [ 30.301401, 59.929428999998635 ] ], [ [ 30.301605, 59.929293999998649 ], [ 30.301894, 59.92932999999865 ], [ 30.301864, 59.929391999998664 ], [ 30.301575, 59.929355999998634 ], [ 30.301605, 59.929293999998649 ] ] ] } },
{ "type": "Feature", "properties": { "height": 15.0, "match_type": "matched", "height_source": "source_b" }, "geometry": { "type": "Polygon", "coordinates": [ [ [ 30.300616, 59.924503999998649 ], [ 30.301656, 59.92476699999866 ], [ 30.301903, 59.924614999998667 ], [ 30.301627, 59.924535999998646 ], [ 30.301497, 59.924622999998647 ], [ 30.30067, 59.924441999998649 ], [ 30.300616, 59.924503999998649 ] ] ] } },
{ "type": "Feature", "properties": { "height": 21.0, "match_type": "matched", "height_source": "source_b" }, "geometry": { "type": "Polygon", "coordinates": [ [ [ 30.301358, 59.925733999998656 ], [ 30.301321, 59.925720999998653 ], [ 30.301477, 59.925647999998645 ], [ 30.301477, 59.925539999998662 ], [ 30.301093, 59.92575999999864 ], [ 30.300968, 59.925923999998638 ], [ 30.300905, 59.926099999998634 ], [ 30.301153, 59.926122999998654 ], [ 30.301257, 59.925840999998641 ], [ 30.301348, 59.925840999998634 ], [ 30.301358, 59.925733999998656 ] ] ] } },
{ "type": "Feature", "properties": { "height": 21.0, "match_type": "matched", "height_source": "source_b" }, "geometry": { "type": "Polygon", "coordinates": [ [ [ 30.301686, 59.925459999998651 ], [ 30.301635, 59.925446999998663 ], [ 30.301477, 59.925539999998662 ], [ 30.301478, 59.92575199999866 ], [ 30.301357, 59.925751999998674 ], [ 30.30135, 59.925821999998647 ], [ 30.30141, 59.925822999998651 ], [ 30.301421, 59.926068999998641 ], [ 30.301711, 59.926065999998656 ], [ 30.301686, 59.925459999998651 ] ] ] } },
{ "type": "Feature", "properties": { "height": 6.1, "match_type": "only_a", "height_source": "ml_predicted" }, "geometry": { "type": "Polygon", "coordinates": [ [ [ 30.30146, 59.92612 ], [ 30.3017, 59.92611 ], [ 30.3017, 59.92607 ], [ 30.30146, 59.92607 ], [ 30.30146, 59.92612 ] ] ] } },
{ "type": "Feature", "properties": { "height": 6.3, "match_type": "only_a", "height_source": "ml_predicted" }, "geometry": { "type": "Polygon", "coordinates": [ [ [ 30.30149, 59.92008 ], [ 30.30153, 59.92004 ], [ 30.30142, 59.92001 ], [ 30.30138, 59.92005 ], [ 30.30149, 59.92008 ] ] ] } },
{ "type": "Feature", "properties": { "height": 9.9, "match_type": "matched", "height_source": "source_b" }, "geometry": { "type": "Polygon", "coordinates": [ [ [ 30.301634, 59.92859499999863 ], [ 30.300959, 59.928479999998622 ], [ 30.300867, 59.928620999998657 ], [ 30.301545, 59.928734999998639 ], [ 30.301634, 59.92859499999863 ] ] ] } },
{ "type": "Feature", "properties": { "height": 9.9, "match_type": "matched", "height_source": "source_b" }, "geometry": { "type": "Polygon", "coordinates": [ [ [ 30.301488, 59.928571999998638 ], [ 30.301634, 59.92859499999863 ], [ 30.301754, 59.928366999998644 ], [ 30.301505, 59.928330999998657 ], [ 30.301458, 59.928415999998663 ], [ 30.301561, 59.928430999998646 ], [ 30.301488, 59.928571999998638 ] ] ] } },
{ "type": "Feature", "properties": { "height": 6.6, "match_type": "matched", "height_source": "source_b" }, "geometry": { "type": "Polygon", "coordinates": [ [ [ 30.30136, 59.929500999998638 ], [ 30.30193, 59.92955899999864 ], [ 30.301963, 59.929499999998647 ], [ 30.301401, 59.929428999998635 ], [ 30.30136, 59.929500999998638 ] ] ] } },
{ "type": "Feature", "properties": { "height": 15.0, "match_type": "matched", "height_source": "source_b" }, "geometry": { "type": "Polygon", "coordinates": [ [ [ 30.301107, 59.929997999998633 ], [ 30.301355, 59.930027999998636 ], [ 30.3014, 59.929942999998644 ], [ 30.301704, 59.929979999998636 ], [ 30.30193, 59.92955899999864 ], [ 30.301827, 59.929545999998638 ], [ 30.301751, 59.929674999998653 ], [ 30.301557, 59.929648999998662 ], [ 30.301595, 59.929580999998649 ], [ 30.301454, 59.929564999998647 ], [ 30.301477, 59.929514999998666 ], [ 30.30136, 59.929500999998638 ], [ 30.301107, 59.929997999998633 ] ], [ [ 30.301665, 59.929820999998633 ], [ 30.301478, 59.929796999998622 ], [ 30.30152, 59.929716999998639 ], [ 30.301714, 59.929738999998648 ], [ 30.301665, 59.929820999998633 ] ] ] } },
{ "type": "Feature", "properties": { "height": 13.2, "match_type": "matched", "height_source": "source_b" }, "geometry": { "type": "Polygon", "coordinates": [ [ [ 30.300816, 59.929129999998636 ], [ 30.301316, 59.92920799999866 ], [ 30.301446, 59.928946999998637 ], [ 30.30121, 59.928910999998635 ], [ 30.301149, 59.929122999998654 ], [ 30.300847, 59.929078999998652 ], [ 30.300816, 59.929129999998636 ] ] ] } },
{ "type": "Feature", "properties": { "height": 13.2, "match_type": "matched", "height_source": "source_b" }, "geometry": { "type": "Polygon", "coordinates": [ [ [ 30.300847, 59.929078999998652 ], [ 30.300967, 59.929075999998652 ], [ 30.301062, 59.928915999998651 ], [ 30.301001, 59.928909999998652 ], [ 30.301015, 59.92888099999864 ], [ 30.301446, 59.928946999998637 ], [ 30.301502, 59.928845999998657 ], [ 30.301038, 59.928755999998643 ], [ 30.300847, 59.929078999998652 ] ] ] } },
{ "type": "Feature", "properties": { "height": 13.2, "match_type": "matched", "height_source": "source_b" }, "geometry": { "type": "Polygon", "coordinates": [ [ [ 30.301334, 59.926456999998635 ], [ 30.30155, 59.926481999998657 ], [ 30.301544, 59.926238999998638 ], [ 30.301329, 59.926256999998635 ], [ 30.301334, 59.926456999998635 ] ] ] } },
{ "type": "Feature", "properties": { "height": 9.9, "match_type": "matched", "height_source": "source_b" }, "geometry": { "type": "Polygon", "coordinates": [ [ [ 30.301388, 59.926542999998631 ], [ 30.301648, 59.92654099999865 ], [ 30.301639, 59.926177999998643 ], [ 30.301372, 59.926178999998633 ], [ 30.301374, 59.926255999998666 ], [ 30.301544, 59.926238999998638 ], [ 30.30155, 59.926481999998657 ], [ 30.301382, 59.926455999998673 ], [ 30.301388, 59.926542999998631 ] ] ] } },
{ "type": "Feature", "properties": { "height": 9.9, "match_type": "matched", "height_source": "source_b" }, "geometry": { "type": "Polygon", "coordinates": [ [ [ 30.301568, 59.924304999998611 ], [ 30.301393, 59.924484999998626 ], [ 30.301532, 59.924515999998633 ], [ 30.301701, 59.924335999998618 ], [ 30.301568, 59.924304999998611 ] ] ] } },
{ "type": "Feature", "properties": { "height": 13.2, "match_type": "matched", "height_source": "source_b" }, "geometry": { "type": "Polygon", "coordinates": [ [ [ 30.301605, 59.929036999998651 ], [ 30.301812, 59.929067999998665 ], [ 30.301811, 59.929023999998648 ], [ 30.302201, 59.929092999998666 ], [ 30.302281, 59.928975999998663 ], [ 30.301721, 59.928878999998659 ], [ 30.301605, 59.929036999998651 ] ] ] } },
{ "type": "Feature", "properties": { "height": 13.2, "match_type": "matched", "height_source": "source_b" }, "geometry": { "type": "Polygon", "coordinates": [ [ [ 30.302082, 59.929294999998639 ], [ 30.302112, 59.929242999998635 ], [ 30.301746, 59.929181999998647 ], [ 30.301812, 59.929067999998665 ], [ 30.301605, 59.929036999998651 ], [ 30.301507, 59.929223999998662 ], [ 30.302082, 59.929294999998639 ] ] ] } },
{ "type": "Feature", "properties": { "height": 13.2, "match_type": "matched", "height_source": "source_b" }, "geometry": { "type": "Polygon", "coordinates": [ [ [ 30.302225, 59.928840999998663 ], [ 30.302295, 59.928706999998667 ], [ 30.301786, 59.928628999998637 ], [ 30.301724, 59.928736999998655 ], [ 30.302225, 59.928840999998663 ] ] ] } },
{ "type": "Feature", "properties": { "height": 13.2, "match_type": "matched", "height_source": "source_b" }, "geometry": { "type": "Polygon", "coordinates": [ [ [ 30.302218, 59.928696999998664 ], [ 30.302295, 59.928706999998667 ], [ 30.302411, 59.928466999998669 ], [ 30.301905, 59.928404999998641 ], [ 30.301786, 59.928628999998637 ], [ 30.301981, 59.928655999998632 ], [ 30.302091, 59.92850399999864 ], [ 30.302277, 59.928526999998653 ], [ 30.302218, 59.928696999998664 ] ] ] } },
{ "type": "Feature", "properties": { "height": 6.6, "match_type": "matched", "height_source": "source_b" }, "geometry": { "type": "Polygon", "coordinates": [ [ [ 30.301129, 59.921675999998648 ], [ 30.300985, 59.921835999998649 ], [ 30.301596, 59.921979999998619 ], [ 30.301737, 59.921820999998651 ], [ 30.301265, 59.921740999998654 ], [ 30.30129, 59.921712999998633 ], [ 30.301129, 59.921675999998648 ] ] ] } },
{ "type": "Feature", "properties": { "height": 13.2, "match_type": "matched", "height_source": "source_b" }, "geometry": { "type": "Polygon", "coordinates": [ [ [ 30.301804, 59.92827199999865 ], [ 30.301861, 59.928164999998657 ], [ 30.301604, 59.928114999998641 ], [ 30.301528, 59.928234999998644 ], [ 30.301804, 59.92827199999865 ] ] ] } },
{ "type": "Feature", "properties": { "height": 13.2, "match_type": "matched", "height_source": "source_b" }, "geometry": { "type": "Polygon", "coordinates": [ [ [ 30.302187, 59.923156999998639 ], [ 30.301874, 59.923532999998649 ], [ 30.302078, 59.923575999998619 ], [ 30.302391, 59.923198999998654 ], [ 30.302187, 59.923156999998639 ] ] ] } },
{ "type": "Feature", "properties": { "height": 15.0, "match_type": "matched", "height_source": "source_b" }, "geometry": { "type": "Polygon", "coordinates": [ [ [ 30.302192, 59.924263999998658 ], [ 30.301704, 59.92416399999864 ], [ 30.301568, 59.924304999998611 ], [ 30.301963, 59.924397999998654 ], [ 30.302192, 59.924263999998658 ] ] ] } },
{ "type": "Feature", "properties": { "height": 15.0, "match_type": "matched", "height_source": "source_b" }, "geometry": { "type": "Polygon", "coordinates": [ [ [ 30.302192, 59.924263999998658 ], [ 30.301815, 59.924486999998635 ], [ 30.301618, 59.924477999998651 ], [ 30.301573, 59.92452499999866 ], [ 30.301903, 59.924614999998667 ], [ 30.302397, 59.92430599999863 ], [ 30.302192, 59.924263999998658 ] ] ] } },
{ "type": "Feature", "properties": { "height": 9.9, "match_type": "matched", "height_source": "source_b" }, "geometry": { "type": "Polygon", "coordinates": [ [ [ 30.301758, 59.92364699999866 ], [ 30.301567, 59.923881999998635 ], [ 30.301935, 59.923960999998663 ], [ 30.302045, 59.923819999998656 ], [ 30.301905, 59.92379299999866 ], [ 30.301981, 59.923691999998645 ], [ 30.301758, 59.92364699999866 ] ] ] } },
{ "type": "Feature", "properties": { "height": 15.0, "match_type": "matched", "height_source": "source_b" }, "geometry": { "type": "Polygon", "coordinates": [ [ [ 30.301584, 59.922513999998657 ], [ 30.301489, 59.922624999998625 ], [ 30.301228, 59.922569999998622 ], [ 30.301133, 59.922679999998635 ], [ 30.301703, 59.922801999998647 ], [ 30.301893, 59.922578999998649 ], [ 30.301584, 59.922513999998657 ] ] ] } },
{ "type": "Feature", "properties": { "height": 13.2, "match_type": "matched", "height_source": "source_b" }, "geometry": { "type": "Polygon", "coordinates": [ [ [ 30.301905, 59.928404999998641 ], [ 30.302079, 59.928426999998656 ], [ 30.302217, 59.928166999998645 ], [ 30.302049, 59.928131999998634 ], [ 30.301905, 59.928404999998641 ] ] ] } },
{ "type": "Feature", "properties": { "height": 15.0, "match_type": "matched", "height_source": "source_b" }, "geometry": { "type": "Polygon", "coordinates": [ [ [ 30.301579, 59.927589999998652 ], [ 30.301761, 59.927631999998653 ], [ 30.301905, 59.927468999998659 ], [ 30.301951, 59.927469999998635 ], [ 30.301938, 59.927375999998659 ], [ 30.301736, 59.927353999998644 ], [ 30.301562, 59.927553999998651 ], [ 30.301605, 59.92756599999862 ], [ 30.301579, 59.927589999998652 ] ] ] } },
{ "type": "Feature", "properties": { "height": 13.2, "match_type": "matched", "height_source": "source_b" }, "geometry": { "type": "Polygon", "coordinates": [ [ [ 30.301973, 59.925501999998637 ], [ 30.302743, 59.925495999998638 ], [ 30.302734, 59.925302999998614 ], [ 30.302591, 59.925310999998658 ], [ 30.302584, 59.925444999998646 ], [ 30.302195, 59.925431999998644 ], [ 30.302193, 59.925313999998636 ], [ 30.30196, 59.925314999998641 ], [ 30.301973, 59.925501999998637 ] ] ] } },
{ "type": "Feature", "properties": { "height": 6.6, "match_type": "matched", "height_source": "source_b" }, "geometry": { "type": "Polygon", "coordinates": [ [ [ 30.301806, 59.923586999998648 ], [ 30.301758, 59.92364699999866 ], [ 30.301981, 59.923691999998645 ], [ 30.302024, 59.923633999998671 ], [ 30.301806, 59.923586999998648 ] ] ] } },
{ "type": "Feature", "properties": { "height": 9.9, "match_type": "matched", "height_source": "source_b" }, "geometry": { "type": "Polygon", "coordinates": [ [ [ 30.301982, 59.925732999998637 ], [ 30.302227, 59.925729999998651 ], [ 30.302194, 59.925552999998651 ], [ 30.302741, 59.925575999998649 ], [ 30.302743, 59.925495999998638 ], [ 30.301973, 59.925501999998637 ], [ 30.301982, 59.925732999998637 ] ] ] } },
{ "type": "Feature", "properties": { "height": 15.0, "match_type": "matched", "height_source": "source_b" }, "geometry": { "type": "Polygon", "coordinates": [ [ [ 30.301985, 59.925879999998642 ], [ 30.302231, 59.925876999998636 ], [ 30.302227, 59.925729999998651 ], [ 30.301982, 59.925732999998637 ], [ 30.301985, 59.925879999998642 ] ] ] } },
{ "type": "Feature", "properties": { "height": 9.9, "match_type": "matched", "height_source": "source_b" }, "geometry": { "type": "Polygon", "coordinates": [ [ [ 30.302231, 59.925876999998636 ], [ 30.302746, 59.925866999998661 ], [ 30.302748, 59.925822999998651 ], [ 30.30223, 59.925833999998652 ], [ 30.302231, 59.925876999998636 ] ] ] } },
{ "type": "Feature", "properties": { "height": 15.0, "match_type": "matched", "height_source": "source_b" }, "geometry": { "type": "Polygon", "coordinates": [ [ [ 30.301938, 59.927375999998659 ], [ 30.302347, 59.927381999998659 ], [ 30.302429, 59.927236999998641 ], [ 30.301954, 59.927199999998635 ], [ 30.301938, 59.927375999998659 ] ] ] } },
{ "type": "Feature", "properties": { "height": 13.2, "match_type": "matched", "height_source": "source_b" }, "geometry": { "type": "Polygon", "coordinates": [ [ [ 30.301998, 59.926077999998654 ], [ 30.302763, 59.92607099999865 ], [ 30.302746, 59.925866999998661 ], [ 30.301985, 59.925879999998642 ], [ 30.301998, 59.926077999998654 ] ], [ [ 30.302238, 59.925948999998653 ], [ 30.302468, 59.925946999998629 ], [ 30.302469, 59.925978999998641 ], [ 30.302448, 59.926013999998638 ], [ 30.302241, 59.926023999998641 ], [ 30.302238, 59.925948999998653 ] ] ] } },
{ "type": "Feature", "properties": { "height": 13.2, "match_type": "matched", "height_source": "source_b" }, "geometry": { "type": "Polygon", "coordinates": [ [ [ 30.302249, 59.926272999998659 ], [ 30.30224, 59.926074999998669 ], [ 30.301998, 59.926077999998654 ], [ 30.302003, 59.926273999998614 ], [ 30.302249, 59.926272999998659 ] ] ] } },
{ "type": "Feature", "properties": { "height": 15.0, "match_type": "matched", "height_source": "source_b" }, "geometry": { "type": "Polygon", "coordinates": [ [ [ 30.302184, 59.926435999998667 ], [ 30.302182, 59.926382999998637 ], [ 30.302253, 59.926382999998637 ], [ 30.302249, 59.926272999998659 ], [ 30.302003, 59.926273999998614 ], [ 30.302007, 59.926435999998652 ], [ 30.302184, 59.926435999998667 ] ] ] } },
{ "type": "Feature", "properties": { "height": 15.0, "match_type": "matched", "height_source": "source_b" }, "geometry": { "type": "Polygon", "coordinates": [ [ [ 30.302801, 59.926267999998679 ], [ 30.302433, 59.926270999998636 ], [ 30.302438, 59.92638499999866 ], [ 30.302182, 59.926382999998637 ], [ 30.302184, 59.926435999998667 ], [ 30.302796, 59.926437999998647 ], [ 30.302793, 59.92639599999864 ], [ 30.302724, 59.926394999998635 ], [ 30.302728, 59.926315999998636 ], [ 30.302798, 59.92631699999864 ], [ 30.302801, 59.926267999998679 ] ] ] } },
{ "type": "Feature", "properties": { "height": 18.0, "match_type": "matched", "height_source": "source_b" }, "geometry": { "type": "Polygon", "coordinates": [ [ [ 30.302791, 59.926786999998633 ], [ 30.302791, 59.926665999998647 ], [ 30.302003, 59.926640999998654 ], [ 30.302001, 59.926742999998645 ], [ 30.302056, 59.926760999998656 ], [ 30.302791, 59.926786999998633 ] ] ] } },
{ "type": "Feature", "properties": { "height": 18.0, "match_type": "matched", "height_source": "source_b" }, "geometry": { "type": "Polygon", "coordinates": [ [ [ 30.302211, 59.926644999998658 ], [ 30.30221, 59.926519999998618 ], [ 30.302644, 59.926517999998637 ], [ 30.302638, 59.926664999998671 ], [ 30.302791, 59.926665999998647 ], [ 30.302796, 59.926437999998647 ], [ 30.302007, 59.926435999998652 ], [ 30.302003, 59.926640999998654 ], [ 30.302211, 59.926644999998658 ] ] ] } },
{ "type": "Feature", "properties": { "height": 15.0, "match_type": "matched", "height_source": "source_b" }, "geometry": { "type": "Polygon", "coordinates": [ [ [ 30.301035, 59.927430999998656 ], [ 30.301318, 59.927495999998648 ], [ 30.301465, 59.927324999998646 ], [ 30.301186, 59.927258999998628 ], [ 30.301035, 59.927430999998656 ] ] ] } },
{ "type": "Feature", "properties": { "height": 9.9, "match_type": "matched", "height_source": "source_b" }, "geometry": { "type": "Polygon", "coordinates": [ [ [ 30.302162, 59.927859999998653 ], [ 30.302139, 59.927695999998647 ], [ 30.301967, 59.927689999998641 ], [ 30.301975, 59.927817999998659 ], [ 30.302162, 59.927859999998653 ] ] ] } },
{ "type": "Feature", "properties": { "height": 15.0, "match_type": "matched", "height_source": "source_b" }, "geometry": { "type": "Polygon", "coordinates": [ [ [ 30.301864, 59.927367999998651 ], [ 30.301938, 59.927375999998659 ], [ 30.301954, 59.927199999998635 ], [ 30.301285, 59.927164999998638 ], [ 30.301186, 59.927258999998628 ], [ 30.301871, 59.927332999998654 ], [ 30.301864, 59.927367999998651 ] ] ] } },
{ "type": "Feature", "properties": { "height": 15.0, "match_type": "matched", "height_source": "source_b" }, "geometry": { "type": "Polygon", "coordinates": [ [ [ 30.301975, 59.927817999998659 ], [ 30.301966, 59.927678999998648 ], [ 30.301035, 59.927430999998656 ], [ 30.300908, 59.927571999998641 ], [ 30.301975, 59.927817999998659 ] ] ] } },
{ "type": "Feature", "properties": { "height": 15.0, "match_type": "matched", "height_source": "source_b" }, "geometry": { "type": "Polygon", "coordinates": [ [ [ 30.302354, 59.922955999998621 ], [ 30.302187, 59.923156999998639 ], [ 30.302711, 59.923265999998641 ], [ 30.302878, 59.923065999998649 ], [ 30.302354, 59.922955999998621 ] ], [ [ 30.302412, 59.923162999998667 ], [ 30.302479, 59.92308499999865 ], [ 30.30271, 59.923134999998645 ], [ 30.302643, 59.923212999998661 ], [ 30.302412, 59.923162999998667 ] ] ] } },
{ "type": "Feature", "properties": { "height": 9.9, "match_type": "matched", "height_source": "source_b" }, "geometry": { "type": "Polygon", "coordinates": [ [ [ 30.302075, 59.923988999998663 ], [ 30.302426, 59.924058999998607 ], [ 30.302623, 59.923931999998636 ], [ 30.302509, 59.923906999998643 ], [ 30.302542, 59.923866999998651 ], [ 30.302231, 59.92380099999864 ], [ 30.302075, 59.923988999998663 ] ] ] } },
{ "type": "Feature", "properties": { "height": 6.6, "match_type": "matched", "height_source": "source_b" }, "geometry": { "type": "Polygon", "coordinates": [ [ [ 30.301959, 59.923965999998636 ], [ 30.302075, 59.923988999998663 ], [ 30.302165, 59.923878999998635 ], [ 30.30205, 59.923854999998639 ], [ 30.301959, 59.923965999998636 ] ] ] } },
{ "type": "Feature", "properties": { "height": 13.2, "match_type": "matched", "height_source": "source_b" }, "geometry": { "type": "Polygon", "coordinates": [ [ [ 30.303463, 59.928716999998656 ], [ 30.303676, 59.928354999998646 ], [ 30.302589, 59.928105999998643 ], [ 30.302389, 59.928513999998643 ], [ 30.302735, 59.928566999998644 ], [ 30.302773, 59.928515999998638 ], [ 30.302937, 59.928547999998635 ], [ 30.302892, 59.928610999998632 ], [ 30.303463, 59.928716999998656 ] ], [ [ 30.302712, 59.928291999998656 ], [ 30.303413, 59.928452999998655 ], [ 30.303297, 59.92858699999865 ], [ 30.303143, 59.928555999998657 ], [ 30.303189, 59.92849699999865 ], [ 30.302709, 59.928399999998675 ], [ 30.30266, 59.928460999998649 ], [ 30.302608, 59.928449999998641 ], [ 30.302712, 59.928291999998656 ] ] ] } },
{ "type": "Feature", "properties": { "height": 13.2, "match_type": "matched", "height_source": "source_b" }, "geometry": { "type": "Polygon", "coordinates": [ [ [ 30.302282, 59.928450999998645 ], [ 30.302411, 59.928466999998669 ], [ 30.302589, 59.928105999998643 ], [ 30.302118, 59.927999999998647 ], [ 30.302049, 59.928131999998634 ], [ 30.302421, 59.92821099999864 ], [ 30.302282, 59.928450999998645 ] ] ] } },
{ "type": "Feature", "properties": { "height": 9.9, "match_type": "matched", "height_source": "source_b" }, "geometry": { "type": "Polygon", "coordinates": [ [ [ 30.302123, 59.928431999998637 ], [ 30.302282, 59.928450999998645 ], [ 30.30231, 59.928395999998656 ], [ 30.302147, 59.928376999998648 ], [ 30.302123, 59.928431999998637 ] ] ] } },
{ "type": "Feature", "properties": { "height": 9.9, "match_type": "matched", "height_source": "source_b" }, "geometry": { "type": "Polygon", "coordinates": [ [ [ 30.302878, 59.929082999998641 ], [ 30.302281, 59.928975999998663 ], [ 30.302201, 59.929092999998666 ], [ 30.302691, 59.929179999998667 ], [ 30.302628, 59.929312999998672 ], [ 30.302103, 59.929259999998628 ], [ 30.302036, 59.929375999998655 ], [ 30.302698, 59.929449999998653 ], [ 30.302878, 59.929082999998641 ] ] ] } },
{ "type": "Feature", "properties": { "height": 9.9, "match_type": "matched", "height_source": "source_b" }, "geometry": { "type": "Polygon", "coordinates": [ [ [ 30.302099, 59.927619999998669 ], [ 30.302215, 59.927636999998633 ], [ 30.302306, 59.927460999998651 ], [ 30.302171, 59.92744299999864 ], [ 30.302099, 59.927619999998669 ] ] ] } },
{ "type": "Feature", "properties": { "height": 15.0, "match_type": "matched", "height_source": "source_b" }, "geometry": { "type": "Polygon", "coordinates": [ [ [ 30.302618, 59.927961999998637 ], [ 30.302695, 59.927837999998665 ], [ 30.302297, 59.927752999998646 ], [ 30.302487, 59.927353999998644 ], [ 30.302366, 59.927344999998652 ], [ 30.302215, 59.927636999998633 ], [ 30.302129, 59.927624999998621 ], [ 30.302162, 59.927859999998653 ], [ 30.302618, 59.927961999998637 ] ] ] } },
{ "type": "Feature", "properties": { "height": 15.0, "match_type": "matched", "height_source": "source_b" }, "geometry": { "type": "Polygon", "coordinates": [ [ [ 30.303137, 59.920447999998657 ], [ 30.303274, 59.920289999998644 ], [ 30.302584, 59.920137999998651 ], [ 30.302444, 59.920296999998669 ], [ 30.303137, 59.920447999998657 ] ] ] } },
{ "type": "Feature", "properties": { "height": 13.2, "match_type": "matched", "height_source": "source_b" }, "geometry": { "type": "Polygon", "coordinates": [ [ [ 30.30196, 59.925314999998641 ], [ 30.302591, 59.925310999998658 ], [ 30.302734, 59.925302999998614 ], [ 30.302726, 59.925226999998642 ], [ 30.302053, 59.925238999998641 ], [ 30.30196, 59.925314999998641 ] ] ] } },
{ "type": "Feature", "properties": { "height": 9.9, "match_type": "matched", "height_source": "source_b" }, "geometry": { "type": "Polygon", "coordinates": [ [ [ 30.302433, 59.926270999998636 ], [ 30.303593, 59.926262999998649 ], [ 30.303585, 59.926060999998626 ], [ 30.303269, 59.926063999998647 ], [ 30.30327, 59.92611799999866 ], [ 30.303337, 59.926116999998655 ], [ 30.30334, 59.926196999998652 ], [ 30.302693, 59.926202999998651 ], [ 30.30269, 59.926124999998649 ], [ 30.302761, 59.926123999998659 ], [ 30.302763, 59.92607099999865 ], [ 30.30243, 59.926072999998659 ], [ 30.302433, 59.926270999998636 ] ] ] } },
{ "type": "Feature", "properties": { "height": 15.0, "match_type": "matched", "height_source": "source_b" }, "geometry": { "type": "Polygon", "coordinates": [ [ [ 30.302444, 59.920296999998669 ], [ 30.302584, 59.920137999998651 ], [ 30.302098, 59.920027999998645 ], [ 30.301957, 59.920185999998651 ], [ 30.302444, 59.920296999998669 ] ] ] } },
{ "type": "Feature", "properties": { "height": 15.0, "match_type": "matched", "height_source": "source_b" }, "geometry": { "type": "Polygon", "coordinates": [ [ [ 30.302315, 59.92364699999866 ], [ 30.302503, 59.923724999998662 ], [ 30.30307, 59.923414999998656 ], [ 30.303399, 59.923430999998644 ], [ 30.303428, 59.923278999998651 ], [ 30.303066, 59.923263999998646 ], [ 30.303058, 59.923309999998658 ], [ 30.302846, 59.923310999998641 ], [ 30.302514, 59.92351299999865 ], [ 30.302569, 59.923534999998651 ], [ 30.302315, 59.92364699999866 ] ] ] } },
{ "type": "Feature", "properties": { "height": 15.0, "match_type": "matched", "height_source": "source_b" }, "geometry": { "type": "Polygon", "coordinates": [ [ [ 30.302695, 59.927837999998665 ], [ 30.302979, 59.927384999998658 ], [ 30.303051, 59.927268999998638 ], [ 30.302429, 59.927236999998641 ], [ 30.302366, 59.927344999998652 ], [ 30.302844, 59.927377999998626 ], [ 30.302601, 59.927818999998642 ], [ 30.302695, 59.927837999998665 ] ] ] } },
{ "type": "Feature", "properties": { "height": 9.9, "match_type": "matched", "height_source": "source_b" }, "geometry": { "type": "Polygon", "coordinates": [ [ [ 30.302911, 59.928960999998637 ], [ 30.302972, 59.928842999998658 ], [ 30.30253, 59.928746999998644 ], [ 30.302288, 59.928719999998641 ], [ 30.302225, 59.928840999998663 ], [ 30.302911, 59.928960999998637 ] ] ] } },
{ "type": "Feature", "properties": { "height": 13.2, "match_type": "matched", "height_source": "source_b" }, "geometry": { "type": "Polygon", "coordinates": [ [ [ 30.302557, 59.930319999998659 ], [ 30.302641, 59.930083999998651 ], [ 30.302481, 59.930069999998651 ], [ 30.302471, 59.930122999998652 ], [ 30.302013, 59.930112999998656 ], [ 30.302019, 59.93006899999866 ], [ 30.301905, 59.930069999998658 ], [ 30.301902, 59.930124999998647 ], [ 30.301756, 59.93012099999865 ], [ 30.301981, 59.929680999998638 ], [ 30.302765, 59.929787999998638 ], [ 30.302826, 59.929663999998674 ], [ 30.301938, 59.929543999998629 ], [ 30.301543, 59.930285999998638 ], [ 30.302557, 59.930319999998659 ] ] ] } },
{ "type": "Feature", "properties": { "height": 4.5, "match_type": "matched", "height_source": "source_b" }, "geometry": { "type": "Polygon", "coordinates": [ [ [ 30.302921, 59.923024999998653 ], [ 30.303014, 59.923044999998645 ], [ 30.303129, 59.922911999998654 ], [ 30.303036, 59.92289199999864 ], [ 30.302921, 59.923024999998653 ] ] ] } },
{ "type": "Feature", "properties": { "height": 15.0, "match_type": "matched", "height_source": "source_b" }, "geometry": { "type": "Polygon", "coordinates": [ [ [ 30.302354, 59.922955999998621 ], [ 30.302906, 59.923041999998645 ], [ 30.303238, 59.92265999999865 ], [ 30.303014, 59.922371999998632 ], [ 30.302826, 59.922375999998671 ], [ 30.302354, 59.922955999998621 ] ], [ [ 30.303041, 59.922733999998648 ], [ 30.302865, 59.922931999998646 ], [ 30.302655, 59.922885999998648 ], [ 30.302916, 59.922567999998641 ], [ 30.303041, 59.922733999998648 ] ] ] } },
{ "type": "Feature", "properties": { "height": 7.5, "match_type": "only_a", "height_source": "ml_predicted" }, "geometry": { "type": "Polygon", "coordinates": [ [ [ 30.30274, 59.92857 ], [ 30.30265, 59.92858 ], [ 30.30273, 59.9286 ], [ 30.30274, 59.92857 ] ] ] } },
{ "type": "Feature", "properties": { "height": 4.3, "match_type": "only_a", "height_source": "ml_predicted" }, "geometry": { "type": "Polygon", "coordinates": [ [ [ 30.30266, 59.92995 ], [ 30.30274, 59.9299 ], [ 30.30269, 59.92989 ], [ 30.30266, 59.92995 ] ] ] } },
{ "type": "Feature", "properties": { "height": 15.0, "match_type": "matched", "height_source": "source_b" }, "geometry": { "type": "Polygon", "coordinates": [ [ [ 30.302669, 59.924890999998652 ], [ 30.302163, 59.92517499999866 ], [ 30.302303, 59.925194999998659 ], [ 30.302713, 59.925028999998652 ], [ 30.302708, 59.92490999999864 ], [ 30.302669, 59.924890999998652 ] ] ] } },
{ "type": "Feature", "properties": { "height": 13.2, "match_type": "matched", "height_source": "source_b" }, "geometry": { "type": "Polygon", "coordinates": [ [ [ 30.302734, 59.925302999998614 ], [ 30.303522, 59.925288999998635 ], [ 30.303509, 59.92509699999863 ], [ 30.302714, 59.925111999998634 ], [ 30.302734, 59.925302999998614 ] ], [ [ 30.302885, 59.925243999998635 ], [ 30.302881, 59.925163999998652 ], [ 30.303268, 59.925158999998672 ], [ 30.303272, 59.925238999998626 ], [ 30.302885, 59.925243999998635 ] ] ] } },
{ "type": "Feature", "properties": { "height": 15.0, "match_type": "matched", "height_source": "source_b" }, "geometry": { "type": "Polygon", "coordinates": [ [ [ 30.302714, 59.925111999998634 ], [ 30.303306, 59.925100999998619 ], [ 30.303306, 59.925018999998663 ], [ 30.302852, 59.925047999998661 ], [ 30.30285, 59.924915999998639 ], [ 30.302966, 59.924965999998633 ], [ 30.303111, 59.924878999998647 ], [ 30.303301, 59.924839999998639 ], [ 30.303298, 59.924743999998647 ], [ 30.303163, 59.924716999998651 ], [ 30.30331, 59.924634999998631 ], [ 30.303257, 59.924554999998648 ], [ 30.302669, 59.924890999998652 ], [ 30.302708, 59.92490999999864 ], [ 30.302714, 59.925111999998634 ] ] ] } },
{ "type": "Feature", "properties": { "height": 18.0, "match_type": "matched", "height_source": "source_b" }, "geometry": { "type": "Polygon", "coordinates": [ [ [ 30.303306, 59.925100999998619 ], [ 30.303509, 59.92509699999863 ], [ 30.303479, 59.924634999998645 ], [ 30.30331, 59.924634999998631 ], [ 30.303199, 59.924696999998638 ], [ 30.303383, 59.92467899999864 ], [ 30.303385, 59.924742999998657 ], [ 30.303298, 59.924743999998647 ], [ 30.303306, 59.925100999998619 ] ] ] } },
{ "type": "Feature", "properties": { "height": 15.0, "match_type": "matched", "height_source": "source_b" }, "geometry": { "type": "Polygon", "coordinates": [ [ [ 30.302743, 59.925495999998638 ], [ 30.303541, 59.925480999998619 ], [ 30.303522, 59.925288999998635 ], [ 30.302734, 59.925302999998614 ], [ 30.302743, 59.925495999998638 ] ], [ [ 30.302977, 59.925351999998632 ], [ 30.303273, 59.925349999998652 ], [ 30.303276, 59.925447999998667 ], [ 30.30298, 59.925450999998638 ], [ 30.302977, 59.925351999998632 ] ] ] } },
{ "type": "Feature", "properties": { "height": 3.2, "match_type": "only_a", "height_source": "ml_predicted" }, "geometry": { "type": "Polygon", "coordinates": [ [ [ 30.30281, 59.92991 ], [ 30.30283, 59.92979 ], [ 30.30279, 59.92979 ], [ 30.30273, 59.92991 ], [ 30.30281, 59.92991 ] ] ] } },
{ "type": "Feature", "properties": { "height": 13.2, "match_type": "matched", "height_source": "source_b" }, "geometry": { "type": "Polygon", "coordinates": [ [ [ 30.303165, 59.926674999998646 ], [ 30.30292, 59.92667399999867 ], [ 30.302923, 59.926497999998659 ], [ 30.302795, 59.926496999998669 ], [ 30.302791, 59.926786999998633 ], [ 30.303177, 59.92683099999865 ], [ 30.303165, 59.926674999998646 ] ] ] } },
{ "type": "Feature", "properties": { "height": 15.0, "match_type": "matched", "height_source": "source_b" }, "geometry": { "type": "Polygon", "coordinates": [ [ [ 30.302907, 59.92802699999865 ], [ 30.303096, 59.927788999998612 ], [ 30.303829, 59.927969999998652 ], [ 30.303879, 59.927872999998648 ], [ 30.303164, 59.927699999998637 ], [ 30.303038, 59.927691999998657 ], [ 30.302952, 59.927792999998637 ], [ 30.30275, 59.92774999999866 ], [ 30.302618, 59.927961999998637 ], [ 30.302907, 59.92802699999865 ] ] ] } },
{ "type": "Feature", "properties": { "height": 9.9, "match_type": "matched", "height_source": "source_b" }, "geometry": { "type": "Polygon", "coordinates": [ [ [ 30.302748, 59.925822999998651 ], [ 30.302883, 59.925821999998632 ], [ 30.30288, 59.925772999998657 ], [ 30.303181, 59.925768999998624 ], [ 30.303179, 59.925728999998618 ], [ 30.303326, 59.925726999998652 ], [ 30.303324, 59.925672999998653 ], [ 30.302747, 59.925679999998657 ], [ 30.302748, 59.925822999998651 ] ] ] } },
{ "type": "Feature", "properties": { "height": 9.9, "match_type": "matched", "height_source": "source_b" }, "geometry": { "type": "Polygon", "coordinates": [ [ [ 30.302722, 59.929397999998649 ], [ 30.303419, 59.92946899999864 ], [ 30.30345, 59.929394999998649 ], [ 30.302884, 59.929338999998649 ], [ 30.302937, 59.929222999998643 ], [ 30.303486, 59.929307999998649 ], [ 30.303534, 59.92919599999864 ], [ 30.302878, 59.929082999998641 ], [ 30.302722, 59.929397999998649 ] ] ] } },
{ "type": "Feature", "properties": { "height": 4.5, "match_type": "matched", "height_source": "source_b" }, "geometry": { "type": "Polygon", "coordinates": [ [ [ 30.302746, 59.921587999998643 ], [ 30.302685, 59.921664999998647 ], [ 30.302843, 59.921697999998649 ], [ 30.302904, 59.921619999998619 ], [ 30.302746, 59.921587999998643 ] ] ] } },
{ "type": "Feature", "properties": { "height": 3.5, "match_type": "only_a", "height_source": "ml_predicted" }, "geometry": { "type": "Polygon", "coordinates": [ [ [ 30.30303, 59.92311 ], [ 30.30313, 59.923 ], [ 30.30304, 59.92298 ], [ 30.30294, 59.92309 ], [ 30.30303, 59.92311 ] ] ] } },
{ "type": "Feature", "properties": { "height": 4.5, "match_type": "matched", "height_source": "source_b" }, "geometry": { "type": "Polygon", "coordinates": [ [ [ 30.302811, 59.929497999998638 ], [ 30.3028, 59.929544999998662 ], [ 30.302996, 59.929567999998646 ], [ 30.302971, 59.929654999998647 ], [ 30.303333, 59.929672999998644 ], [ 30.303362, 59.929601999998631 ], [ 30.302811, 59.929497999998638 ] ] ] } },
{ "type": "Feature", "properties": { "height": 4.5, "match_type": "matched", "height_source": "source_b" }, "geometry": { "type": "Polygon", "coordinates": [ [ [ 30.302884, 59.926267999998664 ], [ 30.302887, 59.926330999998648 ], [ 30.303085, 59.926329999998657 ], [ 30.303083, 59.926265999998648 ], [ 30.302884, 59.926267999998664 ] ] ] } },
{ "type": "Feature", "properties": { "height": 15.0, "match_type": "matched", "height_source": "source_b" }, "geometry": { "type": "Polygon", "coordinates": [ [ [ 30.303702, 59.928211999998645 ], [ 30.303766, 59.92808999999864 ], [ 30.302997, 59.927912999998647 ], [ 30.302907, 59.92802699999865 ], [ 30.303702, 59.928211999998645 ] ] ] } },
{ "type": "Feature", "properties": { "height": 13.2, "match_type": "matched", "height_source": "source_b" }, "geometry": { "type": "Polygon", "coordinates": [ [ [ 30.302426, 59.924058999998607 ], [ 30.302717, 59.92411799999865 ], [ 30.303295, 59.92374699999862 ], [ 30.303053, 59.923652999998666 ], [ 30.302426, 59.924058999998607 ] ] ] } },
{ "type": "Feature", "properties": { "height": 15.0, "match_type": "matched", "height_source": "source_b" }, "geometry": { "type": "Polygon", "coordinates": [ [ [ 30.303914, 59.927225999998662 ], [ 30.303451, 59.927280999998651 ], [ 30.303192, 59.927657999998637 ], [ 30.303368, 59.927635999998643 ], [ 30.30351, 59.927407999998643 ], [ 30.303736, 59.927380999998626 ], [ 30.303727, 59.92746399999865 ], [ 30.303906, 59.927462999998646 ], [ 30.303914, 59.927225999998662 ] ], [ [ 30.303321, 59.927514999998621 ], [ 30.303368, 59.927436999998633 ], [ 30.303444, 59.927448999998653 ], [ 30.303397, 59.927526999998641 ], [ 30.303321, 59.927514999998621 ] ] ] } },
{ "type": "Feature", "properties": { "height": 15.0, "match_type": "matched", "height_source": "source_b" }, "geometry": { "type": "Polygon", "coordinates": [ [ [ 30.303451, 59.927280999998651 ], [ 30.303051, 59.927268999998638 ], [ 30.302979, 59.927384999998658 ], [ 30.303229, 59.927395999998637 ], [ 30.303024, 59.927689999998641 ], [ 30.303158, 59.927708999998664 ], [ 30.303451, 59.927280999998651 ] ] ] } },
{ "type": "Feature", "properties": { "height": 18.0, "match_type": "matched", "height_source": "source_b" }, "geometry": { "type": "Polygon", "coordinates": [ [ [ 30.303727, 59.92746399999865 ], [ 30.303721, 59.927520999998634 ], [ 30.303904, 59.927520999998649 ], [ 30.303906, 59.927462999998646 ], [ 30.303727, 59.92746399999865 ] ] ] } },
{ "type": "Feature", "properties": { "height": 15.0, "match_type": "matched", "height_source": "source_b" }, "geometry": { "type": "Polygon", "coordinates": [ [ [ 30.304, 59.927643999998658 ], [ 30.304034, 59.927541999998667 ], [ 30.303721, 59.927520999998634 ], [ 30.303707, 59.927648999998667 ], [ 30.304, 59.927643999998658 ] ] ] } },
{ "type": "Feature", "properties": { "height": 18.0, "match_type": "matched", "height_source": "source_b" }, "geometry": { "type": "Polygon", "coordinates": [ [ [ 30.303321, 59.927514999998621 ], [ 30.303397, 59.927526999998641 ], [ 30.303444, 59.927448999998653 ], [ 30.303368, 59.927436999998633 ], [ 30.303321, 59.927514999998621 ] ] ] } },
{ "type": "Feature", "properties": { "height": 18.0, "match_type": "matched", "height_source": "source_b" }, "geometry": { "type": "Polygon", "coordinates": [ [ [ 30.303102, 59.922814999998664 ], [ 30.303392, 59.923202999998658 ], [ 30.303626, 59.923158999998634 ], [ 30.303238, 59.92265999999865 ], [ 30.303102, 59.922814999998664 ] ] ] } },
{ "type": "Feature", "properties": { "height": 15.0, "match_type": "matched", "height_source": "source_b" }, "geometry": { "type": "Polygon", "coordinates": [ [ [ 30.302781, 59.928805999998652 ], [ 30.302972, 59.928842999998658 ], [ 30.303078, 59.928648999998664 ], [ 30.302892, 59.928610999998632 ], [ 30.302781, 59.928805999998652 ] ] ] } },
{ "type": "Feature", "properties": { "height": 13.2, "match_type": "matched", "height_source": "source_b" }, "geometry": { "type": "Polygon", "coordinates": [ [ [ 30.303218, 59.925675999998653 ], [ 30.303549, 59.92566999999864 ], [ 30.303541, 59.925480999998619 ], [ 30.303098, 59.925490999998644 ], [ 30.303103, 59.925563999998658 ], [ 30.303193, 59.925561999998649 ], [ 30.303218, 59.925675999998653 ] ] ] } },
{ "type": "Feature", "properties": { "height": 15.0, "match_type": "matched", "height_source": "source_b" }, "geometry": { "type": "Polygon", "coordinates": [ [ [ 30.303218, 59.925675999998653 ], [ 30.303216, 59.925628999998629 ], [ 30.303146, 59.925602999998645 ], [ 30.302932, 59.925602999998645 ], [ 30.302927, 59.925490999998637 ], [ 30.302743, 59.925495999998638 ], [ 30.302744, 59.925653999998644 ], [ 30.303218, 59.925675999998653 ] ] ] } },
{ "type": "Feature", "properties": { "height": 9.9, "match_type": "matched", "height_source": "source_b" }, "geometry": { "type": "Polygon", "coordinates": [ [ [ 30.303331, 59.926324999998634 ], [ 30.303359, 59.926558999998633 ], [ 30.303611, 59.926559999998652 ], [ 30.303593, 59.926262999998649 ], [ 30.30318, 59.926264999998651 ], [ 30.303179, 59.926297999998646 ], [ 30.303331, 59.926324999998634 ] ] ] } },
{ "type": "Feature", "properties": { "height": 9.9, "match_type": "matched", "height_source": "source_b" }, "geometry": { "type": "Polygon", "coordinates": [ [ [ 30.303347, 59.926625999998656 ], [ 30.303356, 59.926323999998644 ], [ 30.303179, 59.926297999998646 ], [ 30.303165, 59.926625999998656 ], [ 30.303347, 59.926625999998656 ] ] ] } },
{ "type": "Feature", "properties": { "height": 9.9, "match_type": "matched", "height_source": "source_b" }, "geometry": { "type": "Polygon", "coordinates": [ [ [ 30.303091, 59.929576999998645 ], [ 30.303362, 59.929601999998631 ], [ 30.303419, 59.92946899999864 ], [ 30.30325, 59.929451999998648 ], [ 30.30321, 59.929534999998673 ], [ 30.303106, 59.929527999998683 ], [ 30.303091, 59.929576999998645 ] ] ] } },
{ "type": "Feature", "properties": { "height": 15.0, "match_type": "matched", "height_source": "source_b" }, "geometry": { "type": "Polygon", "coordinates": [ [ [ 30.303479, 59.924634999998645 ], [ 30.303472, 59.924517999998656 ], [ 30.303257, 59.924554999998648 ], [ 30.30331, 59.924634999998631 ], [ 30.303479, 59.924634999998645 ] ] ] } },
{ "type": "Feature", "properties": { "height": 6.6, "match_type": "matched", "height_source": "source_b" }, "geometry": { "type": "Polygon", "coordinates": [ [ [ 30.299573, 59.92063399999865 ], [ 30.303285, 59.921451999998652 ], [ 30.303819, 59.920802999998635 ], [ 30.300117, 59.919989999998648 ], [ 30.299573, 59.92063399999865 ] ], [ [ 30.303093, 59.921231999998639 ], [ 30.300013, 59.920544999998633 ], [ 30.300281, 59.920218999998639 ], [ 30.303374, 59.920895999998642 ], [ 30.303093, 59.921231999998639 ] ] ] } },
{ "type": "Feature", "properties": { "height": 15.0, "match_type": "matched", "height_source": "source_b" }, "geometry": { "type": "Polygon", "coordinates": [ [ [ 30.303289, 59.929024999998653 ], [ 30.303463, 59.928716999998656 ], [ 30.303088, 59.928633999998659 ], [ 30.303046, 59.928706999998667 ], [ 30.303282, 59.928752999998672 ], [ 30.303211, 59.928862999998636 ], [ 30.302994, 59.928802999998652 ], [ 30.302911, 59.928960999998637 ], [ 30.303289, 59.929024999998653 ] ] ] } },
{ "type": "Feature", "properties": { "height": 15.0, "match_type": "matched", "height_source": "source_b" }, "geometry": { "type": "Polygon", "coordinates": [ [ [ 30.303584, 59.920550999998632 ], [ 30.30372, 59.920394999998649 ], [ 30.303274, 59.920289999998644 ], [ 30.303137, 59.920447999998657 ], [ 30.303584, 59.920550999998632 ] ] ] } },
{ "type": "Feature", "properties": { "height": 13.2, "match_type": "matched", "height_source": "source_b" }, "geometry": { "type": "Polygon", "coordinates": [ [ [ 30.302746, 59.925866999998661 ], [ 30.303567, 59.925864999998652 ], [ 30.303549, 59.92566999999864 ], [ 30.303324, 59.925672999998653 ], [ 30.303329, 59.925844999998674 ], [ 30.302748, 59.925822999998651 ], [ 30.302746, 59.925866999998661 ] ] ] } },
{ "type": "Feature", "properties": { "height": 21.0, "match_type": "matched", "height_source": "source_b" }, "geometry": { "type": "Polygon", "coordinates": [ [ [ 30.303008, 59.923631999998648 ], [ 30.303331, 59.92375899999864 ], [ 30.303544, 59.923615999998624 ], [ 30.303233, 59.923488999998646 ], [ 30.303008, 59.923631999998648 ] ] ] } },
{ "type": "Feature", "properties": { "height": 9.9, "match_type": "matched", "height_source": "source_b" }, "geometry": { "type": "Polygon", "coordinates": [ [ [ 30.303331, 59.923426999998654 ], [ 30.303233, 59.923488999998646 ], [ 30.303544, 59.923615999998624 ], [ 30.30368, 59.923505999998646 ], [ 30.303331, 59.923426999998654 ] ] ] } },
{ "type": "Feature", "properties": { "height": 9.9, "match_type": "only_a", "height_source": "ml_predicted" }, "geometry": { "type": "Polygon", "coordinates": [ [ [ 30.3034, 59.92768 ], [ 30.30348, 59.92762 ], [ 30.30357, 59.92746 ], [ 30.30353, 59.92745 ], [ 30.30339, 59.92766 ], [ 30.30333, 59.92768 ], [ 30.3034, 59.92768 ] ] ] } },
{ "type": "Feature", "properties": { "height": 4.3, "match_type": "only_a", "height_source": "ml_predicted" }, "geometry": { "type": "Polygon", "coordinates": [ [ [ 30.30345, 59.9266 ], [ 30.30364, 59.9266 ], [ 30.30363, 59.92655 ], [ 30.30342, 59.92655 ], [ 30.30345, 59.9266 ] ] ] } },
{ "type": "Feature", "properties": { "height": 13.2, "match_type": "matched", "height_source": "source_b" }, "geometry": { "type": "Polygon", "coordinates": [ [ [ 30.303474, 59.928698999998659 ], [ 30.304183, 59.928832999998654 ], [ 30.304377, 59.928520999998653 ], [ 30.303676, 59.928354999998646 ], [ 30.303474, 59.928698999998659 ] ], [ [ 30.303725, 59.928527999998643 ], [ 30.304157, 59.928615999998634 ], [ 30.304095, 59.928729999998644 ], [ 30.30365, 59.92864699999862 ], [ 30.303725, 59.928527999998643 ] ] ] } },
{ "type": "Feature", "properties": { "height": 9.9, "match_type": "matched", "height_source": "source_b" }, "geometry": { "type": "Polygon", "coordinates": [ [ [ 30.304115, 59.929628999998634 ], [ 30.304393, 59.929655999998651 ], [ 30.304532, 59.929364999998647 ], [ 30.304055, 59.929286999998645 ], [ 30.303969, 59.929420999998641 ], [ 30.304189, 59.929475999998651 ], [ 30.304115, 59.929628999998634 ] ] ] } },
{ "type": "Feature", "properties": { "height": 15.0, "match_type": "matched", "height_source": "source_b" }, "geometry": { "type": "Polygon", "coordinates": [ [ [ 30.303362, 59.929601999998631 ], [ 30.303523, 59.929618999998659 ], [ 30.303626, 59.929363999998657 ], [ 30.303969, 59.929420999998641 ], [ 30.304055, 59.929286999998645 ], [ 30.303534, 59.92919599999864 ], [ 30.303362, 59.929601999998631 ] ] ] } },
{ "type": "Feature", "properties": { "height": 9.9, "match_type": "matched", "height_source": "source_b" }, "geometry": { "type": "Polygon", "coordinates": [ [ [ 30.303881, 59.930107999998647 ], [ 30.304162, 59.930139999998659 ], [ 30.304393, 59.929655999998651 ], [ 30.304115, 59.929628999998634 ], [ 30.303881, 59.930107999998647 ] ] ] } },
{ "type": "Feature", "properties": { "height": 15.0, "match_type": "matched", "height_source": "source_b" }, "geometry": { "type": "Polygon", "coordinates": [ [ [ 30.303585, 59.926060999998626 ], [ 30.303567, 59.925864999998652 ], [ 30.302746, 59.925866999998661 ], [ 30.302763, 59.92607099999865 ], [ 30.303585, 59.926060999998626 ] ], [ [ 30.30289, 59.926013999998652 ], [ 30.302885, 59.925936999998655 ], [ 30.303324, 59.925929999998651 ], [ 30.303328, 59.926006999998641 ], [ 30.30289, 59.926013999998652 ] ] ] } },
{ "type": "Feature", "properties": { "height": 13.2, "match_type": "matched", "height_source": "source_b" }, "geometry": { "type": "Polygon", "coordinates": [ [ [ 30.305148, 59.921705999998643 ], [ 30.303981, 59.921441999998656 ], [ 30.304327, 59.92103899999865 ], [ 30.30408, 59.920985999998642 ], [ 30.303648, 59.921511999998664 ], [ 30.305156, 59.921840999998643 ], [ 30.305148, 59.921705999998643 ] ] ] } },
{ "type": "Feature", "properties": { "height": 6.6, "match_type": "matched", "height_source": "source_b" }, "geometry": { "type": "Polygon", "coordinates": [ [ [ 30.303177, 59.92683099999865 ], [ 30.303632, 59.926814999998626 ], [ 30.303627, 59.92671599999867 ], [ 30.303445, 59.92671599999867 ], [ 30.303446, 59.926665999998647 ], [ 30.303347, 59.926665999998647 ], [ 30.303347, 59.926625999998656 ], [ 30.303165, 59.926625999998656 ], [ 30.303177, 59.92683099999865 ] ] ] } },
{ "type": "Feature", "properties": { "height": 9.9, "match_type": "matched", "height_source": "source_b" }, "geometry": { "type": "Polygon", "coordinates": [ [ [ 30.302886, 59.929790999998637 ], [ 30.302837, 59.930091999998673 ], [ 30.30375, 59.930139999998673 ], [ 30.303816, 59.93000399999864 ], [ 30.303926, 59.930016999998642 ], [ 30.30395, 59.929967999998667 ], [ 30.303839, 59.92995499999865 ], [ 30.303959, 59.929704999998641 ], [ 30.304072, 59.929718999998649 ], [ 30.304097, 59.929666999998645 ], [ 30.304011, 59.929649999998652 ], [ 30.304032, 59.929595999998632 ], [ 30.303636, 59.929544999998647 ], [ 30.303579, 59.929665999998655 ], [ 30.303857, 59.929695999998671 ], [ 30.303845, 59.929734999998644 ], [ 30.302994, 59.92970199999867 ], [ 30.303, 59.92965699999867 ], [ 30.302875, 59.929650999998643 ], [ 30.302826, 59.929663999998674 ], [ 30.302765, 59.929787999998638 ], [ 30.302886, 59.929790999998637 ] ], [ [ 30.303069, 59.929895999998649 ], [ 30.303255, 59.92990299999861 ], [ 30.303245, 59.929966999998662 ], [ 30.303058, 59.929959999998658 ], [ 30.303069, 59.929895999998649 ] ], [ [ 30.303364, 59.92991099999864 ], [ 30.303522, 59.929916999998653 ], [ 30.303514, 59.929973999998637 ], [ 30.303356, 59.929968999998643 ], [ 30.303364, 59.92991099999864 ] ], [ [ 30.303385, 59.929799999998664 ], [ 30.303537, 59.929803999998654 ], [ 30.303531, 59.929862999998655 ], [ 30.303377, 59.929858999998643 ], [ 30.303385, 59.929799999998664 ] ], [ [ 30.30309, 59.929789999998647 ], [ 30.303275, 59.929796999998636 ], [ 30.303267, 59.92984399999866 ], [ 30.303083, 59.929836999998656 ], [ 30.30309, 59.929789999998647 ] ] ] } },
{ "type": "Feature", "properties": { "height": 18.0, "match_type": "matched", "height_source": "source_b" }, "geometry": { "type": "Polygon", "coordinates": [ [ [ 30.303392, 59.923202999998658 ], [ 30.303428, 59.923278999998651 ], [ 30.303399, 59.923430999998644 ], [ 30.30368, 59.923505999998646 ], [ 30.303754, 59.923445999998641 ], [ 30.303691, 59.923228999998649 ], [ 30.303626, 59.923158999998634 ], [ 30.303392, 59.923202999998658 ] ] ] } },
{ "type": "Feature", "properties": { "height": 15.0, "match_type": "matched", "height_source": "source_b" }, "geometry": { "type": "Polygon", "coordinates": [ [ [ 30.303754, 59.92462299999864 ], [ 30.30378, 59.925067999998667 ], [ 30.304075, 59.925064999998639 ], [ 30.304053, 59.924618999998636 ], [ 30.303754, 59.92462299999864 ] ] ] } },
{ "type": "Feature", "properties": { "height": 15.0, "match_type": "matched", "height_source": "source_b" }, "geometry": { "type": "Polygon", "coordinates": [ [ [ 30.304058, 59.925129999998646 ], [ 30.304225, 59.925126999998646 ], [ 30.304221, 59.925061999998604 ], [ 30.30378, 59.925067999998667 ], [ 30.303788, 59.925276999998637 ], [ 30.304246, 59.925273999998652 ], [ 30.304242, 59.925187999998641 ], [ 30.30406, 59.925189999998651 ], [ 30.304058, 59.925129999998646 ] ] ] } },
{ "type": "Feature", "properties": { "height": 13.2, "match_type": "matched", "height_source": "source_b" }, "geometry": { "type": "Polygon", "coordinates": [ [ [ 30.304116, 59.925468999998621 ], [ 30.304116, 59.925274999998635 ], [ 30.303788, 59.925276999998637 ], [ 30.303804, 59.925470999998645 ], [ 30.304116, 59.925468999998621 ] ] ] } },
{ "type": "Feature", "properties": { "height": 13.2, "match_type": "matched", "height_source": "source_b" }, "geometry": { "type": "Polygon", "coordinates": [ [ [ 30.303804, 59.925470999998645 ], [ 30.303812, 59.92565299999864 ], [ 30.30458, 59.92564899999865 ], [ 30.304576, 59.925588999998638 ], [ 30.304505, 59.92557199999866 ], [ 30.304077, 59.925584999998634 ], [ 30.304075, 59.925468999998635 ], [ 30.303804, 59.925470999998645 ] ] ] } },
{ "type": "Feature", "properties": { "height": 13.2, "match_type": "matched", "height_source": "source_b" }, "geometry": { "type": "Polygon", "coordinates": [ [ [ 30.303812, 59.92565299999864 ], [ 30.303816, 59.925843999998655 ], [ 30.304512, 59.925840999998634 ], [ 30.304511, 59.925773999998647 ], [ 30.304144, 59.925775999998656 ], [ 30.304142, 59.925701999998644 ], [ 30.304512, 59.925700999998647 ], [ 30.304511, 59.925648999998636 ], [ 30.303812, 59.92565299999864 ] ] ] } },
{ "type": "Feature", "properties": { "height": 15.0, "match_type": "matched", "height_source": "source_b" }, "geometry": { "type": "Polygon", "coordinates": [ [ [ 30.304591, 59.925840999998634 ], [ 30.303816, 59.925843999998655 ], [ 30.303827, 59.926040999998619 ], [ 30.304603, 59.926029999998669 ], [ 30.304603, 59.925978999998641 ], [ 30.304537, 59.925978999998627 ], [ 30.304591, 59.925840999998634 ] ], [ [ 30.304098, 59.925981999998655 ], [ 30.304095, 59.925906999998638 ], [ 30.304318, 59.925904999998657 ], [ 30.304321, 59.925978999998627 ], [ 30.304098, 59.925981999998655 ] ] ] } },
{ "type": "Feature", "properties": { "height": 6.6, "match_type": "matched", "height_source": "source_b" }, "geometry": { "type": "Polygon", "coordinates": [ [ [ 30.303838, 59.926215999998654 ], [ 30.304607, 59.92620799999866 ], [ 30.304603, 59.926029999998669 ], [ 30.303827, 59.926040999998619 ], [ 30.303838, 59.926215999998654 ] ], [ [ 30.304077, 59.926196999998666 ], [ 30.304077, 59.926092999998637 ], [ 30.30451, 59.92609099999865 ], [ 30.30451, 59.926200999998642 ], [ 30.304077, 59.926196999998666 ] ] ] } },
{ "type": "Feature", "properties": { "height": 9.9, "match_type": "matched", "height_source": "source_b" }, "geometry": { "type": "Polygon", "coordinates": [ [ [ 30.304611, 59.926413999998658 ], [ 30.304607, 59.92620799999866 ], [ 30.303838, 59.926215999998654 ], [ 30.303847, 59.926401999998639 ], [ 30.304174, 59.926398999998661 ], [ 30.304173, 59.926336999998661 ], [ 30.304381, 59.926331999998652 ], [ 30.304383, 59.926413999998672 ], [ 30.304611, 59.926413999998658 ] ] ] } },
{ "type": "Feature", "properties": { "height": 13.2, "match_type": "matched", "height_source": "source_b" }, "geometry": { "type": "Polygon", "coordinates": [ [ [ 30.303597, 59.920216999998658 ], [ 30.303854, 59.920273999998656 ], [ 30.303961, 59.92015499999863 ], [ 30.303702, 59.920096999998641 ], [ 30.303597, 59.920216999998658 ] ] ] } },
{ "type": "Feature", "properties": { "height": 6.6, "match_type": "matched", "height_source": "source_b" }, "geometry": { "type": "Polygon", "coordinates": [ [ [ 30.303863, 59.926661999998636 ], [ 30.303869, 59.926760999998642 ], [ 30.304187, 59.926751999998672 ], [ 30.304186, 59.926661999998643 ], [ 30.303863, 59.926661999998636 ] ], [ [ 30.304003, 59.926714999998623 ], [ 30.303956, 59.926742999998645 ], [ 30.30389, 59.926714999998637 ], [ 30.303956, 59.92668699999863 ], [ 30.304003, 59.926714999998623 ] ] ] } },
{ "type": "Feature", "properties": { "height": 9.9, "match_type": "matched", "height_source": "source_b" }, "geometry": { "type": "Polygon", "coordinates": [ [ [ 30.304174, 59.926398999998661 ], [ 30.303847, 59.926401999998639 ], [ 30.303863, 59.926661999998636 ], [ 30.304186, 59.926661999998643 ], [ 30.304187, 59.926751999998672 ], [ 30.304637, 59.926693999998633 ], [ 30.304616, 59.926562999998659 ], [ 30.304169, 59.926614999998641 ], [ 30.304174, 59.926398999998661 ] ] ] } },
{ "type": "Feature", "properties": { "height": 9.9, "match_type": "matched", "height_source": "source_b" }, "geometry": { "type": "Polygon", "coordinates": [ [ [ 30.304003, 59.926714999998623 ], [ 30.303956, 59.92668699999863 ], [ 30.30389, 59.926714999998637 ], [ 30.303956, 59.926742999998645 ], [ 30.304003, 59.926714999998623 ] ] ] } },
{ "type": "Feature", "properties": { "height": 13.2, "match_type": "matched", "height_source": "source_b" }, "geometry": { "type": "Polygon", "coordinates": [ [ [ 30.30372, 59.920394999998649 ], [ 30.303584, 59.920550999998632 ], [ 30.303928, 59.920627999998644 ], [ 30.304065, 59.920470999998642 ], [ 30.30372, 59.920394999998649 ] ] ] } },
{ "type": "Feature", "properties": { "height": 4.5, "match_type": "matched", "height_source": "source_b" }, "geometry": { "type": "Polygon", "coordinates": [ [ [ 30.303921, 59.92779899999865 ], [ 30.303954, 59.927730999998651 ], [ 30.303318, 59.927625999998654 ], [ 30.303279, 59.927672999998649 ], [ 30.303921, 59.92779899999865 ] ] ] } },
{ "type": "Feature", "properties": { "height": 13.2, "match_type": "matched", "height_source": "source_b" }, "geometry": { "type": "Polygon", "coordinates": [ [ [ 30.304904, 59.921162999998657 ], [ 30.304903, 59.921098999998634 ], [ 30.304347, 59.920969999998647 ], [ 30.30453, 59.920767999998645 ], [ 30.3043, 59.920715999998649 ], [ 30.30408, 59.920985999998642 ], [ 30.304904, 59.921162999998657 ] ] ] } },
{ "type": "Feature", "properties": { "height": 13.2, "match_type": "matched", "height_source": "source_b" }, "geometry": { "type": "Polygon", "coordinates": [ [ [ 30.304205, 59.920349999998635 ], [ 30.30435, 59.920186999998641 ], [ 30.304114, 59.920135999998642 ], [ 30.303973, 59.92029999999864 ], [ 30.304205, 59.920349999998635 ] ] ] } },
{ "type": "Feature", "properties": { "height": 9.9, "match_type": "matched", "height_source": "source_b" }, "geometry": { "type": "Polygon", "coordinates": [ [ [ 30.304651, 59.929046999998633 ], [ 30.304408, 59.929014999998621 ], [ 30.304374, 59.929083999998653 ], [ 30.303908, 59.928993999998646 ], [ 30.303819, 59.929119999998647 ], [ 30.304502, 59.929239999998622 ], [ 30.304566, 59.929223999998662 ], [ 30.304651, 59.929046999998633 ] ] ] } },
{ "type": "Feature", "properties": { "height": 9.9, "match_type": "matched", "height_source": "source_b" }, "geometry": { "type": "Polygon", "coordinates": [ [ [ 30.303819, 59.929119999998647 ], [ 30.303908, 59.928993999998646 ], [ 30.303506, 59.928920999998645 ], [ 30.303588, 59.928782999998646 ], [ 30.304118, 59.928890999998657 ], [ 30.304198, 59.928857999998655 ], [ 30.30446, 59.928893999998657 ], [ 30.304408, 59.929014999998621 ], [ 30.304651, 59.929046999998633 ], [ 30.304755, 59.928836999998659 ], [ 30.304222, 59.928769999998622 ], [ 30.304183, 59.928832999998654 ], [ 30.303474, 59.928698999998659 ], [ 30.303289, 59.929024999998653 ], [ 30.303819, 59.929119999998647 ] ] ] } },
{ "type": "Feature", "properties": { "height": 7.6, "match_type": "only_a", "height_source": "ml_predicted" }, "geometry": { "type": "Polygon", "coordinates": [ [ [ 30.30427, 59.92512 ], [ 30.30427, 59.92508 ], [ 30.30422, 59.92508 ], [ 30.30422, 59.92512 ], [ 30.30427, 59.92512 ] ] ] } },
{ "type": "Feature", "properties": { "height": 15.0, "match_type": "matched", "height_source": "source_b" }, "geometry": { "type": "Polygon", "coordinates": [ [ [ 30.304891, 59.920841999998636 ], [ 30.305129, 59.920815999998673 ], [ 30.305125, 59.92071399999864 ], [ 30.304873, 59.92070699999865 ], [ 30.304875, 59.920768999998636 ], [ 30.304552, 59.920689999998643 ], [ 30.304624, 59.92066599999864 ], [ 30.304727, 59.920493999998634 ], [ 30.304524, 59.920449999998652 ], [ 30.3043, 59.920715999998649 ], [ 30.304891, 59.920841999998636 ] ] ] } },
{ "type": "Feature", "properties": { "height": 13.2, "match_type": "matched", "height_source": "source_b" }, "geometry": { "type": "Polygon", "coordinates": [ [ [ 30.304675, 59.920550999998632 ], [ 30.304917, 59.920601999998652 ], [ 30.304905, 59.920707999998641 ], [ 30.305125, 59.92071399999864 ], [ 30.305119, 59.920580999998649 ], [ 30.304727, 59.920493999998634 ], [ 30.304675, 59.920550999998632 ] ] ] } },
{ "type": "Feature", "properties": { "height": 15.0, "match_type": "matched", "height_source": "source_b" }, "geometry": { "type": "Polygon", "coordinates": [ [ [ 30.304004, 59.922268999998657 ], [ 30.304282, 59.921924999998645 ], [ 30.303556, 59.921766999998653 ], [ 30.303433, 59.921916999998608 ], [ 30.303562, 59.921982999998633 ], [ 30.303712, 59.921910999998637 ], [ 30.304071, 59.921999999998633 ], [ 30.30393, 59.922177999998652 ], [ 30.304004, 59.922268999998657 ] ] ] } },
{ "type": "Feature", "properties": { "height": 15.0, "match_type": "matched", "height_source": "source_b" }, "geometry": { "type": "Polygon", "coordinates": [ [ [ 30.304943, 59.922321999998658 ], [ 30.305215, 59.922319999998642 ], [ 30.305211, 59.922140999998668 ], [ 30.304282, 59.921924999998645 ], [ 30.304166, 59.922068999998636 ], [ 30.304932, 59.922212999998649 ], [ 30.304943, 59.922321999998658 ] ] ] } },
{ "type": "Feature", "properties": { "height": 13.2, "match_type": "matched", "height_source": "source_b" }, "geometry": { "type": "Polygon", "coordinates": [ [ [ 30.304998, 59.922879999998628 ], [ 30.304995, 59.922828999998643 ], [ 30.3047, 59.922835999998632 ], [ 30.30462, 59.922730999998649 ], [ 30.304991, 59.922725999998654 ], [ 30.304987, 59.92266399999864 ], [ 30.304326, 59.922673999998644 ], [ 30.304509, 59.922895999998637 ], [ 30.304998, 59.922879999998628 ] ] ] } },
{ "type": "Feature", "properties": { "height": 9.9, "match_type": "matched", "height_source": "source_b" }, "geometry": { "type": "Polygon", "coordinates": [ [ [ 30.304068, 59.924099999998667 ], [ 30.304216, 59.924177999998648 ], [ 30.304461, 59.92405599999865 ], [ 30.304321, 59.923964999998631 ], [ 30.304068, 59.924099999998667 ] ] ] } },
{ "type": "Feature", "properties": { "height": 9.9, "match_type": "matched", "height_source": "source_b" }, "geometry": { "type": "Polygon", "coordinates": [ [ [ 30.304892, 59.924357999998648 ], [ 30.304862, 59.92397899999866 ], [ 30.304321, 59.923964999998631 ], [ 30.304423, 59.924030999998664 ], [ 30.304742, 59.92403599999863 ], [ 30.304748, 59.924239999998647 ], [ 30.304343, 59.924204999998651 ], [ 30.304338, 59.924237999998667 ], [ 30.303749, 59.924267999998648 ], [ 30.303748, 59.924365999998635 ], [ 30.304892, 59.924357999998648 ] ] ] } },
{ "type": "Feature", "properties": { "height": 9.9, "match_type": "matched", "height_source": "source_b" }, "geometry": { "type": "Polygon", "coordinates": [ [ [ 30.303782, 59.924250999998641 ], [ 30.304109, 59.924230999998642 ], [ 30.304216, 59.924177999998648 ], [ 30.304068, 59.924099999998667 ], [ 30.303782, 59.924250999998641 ] ] ] } },
{ "type": "Feature", "properties": { "height": 15.0, "match_type": "matched", "height_source": "source_b" }, "geometry": { "type": "Polygon", "coordinates": [ [ [ 30.304293, 59.92835199999864 ], [ 30.304567, 59.92769599999864 ], [ 30.304, 59.927643999998658 ], [ 30.303702, 59.928211999998645 ], [ 30.304293, 59.92835199999864 ] ], [ [ 30.304087, 59.927717999998634 ], [ 30.304392, 59.927745999998635 ], [ 30.304226, 59.928174999998646 ], [ 30.303899, 59.928107999998652 ], [ 30.304087, 59.927717999998634 ] ] ] } },
{ "type": "Feature", "properties": { "height": 15.0, "match_type": "matched", "height_source": "source_b" }, "geometry": { "type": "Polygon", "coordinates": [ [ [ 30.304906, 59.921209999998638 ], [ 30.304904, 59.921162999998657 ], [ 30.304327, 59.92103899999865 ], [ 30.30427, 59.921105999998638 ], [ 30.304847, 59.921230999998649 ], [ 30.304906, 59.921209999998638 ] ] ] } },
{ "type": "Feature", "properties": { "height": 15.0, "match_type": "matched", "height_source": "source_b" }, "geometry": { "type": "Polygon", "coordinates": [ [ [ 30.304222, 59.928769999998622 ], [ 30.304346, 59.928784999998641 ], [ 30.304408, 59.928673999998651 ], [ 30.304582, 59.928696999998628 ], [ 30.304647, 59.92858299999866 ], [ 30.304377, 59.928520999998653 ], [ 30.304222, 59.928769999998622 ] ] ] } },
{ "type": "Feature", "properties": { "height": 15.0, "match_type": "matched", "height_source": "source_b" }, "geometry": { "type": "Polygon", "coordinates": [ [ [ 30.304485, 59.928802999998652 ], [ 30.304755, 59.928836999998659 ], [ 30.304853, 59.928631999998665 ], [ 30.304647, 59.92858299999866 ], [ 30.304485, 59.928802999998652 ] ] ] } },
{ "type": "Feature", "properties": { "height": 15.0, "match_type": "matched", "height_source": "source_b" }, "geometry": { "type": "Polygon", "coordinates": [ [ [ 30.305081, 59.928132999998638 ], [ 30.304837, 59.928104999998652 ], [ 30.304759, 59.928319999998649 ], [ 30.304469, 59.928239999998652 ], [ 30.304643, 59.927811999998639 ], [ 30.304604, 59.927806999998644 ], [ 30.304677, 59.927708999998679 ], [ 30.304567, 59.92769599999864 ], [ 30.304293, 59.92835199999864 ], [ 30.30486, 59.928476999998637 ], [ 30.304934, 59.928433999998653 ], [ 30.305081, 59.928132999998638 ] ] ] } },
{ "type": "Feature", "properties": { "height": 9.9, "match_type": "matched", "height_source": "source_b" }, "geometry": { "type": "Polygon", "coordinates": [ [ [ 30.304503, 59.925316999998643 ], [ 30.304507, 59.92537099999867 ], [ 30.304345, 59.925369999998651 ], [ 30.304347, 59.925461999998646 ], [ 30.305333, 59.925456999998651 ], [ 30.305322, 59.925263999998627 ], [ 30.305101, 59.925265999998651 ], [ 30.305104, 59.925313999998636 ], [ 30.304503, 59.925316999998643 ] ] ] } },
{ "type": "Feature", "properties": { "height": 13.2, "match_type": "matched", "height_source": "source_b" }, "geometry": { "type": "Polygon", "coordinates": [ [ [ 30.304543, 59.92467399999866 ], [ 30.304532, 59.924484999998654 ], [ 30.303746, 59.924496999998659 ], [ 30.303754, 59.92462299999864 ], [ 30.304336, 59.924613999998662 ], [ 30.30434, 59.92467699999866 ], [ 30.304543, 59.92467399999866 ] ] ] } },
{ "type": "Feature", "properties": { "height": 9.9, "match_type": "matched", "height_source": "source_b" }, "geometry": { "type": "Polygon", "coordinates": [ [ [ 30.304894, 59.920882999998661 ], [ 30.304891, 59.920841999998636 ], [ 30.30453, 59.920767999998645 ], [ 30.304505, 59.920798999998659 ], [ 30.304894, 59.920882999998661 ] ] ] } },
{ "type": "Feature", "properties": { "height": 15.0, "match_type": "matched", "height_source": "source_b" }, "geometry": { "type": "Polygon", "coordinates": [ [ [ 30.30438, 59.925072999998662 ], [ 30.304562, 59.925071999998643 ], [ 30.304546, 59.924725999998621 ], [ 30.304364, 59.924728999998649 ], [ 30.30438, 59.925072999998662 ] ] ] } },
{ "type": "Feature", "properties": { "height": 15.0, "match_type": "matched", "height_source": "source_b" }, "geometry": { "type": "Polygon", "coordinates": [ [ [ 30.304584, 59.922668999998635 ], [ 30.304945, 59.922664999998645 ], [ 30.304941, 59.922584999998634 ], [ 30.304526, 59.92258999999865 ], [ 30.304584, 59.922668999998635 ] ] ] } },
{ "type": "Feature", "properties": { "height": 13.2, "match_type": "matched", "height_source": "source_b" }, "geometry": { "type": "Polygon", "coordinates": [ [ [ 30.304326, 59.922673999998644 ], [ 30.304584, 59.922668999998635 ], [ 30.304268, 59.922292999998646 ], [ 30.304297, 59.922257999998664 ], [ 30.30406, 59.922199999998639 ], [ 30.304004, 59.922268999998657 ], [ 30.304326, 59.922673999998644 ] ] ] } },
{ "type": "Feature", "properties": { "height": 9.9, "match_type": "matched", "height_source": "source_b" }, "geometry": { "type": "Polygon", "coordinates": [ [ [ 30.30406, 59.922199999998639 ], [ 30.304182, 59.922229999998656 ], [ 30.304294, 59.922097999998641 ], [ 30.304166, 59.922068999998636 ], [ 30.30406, 59.922199999998639 ] ] ] } },
{ "type": "Feature", "properties": { "height": 13.2, "match_type": "matched", "height_source": "source_b" }, "geometry": { "type": "Polygon", "coordinates": [ [ [ 30.304859, 59.92374499999864 ], [ 30.304879, 59.92360199999866 ], [ 30.304717, 59.923603999998626 ], [ 30.304603, 59.923745999998658 ], [ 30.304859, 59.92374499999864 ] ] ] } },
{ "type": "Feature", "properties": { "height": 13.2, "match_type": "matched", "height_source": "source_b" }, "geometry": { "type": "Polygon", "coordinates": [ [ [ 30.304451, 59.922231999998651 ], [ 30.304413, 59.922269999998647 ], [ 30.30461, 59.92252799999865 ], [ 30.304777, 59.922524999998636 ], [ 30.304762, 59.92230399999864 ], [ 30.304451, 59.922231999998651 ] ] ] } },
{ "type": "Feature", "properties": { "height": 9.9, "match_type": "matched", "height_source": "source_b" }, "geometry": { "type": "Polygon", "coordinates": [ [ [ 30.30476, 59.923474999998653 ], [ 30.304945, 59.923472999998658 ], [ 30.304938, 59.923172999998656 ], [ 30.304753, 59.923177999998664 ], [ 30.30476, 59.923474999998653 ] ] ] } },
{ "type": "Feature", "properties": { "height": 2.6, "match_type": "only_a", "height_source": "ml_predicted" }, "geometry": { "type": "Polygon", "coordinates": [ [ [ 30.3048, 59.92779 ], [ 30.30482, 59.92774 ], [ 30.30475, 59.92773 ], [ 30.30472, 59.92779 ], [ 30.3048, 59.92779 ] ] ] } },
{ "type": "Feature", "properties": { "height": 13.2, "match_type": "matched", "height_source": "source_b" }, "geometry": { "type": "Polygon", "coordinates": [ [ [ 30.304263, 59.921194999998619 ], [ 30.304173, 59.921311999998636 ], [ 30.304795, 59.921432999998643 ], [ 30.304791, 59.92131099999866 ], [ 30.304263, 59.921194999998619 ] ] ] } },
{ "type": "Feature", "properties": { "height": 9.9, "match_type": "matched", "height_source": "source_b" }, "geometry": { "type": "Polygon", "coordinates": [ [ [ 30.304524, 59.920449999998652 ], [ 30.304817, 59.920513999998626 ], [ 30.305038, 59.920234999998655 ], [ 30.30496, 59.920215999998668 ], [ 30.305094, 59.920119999998633 ], [ 30.305071, 59.919900999998653 ], [ 30.304994, 59.919886999998653 ], [ 30.304524, 59.920449999998652 ] ] ] } },
{ "type": "Feature", "properties": { "height": 3.0, "match_type": "only_a", "height_source": "ml_predicted" }, "geometry": { "type": "Polygon", "coordinates": [ [ [ 30.30491, 59.92381 ], [ 30.30491, 59.92376 ], [ 30.3048, 59.92376 ], [ 30.30481, 59.92382 ], [ 30.30491, 59.92381 ] ] ] } },
{ "type": "Feature", "properties": { "height": 13.2, "match_type": "matched", "height_source": "source_b" }, "geometry": { "type": "Polygon", "coordinates": [ [ [ 30.304866, 59.925100999998634 ], [ 30.30466, 59.925104999998673 ], [ 30.304673, 59.925294999998648 ], [ 30.30488, 59.925291999998649 ], [ 30.304866, 59.925100999998634 ] ] ] } },
{ "type": "Feature", "properties": { "height": 6.6, "match_type": "matched", "height_source": "source_b" }, "geometry": { "type": "Polygon", "coordinates": [ [ [ 30.304926, 59.922879999998656 ], [ 30.304634, 59.922891999998662 ], [ 30.304644, 59.923032999998675 ], [ 30.304936, 59.923027999998652 ], [ 30.304926, 59.922879999998656 ] ] ] } },
{ "type": "Feature", "properties": { "height": 9.9, "match_type": "matched", "height_source": "source_b" }, "geometry": { "type": "Polygon", "coordinates": [ [ [ 30.304724, 59.92397499999862 ], [ 30.305034, 59.923977999998641 ], [ 30.305024, 59.923906999998628 ], [ 30.304724, 59.923906999998643 ], [ 30.304724, 59.92397499999862 ] ] ] } },
{ "type": "Feature", "properties": { "height": 3.6, "match_type": "only_a", "height_source": "ml_predicted" }, "geometry": { "type": "Polygon", "coordinates": [ [ [ 30.305, 59.92056 ], [ 30.30503, 59.92053 ], [ 30.30491, 59.92054 ], [ 30.305, 59.92056 ] ] ] } },
{ "type": "Feature", "properties": { "height": 4.5, "match_type": "matched", "height_source": "source_b" }, "geometry": { "type": "Polygon", "coordinates": [ [ [ 30.304869, 59.927341999998639 ], [ 30.304858, 59.927405999998676 ], [ 30.304991, 59.927411999998647 ], [ 30.305003, 59.92734899999865 ], [ 30.304869, 59.927341999998639 ] ] ] } },
{ "type": "Feature", "properties": { "height": 5.2, "match_type": "only_a", "height_source": "ml_predicted" }, "geometry": { "type": "Polygon", "coordinates": [ [ [ 30.30503, 59.92634 ], [ 30.30491, 59.92634 ], [ 30.30491, 59.92641 ], [ 30.30503, 59.92641 ], [ 30.30503, 59.92634 ] ] ] } },
{ "type": "Feature", "properties": { "height": 15.0, "match_type": "matched", "height_source": "source_b" }, "geometry": { "type": "Polygon", "coordinates": [ [ [ 30.304611, 59.926391999998636 ], [ 30.304637, 59.926693999998633 ], [ 30.305039, 59.926644999998658 ], [ 30.305011, 59.926502999998668 ], [ 30.3048, 59.926467999998628 ], [ 30.304801, 59.926510999998634 ], [ 30.304745, 59.926510999998619 ], [ 30.304741, 59.926390999998652 ], [ 30.304611, 59.926391999998636 ] ] ] } },
{ "type": "Feature", "properties": { "height": 13.2, "match_type": "matched", "height_source": "source_b" }, "geometry": { "type": "Polygon", "coordinates": [ [ [ 30.305309, 59.924798999998636 ], [ 30.304684, 59.924806999998665 ], [ 30.304671, 59.924639999998639 ], [ 30.30454, 59.924641999998649 ], [ 30.304553, 59.924873999998653 ], [ 30.305311, 59.924863999998621 ], [ 30.305309, 59.924798999998636 ] ] ] } },
{ "type": "Feature", "properties": { "height": 13.2, "match_type": "matched", "height_source": "source_b" }, "geometry": { "type": "Polygon", "coordinates": [ [ [ 30.305135, 59.929590999998659 ], [ 30.305188, 59.929482999998655 ], [ 30.30483, 59.929421999998645 ], [ 30.30478, 59.92941599999866 ], [ 30.304713, 59.929528999998645 ], [ 30.305135, 59.929590999998659 ] ] ] } },
{ "type": "Feature", "properties": { "height": 13.2, "match_type": "matched", "height_source": "source_b" }, "geometry": { "type": "Polygon", "coordinates": [ [ [ 30.305079, 59.929694999998667 ], [ 30.304656, 59.929645999998662 ], [ 30.304602, 59.929763999998649 ], [ 30.305021, 59.92981699999865 ], [ 30.305079, 59.929694999998667 ] ] ] } },
{ "type": "Feature", "properties": { "height": 13.2, "match_type": "matched", "height_source": "source_b" }, "geometry": { "type": "Polygon", "coordinates": [ [ [ 30.304656, 59.929645999998662 ], [ 30.30489, 59.929672999998658 ], [ 30.304947, 59.929562999998652 ], [ 30.304713, 59.929528999998645 ], [ 30.304656, 59.929645999998662 ] ] ] } },
{ "type": "Feature", "properties": { "height": 15.0, "match_type": "matched", "height_source": "source_b" }, "geometry": { "type": "Polygon", "coordinates": [ [ [ 30.30454, 59.924641999998649 ], [ 30.305302, 59.924602999998662 ], [ 30.305298, 59.924474999998651 ], [ 30.304532, 59.924484999998654 ], [ 30.30454, 59.924641999998649 ] ] ] } },
{ "type": "Feature", "properties": { "height": 15.0, "match_type": "matched", "height_source": "source_b" }, "geometry": { "type": "Polygon", "coordinates": [ [ [ 30.30458, 59.92564899999865 ], [ 30.304821, 59.92564899999865 ], [ 30.30482, 59.925504999998651 ], [ 30.305084, 59.925504999998637 ], [ 30.305084, 59.925591999998652 ], [ 30.305028, 59.925591999998666 ], [ 30.305028, 59.925648999998621 ], [ 30.305343, 59.925647999998645 ], [ 30.305333, 59.925456999998651 ], [ 30.304573, 59.925460999998656 ], [ 30.30458, 59.92564899999865 ] ] ] } },
{ "type": "Feature", "properties": { "height": 9.9, "match_type": "matched", "height_source": "source_b" }, "geometry": { "type": "Polygon", "coordinates": [ [ [ 30.304512, 59.925840999998634 ], [ 30.305358, 59.925841999998646 ], [ 30.305343, 59.925647999998645 ], [ 30.304511, 59.925648999998636 ], [ 30.304512, 59.925840999998634 ] ], [ [ 30.304804, 59.925706999998638 ], [ 30.305135, 59.925703999998646 ], [ 30.305138, 59.925795999998641 ], [ 30.304807, 59.925818999998647 ], [ 30.304804, 59.925706999998638 ] ] ] } },
{ "type": "Feature", "properties": { "height": 13.2, "match_type": "matched", "height_source": "source_b" }, "geometry": { "type": "Polygon", "coordinates": [ [ [ 30.305374, 59.926221999998639 ], [ 30.305367, 59.926026999998655 ], [ 30.304603, 59.926029999998669 ], [ 30.304608, 59.926239999998643 ], [ 30.304762, 59.926238999998652 ], [ 30.304757, 59.92608799999865 ], [ 30.305215, 59.926083999998653 ], [ 30.305217, 59.926158999998641 ], [ 30.304984, 59.92616099999865 ], [ 30.304986, 59.926224999998624 ], [ 30.305374, 59.926221999998639 ] ] ] } },
{ "type": "Feature", "properties": { "height": 15.0, "match_type": "matched", "height_source": "source_b" }, "geometry": { "type": "Polygon", "coordinates": [ [ [ 30.297179, 59.923557999998636 ], [ 30.297084, 59.923538999998648 ], [ 30.297035, 59.923598999998646 ], [ 30.297132, 59.92361999999865 ], [ 30.297179, 59.923557999998636 ] ] ] } },
{ "type": "Feature", "properties": { "height": 15.0, "match_type": "matched", "height_source": "source_b" }, "geometry": { "type": "Polygon", "coordinates": [ [ [ 30.297195, 59.923398999998646 ], [ 30.297154, 59.923454999998661 ], [ 30.297245, 59.923471999998654 ], [ 30.297285, 59.92341599999866 ], [ 30.297195, 59.923398999998646 ] ] ] } },
{ "type": "Feature", "properties": { "height": 6.6, "match_type": "matched", "height_source": "source_b" }, "geometry": { "type": "Polygon", "coordinates": [ [ [ 30.297245, 59.923471999998654 ], [ 30.297154, 59.923454999998661 ], [ 30.297084, 59.923538999998648 ], [ 30.297179, 59.923557999998636 ], [ 30.297245, 59.923471999998654 ] ] ] } },
{ "type": "Feature", "properties": { "height": 6.6, "match_type": "matched", "height_source": "source_b" }, "geometry": { "type": "Polygon", "coordinates": [ [ [ 30.29882, 59.927808999998653 ], [ 30.298726, 59.927949999998653 ], [ 30.298871, 59.927973999998642 ], [ 30.298966, 59.927833999998626 ], [ 30.29882, 59.927808999998653 ] ] ] } },
{ "type": "Feature", "properties": { "height": 9.9, "match_type": "only_b", "height_source": "source_b" }, "geometry": { "type": "Polygon", "coordinates": [ [ [ 30.299063, 59.925860999998619 ], [ 30.299105, 59.925813999998638 ], [ 30.298825, 59.925749999998651 ], [ 30.298782, 59.925797999998636 ], [ 30.299063, 59.925860999998619 ] ] ] } },
{ "type": "Feature", "properties": { "height": 4.5, "match_type": "matched", "height_source": "source_b" }, "geometry": { "type": "Polygon", "coordinates": [ [ [ 30.300841, 59.924354999998648 ], [ 30.300795, 59.924410999998649 ], [ 30.300969, 59.924380999998647 ], [ 30.300841, 59.924354999998648 ] ] ] } },
{ "type": "Feature", "properties": { "height": 4.5, "match_type": "only_b", "height_source": "source_b" }, "geometry": { "type": "Polygon", "coordinates": [ [ [ 30.302337, 59.923704999998648 ], [ 30.302288, 59.923759999998644 ], [ 30.302378, 59.92377899999866 ], [ 30.302426, 59.923724999998647 ], [ 30.302337, 59.923704999998648 ] ] ] } },
{ "type": "Feature", "properties": { "height": 4.5, "match_type": "only_b", "height_source": "source_b" }, "geometry": { "type": "Polygon", "coordinates": [ [ [ 30.302489, 59.920358999998633 ], [ 30.302449, 59.920402999998657 ], [ 30.302743, 59.920468999998647 ], [ 30.302783, 59.92042499999863 ], [ 30.302489, 59.920358999998633 ] ] ] } },
{ "type": "Feature", "properties": { "height": 13.2, "match_type": "matched", "height_source": "source_b" }, "geometry": { "type": "Polygon", "coordinates": [ [ [ 30.304027, 59.927645999998646 ], [ 30.304521, 59.92769199999865 ], [ 30.304672, 59.927295999998648 ], [ 30.304613, 59.927291999998644 ], [ 30.304623, 59.927258999998642 ], [ 30.304852, 59.927228999998647 ], [ 30.304794, 59.927106999998678 ], [ 30.303914, 59.927225999998662 ], [ 30.303904, 59.927539999998672 ], [ 30.304034, 59.927541999998667 ], [ 30.304035, 59.927336999998644 ], [ 30.304496, 59.927275999998656 ], [ 30.304467, 59.927333999998659 ], [ 30.30441, 59.927328999998636 ], [ 30.304314, 59.927604999998636 ], [ 30.304034, 59.927580999998639 ], [ 30.304027, 59.927645999998646 ] ] ] } }
]
}
