{
"type": "FeatureCollection",
"name": "center",
"crs": { "type": "name", "properties": { "name": "urn:ogc:def:crs:OGC:1.3:CRS84" } },
"features": [
{ "type": "Feature", "properties": { "height": 13.2, "match_type": "matched", "height_source": "source_b" }, "geometry": { "type": "Polygon", "coordinates": [ [ [ 30.319352, 59.930122999998652 ], [ 30.319024, 59.929988999998635 ], [ 30.318997, 59.930007999998658 ], [ 30.319109, 59.930048999998654 ], [ 30.318895, 59.930187999998658 ], [ 30.319144, 59.930258999998635 ], [ 30.319352, 59.930122999998652 ] ] ] } },
{ "type": "Feature", "properties": { "height": 9.9, "match_type": "matched", "height_source": "source_b" }, "geometry": { "type": "Polygon", "coordinates": [ [ [ 30.319352, 59.930122999998652 ], [ 30.319695, 59.929884999998656 ], [ 30.319183, 59.92966199999865 ], [ 30.319489, 59.929458999998637 ], [ 30.320029, 59.92966399999866 ], [ 30.320125, 59.929603999998648 ], [ 30.319237, 59.929262999998663 ], [ 30.319304, 59.929218999998632 ], [ 30.319197, 59.929163999998664 ], [ 30.319486, 59.928977999998629 ], [ 30.319653, 59.929049999998647 ], [ 30.319716, 59.929005999998637 ], [ 30.319313, 59.928881999998659 ], [ 30.318499, 59.929432999998639 ], [ 30.318592, 59.929470999998649 ], [ 30.318284, 59.929684999998663 ], [ 30.318736, 59.929865999998633 ], [ 30.318834, 59.929802999998635 ], [ 30.318615, 59.929716999998654 ], [ 30.318723, 59.929647999998657 ], [ 30.319321, 59.92988199999867 ], [ 30.319207, 59.929954999998635 ], [ 30.319, 59.929873999998634 ], [ 30.318897, 59.929939999998666 ], [ 30.319352, 59.930122999998652 ] ], [ [ 30.318984, 59.929546999998642 ], [ 30.318774, 59.929464999998608 ], [ 30.319064, 59.929281999998665 ], [ 30.319272, 59.929363999998657 ], [ 30.318984, 59.929546999998642 ] ] ] } },
{ "type": "Feature", "properties": { "height": 9.9, "match_type": "matched", "height_source": "source_b" }, "geometry": { "type": "Polygon", "coordinates": [ [ [ 30.320319, 59.929469999998645 ], [ 30.320076, 59.929382999998644 ], [ 30.319943, 59.929466999998645 ], [ 30.319304, 59.929218999998632 ], [ 30.319237, 59.929262999998663 ], [ 30.320125, 59.929603999998648 ], [ 30.320319, 59.929469999998645 ] ] ] } },
{ "type": "Feature", "properties": { "height": 4.5, "match_type": "matched", "height_source": "source_b" }, "geometry": { "type": "Polygon", "coordinates": [ [ [ 30.319327, 59.931633999998638 ], [ 30.319145, 59.931584999998648 ], [ 30.319081, 59.931644999998639 ], [ 30.319425, 59.931732999998658 ], [ 30.319513, 59.93168399999864 ], [ 30.319415, 59.93165799999867 ], [ 30.319475, 59.931615999998655 ], [ 30.319391, 59.931591999998624 ], [ 30.319327, 59.931633999998638 ] ] ] } },
{ "type": "Feature", "properties": { "height": 4.5, "match_type": "matched", "height_source": "source_b" }, "geometry": { "type": "Polygon", "coordinates": [ [ [ 30.31902, 59.934581999998642 ], [ 30.318911, 59.934608999998645 ], [ 30.319012, 59.93471399999865 ], [ 30.319122, 59.934686999998647 ], [ 30.31902, 59.934581999998642 ] ] ] } },
{ "type": "Feature", "properties": { "height": 5.1, "match_type": "only_a", "height_source": "ml_predicted" }, "geometry": { "type": "Polygon", "coordinates": [ [ [ 30.31913, 59.93272 ], [ 30.3192, 59.93275 ], [ 30.31927, 59.93272 ], [ 30.3192, 59.93269 ], [ 30.31913, 59.93272 ] ] ] } },
{ "type": "Feature", "properties": { "height": 13.2, "match_type": "matched", "height_source": "source_b" }, "geometry": { "type": "Polygon", "coordinates": [ [ [ 30.319785, 59.934578999998642 ], [ 30.320276, 59.935089999998638 ], [ 30.320542, 59.935021999998646 ], [ 30.320451, 59.934895999998673 ], [ 30.320539, 59.934843999998655 ], [ 30.320439, 59.934793999998639 ], [ 30.320294, 59.934826999998656 ], [ 30.320129, 59.934650999998659 ], [ 30.320307, 59.934605999998645 ], [ 30.320237, 59.934516999998635 ], [ 30.32017, 59.934529999998659 ], [ 30.319918, 59.934264999998646 ], [ 30.319972, 59.934235999998648 ], [ 30.319904, 59.934163999998667 ], [ 30.319695, 59.934205999998632 ], [ 30.319536, 59.934037999998651 ], [ 30.31982, 59.933968999998648 ], [ 30.319892, 59.934034999998651 ], [ 30.320265, 59.933940999998647 ], [ 30.319959, 59.933672999998649 ], [ 30.319638, 59.933753999998657 ], [ 30.319728, 59.933883999998656 ], [ 30.319516, 59.933929999998647 ], [ 30.31941, 59.933826999998644 ], [ 30.31913, 59.933891999998636 ], [ 30.319724, 59.934574999998624 ], [ 30.319785, 59.934578999998642 ] ], [ [ 30.320043, 59.933822999998654 ], [ 30.319938, 59.933875999998634 ], [ 30.319832, 59.933822999998654 ], [ 30.319938, 59.93376999999866 ], [ 30.320043, 59.933822999998654 ] ] ] } },
{ "type": "Feature", "properties": { "height": 15.0, "match_type": "matched", "height_source": "source_b" }, "geometry": { "type": "Polygon", "coordinates": [ [ [ 30.320043, 59.933822999998654 ], [ 30.319938, 59.93376999999866 ], [ 30.319832, 59.933822999998654 ], [ 30.319938, 59.933875999998634 ], [ 30.320043, 59.933822999998654 ] ] ] } },
{ "type": "Feature", "properties": { "height": 9.9, "match_type": "matched", "height_source": "source_b" }, "geometry": { "type": "Polygon", "coordinates": [ [ [ 30.319964, 59.934013999998633 ], [ 30.320057, 59.93404399999865 ], [ 30.320178, 59.933980999998653 ], [ 30.320169, 59.933961999998658 ], [ 30.319964, 59.934013999998633 ] ] ] } },
{ "type": "Feature", "properties": { "height": 27.0, "match_type": "matched", "height_source": "source_b" }, "geometry": { "type": "Polygon", "coordinates": [ [ [ 30.319277, 59.933850999998647 ], [ 30.319417, 59.933798999998636 ], [ 30.319114, 59.933575999998645 ], [ 30.319419, 59.93348099999865 ], [ 30.319489, 59.933540999998655 ], [ 30.321035, 59.933134999998671 ], [ 30.320833, 59.93294199999864 ], [ 30.319128, 59.93341099999865 ], [ 30.318506, 59.932955999998647 ], [ 30.318661, 59.932901999998634 ], [ 30.318561, 59.932832999998645 ], [ 30.318119, 59.933000999998647 ], [ 30.319277, 59.933850999998647 ] ] ] } },
{ "type": "Feature", "properties": { "height": 15.0, "match_type": "matched", "height_source": "source_b" }, "geometry": { "type": "Polygon", "coordinates": [ [ [ 30.319513, 59.930786999998645 ], [ 30.319192, 59.930693999998645 ], [ 30.31908, 59.930781999998651 ], [ 30.319414, 59.93087899999864 ], [ 30.319513, 59.930786999998645 ] ] ] } },
{ "type": "Feature", "properties": { "height": 15.0, "match_type": "matched", "height_source": "source_b" }, "geometry": { "type": "Polygon", "coordinates": [ [ [ 30.319359, 59.931039999998653 ], [ 30.319592, 59.930809999998651 ], [ 30.319513, 59.930786999998645 ], [ 30.319345, 59.930944999998637 ], [ 30.318778, 59.930782999998641 ], [ 30.318674, 59.930853999998654 ], [ 30.319359, 59.931039999998653 ] ] ] } },
{ "type": "Feature", "properties": { "height": 15.0, "match_type": "matched", "height_source": "source_b" }, "geometry": { "type": "Polygon", "coordinates": [ [ [ 30.320155, 59.931141999998637 ], [ 30.320249, 59.931171999998632 ], [ 30.320383, 59.931050999998646 ], [ 30.319592, 59.930809999998651 ], [ 30.319459, 59.930943999998618 ], [ 30.320197, 59.931102999998636 ], [ 30.320155, 59.931141999998637 ] ] ] } },
{ "type": "Feature", "properties": { "height": 15.0, "match_type": "matched", "height_source": "source_b" }, "geometry": { "type": "Polygon", "coordinates": [ [ [ 30.32015, 59.93125899999864 ], [ 30.320249, 59.931171999998632 ], [ 30.319807, 59.931076999998659 ], [ 30.319833, 59.931052999998641 ], [ 30.319459, 59.930943999998618 ], [ 30.319359, 59.931039999998653 ], [ 30.32015, 59.93125899999864 ] ] ] } },
{ "type": "Feature", "properties": { "height": 4.5, "match_type": "matched", "height_source": "source_b" }, "geometry": { "type": "Polygon", "coordinates": [ [ [ 30.319454, 59.93135299999868 ], [ 30.319342, 59.931426999998635 ], [ 30.319449, 59.931457999998642 ], [ 30.319554, 59.931380999998666 ], [ 30.319454, 59.93135299999868 ] ] ] } },
{ "type": "Feature", "properties": { "height": 13.2, "match_type": "matched", "height_source": "source_b" }, "geometry": { "type": "Polygon", "coordinates": [ [ [ 30.31883, 59.931500999998633 ], [ 30.319117, 59.931576999998654 ], [ 30.319575, 59.931266999998648 ], [ 30.319141, 59.931150999998664 ], [ 30.319005, 59.931249999998634 ], [ 30.319299, 59.93133499999864 ], [ 30.319048, 59.931524999998636 ], [ 30.319018, 59.931517999998661 ], [ 30.319055, 59.931483999998655 ], [ 30.31894, 59.931449999998648 ], [ 30.31883, 59.931500999998633 ] ] ] } },
{ "type": "Feature", "properties": { "height": 15.0, "match_type": "matched", "height_source": "source_b" }, "geometry": { "type": "Polygon", "coordinates": [ [ [ 30.319653, 59.931409999998642 ], [ 30.319781, 59.931320999998647 ], [ 30.319575, 59.931266999998648 ], [ 30.319454, 59.93135299999868 ], [ 30.319653, 59.931409999998642 ] ] ] } },
{ "type": "Feature", "properties": { "height": 6.6, "match_type": "matched", "height_source": "source_b" }, "geometry": { "type": "Polygon", "coordinates": [ [ [ 30.31975, 59.935506999998672 ], [ 30.320003, 59.935447999998651 ], [ 30.319658, 59.935086999998639 ], [ 30.319392, 59.935148999998667 ], [ 30.31975, 59.935506999998672 ] ] ] } },
{ "type": "Feature", "properties": { "height": 13.2, "match_type": "matched", "height_source": "source_b" }, "geometry": { "type": "Polygon", "coordinates": [ [ [ 30.320245, 59.938461999998651 ], [ 30.320212, 59.938548999998652 ], [ 30.320412, 59.938567999998646 ], [ 30.320445, 59.938480999998653 ], [ 30.320245, 59.938461999998651 ] ] ] } },
{ "type": "Feature", "properties": { "height": 9.9, "match_type": "matched", "height_source": "source_b" }, "geometry": { "type": "Polygon", "coordinates": [ [ [ 30.320377, 59.938643999998646 ], [ 30.320118, 59.938628999998649 ], [ 30.320178, 59.938455999998652 ], [ 30.319873, 59.938424999998666 ], [ 30.319779, 59.93866799999865 ], [ 30.320356, 59.938707999998634 ], [ 30.320377, 59.938643999998646 ] ] ] } },
{ "type": "Feature", "properties": { "height": 15.0, "match_type": "matched", "height_source": "source_b" }, "geometry": { "type": "Polygon", "coordinates": [ [ [ 30.320056, 59.93985999999866 ], [ 30.320031, 59.939670999998647 ], [ 30.319737, 59.939688999998658 ], [ 30.319769, 59.939871999998644 ], [ 30.320056, 59.93985999999866 ] ] ] } },
{ "type": "Feature", "properties": { "height": 15.0, "match_type": "matched", "height_source": "source_b" }, "geometry": { "type": "Polygon", "coordinates": [ [ [ 30.319782, 59.940351999998654 ], [ 30.319982, 59.94030999999864 ], [ 30.31997, 59.940128999998649 ], [ 30.320238, 59.940098999998646 ], [ 30.32024, 59.940005999998661 ], [ 30.319788, 59.940014999998674 ], [ 30.319782, 59.940351999998654 ] ] ] } },
{ "type": "Feature", "properties": { "height": 15.0, "match_type": "matched", "height_source": "source_b" }, "geometry": { "type": "Polygon", "coordinates": [ [ [ 30.319836, 59.931720999998653 ], [ 30.320267, 59.931451999998657 ], [ 30.319781, 59.931320999998647 ], [ 30.319391, 59.931591999998624 ], [ 30.319836, 59.931720999998653 ] ], [ [ 30.319675, 59.931496999998643 ], [ 30.319755, 59.931418999998648 ], [ 30.320008, 59.931484999998659 ], [ 30.319927, 59.931562999998647 ], [ 30.319675, 59.931496999998643 ] ] ] } },
{ "type": "Feature", "properties": { "height": 3.8, "match_type": "only_a", "height_source": "ml_predicted" }, "geometry": { "type": "Polygon", "coordinates": [ [ [ 30.31985, 59.93238 ], [ 30.31981, 59.93234 ], [ 30.31972, 59.93237 ], [ 30.31976, 59.9324 ], [ 30.31985, 59.93238 ] ] ] } },
{ "type": "Feature", "properties": { "height": 9.9, "match_type": "matched", "height_source": "source_b" }, "geometry": { "type": "Polygon", "coordinates": [ [ [ 30.320276, 59.935089999998638 ], [ 30.320154, 59.934962999998667 ], [ 30.319658, 59.935086999998639 ], [ 30.319778, 59.935212999998654 ], [ 30.320276, 59.935089999998638 ] ] ] } },
{ "type": "Feature", "properties": { "height": 9.9, "match_type": "matched", "height_source": "source_b" }, "geometry": { "type": "Polygon", "coordinates": [ [ [ 30.319485, 59.931811999998644 ], [ 30.319219, 59.931830999998638 ], [ 30.319187, 59.93185299999864 ], [ 30.319205, 59.931905999998641 ], [ 30.319619, 59.931918999998658 ], [ 30.319726, 59.931879999998657 ], [ 30.319485, 59.931811999998644 ] ] ] } },
{ "type": "Feature", "properties": { "height": 9.9, "match_type": "matched", "height_source": "source_b" }, "geometry": { "type": "Polygon", "coordinates": [ [ [ 30.319926, 59.932482999998648 ], [ 30.319797, 59.932517999998673 ], [ 30.31944, 59.932612999998653 ], [ 30.319802, 59.932950999998653 ], [ 30.320112, 59.932866999998637 ], [ 30.319868, 59.932639999998642 ], [ 30.319751, 59.932671999998647 ], [ 30.319792, 59.932709999998643 ], [ 30.319729, 59.932726999998657 ], [ 30.319641, 59.932645999998655 ], [ 30.319992, 59.932550999998661 ], [ 30.319926, 59.932482999998648 ] ] ] } },
{ "type": "Feature", "properties": { "height": 6.6, "match_type": "matched", "height_source": "source_b" }, "geometry": { "type": "Polygon", "coordinates": [ [ [ 30.319797, 59.932517999998673 ], [ 30.31959, 59.932325999998639 ], [ 30.319234, 59.932421999998645 ], [ 30.31944, 59.932612999998653 ], [ 30.319797, 59.932517999998673 ] ] ] } },
{ "type": "Feature", "properties": { "height": 9.9, "match_type": "matched", "height_source": "source_b" }, "geometry": { "type": "Polygon", "coordinates": [ [ [ 30.320001, 59.929122999998647 ], [ 30.319901, 59.929081999998644 ], [ 30.319986, 59.929029999998647 ], [ 30.319858, 59.928947999998641 ], [ 30.319653, 59.929049999998647 ], [ 30.319934, 59.92916399999865 ], [ 30.320001, 59.929122999998647 ] ] ] } },
{ "type": "Feature", "properties": { "height": 15.0, "match_type": "matched", "height_source": "source_b" }, "geometry": { "type": "Polygon", "coordinates": [ [ [ 30.320671, 59.932622999998664 ], [ 30.320339, 59.932313999998655 ], [ 30.319881, 59.932440999998633 ], [ 30.320186, 59.932679999998662 ], [ 30.320113, 59.932699999998654 ], [ 30.320164, 59.932746999998663 ], [ 30.320671, 59.932622999998664 ] ] ] } },
{ "type": "Feature", "properties": { "height": 4.5, "match_type": "matched", "height_source": "source_b" }, "geometry": { "type": "Polygon", "coordinates": [ [ [ 30.320826, 59.932766999998663 ], [ 30.320671, 59.932622999998664 ], [ 30.320213, 59.932733999998661 ], [ 30.320378, 59.932887999998655 ], [ 30.320826, 59.932766999998663 ] ] ] } },
{ "type": "Feature", "properties": { "height": 13.2, "match_type": "matched", "height_source": "source_b" }, "geometry": { "type": "Polygon", "coordinates": [ [ [ 30.319701, 59.939405999998641 ], [ 30.319969, 59.939406999998674 ], [ 30.319986, 59.939173999998651 ], [ 30.319668, 59.939162999998651 ], [ 30.319701, 59.939405999998641 ] ] ] } },
{ "type": "Feature", "properties": { "height": 9.9, "match_type": "matched", "height_source": "source_b" }, "geometry": { "type": "Polygon", "coordinates": [ [ [ 30.320003, 59.935447999998651 ], [ 30.320926, 59.935229999998647 ], [ 30.320969, 59.935270999998657 ], [ 30.321088, 59.935249999998675 ], [ 30.321041, 59.93516199999867 ], [ 30.320921, 59.935131999998653 ], [ 30.319932, 59.935373999998632 ], [ 30.320003, 59.935447999998651 ] ] ] } },
{ "type": "Feature", "properties": { "height": 15.0, "match_type": "matched", "height_source": "source_b" }, "geometry": { "type": "Polygon", "coordinates": [ [ [ 30.319944, 59.940611999998652 ], [ 30.320135, 59.940549999998652 ], [ 30.320099, 59.940506999998647 ], [ 30.320246, 59.940472999998661 ], [ 30.320062, 59.94029299999864 ], [ 30.319782, 59.940351999998654 ], [ 30.319944, 59.940611999998652 ] ] ] } },
{ "type": "Feature", "properties": { "height": 18.0, "match_type": "matched", "height_source": "source_b" }, "geometry": { "type": "Polygon", "coordinates": [ [ [ 30.320045, 59.938068999998649 ], [ 30.320638, 59.938116999998634 ], [ 30.320754, 59.937763999998651 ], [ 30.320148, 59.937752999998658 ], [ 30.320045, 59.938068999998649 ] ], [ [ 30.3203, 59.93799399999866 ], [ 30.320364, 59.93778999999865 ], [ 30.320612, 59.937808999998666 ], [ 30.320548, 59.938012999998641 ], [ 30.3203, 59.93799399999866 ] ] ] } },
{ "type": "Feature", "properties": { "height": 21.0, "match_type": "matched", "height_source": "source_b" }, "geometry": { "type": "Polygon", "coordinates": [ [ [ 30.3203, 59.93799399999866 ], [ 30.320548, 59.938012999998641 ], [ 30.320612, 59.937808999998666 ], [ 30.320364, 59.93778999999865 ], [ 30.3203, 59.93799399999866 ] ] ] } },
{ "type": "Feature", "properties": { "height": 9.9, "match_type": "matched", "height_source": "source_b" }, "geometry": { "type": "Polygon", "coordinates": [ [ [ 30.320234, 59.932342999998681 ], [ 30.320062, 59.932182999998631 ], [ 30.319806, 59.932251999998648 ], [ 30.31998, 59.932413999998651 ], [ 30.320234, 59.932342999998681 ] ] ] } },
{ "type": "Feature", "properties": { "height": 9.9, "match_type": "matched", "height_source": "source_b" }, "geometry": { "type": "Polygon", "coordinates": [ [ [ 30.319632, 59.93022399999866 ], [ 30.319995, 59.930275999998621 ], [ 30.320106, 59.930197999998647 ], [ 30.320037, 59.930167999998666 ], [ 30.320133, 59.930099999998639 ], [ 30.319932, 59.930021999998665 ], [ 30.319632, 59.93022399999866 ] ] ] } },
{ "type": "Feature", "properties": { "height": 13.2, "match_type": "matched", "height_source": "source_b" }, "geometry": { "type": "Polygon", "coordinates": [ [ [ 30.320124, 59.930541999998667 ], [ 30.320297, 59.93044999999865 ], [ 30.319632, 59.93022399999866 ], [ 30.319453, 59.930342999998643 ], [ 30.320124, 59.930541999998667 ] ] ] } },
{ "type": "Feature", "properties": { "height": 4.5, "match_type": "matched", "height_source": "source_b" }, "geometry": { "type": "Polygon", "coordinates": [ [ [ 30.320282, 59.932021999998646 ], [ 30.320428, 59.931983999998657 ], [ 30.320301, 59.931860999998641 ], [ 30.320183, 59.931891999998655 ], [ 30.320282, 59.932021999998646 ] ] ] } },
{ "type": "Feature", "properties": { "height": 9.9, "match_type": "matched", "height_source": "source_b" }, "geometry": { "type": "Polygon", "coordinates": [ [ [ 30.319995, 59.930275999998621 ], [ 30.320142, 59.930314999998664 ], [ 30.320202, 59.930264999998641 ], [ 30.320079, 59.93021699999867 ], [ 30.319995, 59.930275999998621 ] ] ] } },
{ "type": "Feature", "properties": { "height": 9.9, "match_type": "matched", "height_source": "source_b" }, "geometry": { "type": "Polygon", "coordinates": [ [ [ 30.319461, 59.929776999998644 ], [ 30.319695, 59.929884999998656 ], [ 30.320029, 59.92966399999866 ], [ 30.31977, 59.929564999998647 ], [ 30.319461, 59.929776999998644 ] ] ] } },
{ "type": "Feature", "properties": { "height": 9.9, "match_type": "matched", "height_source": "source_b" }, "geometry": { "type": "Polygon", "coordinates": [ [ [ 30.320412, 59.930284999998648 ], [ 30.320486, 59.930241999998628 ], [ 30.320133, 59.930099999998639 ], [ 30.32007, 59.930143999998648 ], [ 30.320412, 59.930284999998648 ] ] ] } },
{ "type": "Feature", "properties": { "height": 13.2, "match_type": "matched", "height_source": "source_b" }, "geometry": { "type": "Polygon", "coordinates": [ [ [ 30.319932, 59.930021999998665 ], [ 30.320594, 59.930287999998633 ], [ 30.320684, 59.930239999998633 ], [ 30.320169, 59.930051999998668 ], [ 30.32034, 59.929942999998651 ], [ 30.320457, 59.929986999998661 ], [ 30.320511, 59.92995199999865 ], [ 30.320213, 59.929830999998643 ], [ 30.319932, 59.930021999998665 ] ] ] } },
{ "type": "Feature", "properties": { "height": 7.2, "match_type": "only_a", "height_source": "ml_predicted" }, "geometry": { "type": "Polygon", "coordinates": [ [ [ 30.3202, 59.93034 ], [ 30.32025, 59.9303 ], [ 30.32014, 59.93032 ], [ 30.3202, 59.93034 ] ] ] } },
{ "type": "Feature", "properties": { "height": 9.9, "match_type": "matched", "height_source": "source_b" }, "geometry": { "type": "Polygon", "coordinates": [ [ [ 30.320553, 59.932293999998649 ], [ 30.320273, 59.932023999998648 ], [ 30.320052, 59.932080999998661 ], [ 30.320158, 59.932181999998654 ], [ 30.320272, 59.932151999998652 ], [ 30.320448, 59.932321999998649 ], [ 30.320553, 59.932293999998649 ] ] ] } },
{ "type": "Feature", "properties": { "height": 15.0, "match_type": "matched", "height_source": "source_b" }, "geometry": { "type": "Polygon", "coordinates": [ [ [ 30.319947, 59.939173999998644 ], [ 30.319966, 59.938922999998653 ], [ 30.319688, 59.938910999998654 ], [ 30.319668, 59.939162999998651 ], [ 30.319947, 59.939173999998644 ] ] ] } },
{ "type": "Feature", "properties": { "height": 15.0, "match_type": "matched", "height_source": "source_b" }, "geometry": { "type": "Polygon", "coordinates": [ [ [ 30.319947, 59.939173999998644 ], [ 30.320563, 59.939190999998644 ], [ 30.320603, 59.93895099999866 ], [ 30.319966, 59.938922999998653 ], [ 30.31996, 59.938990999998666 ], [ 30.32026, 59.938995999998653 ], [ 30.320244, 59.93912099999865 ], [ 30.319952, 59.939113999998661 ], [ 30.319947, 59.939173999998644 ] ] ] } },
{ "type": "Feature", "properties": { "height": 15.0, "match_type": "matched", "height_source": "source_b" }, "geometry": { "type": "Polygon", "coordinates": [ [ [ 30.32024, 59.940005999998661 ], [ 30.320253, 59.940253999998653 ], [ 30.321524, 59.940023999998658 ], [ 30.321472, 59.939944999998659 ], [ 30.321213, 59.939984999998643 ], [ 30.321146, 59.939754999998648 ], [ 30.321816, 59.939742999998643 ], [ 30.321845, 59.939975999998673 ], [ 30.322106, 59.939939999998657 ], [ 30.322106, 59.939749999998654 ], [ 30.322002, 59.939749999998668 ], [ 30.321947, 59.939594999998668 ], [ 30.321134, 59.939665999998667 ], [ 30.321127, 59.939614999998653 ], [ 30.320547, 59.939674999998651 ], [ 30.32018, 59.939661999998648 ], [ 30.320237, 59.939759999998671 ], [ 30.320042, 59.939765999998656 ], [ 30.320056, 59.93985999999866 ], [ 30.320412, 59.939843999998672 ], [ 30.3204, 59.93979199999864 ], [ 30.320837, 59.939775999998659 ], [ 30.320857, 59.939863999998657 ], [ 30.320704, 59.939871999998665 ], [ 30.320735, 59.940015999998636 ], [ 30.320829, 59.940009999998679 ], [ 30.320839, 59.940052999998656 ], [ 30.320428, 59.940062999998659 ], [ 30.320423, 59.940001999998643 ], [ 30.32024, 59.940005999998661 ] ] ] } },
{ "type": "Feature", "properties": { "height": 9.9, "match_type": "matched", "height_source": "source_b" }, "geometry": { "type": "Polygon", "coordinates": [ [ [ 30.319875, 59.929303999998638 ], [ 30.320319, 59.929469999998645 ], [ 30.32052, 59.929337999998644 ], [ 30.320353, 59.929269999998652 ], [ 30.320233, 59.929345999998645 ], [ 30.319971, 59.92924299999865 ], [ 30.319875, 59.929303999998638 ] ] ] } },
{ "type": "Feature", "properties": { "height": 9.9, "match_type": "matched", "height_source": "source_b" }, "geometry": { "type": "Polygon", "coordinates": [ [ [ 30.320828, 59.930169999998647 ], [ 30.320922, 59.93011799999865 ], [ 30.320511, 59.92995199999865 ], [ 30.320429, 59.930005999998649 ], [ 30.320828, 59.930169999998647 ] ] ] } },
{ "type": "Feature", "properties": { "height": 9.9, "match_type": "matched", "height_source": "source_b" }, "geometry": { "type": "Polygon", "coordinates": [ [ [ 30.320185, 59.930415999998658 ], [ 30.320314, 59.930439999998647 ], [ 30.320594, 59.930287999998633 ], [ 30.320486, 59.930241999998628 ], [ 30.320185, 59.930415999998658 ] ] ] } },
{ "type": "Feature", "properties": { "height": 15.0, "match_type": "matched", "height_source": "source_b" }, "geometry": { "type": "Polygon", "coordinates": [ [ [ 30.320309, 59.940886999998632 ], [ 30.32058, 59.940785999998695 ], [ 30.320211, 59.940523999998646 ], [ 30.319944, 59.940611999998652 ], [ 30.320309, 59.940886999998632 ] ] ] } },
{ "type": "Feature", "properties": { "height": 9.9, "match_type": "matched", "height_source": "source_b" }, "geometry": { "type": "Polygon", "coordinates": [ [ [ 30.320635, 59.940764999998649 ], [ 30.32077, 59.940718999998658 ], [ 30.321277, 59.940536999998649 ], [ 30.3211, 59.940429999998656 ], [ 30.320888, 59.940487999998645 ], [ 30.320998, 59.940564999998642 ], [ 30.320616, 59.940696999998643 ], [ 30.320635, 59.940764999998649 ] ] ] } },
{ "type": "Feature", "properties": { "height": 15.0, "match_type": "matched", "height_source": "source_b" }, "geometry": { "type": "Polygon", "coordinates": [ [ [ 30.320622, 59.941077999998626 ], [ 30.320959, 59.94089699999865 ], [ 30.321111, 59.940815999998655 ], [ 30.321012, 59.940769999998658 ], [ 30.320751, 59.940919999998634 ], [ 30.320598, 59.940831999998672 ], [ 30.320827, 59.94075999999864 ], [ 30.32077, 59.940718999998658 ], [ 30.320309, 59.940886999998632 ], [ 30.320622, 59.941077999998626 ] ] ] } },
{ "type": "Feature", "properties": { "height": 9.9, "match_type": "matched", "height_source": "source_b" }, "geometry": { "type": "Polygon", "coordinates": [ [ [ 30.321045, 59.940935999998636 ], [ 30.321295, 59.94080099999865 ], [ 30.321211, 59.940765999998654 ], [ 30.320959, 59.94089699999865 ], [ 30.321045, 59.940935999998636 ] ] ] } },
{ "type": "Feature", "properties": { "height": 15.0, "match_type": "matched", "height_source": "source_b" }, "geometry": { "type": "Polygon", "coordinates": [ [ [ 30.32077, 59.929762999998658 ], [ 30.321152, 59.929456999998656 ], [ 30.321296, 59.929395999998654 ], [ 30.321019, 59.929277999998646 ], [ 30.320489, 59.929638999998623 ], [ 30.32077, 59.929762999998658 ] ] ] } },
{ "type": "Feature", "properties": { "height": 15.0, "match_type": "matched", "height_source": "source_b" }, "geometry": { "type": "Polygon", "coordinates": [ [ [ 30.320372, 59.93040899999864 ], [ 30.320472, 59.930444999998642 ], [ 30.320798, 59.930269999998622 ], [ 30.320684, 59.930239999998633 ], [ 30.320372, 59.93040899999864 ] ] ] } },
{ "type": "Feature", "properties": { "height": 18.0, "match_type": "matched", "height_source": "source_b" }, "geometry": { "type": "Polygon", "coordinates": [ [ [ 30.320445, 59.938480999998653 ], [ 30.320447, 59.938448999998627 ], [ 30.320628, 59.938455999998652 ], [ 30.32062, 59.938494999998667 ], [ 30.320841, 59.938503999998638 ], [ 30.320868, 59.938388999998644 ], [ 30.320545, 59.938353999998647 ], [ 30.320076, 59.938384999998654 ], [ 30.320098, 59.938320999998666 ], [ 30.320264, 59.938329999998665 ], [ 30.320292, 59.938259999998643 ], [ 30.319949, 59.938229999998661 ], [ 30.319873, 59.938424999998666 ], [ 30.320445, 59.938480999998653 ] ] ] } },
{ "type": "Feature", "properties": { "height": 9.9, "match_type": "matched", "height_source": "source_b" }, "geometry": { "type": "Polygon", "coordinates": [ [ [ 30.320589, 59.939191999998663 ], [ 30.321028, 59.939205999998663 ], [ 30.321048, 59.93913899999864 ], [ 30.320601, 59.93912099999865 ], [ 30.320589, 59.939191999998663 ] ] ] } },
{ "type": "Feature", "properties": { "height": 15.0, "match_type": "matched", "height_source": "source_b" }, "geometry": { "type": "Polygon", "coordinates": [ [ [ 30.321325, 59.939408999998641 ], [ 30.32132, 59.939210999998636 ], [ 30.319986, 59.939173999998651 ], [ 30.319979, 59.93922799999865 ], [ 30.320795, 59.939253999998655 ], [ 30.320784, 59.93934999999864 ], [ 30.319971, 59.939346999998648 ], [ 30.319969, 59.939406999998674 ], [ 30.321325, 59.939408999998641 ] ] ] } },
{ "type": "Feature", "properties": { "height": 18.0, "match_type": "matched", "height_source": "source_b" }, "geometry": { "type": "Polygon", "coordinates": [ [ [ 30.319737, 59.939688999998658 ], [ 30.321467, 59.939597999998654 ], [ 30.321518, 59.939564999998652 ], [ 30.321495, 59.93945099999867 ], [ 30.321425, 59.939454999998631 ], [ 30.321419, 59.939407999998636 ], [ 30.319701, 59.939405999998641 ], [ 30.319737, 59.939688999998658 ] ], [ [ 30.32008, 59.939580999998647 ], [ 30.320049, 59.93945199999866 ], [ 30.320364, 59.939432999998658 ], [ 30.320395, 59.939560999998648 ], [ 30.32008, 59.939580999998647 ] ] ] } },
{ "type": "Feature", "properties": { "height": 13.2, "match_type": "matched", "height_source": "source_b" }, "geometry": { "type": "Polygon", "coordinates": [ [ [ 30.320251, 59.929227999998666 ], [ 30.32052, 59.929337999998644 ], [ 30.320745, 59.929181999998661 ], [ 30.320495, 59.929073999998657 ], [ 30.320251, 59.929227999998666 ] ] ] } },
{ "type": "Feature", "properties": { "height": 13.4, "match_type": "only_a", "height_source": "ml_predicted" }, "geometry": { "type": "Polygon", "coordinates": [ [ [ 30.3206, 59.93776 ], [ 30.32081, 59.93783 ], [ 30.32114, 59.9378 ], [ 30.32113, 59.93773 ], [ 30.3206, 59.93776 ] ] ] } },
{ "type": "Feature", "properties": { "height": 4.7, "match_type": "only_a", "height_source": "ml_predicted" }, "geometry": { "type": "Polygon", "coordinates": [ [ [ 30.32062, 59.93646 ], [ 30.3206, 59.9364 ], [ 30.32051, 59.93641 ], [ 30.32053, 59.93647 ], [ 30.32062, 59.93646 ] ] ] } },
{ "type": "Feature", "properties": { "height": 9.9, "match_type": "matched", "height_source": "source_b" }, "geometry": { "type": "Polygon", "coordinates": [ [ [ 30.320525, 59.940202999998654 ], [ 30.320567, 59.940260999998642 ], [ 30.321321, 59.940119999998657 ], [ 30.321374, 59.940196999998669 ], [ 30.321246, 59.940214999998645 ], [ 30.321293, 59.940278999998661 ], [ 30.321687, 59.940211999998652 ], [ 30.321792, 59.940277999998656 ], [ 30.322013, 59.940242999998645 ], [ 30.321965, 59.940165999998634 ], [ 30.322178, 59.940128999998649 ], [ 30.322141, 59.940075999998633 ], [ 30.321618, 59.940164999998657 ], [ 30.321524, 59.940023999998658 ], [ 30.320525, 59.940202999998654 ] ] ] } },
{ "type": "Feature", "properties": { "height": 13.2, "match_type": "matched", "height_source": "source_b" }, "geometry": { "type": "Polygon", "coordinates": [ [ [ 30.321478, 59.932939999998645 ], [ 30.321856, 59.93284399999866 ], [ 30.320726, 59.931613999998646 ], [ 30.32037, 59.931730999998663 ], [ 30.320614, 59.93199699999866 ], [ 30.320455, 59.932038999998674 ], [ 30.321097, 59.932705999998639 ], [ 30.321233, 59.932672999998651 ], [ 30.321478, 59.932939999998645 ] ] ] } },
{ "type": "Feature", "properties": { "height": 8.6, "match_type": "only_a", "height_source": "ml_predicted" }, "geometry": { "type": "Polygon", "coordinates": [ [ [ 30.32062, 59.93908 ], [ 30.3207, 59.93905 ], [ 30.32062, 59.93905 ], [ 30.32062, 59.93908 ] ] ] } },
{ "type": "Feature", "properties": { "height": 15.0, "match_type": "matched", "height_source": "source_b" }, "geometry": { "type": "Polygon", "coordinates": [ [ [ 30.320298, 59.931128999998663 ], [ 30.320596, 59.931214999998659 ], [ 30.320677, 59.931136999998657 ], [ 30.320383, 59.931050999998646 ], [ 30.320298, 59.931128999998663 ] ] ] } },
{ "type": "Feature", "properties": { "height": 15.0, "match_type": "matched", "height_source": "source_b" }, "geometry": { "type": "Polygon", "coordinates": [ [ [ 30.320455, 59.931338999998637 ], [ 30.320596, 59.931214999998659 ], [ 30.320521, 59.931190999998627 ], [ 30.32043, 59.931278999998661 ], [ 30.320301, 59.93124099999865 ], [ 30.320394, 59.931154999998654 ], [ 30.320298, 59.931128999998663 ], [ 30.32015, 59.93125899999864 ], [ 30.320455, 59.931338999998637 ] ] ] } },
{ "type": "Feature", "properties": { "height": 14.3, "match_type": "only_a", "height_source": "ml_predicted" }, "geometry": { "type": "Polygon", "coordinates": [ [ [ 30.32074, 59.93817 ], [ 30.32137, 59.93822 ], [ 30.32142, 59.93819 ], [ 30.32071, 59.93812 ], [ 30.32074, 59.93817 ] ] ] } },
{ "type": "Feature", "properties": { "height": 18.0, "match_type": "matched", "height_source": "source_b" }, "geometry": { "type": "Polygon", "coordinates": [ [ [ 30.321322, 59.938178999998648 ], [ 30.321453, 59.937836999998638 ], [ 30.321313, 59.937826999998649 ], [ 30.321284, 59.937909999998659 ], [ 30.321114, 59.937892999998638 ], [ 30.321141, 59.93781399999866 ], [ 30.321292, 59.937796999998668 ], [ 30.320964, 59.937774999998659 ], [ 30.321088, 59.937809999998656 ], [ 30.32106, 59.937886999998653 ], [ 30.320869, 59.937869999998654 ], [ 30.320896, 59.937795999998649 ], [ 30.320748, 59.937782999998639 ], [ 30.320638, 59.938116999998634 ], [ 30.321322, 59.938178999998648 ] ] ] } },
{ "type": "Feature", "properties": { "height": 21.0, "match_type": "matched", "height_source": "source_b" }, "geometry": { "type": "Polygon", "coordinates": [ [ [ 30.321141, 59.93781399999866 ], [ 30.321114, 59.937892999998638 ], [ 30.321284, 59.937909999998659 ], [ 30.321313, 59.937826999998649 ], [ 30.321141, 59.93781399999866 ] ] ] } },
{ "type": "Feature", "properties": { "height": 21.0, "match_type": "matched", "height_source": "source_b" }, "geometry": { "type": "Polygon", "coordinates": [ [ [ 30.320896, 59.937795999998649 ], [ 30.320869, 59.937869999998654 ], [ 30.32106, 59.937886999998653 ], [ 30.321088, 59.937809999998656 ], [ 30.320896, 59.937795999998649 ] ] ] } },
{ "type": "Feature", "properties": { "height": 18.0, "match_type": "matched", "height_source": "source_b" }, "geometry": { "type": "Polygon", "coordinates": [ [ [ 30.320157, 59.937494999998655 ], [ 30.320449, 59.937477999998663 ], [ 30.320479, 59.937052999998642 ], [ 30.321117, 59.937009999998637 ], [ 30.321087, 59.936903999998663 ], [ 30.320199, 59.936973999998635 ], [ 30.320157, 59.937494999998655 ] ] ] } },
{ "type": "Feature", "properties": { "height": 13.2, "match_type": "matched", "height_source": "source_b" }, "geometry": { "type": "Polygon", "coordinates": [ [ [ 30.32054, 59.937725999998669 ], [ 30.321083, 59.937687999998644 ], [ 30.321283, 59.937673999998665 ], [ 30.321192, 59.93740699999865 ], [ 30.321019, 59.937423999998657 ], [ 30.32107, 59.93762699999867 ], [ 30.320535, 59.93763399999866 ], [ 30.32054, 59.937725999998669 ] ] ] } },
{ "type": "Feature", "properties": { "height": 18.0, "match_type": "matched", "height_source": "source_b" }, "geometry": { "type": "Polygon", "coordinates": [ [ [ 30.320577, 59.937465999998679 ], [ 30.320157, 59.937494999998655 ], [ 30.320102, 59.937755999998672 ], [ 30.32054, 59.937725999998669 ], [ 30.320519, 59.937566999998637 ], [ 30.320589, 59.937562999998661 ], [ 30.320577, 59.937465999998679 ] ] ] } },
{ "type": "Feature", "properties": { "height": 15.0, "match_type": "matched", "height_source": "source_b" }, "geometry": { "type": "Polygon", "coordinates": [ [ [ 30.320449, 59.937477999998663 ], [ 30.321019, 59.937423999998657 ], [ 30.321192, 59.93740699999865 ], [ 30.321177, 59.937356999998634 ], [ 30.320983, 59.937401999998634 ], [ 30.320954, 59.937341999998637 ], [ 30.320823, 59.93735099999865 ], [ 30.320774, 59.937203999998651 ], [ 30.320529, 59.937217999998644 ], [ 30.32058, 59.937424999998647 ], [ 30.320452, 59.937431999998651 ], [ 30.320449, 59.937477999998663 ] ] ] } },
{ "type": "Feature", "properties": { "height": 9.9, "match_type": "matched", "height_source": "source_b" }, "geometry": { "type": "Polygon", "coordinates": [ [ [ 30.321019, 59.937423999998657 ], [ 30.320577, 59.937465999998679 ], [ 30.320589, 59.937562999998661 ], [ 30.321005, 59.937536999998642 ], [ 30.32104, 59.937504999998659 ], [ 30.321019, 59.937423999998657 ] ] ] } },
{ "type": "Feature", "properties": { "height": 15.0, "match_type": "matched", "height_source": "source_b" }, "geometry": { "type": "Polygon", "coordinates": [ [ [ 30.320075, 59.931829999998648 ], [ 30.320726, 59.931613999998646 ], [ 30.320267, 59.931451999998657 ], [ 30.319782, 59.93175499999866 ], [ 30.320075, 59.931829999998648 ] ], [ [ 30.320228, 59.931539999998648 ], [ 30.320426, 59.931600999998636 ], [ 30.320148, 59.931742999998633 ], [ 30.320034, 59.931698999998652 ], [ 30.320228, 59.931539999998648 ] ] ] } },
{ "type": "Feature", "properties": { "height": 13.2, "match_type": "matched", "height_source": "source_b" }, "geometry": { "type": "Polygon", "coordinates": [ [ [ 30.320799, 59.938738999998641 ], [ 30.320835, 59.938669999998631 ], [ 30.320377, 59.938643999998646 ], [ 30.320356, 59.938707999998634 ], [ 30.320799, 59.938738999998641 ] ] ] } },
{ "type": "Feature", "properties": { "height": 15.0, "match_type": "matched", "height_source": "source_b" }, "geometry": { "type": "Polygon", "coordinates": [ [ [ 30.320828, 59.930760999998647 ], [ 30.321004, 59.930808999998654 ], [ 30.321511, 59.930552999998625 ], [ 30.320798, 59.930269999998622 ], [ 30.320724, 59.930320999998649 ], [ 30.321243, 59.930530999998624 ], [ 30.320828, 59.930760999998647 ] ] ] } },
{ "type": "Feature", "properties": { "height": 15.0, "match_type": "matched", "height_source": "source_b" }, "geometry": { "type": "Polygon", "coordinates": [ [ [ 30.320828, 59.930760999998647 ], [ 30.321004, 59.930652999998628 ], [ 30.320314, 59.930439999998647 ], [ 30.320124, 59.930541999998667 ], [ 30.320828, 59.930760999998647 ] ] ] } },
{ "type": "Feature", "properties": { "height": 18.0, "match_type": "matched", "height_source": "source_b" }, "geometry": { "type": "Polygon", "coordinates": [ [ [ 30.320851, 59.938468999998641 ], [ 30.320817, 59.938740999998622 ], [ 30.321099, 59.938759999998659 ], [ 30.321139, 59.938595999998647 ], [ 30.321036, 59.938565999998652 ], [ 30.321026, 59.938477999998639 ], [ 30.320851, 59.938468999998641 ] ] ] } },
{ "type": "Feature", "properties": { "height": 9.9, "match_type": "matched", "height_source": "source_b" }, "geometry": { "type": "Polygon", "coordinates": [ [ [ 30.321035, 59.938328999998674 ], [ 30.320883, 59.938315999998636 ], [ 30.320851, 59.938468999998641 ], [ 30.321026, 59.938477999998639 ], [ 30.321035, 59.938328999998674 ] ] ] } },
{ "type": "Feature", "properties": { "height": 4.5, "match_type": "matched", "height_source": "source_b" }, "geometry": { "type": "Polygon", "coordinates": [ [ [ 30.320817, 59.938964999998653 ], [ 30.3208, 59.939046999998673 ], [ 30.32113, 59.939063999998638 ], [ 30.321147, 59.938980999998655 ], [ 30.320817, 59.938964999998653 ] ] ] } },
{ "type": "Feature", "properties": { "height": 4.2, "match_type": "only_a", "height_source": "ml_predicted" }, "geometry": { "type": "Polygon", "coordinates": [ [ [ 30.32085, 59.9347 ], [ 30.32095, 59.93468 ], [ 30.32086, 59.93459 ], [ 30.32077, 59.93461 ], [ 30.32085, 59.9347 ] ] ] } },
{ "type": "Feature", "properties": { "height": 13.2, "match_type": "matched", "height_source": "source_b" }, "geometry": { "type": "Polygon", "coordinates": [ [ [ 30.319688, 59.938910999998654 ], [ 30.320744, 59.938957999998628 ], [ 30.320799, 59.938738999998641 ], [ 30.319779, 59.93866799999865 ], [ 30.319688, 59.938910999998654 ] ], [ [ 30.320005, 59.938779999998637 ], [ 30.320473, 59.938795999998661 ], [ 30.320462, 59.938873999998663 ], [ 30.319994, 59.938857999998653 ], [ 30.320005, 59.938779999998637 ] ] ] } },
{ "type": "Feature", "properties": { "height": 9.9, "match_type": "matched", "height_source": "source_b" }, "geometry": { "type": "Polygon", "coordinates": [ [ [ 30.320747, 59.933310999998653 ], [ 30.320026, 59.933502999998623 ], [ 30.320106, 59.933579999998649 ], [ 30.32083, 59.933388999998655 ], [ 30.320747, 59.933310999998653 ] ] ] } },
{ "type": "Feature", "properties": { "height": 13.2, "match_type": "matched", "height_source": "source_b" }, "geometry": { "type": "Polygon", "coordinates": [ [ [ 30.320213, 59.929830999998643 ], [ 30.320922, 59.93011799999865 ], [ 30.321238, 59.929946999998648 ], [ 30.320489, 59.929638999998623 ], [ 30.320213, 59.929830999998643 ] ], [ [ 30.320478, 59.929839999998656 ], [ 30.320572, 59.929777999998649 ], [ 30.320982, 59.929936999998645 ], [ 30.320888, 59.929997999998633 ], [ 30.320478, 59.929839999998656 ] ] ] } },
{ "type": "Feature", "properties": { "height": 13.2, "match_type": "matched", "height_source": "source_b" }, "geometry": { "type": "Polygon", "coordinates": [ [ [ 30.321083, 59.931601999998662 ], [ 30.321275, 59.931497999998633 ], [ 30.321188, 59.931458999998604 ], [ 30.321122, 59.931494999998648 ], [ 30.321097, 59.931439999998659 ], [ 30.320643, 59.931308999998649 ], [ 30.320708, 59.931247999998625 ], [ 30.320596, 59.931214999998659 ], [ 30.320455, 59.931338999998637 ], [ 30.320987, 59.931493999998658 ], [ 30.321083, 59.931601999998662 ] ] ] } },
{ "type": "Feature", "properties": { "height": 9.9, "match_type": "matched", "height_source": "source_b" }, "geometry": { "type": "Polygon", "coordinates": [ [ [ 30.321051, 59.929873999998634 ], [ 30.321152, 59.929805999998635 ], [ 30.320869, 59.929696999998662 ], [ 30.32077, 59.929762999998658 ], [ 30.321051, 59.929873999998634 ] ] ] } },
{ "type": "Feature", "properties": { "height": 9.9, "match_type": "matched", "height_source": "source_b" }, "geometry": { "type": "Polygon", "coordinates": [ [ [ 30.320432, 59.933715999998647 ], [ 30.320623, 59.933902999998651 ], [ 30.321093, 59.933780999998682 ], [ 30.320889, 59.933593999998649 ], [ 30.320432, 59.933715999998647 ] ] ] } },
{ "type": "Feature", "properties": { "height": 13.2, "match_type": "matched", "height_source": "source_b" }, "geometry": { "type": "Polygon", "coordinates": [ [ [ 30.32031, 59.935897999998637 ], [ 30.320088, 59.935500999998673 ], [ 30.320902, 59.935384999998647 ], [ 30.321056, 59.935695999998643 ], [ 30.32121, 59.93567699999867 ], [ 30.321047, 59.935333999998647 ], [ 30.320926, 59.935229999998647 ], [ 30.320793, 59.93525799999864 ], [ 30.320835, 59.935305999998654 ], [ 30.320515, 59.93535999999866 ], [ 30.320491, 59.935330999998648 ], [ 30.31975, 59.935506999998672 ], [ 30.319969, 59.935936999998638 ], [ 30.32031, 59.935897999998637 ] ] ] } },
{ "type": "Feature", "properties": { "height": 13.2, "match_type": "matched", "height_source": "source_b" }, "geometry": { "type": "Polygon", "coordinates": [ [ [ 30.320273, 59.935809999998661 ], [ 30.32031, 59.935897999998637 ], [ 30.321255, 59.935775999998654 ], [ 30.32121, 59.93567699999867 ], [ 30.320273, 59.935809999998661 ] ] ] } },
{ "type": "Feature", "properties": { "height": 4.5, "match_type": "matched", "height_source": "source_b" }, "geometry": { "type": "Polygon", "coordinates": [ [ [ 30.320474, 59.93570999999865 ], [ 30.320898, 59.935654999998647 ], [ 30.320824, 59.935511999998639 ], [ 30.320401, 59.935566999998663 ], [ 30.320474, 59.93570999999865 ] ] ] } },
{ "type": "Feature", "properties": { "height": 21.0, "match_type": "matched", "height_source": "source_b" }, "geometry": { "type": "Polygon", "coordinates": [ [ [ 30.322226, 59.937933999998663 ], [ 30.322549, 59.937942999998661 ], [ 30.322559, 59.937855999998646 ], [ 30.322236, 59.937845999998657 ], [ 30.322226, 59.937933999998663 ] ] ] } },
{ "type": "Feature", "properties": { "height": 13.2, "match_type": "matched", "height_source": "source_b" }, "geometry": { "type": "Polygon", "coordinates": [ [ [ 30.321424, 59.937666999998633 ], [ 30.321283, 59.937673999998665 ], [ 30.321083, 59.937687999998644 ], [ 30.321106, 59.937784999998669 ], [ 30.321487, 59.937787999998619 ], [ 30.321424, 59.937666999998633 ] ] ] } },
{ "type": "Feature", "properties": { "height": 21.0, "match_type": "matched", "height_source": "source_b" }, "geometry": { "type": "Polygon", "coordinates": [ [ [ 30.321937, 59.938113999998649 ], [ 30.322531, 59.938158999998649 ], [ 30.322636, 59.938130999998656 ], [ 30.322654, 59.938073999998643 ], [ 30.321974, 59.937989999998656 ], [ 30.321937, 59.938113999998649 ] ] ] } },
{ "type": "Feature", "properties": { "height": 21.0, "match_type": "matched", "height_source": "source_b" }, "geometry": { "type": "Polygon", "coordinates": [ [ [ 30.322962, 59.938303999998638 ], [ 30.322905, 59.938271999998648 ], [ 30.322835, 59.938303999998652 ], [ 30.322905, 59.938334999998645 ], [ 30.322962, 59.938303999998638 ] ] ] } },
{ "type": "Feature", "properties": { "height": 18.0, "match_type": "matched", "height_source": "source_b" }, "geometry": { "type": "Polygon", "coordinates": [ [ [ 30.322931, 59.938275999998666 ], [ 30.322623, 59.937588999998646 ], [ 30.321457, 59.937665999998636 ], [ 30.321501, 59.937842999998658 ], [ 30.321453, 59.937836999998638 ], [ 30.321322, 59.938178999998648 ], [ 30.322852, 59.938325999998661 ], [ 30.322847, 59.93828499999865 ], [ 30.322931, 59.938275999998666 ] ], [ [ 30.321937, 59.938113999998649 ], [ 30.321974, 59.937989999998656 ], [ 30.322654, 59.938073999998643 ], [ 30.322636, 59.938130999998656 ], [ 30.322531, 59.938158999998649 ], [ 30.321937, 59.938113999998649 ] ], [ [ 30.322032, 59.937821999998654 ], [ 30.321993, 59.937702999998663 ], [ 30.322376, 59.937670999998652 ], [ 30.322464, 59.937689999998653 ], [ 30.322482, 59.937750999998663 ], [ 30.322032, 59.937821999998654 ] ], [ [ 30.322226, 59.937933999998663 ], [ 30.322236, 59.937845999998657 ], [ 30.322559, 59.937855999998646 ], [ 30.322549, 59.937942999998661 ], [ 30.322226, 59.937933999998663 ] ], [ [ 30.321555, 59.93805599999866 ], [ 30.321568, 59.938008999998665 ], [ 30.321748, 59.938022999998658 ], [ 30.32177, 59.937948999998667 ], [ 30.321878, 59.93795699999864 ], [ 30.321849, 59.938054999998641 ], [ 30.321555, 59.93805599999866 ] ] ] } },
{ "type": "Feature", "properties": { "height": 21.0, "match_type": "matched", "height_source": "source_b" }, "geometry": { "type": "Polygon", "coordinates": [ [ [ 30.322032, 59.937821999998654 ], [ 30.322416, 59.937789999998664 ], [ 30.322482, 59.937750999998663 ], [ 30.322464, 59.937689999998653 ], [ 30.322376, 59.937670999998652 ], [ 30.321993, 59.937702999998663 ], [ 30.322032, 59.937821999998654 ] ] ] } },
{ "type": "Feature", "properties": { "height": 9.9, "match_type": "matched", "height_source": "source_b" }, "geometry": { "type": "Polygon", "coordinates": [ [ [ 30.321062, 59.929521999998656 ], [ 30.321001, 59.92956499999864 ], [ 30.321247, 59.929671999998639 ], [ 30.321397, 59.929575999998626 ], [ 30.321201, 59.929495999998657 ], [ 30.321128, 59.929546999998628 ], [ 30.321062, 59.929521999998656 ] ] ] } },
{ "type": "Feature", "properties": { "height": 9.9, "match_type": "matched", "height_source": "source_b" }, "geometry": { "type": "Polygon", "coordinates": [ [ [ 30.321047, 59.935333999998647 ], [ 30.321547, 59.935285999998662 ], [ 30.321686, 59.935276999998642 ], [ 30.321631, 59.935245999998642 ], [ 30.321599, 59.935130999998634 ], [ 30.321337, 59.935150999998648 ], [ 30.321353, 59.935242999998657 ], [ 30.320969, 59.935270999998657 ], [ 30.321047, 59.935333999998647 ] ] ] } },
{ "type": "Feature", "properties": { "height": 18.0, "match_type": "matched", "height_source": "source_b" }, "geometry": { "type": "Polygon", "coordinates": [ [ [ 30.32166, 59.931562999998647 ], [ 30.322149, 59.931715999998644 ], [ 30.322379, 59.931641999998632 ], [ 30.321718, 59.931442999998673 ], [ 30.321365, 59.93161799999865 ], [ 30.321433, 59.931673999998644 ], [ 30.32166, 59.931562999998647 ] ] ] } },
{ "type": "Feature", "properties": { "height": 18.0, "match_type": "matched", "height_source": "source_b" }, "geometry": { "type": "Polygon", "coordinates": [ [ [ 30.321372, 59.931918999998658 ], [ 30.322111, 59.931727999998643 ], [ 30.322149, 59.931715999998644 ], [ 30.321991, 59.931664999998645 ], [ 30.321528, 59.931778999998649 ], [ 30.321365, 59.93161799999865 ], [ 30.32118, 59.931707999998636 ], [ 30.321372, 59.931918999998658 ] ] ] } },
{ "type": "Feature", "properties": { "height": 13.2, "match_type": "matched", "height_source": "source_b" }, "geometry": { "type": "Polygon", "coordinates": [ [ [ 30.320661, 59.93646199999867 ], [ 30.3206, 59.936542999998657 ], [ 30.321669, 59.936408999998648 ], [ 30.321566, 59.936350999998638 ], [ 30.320661, 59.93646199999867 ] ] ] } },
{ "type": "Feature", "properties": { "height": 15.0, "match_type": "matched", "height_source": "source_b" }, "geometry": { "type": "Polygon", "coordinates": [ [ [ 30.321288, 59.936285999998674 ], [ 30.321131, 59.936198999998645 ], [ 30.321011, 59.936215999998666 ], [ 30.320943, 59.936285999998645 ], [ 30.321011, 59.936354999998656 ], [ 30.321131, 59.93637199999867 ], [ 30.321288, 59.936285999998674 ] ] ] } },
{ "type": "Feature", "properties": { "height": 13.2, "match_type": "matched", "height_source": "source_b" }, "geometry": { "type": "Polygon", "coordinates": [ [ [ 30.321777, 59.936395999998659 ], [ 30.322054, 59.936362999998643 ], [ 30.321973, 59.936181999998652 ], [ 30.321697, 59.936213999998657 ], [ 30.321777, 59.936395999998659 ] ] ] } },
{ "type": "Feature", "properties": { "height": 13.2, "match_type": "matched", "height_source": "source_b" }, "geometry": { "type": "Polygon", "coordinates": [ [ [ 30.320186, 59.936580999998633 ], [ 30.320484, 59.93655599999866 ], [ 30.320422, 59.936373999998651 ], [ 30.32035, 59.936382999998649 ], [ 30.3203, 59.936256999998662 ], [ 30.320124, 59.936277999998651 ], [ 30.320186, 59.936580999998633 ] ] ] } },
{ "type": "Feature", "properties": { "height": 13.2, "match_type": "matched", "height_source": "source_b" }, "geometry": { "type": "Polygon", "coordinates": [ [ [ 30.32035, 59.936382999998649 ], [ 30.32095, 59.936308999998651 ], [ 30.320968, 59.936239999998683 ], [ 30.321068, 59.936201999998673 ], [ 30.321219, 59.936215999998666 ], [ 30.321285, 59.936269999998657 ], [ 30.321973, 59.936181999998652 ], [ 30.321915, 59.936058999998643 ], [ 30.3203, 59.936256999998662 ], [ 30.32035, 59.936382999998649 ] ] ] } },
{ "type": "Feature", "properties": { "height": 12.2, "match_type": "only_a", "height_source": "ml_predicted" }, "geometry": { "type": "Polygon", "coordinates": [ [ [ 30.32112, 59.93702 ], [ 30.32133, 59.93698 ], [ 30.32156, 59.93697 ], [ 30.32154, 59.93691 ], [ 30.32109, 59.93695 ], [ 30.32112, 59.93702 ] ] ] } },
{ "type": "Feature", "properties": { "height": 5.3, "match_type": "only_a", "height_source": "ml_predicted" }, "geometry": { "type": "Polygon", "coordinates": [ [ [ 30.32129, 59.93944 ], [ 30.32148, 59.93944 ], [ 30.32148, 59.9394 ], [ 30.32142, 59.9394 ], [ 30.32142, 59.93927 ], [ 30.32148, 59.93926 ], [ 30.32148, 59.93922 ], [ 30.32129, 59.93923 ], [ 30.32129, 59.93944 ] ] ] } },
{ "type": "Feature", "properties": { "height": 9.9, "match_type": "matched", "height_source": "source_b" }, "geometry": { "type": "Polygon", "coordinates": [ [ [ 30.321012, 59.940769999998658 ], [ 30.321111, 59.940815999998655 ], [ 30.321501, 59.940608999998652 ], [ 30.321393, 59.940567999998642 ], [ 30.321012, 59.940769999998658 ] ] ] } },
{ "type": "Feature", "properties": { "height": 6.6, "match_type": "matched", "height_source": "source_b" }, "geometry": { "type": "Polygon", "coordinates": [ [ [ 30.321787, 59.940989999998649 ], [ 30.321926, 59.941040999998656 ], [ 30.322179, 59.940871999998649 ], [ 30.321501, 59.940608999998652 ], [ 30.321211, 59.940765999998654 ], [ 30.321327, 59.940814999998643 ], [ 30.321522, 59.940717999998654 ], [ 30.32193, 59.940880999998647 ], [ 30.321787, 59.940989999998649 ] ] ] } },
{ "type": "Feature", "properties": { "height": 13.2, "match_type": "matched", "height_source": "source_b" }, "geometry": { "type": "Polygon", "coordinates": [ [ [ 30.321275, 59.931497999998633 ], [ 30.321497, 59.931378999998635 ], [ 30.320677, 59.931136999998657 ], [ 30.320596, 59.931214999998659 ], [ 30.321262, 59.931410999998647 ], [ 30.321188, 59.931458999998604 ], [ 30.321275, 59.931497999998633 ] ] ] } },
{ "type": "Feature", "properties": { "height": 18.0, "match_type": "matched", "height_source": "source_b" }, "geometry": { "type": "Polygon", "coordinates": [ [ [ 30.321614, 59.938579999998673 ], [ 30.321644, 59.938437999998634 ], [ 30.321046, 59.938383999998635 ], [ 30.321013, 59.938535999998649 ], [ 30.321614, 59.938579999998673 ] ] ] } },
{ "type": "Feature", "properties": { "height": 18.0, "match_type": "matched", "height_source": "source_b" }, "geometry": { "type": "Polygon", "coordinates": [ [ [ 30.321407, 59.938780999998656 ], [ 30.321766, 59.938802999998636 ], [ 30.321772, 59.938761999998654 ], [ 30.321691, 59.938757999998636 ], [ 30.321728, 59.938599999998651 ], [ 30.321532, 59.93857799999865 ], [ 30.321437, 59.938620999998641 ], [ 30.321407, 59.938780999998656 ] ] ] } },
{ "type": "Feature", "properties": { "height": 13.2, "match_type": "matched", "height_source": "source_b" }, "geometry": { "type": "Polygon", "coordinates": [ [ [ 30.321198, 59.938983999998655 ], [ 30.321277, 59.938770999998667 ], [ 30.321019, 59.93875399999866 ], [ 30.320968, 59.938970999998638 ], [ 30.321198, 59.938983999998655 ] ] ] } },
{ "type": "Feature", "properties": { "height": 13.2, "match_type": "matched", "height_source": "source_b" }, "geometry": { "type": "Polygon", "coordinates": [ [ [ 30.321388, 59.933037999998639 ], [ 30.321285, 59.932932999998648 ], [ 30.320998, 59.933004999998651 ], [ 30.321109, 59.933113999998639 ], [ 30.321388, 59.933037999998639 ] ] ] } },
{ "type": "Feature", "properties": { "height": 6.6, "match_type": "matched", "height_source": "source_b" }, "geometry": { "type": "Polygon", "coordinates": [ [ [ 30.321549, 59.933408999998633 ], [ 30.321325, 59.933201999998651 ], [ 30.321208, 59.933233999998642 ], [ 30.32129, 59.933308999998644 ], [ 30.321133, 59.933351999998621 ], [ 30.321221, 59.933433999998655 ], [ 30.321549, 59.933408999998633 ] ] ] } },
{ "type": "Feature", "properties": { "height": 15.0, "match_type": "matched", "height_source": "source_b" }, "geometry": { "type": "Polygon", "coordinates": [ [ [ 30.320708, 59.930233999998649 ], [ 30.321511, 59.930552999998625 ], [ 30.322091, 59.930263999998637 ], [ 30.321286, 59.929921999998633 ], [ 30.320708, 59.930233999998649 ] ], [ [ 30.321349, 59.930390999998657 ], [ 30.320962, 59.930233999998649 ], [ 30.321345, 59.93003099999865 ], [ 30.32174, 59.930192999998653 ], [ 30.321349, 59.930390999998657 ] ] ] } },
{ "type": "Feature", "properties": { "height": 5.7, "match_type": "only_a", "height_source": "ml_predicted" }, "geometry": { "type": "Polygon", "coordinates": [ [ [ 30.32136, 59.93523 ], [ 30.32134, 59.93516 ], [ 30.3212, 59.93517 ], [ 30.32122, 59.93524 ], [ 30.32136, 59.93523 ] ] ] } },
{ "type": "Feature", "properties": { "height": 12.7, "match_type": "only_a", "height_source": "ml_predicted" }, "geometry": { "type": "Polygon", "coordinates": [ [ [ 30.3214, 59.93824 ], [ 30.32141, 59.9382 ], [ 30.3207, 59.93814 ], [ 30.32069, 59.93817 ], [ 30.3214, 59.93824 ] ] ] } },
{ "type": "Feature", "properties": { "height": 15.0, "match_type": "matched", "height_source": "source_b" }, "geometry": { "type": "Polygon", "coordinates": [ [ [ 30.321238, 59.929946999998648 ], [ 30.32172, 59.929696999998662 ], [ 30.321636, 59.929666999998616 ], [ 30.321766, 59.929590999998652 ], [ 30.321529, 59.929491999998639 ], [ 30.321456, 59.929538999998634 ], [ 30.32151, 59.929563999998642 ], [ 30.321051, 59.929873999998634 ], [ 30.321238, 59.929946999998648 ] ] ] } },
{ "type": "Feature", "properties": { "height": 9.9, "match_type": "matched", "height_source": "source_b" }, "geometry": { "type": "Polygon", "coordinates": [ [ [ 30.321459, 59.938995999998653 ], [ 30.321986, 59.939020999998633 ], [ 30.322028, 59.938819999998657 ], [ 30.321493, 59.93878599999865 ], [ 30.321459, 59.938995999998653 ] ], [ [ 30.321639, 59.938946999998635 ], [ 30.321653, 59.93887999999864 ], [ 30.321942, 59.938894999998659 ], [ 30.321929, 59.938961999998654 ], [ 30.321639, 59.938946999998635 ] ] ] } },
{ "type": "Feature", "properties": { "height": 9.9, "match_type": "matched", "height_source": "source_b" }, "geometry": { "type": "Polygon", "coordinates": [ [ [ 30.32118, 59.931707999998636 ], [ 30.321365, 59.93161799999865 ], [ 30.321396, 59.931602999998638 ], [ 30.32119, 59.931543999998674 ], [ 30.321083, 59.931601999998662 ], [ 30.32118, 59.931707999998636 ] ] ] } },
{ "type": "Feature", "properties": { "height": 4.9, "match_type": "only_a", "height_source": "ml_predicted" }, "geometry": { "type": "Polygon", "coordinates": [ [ [ 30.32143, 59.9316 ], [ 30.32149, 59.93157 ], [ 30.32141, 59.93153 ], [ 30.32135, 59.93156 ], [ 30.32143, 59.9316 ] ] ] } },
{ "type": "Feature", "properties": { "height": 9.9, "match_type": "matched", "height_source": "source_b" }, "geometry": { "type": "Polygon", "coordinates": [ [ [ 30.321456, 59.929538999998634 ], [ 30.321529, 59.929491999998639 ], [ 30.321296, 59.929395999998654 ], [ 30.321221, 59.929442999998649 ], [ 30.321456, 59.929538999998634 ] ] ] } },
{ "type": "Feature", "properties": { "height": 6.3, "match_type": "only_a", "height_source": "ml_predicted" }, "geometry": { "type": "Polygon", "coordinates": [ [ [ 30.32144, 59.93297 ], [ 30.32139, 59.93292 ], [ 30.32133, 59.93293 ], [ 30.32139, 59.93298 ], [ 30.32144, 59.93297 ] ] ] } },
{ "type": "Feature", "properties": { "height": 9.9, "match_type": "matched", "height_source": "source_b" }, "geometry": { "type": "Polygon", "coordinates": [ [ [ 30.321277, 59.940536999998649 ], [ 30.321387, 59.940493999998644 ], [ 30.321515, 59.940454999998657 ], [ 30.321479, 59.940389999998644 ], [ 30.321191, 59.94048499999866 ], [ 30.321277, 59.940536999998649 ] ] ] } },
{ "type": "Feature", "properties": { "height": 13.2, "match_type": "matched", "height_source": "source_b" }, "geometry": { "type": "Polygon", "coordinates": [ [ [ 30.321393, 59.940567999998642 ], [ 30.322179, 59.940871999998649 ], [ 30.322522, 59.940784999998648 ], [ 30.32247, 59.940720999998653 ], [ 30.322631, 59.94067799999862 ], [ 30.322394, 59.940376999998655 ], [ 30.322731, 59.940315999998653 ], [ 30.322681, 59.940242999998645 ], [ 30.321387, 59.940493999998644 ], [ 30.321459, 59.940530999998664 ], [ 30.321393, 59.940567999998642 ] ], [ [ 30.322125, 59.940448999998672 ], [ 30.322371, 59.940718999998644 ], [ 30.322179, 59.940770999998634 ], [ 30.321617, 59.940546999998666 ], [ 30.322125, 59.940448999998672 ] ] ] } },
{ "type": "Feature", "properties": { "height": 11.8, "match_type": "only_a", "height_source": "ml_predicted" }, "geometry": { "type": "Polygon", "coordinates": [ [ [ 30.3214, 59.93728 ], [ 30.32147, 59.93725 ], [ 30.3221, 59.93719 ], [ 30.32206, 59.93707 ], [ 30.32134, 59.93712 ], [ 30.3214, 59.93728 ] ] ] } },
{ "type": "Feature", "properties": { "height": 13.2, "match_type": "matched", "height_source": "source_b" }, "geometry": { "type": "Polygon", "coordinates": [ [ [ 30.321166, 59.939203999998647 ], [ 30.321361, 59.939212999998659 ], [ 30.321395, 59.938992999998653 ], [ 30.321198, 59.938983999998655 ], [ 30.321166, 59.939203999998647 ] ] ] } },
{ "type": "Feature", "properties": { "height": 9.9, "match_type": "matched", "height_source": "source_b" }, "geometry": { "type": "Polygon", "coordinates": [ [ [ 30.321361, 59.939212999998659 ], [ 30.321456, 59.939216999998635 ], [ 30.321495, 59.938997999998648 ], [ 30.321395, 59.938992999998653 ], [ 30.321361, 59.939212999998659 ] ] ] } },
{ "type": "Feature", "properties": { "height": 7.2, "match_type": "only_a", "height_source": "ml_predicted" }, "geometry": { "type": "Polygon", "coordinates": [ [ [ 30.32152, 59.93356 ], [ 30.32139, 59.93359 ], [ 30.32162, 59.93381 ], [ 30.32173, 59.93379 ], [ 30.32152, 59.93356 ] ] ] } },
{ "type": "Feature", "properties": { "height": 4.5, "match_type": "matched", "height_source": "source_b" }, "geometry": { "type": "Polygon", "coordinates": [ [ [ 30.321825, 59.939138999998654 ], [ 30.321635, 59.939140999998664 ], [ 30.321639, 59.939202999998642 ], [ 30.321828, 59.939199999998671 ], [ 30.321825, 59.939138999998654 ] ] ] } },
{ "type": "Feature", "properties": { "height": 13.2, "match_type": "matched", "height_source": "source_b" }, "geometry": { "type": "Polygon", "coordinates": [ [ [ 30.320477, 59.934952999998643 ], [ 30.320652, 59.935148999998653 ], [ 30.321609, 59.93493099999862 ], [ 30.321679, 59.93500799999866 ], [ 30.322064, 59.93492199999865 ], [ 30.321746, 59.934570999998634 ], [ 30.32137, 59.934655999998654 ], [ 30.321434, 59.934734999998646 ], [ 30.320477, 59.934952999998643 ] ] ] } },
{ "type": "Feature", "properties": { "height": 15.0, "match_type": "matched", "height_source": "source_b" }, "geometry": { "type": "Polygon", "coordinates": [ [ [ 30.321754, 59.933841999998641 ], [ 30.321884, 59.933968999998648 ], [ 30.322007, 59.933941999998666 ], [ 30.322059, 59.934001999998635 ], [ 30.322789, 59.933838999998656 ], [ 30.322563, 59.93359199999864 ], [ 30.322475, 59.933611999998632 ], [ 30.322552, 59.933703999998642 ], [ 30.321754, 59.933841999998641 ] ] ] } },
{ "type": "Feature", "properties": { "height": 18.0, "match_type": "matched", "height_source": "source_b" }, "geometry": { "type": "Polygon", "coordinates": [ [ [ 30.321702, 59.933789999998652 ], [ 30.321754, 59.933841999998641 ], [ 30.321929, 59.933834999998652 ], [ 30.322552, 59.933703999998642 ], [ 30.322475, 59.933611999998632 ], [ 30.321702, 59.933789999998652 ] ] ] } },
{ "type": "Feature", "properties": { "height": 15.0, "match_type": "matched", "height_source": "source_b" }, "geometry": { "type": "Polygon", "coordinates": [ [ [ 30.321316, 59.931475999998632 ], [ 30.321522, 59.931540999998639 ], [ 30.321718, 59.931442999998673 ], [ 30.321497, 59.931378999998635 ], [ 30.321316, 59.931475999998632 ] ] ] } },
{ "type": "Feature", "properties": { "height": 13.2, "match_type": "matched", "height_source": "source_b" }, "geometry": { "type": "Polygon", "coordinates": [ [ [ 30.32173, 59.935708999998653 ], [ 30.321648, 59.935522999998661 ], [ 30.321568, 59.935530999998655 ], [ 30.321589, 59.935590999998659 ], [ 30.321193, 59.935636999998636 ], [ 30.321255, 59.935775999998654 ], [ 30.32173, 59.935708999998653 ] ] ] } },
{ "type": "Feature", "properties": { "height": 9.9, "match_type": "matched", "height_source": "source_b" }, "geometry": { "type": "Polygon", "coordinates": [ [ [ 30.321193, 59.935636999998636 ], [ 30.32132, 59.93562099999864 ], [ 30.32124, 59.935424999998652 ], [ 30.321474, 59.93540499999866 ], [ 30.321539, 59.93553399999864 ], [ 30.321648, 59.935522999998661 ], [ 30.321547, 59.935285999998662 ], [ 30.321047, 59.935333999998647 ], [ 30.321193, 59.935636999998636 ] ] ] } },
{ "type": "Feature", "properties": { "height": 4.5, "match_type": "matched", "height_source": "source_b" }, "geometry": { "type": "Polygon", "coordinates": [ [ [ 30.321693, 59.939578999998652 ], [ 30.32203, 59.939575999998681 ], [ 30.322029, 59.939534999998656 ], [ 30.321692, 59.93953799999867 ], [ 30.321693, 59.939578999998652 ] ] ] } },
{ "type": "Feature", "properties": { "height": 15.0, "match_type": "matched", "height_source": "source_b" }, "geometry": { "type": "Polygon", "coordinates": [ [ [ 30.321435, 59.929452999998652 ], [ 30.321867, 59.929632999998653 ], [ 30.322288, 59.929396999998659 ], [ 30.321865, 59.929200999998649 ], [ 30.322439, 59.928861999998645 ], [ 30.321943, 59.928658999998653 ], [ 30.321738, 59.928789999998649 ], [ 30.322192, 59.928923999998659 ], [ 30.321563, 59.929272999998638 ], [ 30.321655, 59.929314999998638 ], [ 30.321435, 59.929452999998652 ] ], [ [ 30.321731, 59.92935099999864 ], [ 30.321952, 59.929444999998658 ], [ 30.321836, 59.929513999998647 ], [ 30.321615, 59.929420999998626 ], [ 30.321731, 59.92935099999864 ] ] ] } },
{ "type": "Feature", "properties": { "height": 13.2, "match_type": "matched", "height_source": "source_b" }, "geometry": { "type": "Polygon", "coordinates": [ [ [ 30.321435, 59.929452999998652 ], [ 30.321514, 59.929402999998672 ], [ 30.321288, 59.929303999998638 ], [ 30.321574, 59.929125999998647 ], [ 30.321717, 59.929181999998661 ], [ 30.321865, 59.929084999998643 ], [ 30.321715, 59.92901199999865 ], [ 30.321936, 59.928871999998641 ], [ 30.321738, 59.928789999998649 ], [ 30.321019, 59.929277999998646 ], [ 30.321435, 59.929452999998652 ] ] ] } },
{ "type": "Feature", "properties": { "height": 18.0, "match_type": "matched", "height_source": "source_b" }, "geometry": { "type": "Polygon", "coordinates": [ [ [ 30.322515, 59.932059999998657 ], [ 30.322722, 59.932007999998667 ], [ 30.322993, 59.931824999998639 ], [ 30.322379, 59.931641999998632 ], [ 30.322111, 59.931727999998643 ], [ 30.322741, 59.931897999998647 ], [ 30.322454, 59.93198499999864 ], [ 30.322515, 59.932059999998657 ] ] ] } },
{ "type": "Feature", "properties": { "height": 15.0, "match_type": "matched", "height_source": "source_b" }, "geometry": { "type": "Polygon", "coordinates": [ [ [ 30.321687, 59.932271999998669 ], [ 30.322515, 59.932059999998657 ], [ 30.322215, 59.931757999998645 ], [ 30.322111, 59.931727999998643 ], [ 30.321372, 59.931918999998658 ], [ 30.321687, 59.932271999998669 ] ], [ [ 30.32189, 59.932106999998638 ], [ 30.321721, 59.931920999998653 ], [ 30.322021, 59.931842999998651 ], [ 30.322201, 59.932033999998652 ], [ 30.32189, 59.932106999998638 ] ] ] } },
{ "type": "Feature", "properties": { "height": 18.0, "match_type": "matched", "height_source": "source_b" }, "geometry": { "type": "Polygon", "coordinates": [ [ [ 30.322223, 59.938576999998645 ], [ 30.322764, 59.938627999998658 ], [ 30.322787, 59.93848799999865 ], [ 30.322259, 59.938439999998664 ], [ 30.322223, 59.938576999998645 ] ] ] } },
{ "type": "Feature", "properties": { "height": 21.0, "match_type": "matched", "height_source": "source_b" }, "geometry": { "type": "Polygon", "coordinates": [ [ [ 30.323078, 59.938518999998649 ], [ 30.323039, 59.938494999998667 ], [ 30.322982, 59.938518999998635 ], [ 30.323022, 59.938542999998653 ], [ 30.323078, 59.938518999998649 ] ] ] } },
{ "type": "Feature", "properties": { "height": 18.0, "match_type": "matched", "height_source": "source_b" }, "geometry": { "type": "Polygon", "coordinates": [ [ [ 30.32275, 59.938673999998663 ], [ 30.323138, 59.938700999998666 ], [ 30.323063, 59.938535999998649 ], [ 30.322787, 59.93848799999865 ], [ 30.32275, 59.938673999998663 ] ] ] } },
{ "type": "Feature", "properties": { "height": 18.0, "match_type": "matched", "height_source": "source_b" }, "geometry": { "type": "Polygon", "coordinates": [ [ [ 30.321627, 59.93851999999864 ], [ 30.322223, 59.938576999998645 ], [ 30.322259, 59.938439999998664 ], [ 30.321656, 59.938384999998661 ], [ 30.321627, 59.93851999999864 ] ] ] } },
{ "type": "Feature", "properties": { "height": 18.0, "match_type": "matched", "height_source": "source_b" }, "geometry": { "type": "Polygon", "coordinates": [ [ [ 30.322278, 59.935643999998639 ], [ 30.322104, 59.935248999998656 ], [ 30.321547, 59.935285999998662 ], [ 30.32173, 59.935708999998653 ], [ 30.322278, 59.935643999998639 ] ], [ [ 30.321941, 59.935461999998658 ], [ 30.321972, 59.935546999998635 ], [ 30.321814, 59.935561999998647 ], [ 30.321782, 59.935476999998642 ], [ 30.321941, 59.935461999998658 ] ] ] } },
{ "type": "Feature", "properties": { "height": 4.5, "match_type": "matched", "height_source": "source_b" }, "geometry": { "type": "Polygon", "coordinates": [ [ [ 30.321686, 59.935276999998642 ], [ 30.322687, 59.93520499999866 ], [ 30.322819, 59.935192999998641 ], [ 30.322789, 59.935125999998654 ], [ 30.321665, 59.935216999998659 ], [ 30.321686, 59.935276999998642 ] ] ] } },
{ "type": "Feature", "properties": { "height": 15.0, "match_type": "matched", "height_source": "source_b" }, "geometry": { "type": "Polygon", "coordinates": [ [ [ 30.321766, 59.938802999998636 ], [ 30.323236, 59.938901999998663 ], [ 30.323138, 59.938700999998666 ], [ 30.322796, 59.938677999998653 ], [ 30.322827, 59.938805999998664 ], [ 30.322534, 59.938783999998662 ], [ 30.322569, 59.938661999998629 ], [ 30.322241, 59.938638999998652 ], [ 30.322205, 59.938760999998635 ], [ 30.321915, 59.938740999998636 ], [ 30.321931, 59.938685999998633 ], [ 30.322029, 59.938689999998651 ], [ 30.322049, 59.938623999998633 ], [ 30.321799, 59.938634999998662 ], [ 30.321766, 59.938802999998636 ] ] ] } },
{ "type": "Feature", "properties": { "height": 9.9, "match_type": "matched", "height_source": "source_b" }, "geometry": { "type": "Polygon", "coordinates": [ [ [ 30.321843, 59.930158999998667 ], [ 30.321971, 59.93009399999864 ], [ 30.321421, 59.929860999998645 ], [ 30.321305, 59.929930999998632 ], [ 30.321843, 59.930158999998667 ] ] ] } },
{ "type": "Feature", "properties": { "height": 3.6, "match_type": "only_a", "height_source": "ml_predicted" }, "geometry": { "type": "Polygon", "coordinates": [ [ [ 30.322, 59.93401 ], [ 30.32192, 59.93403 ], [ 30.32194, 59.93411 ], [ 30.32201, 59.93411 ], [ 30.322, 59.93401 ] ] ] } },
{ "type": "Feature", "properties": { "height": 18.0, "match_type": "matched", "height_source": "source_b" }, "geometry": { "type": "Polygon", "coordinates": [ [ [ 30.321192, 59.93740699999865 ], [ 30.321427, 59.937382999998647 ], [ 30.32249, 59.93727999999863 ], [ 30.322252, 59.936782999998655 ], [ 30.321645, 59.93684699999865 ], [ 30.321683, 59.936918999998653 ], [ 30.321616, 59.936927999998652 ], [ 30.321625, 59.936961999998623 ], [ 30.320913, 59.937027999998627 ], [ 30.321044, 59.937369999998658 ], [ 30.321177, 59.937356999998634 ], [ 30.321192, 59.93740699999865 ] ], [ [ 30.322042, 59.937023999998651 ], [ 30.322106, 59.937178999998665 ], [ 30.321321, 59.93726199999864 ], [ 30.321257, 59.937105999998643 ], [ 30.322042, 59.937023999998651 ] ] ] } },
{ "type": "Feature", "properties": { "height": 15.0, "match_type": "matched", "height_source": "source_b" }, "geometry": { "type": "Polygon", "coordinates": [ [ [ 30.322883, 59.929049999998647 ], [ 30.322439, 59.928861999998645 ], [ 30.321973, 59.929135999998671 ], [ 30.322074, 59.929181999998676 ], [ 30.32237, 59.928985999998652 ], [ 30.322625, 59.92909399999867 ], [ 30.322257, 59.929288999998654 ], [ 30.322382, 59.92934199999862 ], [ 30.322883, 59.929049999998647 ] ] ] } },
{ "type": "Feature", "properties": { "height": 15.0, "match_type": "matched", "height_source": "source_b" }, "geometry": { "type": "Polygon", "coordinates": [ [ [ 30.322072, 59.932701999998663 ], [ 30.322347, 59.932637999998647 ], [ 30.322229, 59.932501999998657 ], [ 30.322302, 59.932485999998633 ], [ 30.322365, 59.932559999998645 ], [ 30.322934, 59.932425999998692 ], [ 30.323127, 59.932646999998646 ], [ 30.32328, 59.932610999998658 ], [ 30.322722, 59.932007999998667 ], [ 30.321687, 59.932271999998669 ], [ 30.322072, 59.932701999998663 ] ], [ [ 30.322795, 59.932282999998655 ], [ 30.322149, 59.932436999998643 ], [ 30.322002, 59.932272999998659 ], [ 30.322646, 59.932108999998633 ], [ 30.322795, 59.932282999998655 ] ] ] } },
{ "type": "Feature", "properties": { "height": 15.0, "match_type": "matched", "height_source": "source_b" }, "geometry": { "type": "Polygon", "coordinates": [ [ [ 30.322213, 59.932853999998649 ], [ 30.323127, 59.932646999998646 ], [ 30.323054, 59.932564999998654 ], [ 30.322411, 59.932708999998638 ], [ 30.322347, 59.932637999998647 ], [ 30.322072, 59.932701999998663 ], [ 30.322213, 59.932853999998649 ] ] ] } },
{ "type": "Feature", "properties": { "height": 9.0, "match_type": "only_a", "height_source": "ml_predicted" }, "geometry": { "type": "Polygon", "coordinates": [ [ [ 30.3221, 59.93406 ], [ 30.32288, 59.93387 ], [ 30.32264, 59.9336 ], [ 30.32259, 59.93361 ], [ 30.32278, 59.93382 ], [ 30.32206, 59.93399 ], [ 30.3221, 59.93406 ] ] ] } },
{ "type": "Feature", "properties": { "height": 9.9, "match_type": "matched", "height_source": "source_b" }, "geometry": { "type": "Polygon", "coordinates": [ [ [ 30.322125, 59.929689999998622 ], [ 30.321907, 59.929804999998645 ], [ 30.321866, 59.929786999998662 ], [ 30.321715, 59.929873999998648 ], [ 30.321952, 59.92997999999865 ], [ 30.322326, 59.929777999998649 ], [ 30.322125, 59.929689999998622 ] ] ] } },
{ "type": "Feature", "properties": { "height": 18.0, "match_type": "matched", "height_source": "source_b" }, "geometry": { "type": "Polygon", "coordinates": [ [ [ 30.321308, 59.936810999998649 ], [ 30.321334, 59.936879999998645 ], [ 30.322252, 59.936782999998655 ], [ 30.322054, 59.936362999998643 ], [ 30.321777, 59.936395999998659 ], [ 30.321927, 59.936741999998659 ], [ 30.321308, 59.936810999998649 ] ] ] } },
{ "type": "Feature", "properties": { "height": 15.0, "match_type": "matched", "height_source": "source_b" }, "geometry": { "type": "Polygon", "coordinates": [ [ [ 30.321071, 59.936830999998655 ], [ 30.321308, 59.936810999998649 ], [ 30.321225, 59.93653599999864 ], [ 30.321816, 59.936470999998654 ], [ 30.321777, 59.936395999998659 ], [ 30.32095, 59.936498999998648 ], [ 30.321071, 59.936830999998655 ] ] ] } },
{ "type": "Feature", "properties": { "height": 18.0, "match_type": "matched", "height_source": "source_b" }, "geometry": { "type": "Polygon", "coordinates": [ [ [ 30.320199, 59.936973999998635 ], [ 30.321087, 59.936903999998663 ], [ 30.321334, 59.936879999998645 ], [ 30.321308, 59.936810999998649 ], [ 30.320494, 59.936890999998646 ], [ 30.320476, 59.936644999998656 ], [ 30.320973, 59.93656099999864 ], [ 30.32095, 59.936498999998648 ], [ 30.320596, 59.936518999998654 ], [ 30.320186, 59.936580999998633 ], [ 30.320199, 59.936973999998635 ] ] ] } },
{ "type": "Feature", "properties": { "height": 18.0, "match_type": "matched", "height_source": "source_b" }, "geometry": { "type": "Polygon", "coordinates": [ [ [ 30.322858, 59.935581999998647 ], [ 30.322687, 59.93520499999866 ], [ 30.322104, 59.935248999998656 ], [ 30.322278, 59.935643999998639 ], [ 30.322858, 59.935581999998647 ] ], [ [ 30.322554, 59.935314999998653 ], [ 30.322622, 59.935465999998648 ], [ 30.322396, 59.935467999998657 ], [ 30.322338, 59.935339999998632 ], [ 30.322554, 59.935314999998653 ] ] ] } },
{ "type": "Feature", "properties": { "height": 4.5, "match_type": "matched", "height_source": "source_b" }, "geometry": { "type": "Polygon", "coordinates": [ [ [ 30.321631, 59.930964999998636 ], [ 30.321736, 59.930994999998653 ], [ 30.322153, 59.930785999998641 ], [ 30.322065, 59.930748999998663 ], [ 30.321631, 59.930964999998636 ] ] ] } },
{ "type": "Feature", "properties": { "height": 4.5, "match_type": "matched", "height_source": "source_b" }, "geometry": { "type": "Polygon", "coordinates": [ [ [ 30.322603, 59.930560999998633 ], [ 30.322519, 59.930521999998653 ], [ 30.322231, 59.930665999998652 ], [ 30.322319, 59.930700999998635 ], [ 30.322603, 59.930560999998633 ] ] ] } },
{ "type": "Feature", "properties": { "height": 6.6, "match_type": "matched", "height_source": "source_b" }, "geometry": { "type": "Polygon", "coordinates": [ [ [ 30.321631, 59.930964999998636 ], [ 30.321792, 59.930880999998621 ], [ 30.321566, 59.930785999998641 ], [ 30.321368, 59.930883999998649 ], [ 30.321631, 59.930964999998636 ] ] ] } },
{ "type": "Feature", "properties": { "height": 6.6, "match_type": "matched", "height_source": "source_b" }, "geometry": { "type": "Polygon", "coordinates": [ [ [ 30.321566, 59.930785999998641 ], [ 30.321792, 59.930880999998621 ], [ 30.322065, 59.930748999998663 ], [ 30.322153, 59.930785999998641 ], [ 30.322319, 59.930700999998635 ], [ 30.322231, 59.930665999998652 ], [ 30.323058, 59.930245999998647 ], [ 30.322834, 59.930146999998662 ], [ 30.321566, 59.930785999998641 ] ] ] } },
{ "type": "Feature", "properties": { "height": 6.6, "match_type": "matched", "height_source": "source_b" }, "geometry": { "type": "Polygon", "coordinates": [ [ [ 30.322519, 59.930521999998653 ], [ 30.322603, 59.930560999998633 ], [ 30.323145, 59.930283999998657 ], [ 30.323058, 59.930245999998647 ], [ 30.322519, 59.930521999998653 ] ] ] } },
{ "type": "Feature", "properties": { "height": 8.2, "match_type": "only_a", "height_source": "ml_predicted" }, "geometry": { "type": "Polygon", "coordinates": [ [ [ 30.32218, 59.93961 ], [ 30.32218, 59.93956 ], [ 30.32206, 59.93956 ], [ 30.32206, 59.93961 ], [ 30.32218, 59.93961 ] ] ] } },
{ "type": "Feature", "properties": { "height": 9.9, "match_type": "matched", "height_source": "source_b" }, "geometry": { "type": "Polygon", "coordinates": [ [ [ 30.322142, 59.939091999998638 ], [ 30.322142, 59.939024999998651 ], [ 30.321908, 59.939016999998643 ], [ 30.321904, 59.93908999999865 ], [ 30.322142, 59.939091999998638 ] ] ] } },
{ "type": "Feature", "properties": { "height": 15.0, "match_type": "matched", "height_source": "source_b" }, "geometry": { "type": "Polygon", "coordinates": [ [ [ 30.322169, 59.93959399999865 ], [ 30.323273, 59.93958699999866 ], [ 30.323528, 59.939568999998642 ], [ 30.323304, 59.939069999998637 ], [ 30.322142, 59.939024999998651 ], [ 30.322142, 59.939311999998665 ], [ 30.32205, 59.939318999998683 ], [ 30.322084, 59.939404999998636 ], [ 30.323127, 59.93939799999864 ], [ 30.323154, 59.939503999998649 ], [ 30.322127, 59.939507999998654 ], [ 30.322169, 59.93959399999865 ] ], [ [ 30.323016, 59.939101999998648 ], [ 30.323066, 59.939268999998674 ], [ 30.322402, 59.939275999998664 ], [ 30.322398, 59.939090999998633 ], [ 30.323016, 59.939101999998648 ] ] ] } },
{ "type": "Feature", "properties": { "height": 5.2, "match_type": "only_a", "height_source": "ml_predicted" }, "geometry": { "type": "Polygon", "coordinates": [ [ [ 30.32226, 59.92974 ], [ 30.32231, 59.92971 ], [ 30.32221, 59.92967 ], [ 30.32216, 59.9297 ], [ 30.32226, 59.92974 ] ] ] } },
{ "type": "Feature", "properties": { "height": 9.9, "match_type": "matched", "height_source": "source_b" }, "geometry": { "type": "Polygon", "coordinates": [ [ [ 30.322335, 59.937606999998664 ], [ 30.322623, 59.937588999998646 ], [ 30.322523, 59.937359999998634 ], [ 30.32224, 59.937383999998652 ], [ 30.322335, 59.937606999998664 ] ] ] } },
{ "type": "Feature", "properties": { "height": 13.2, "match_type": "matched", "height_source": "source_b" }, "geometry": { "type": "Polygon", "coordinates": [ [ [ 30.322546, 59.939875999998655 ], [ 30.322584, 59.939948999998656 ], [ 30.323172, 59.939867999998647 ], [ 30.323124, 59.93979199999864 ], [ 30.322546, 59.939875999998655 ] ] ] } },
{ "type": "Feature", "properties": { "height": 4.5, "match_type": "matched", "height_source": "source_b" }, "geometry": { "type": "Polygon", "coordinates": [ [ [ 30.323034, 59.94000299999864 ], [ 30.323055, 59.940040999998651 ], [ 30.323395, 59.939993999998656 ], [ 30.323376, 59.939952999998653 ], [ 30.323034, 59.94000299999864 ] ] ] } },
{ "type": "Feature", "properties": { "height": 15.0, "match_type": "matched", "height_source": "source_b" }, "geometry": { "type": "Polygon", "coordinates": [ [ [ 30.322178, 59.940128999998649 ], [ 30.323688, 59.939906999998641 ], [ 30.32368, 59.939849999998657 ], [ 30.3236, 59.93972599999865 ], [ 30.323356, 59.939755999998653 ], [ 30.323368, 59.939864999998662 ], [ 30.322375, 59.94001499999866 ], [ 30.322575, 59.939932999998668 ], [ 30.322546, 59.939875999998655 ], [ 30.322055, 59.939955999998666 ], [ 30.322178, 59.940128999998649 ] ] ] } },
{ "type": "Feature", "properties": { "height": 13.2, "match_type": "matched", "height_source": "source_b" }, "geometry": { "type": "Polygon", "coordinates": [ [ [ 30.321532, 59.937659999998637 ], [ 30.322335, 59.937606999998664 ], [ 30.322303, 59.937529999998667 ], [ 30.321764, 59.937575999998643 ], [ 30.321712, 59.937429999998656 ], [ 30.322523, 59.937359999998634 ], [ 30.32249, 59.93727999999863 ], [ 30.321427, 59.937382999998647 ], [ 30.321532, 59.937659999998637 ] ] ] } },
{ "type": "Feature", "properties": { "height": 15.0, "match_type": "matched", "height_source": "source_b" }, "geometry": { "type": "Polygon", "coordinates": [ [ [ 30.322712, 59.929265999998663 ], [ 30.32281, 59.929208999998629 ], [ 30.322692, 59.929159999998653 ], [ 30.322171, 59.92946399999866 ], [ 30.322812, 59.929723999998643 ], [ 30.32289, 59.929675999998658 ], [ 30.322835, 59.929628999998634 ], [ 30.322404, 59.929449999998653 ], [ 30.322523, 59.929379999998645 ], [ 30.323059, 59.929590999998638 ], [ 30.323232, 59.929490999998649 ], [ 30.322712, 59.929265999998663 ] ] ] } },
{ "type": "Feature", "properties": { "height": 13.2, "match_type": "matched", "height_source": "source_b" }, "geometry": { "type": "Polygon", "coordinates": [ [ [ 30.322812, 59.929723999998643 ], [ 30.323005, 59.92980799999863 ], [ 30.323333, 59.929643999998653 ], [ 30.323122, 59.929555999998641 ], [ 30.322812, 59.929723999998643 ] ] ] } },
{ "type": "Feature", "properties": { "height": 15.0, "match_type": "matched", "height_source": "source_b" }, "geometry": { "type": "Polygon", "coordinates": [ [ [ 30.322563, 59.93359199999864 ], [ 30.321856, 59.93284399999866 ], [ 30.321326, 59.932977999998634 ], [ 30.321388, 59.933037999998639 ], [ 30.321666, 59.932962999998637 ], [ 30.322013, 59.933282999998646 ], [ 30.321392, 59.933477999998651 ], [ 30.321702, 59.933789999998652 ], [ 30.322563, 59.93359199999864 ] ], [ [ 30.32165, 59.933532999998661 ], [ 30.322133, 59.933424999998657 ], [ 30.322261, 59.933569999998646 ], [ 30.322082, 59.933609999998652 ], [ 30.322056, 59.933578999998659 ], [ 30.321779, 59.933678999998641 ], [ 30.32165, 59.933532999998661 ] ] ] } },
{ "type": "Feature", "properties": { "height": 2.5, "match_type": "only_a", "height_source": "ml_predicted" }, "geometry": { "type": "Polygon", "coordinates": [ [ [ 30.32265, 59.93069 ], [ 30.32259, 59.93072 ], [ 30.32277, 59.93075 ], [ 30.32265, 59.93069 ] ] ] } },
{ "type": "Feature", "properties": { "height": 6.6, "match_type": "matched", "height_source": "source_b" }, "geometry": { "type": "Polygon", "coordinates": [ [ [ 30.322692, 59.929159999998653 ], [ 30.32357, 59.929527999998655 ], [ 30.32375, 59.929436999998664 ], [ 30.322883, 59.929049999998647 ], [ 30.322692, 59.929159999998653 ] ] ] } },
{ "type": "Feature", "properties": { "height": 6.6, "match_type": "matched", "height_source": "source_b" }, "geometry": { "type": "Polygon", "coordinates": [ [ [ 30.323122, 59.929555999998641 ], [ 30.323333, 59.929643999998653 ], [ 30.32357, 59.929527999998655 ], [ 30.323336, 59.929428999998649 ], [ 30.323122, 59.929555999998641 ] ] ] } },
{ "type": "Feature", "properties": { "height": 13.2, "match_type": "matched", "height_source": "source_b" }, "geometry": { "type": "Polygon", "coordinates": [ [ [ 30.324276, 59.930047999998649 ], [ 30.324142, 59.929987999998652 ], [ 30.323976, 59.930070999998641 ], [ 30.324104, 59.930130999998674 ], [ 30.324276, 59.930047999998649 ] ] ] } },
{ "type": "Feature", "properties": { "height": 9.9, "match_type": "matched", "height_source": "source_b" }, "geometry": { "type": "Polygon", "coordinates": [ [ [ 30.324099, 59.929968999998657 ], [ 30.322663, 59.930686999998656 ], [ 30.322871, 59.930794999998653 ], [ 30.322957, 59.930752999998639 ], [ 30.323029, 59.930788999998654 ], [ 30.3231, 59.930750999998658 ], [ 30.323044, 59.930717999998656 ], [ 30.32407, 59.930206999998653 ], [ 30.324121, 59.930231999998639 ], [ 30.324211, 59.930181999998645 ], [ 30.32415, 59.930158999998653 ], [ 30.324301, 59.930059999998633 ], [ 30.324104, 59.930130999998674 ], [ 30.323976, 59.930070999998641 ], [ 30.324142, 59.929987999998652 ], [ 30.324099, 59.929968999998657 ] ] ] } },
{ "type": "Feature", "properties": { "height": 4.5, "match_type": "matched", "height_source": "source_b" }, "geometry": { "type": "Polygon", "coordinates": [ [ [ 30.322757, 59.941020999998656 ], [ 30.322996, 59.940975999998642 ], [ 30.323088, 59.940854999998649 ], [ 30.322612, 59.940964999998648 ], [ 30.322757, 59.941020999998656 ] ] ] } },
{ "type": "Feature", "properties": { "height": 15.0, "match_type": "matched", "height_source": "source_b" }, "geometry": { "type": "Polygon", "coordinates": [ [ [ 30.322628, 59.929764999998653 ], [ 30.322754, 59.929701999998642 ], [ 30.322171, 59.92946399999866 ], [ 30.321867, 59.929632999998653 ], [ 30.321766, 59.929590999998652 ], [ 30.321636, 59.929666999998616 ], [ 30.321861, 59.929749999998641 ], [ 30.322169, 59.929585999998643 ], [ 30.322628, 59.929764999998653 ] ] ] } },
{ "type": "Feature", "properties": { "height": 15.0, "match_type": "matched", "height_source": "source_b" }, "geometry": { "type": "Polygon", "coordinates": [ [ [ 30.322997, 59.940676999998665 ], [ 30.323958, 59.940479999998651 ], [ 30.323751, 59.940049999998635 ], [ 30.322681, 59.940242999998645 ], [ 30.322997, 59.940676999998665 ] ], [ [ 30.323016, 59.940270999998631 ], [ 30.323488, 59.940179999998634 ], [ 30.323517, 59.940339999998656 ], [ 30.323621, 59.940447999998653 ], [ 30.323196, 59.940537999998654 ], [ 30.323016, 59.940270999998631 ] ] ] } },
{ "type": "Feature", "properties": { "height": 8.2, "match_type": "only_a", "height_source": "ml_predicted" }, "geometry": { "type": "Polygon", "coordinates": [ [ [ 30.32279, 59.93969 ], [ 30.32341, 59.93961 ], [ 30.32276, 59.93961 ], [ 30.32279, 59.93969 ] ] ] } },
{ "type": "Feature", "properties": { "height": 4.0, "match_type": "only_a", "height_source": "ml_predicted" }, "geometry": { "type": "Polygon", "coordinates": [ [ [ 30.32288, 59.93398 ], [ 30.32286, 59.93394 ], [ 30.3228, 59.93395 ], [ 30.32282, 59.93399 ], [ 30.32288, 59.93398 ] ] ] } },
{ "type": "Feature", "properties": { "height": 2.4, "match_type": "only_a", "height_source": "ml_predicted" }, "geometry": { "type": "Polygon", "coordinates": [ [ [ 30.32287, 59.93079 ], [ 30.32301, 59.93079 ], [ 30.32294, 59.93075 ], [ 30.32287, 59.93079 ] ] ] } },
{ "type": "Feature", "properties": { "height": 15.5, "match_type": "only_a", "height_source": "ml_predicted" }, "geometry": { "type": "Polygon", "coordinates": [ [ [ 30.32297, 59.9383 ], [ 30.32291, 59.93834 ], [ 30.32301, 59.93837 ], [ 30.32307, 59.93832 ], [ 30.32297, 59.9383 ] ] ] } },
{ "type": "Feature", "properties": { "height": 9.9, "match_type": "matched", "height_source": "source_b" }, "geometry": { "type": "Polygon", "coordinates": [ [ [ 30.323001, 59.932306999998652 ], [ 30.323266, 59.932076999998657 ], [ 30.32314, 59.932031999998635 ], [ 30.323011, 59.932153999998647 ], [ 30.322866, 59.932007999998667 ], [ 30.32295, 59.931962999998653 ], [ 30.322863, 59.93193199999866 ], [ 30.322722, 59.932007999998667 ], [ 30.323001, 59.932306999998652 ] ] ] } },
{ "type": "Feature", "properties": { "height": 15.0, "match_type": "matched", "height_source": "source_b" }, "geometry": { "type": "Polygon", "coordinates": [ [ [ 30.322834, 59.930146999998662 ], [ 30.323145, 59.930283999998657 ], [ 30.32356, 59.93007599999865 ], [ 30.323251, 59.92993499999865 ], [ 30.322834, 59.930146999998662 ] ] ] } },
{ "type": "Feature", "properties": { "height": 15.0, "match_type": "matched", "height_source": "source_b" }, "geometry": { "type": "Polygon", "coordinates": [ [ [ 30.321843, 59.930158999998667 ], [ 30.322091, 59.930263999998637 ], [ 30.323005, 59.92980799999863 ], [ 30.322754, 59.929701999998642 ], [ 30.321843, 59.930158999998667 ] ] ] } },
{ "type": "Feature", "properties": { "height": 15.0, "match_type": "matched", "height_source": "source_b" }, "geometry": { "type": "Polygon", "coordinates": [ [ [ 30.322863, 59.93193199999866 ], [ 30.323266, 59.932076999998657 ], [ 30.323414, 59.931948999998689 ], [ 30.322993, 59.931824999998639 ], [ 30.322863, 59.93193199999866 ] ] ] } },
{ "type": "Feature", "properties": { "height": 17.3, "match_type": "only_a", "height_source": "ml_predicted" }, "geometry": { "type": "Polygon", "coordinates": [ [ [ 30.32307, 59.93851 ], [ 30.32306, 59.93855 ], [ 30.32314, 59.93855 ], [ 30.32315, 59.93852 ], [ 30.32307, 59.93851 ] ] ] } },
{ "type": "Feature", "properties": { "height": 7.0, "match_type": "only_a", "height_source": "ml_predicted" }, "geometry": { "type": "Polygon", "coordinates": [ [ [ 30.3231, 59.93074 ], [ 30.3241, 59.93022 ], [ 30.32406, 59.9302 ], [ 30.32304, 59.93071 ], [ 30.3231, 59.93074 ] ] ] } },
{ "type": "Feature", "properties": { "height": 15.0, "match_type": "matched", "height_source": "source_b" }, "geometry": { "type": "Polygon", "coordinates": [ [ [ 30.323481, 59.93359099999865 ], [ 30.323617, 59.933563999998647 ], [ 30.323546, 59.933458999998649 ], [ 30.323378, 59.933486999998621 ], [ 30.323481, 59.93359099999865 ] ] ] } },
{ "type": "Feature", "properties": { "height": 18.0, "match_type": "matched", "height_source": "source_b" }, "geometry": { "type": "Polygon", "coordinates": [ [ [ 30.323244, 59.933640999998644 ], [ 30.323179, 59.933563999998647 ], [ 30.322906, 59.93361899999865 ], [ 30.323064, 59.933799999998641 ], [ 30.323927, 59.933624999998635 ], [ 30.323849, 59.933516999998652 ], [ 30.323244, 59.933640999998644 ] ] ] } },
{ "type": "Feature", "properties": { "height": 4.5, "match_type": "matched", "height_source": "source_b" }, "geometry": { "type": "Polygon", "coordinates": [ [ [ 30.323059, 59.932951999998657 ], [ 30.322941, 59.932976999998651 ], [ 30.322988, 59.933029999998659 ], [ 30.323105, 59.933003999998633 ], [ 30.323059, 59.932951999998657 ] ] ] } },
{ "type": "Feature", "properties": { "height": 10.5, "match_type": "only_a", "height_source": "ml_predicted" }, "geometry": { "type": "Polygon", "coordinates": [ [ [ 30.32316, 59.93871 ], [ 30.32324, 59.93891 ], [ 30.32332, 59.93892 ], [ 30.32324, 59.93871 ], [ 30.32316, 59.93871 ] ] ] } },
{ "type": "Feature", "properties": { "height": 18.0, "match_type": "matched", "height_source": "source_b" }, "geometry": { "type": "Polygon", "coordinates": [ [ [ 30.323958, 59.940479999998651 ], [ 30.323728, 59.94051399999865 ], [ 30.32378, 59.940601999998655 ], [ 30.323703, 59.940615999998656 ], [ 30.323721, 59.940643999998656 ], [ 30.323139, 59.94075999999864 ], [ 30.323196, 59.940829999998662 ], [ 30.324038, 59.940650999998667 ], [ 30.323958, 59.940479999998651 ] ] ] } },
{ "type": "Feature", "properties": { "height": 9.9, "match_type": "matched", "height_source": "source_b" }, "geometry": { "type": "Polygon", "coordinates": [ [ [ 30.323088, 59.940854999998649 ], [ 30.323196, 59.940829999998662 ], [ 30.323052, 59.940662999998651 ], [ 30.322934, 59.940688999998663 ], [ 30.323088, 59.940854999998649 ] ] ] } },
{ "type": "Feature", "properties": { "height": 15.0, "match_type": "matched", "height_source": "source_b" }, "geometry": { "type": "Polygon", "coordinates": [ [ [ 30.322906, 59.93361899999865 ], [ 30.323215, 59.933555999998667 ], [ 30.323141, 59.933473999998633 ], [ 30.323208, 59.933459999998654 ], [ 30.323138, 59.933373999998643 ], [ 30.322751, 59.933444999998649 ], [ 30.322906, 59.93361899999865 ] ] ] } },
{ "type": "Feature", "properties": { "height": 13.2, "match_type": "matched", "height_source": "source_b" }, "geometry": { "type": "Polygon", "coordinates": [ [ [ 30.323668, 59.933275999998642 ], [ 30.323138, 59.933373999998643 ], [ 30.323208, 59.933459999998654 ], [ 30.323602, 59.933391999998655 ], [ 30.323721, 59.933542999998664 ], [ 30.323849, 59.933516999998652 ], [ 30.323668, 59.933275999998642 ] ] ] } },
{ "type": "Feature", "properties": { "height": 18.0, "match_type": "matched", "height_source": "source_b" }, "geometry": { "type": "Polygon", "coordinates": [ [ [ 30.322804, 59.936699999998645 ], [ 30.323051, 59.93667099999864 ], [ 30.322798, 59.936112999998663 ], [ 30.322549, 59.936140999998649 ], [ 30.322804, 59.936699999998645 ] ] ] } },
{ "type": "Feature", "properties": { "height": 4.5, "match_type": "matched", "height_source": "source_b" }, "geometry": { "type": "Polygon", "coordinates": [ [ [ 30.323347, 59.93626599999866 ], [ 30.323175, 59.936287999998655 ], [ 30.323198, 59.936352999998633 ], [ 30.323097, 59.936434999998639 ], [ 30.323078, 59.936504999998661 ], [ 30.323152, 59.936681999998648 ], [ 30.323269, 59.936661999998648 ], [ 30.323209, 59.936473999998654 ], [ 30.323373, 59.936325999998637 ], [ 30.323347, 59.93626599999866 ] ] ] } },
{ "type": "Feature", "properties": { "height": 18.0, "match_type": "matched", "height_source": "source_b" }, "geometry": { "type": "Polygon", "coordinates": [ [ [ 30.323175, 59.936287999998655 ], [ 30.323364, 59.936263999998651 ], [ 30.323194, 59.935911999998659 ], [ 30.322485, 59.935996999998636 ], [ 30.322549, 59.936140999998649 ], [ 30.323055, 59.936079999998647 ], [ 30.323175, 59.936287999998655 ] ] ] } },
{ "type": "Feature", "properties": { "height": 13.2, "match_type": "matched", "height_source": "source_b" }, "geometry": { "type": "Polygon", "coordinates": [ [ [ 30.322746, 59.931283999998655 ], [ 30.32285, 59.931311999998634 ], [ 30.323357, 59.931000999998652 ], [ 30.322709, 59.930808999998654 ], [ 30.322608, 59.93087299999867 ], [ 30.323008, 59.930995999998657 ], [ 30.322776, 59.931144999998622 ], [ 30.322896, 59.931180999998638 ], [ 30.322746, 59.931283999998655 ] ] ] } },
{ "type": "Feature", "properties": { "height": 13.2, "match_type": "matched", "height_source": "source_b" }, "geometry": { "type": "Polygon", "coordinates": [ [ [ 30.322746, 59.931283999998655 ], [ 30.322896, 59.931180999998638 ], [ 30.322287, 59.930983999998624 ], [ 30.322085, 59.931088999998671 ], [ 30.322746, 59.931283999998655 ] ] ] } },
{ "type": "Feature", "properties": { "height": 13.2, "match_type": "matched", "height_source": "source_b" }, "geometry": { "type": "Polygon", "coordinates": [ [ [ 30.322085, 59.931088999998671 ], [ 30.322287, 59.930983999998624 ], [ 30.322369, 59.931005999998632 ], [ 30.322709, 59.930808999998654 ], [ 30.322497, 59.930747999998616 ], [ 30.321947, 59.931044999998647 ], [ 30.322085, 59.931088999998671 ] ] ] } },
{ "type": "Feature", "properties": { "height": 13.2, "match_type": "matched", "height_source": "source_b" }, "geometry": { "type": "Polygon", "coordinates": [ [ [ 30.322221, 59.939027999998665 ], [ 30.3223, 59.93903099999865 ], [ 30.323304, 59.939069999998637 ], [ 30.323236, 59.938901999998663 ], [ 30.322269, 59.938836999998635 ], [ 30.322221, 59.939027999998665 ] ], [ [ 30.32257, 59.938977999998656 ], [ 30.322574, 59.938915999998649 ], [ 30.322971, 59.938921999998648 ], [ 30.322967, 59.938984999998659 ], [ 30.32257, 59.938977999998656 ] ] ] } },
{ "type": "Feature", "properties": { "height": 5.6, "match_type": "only_a", "height_source": "ml_predicted" }, "geometry": { "type": "Polygon", "coordinates": [ [ [ 30.32342, 59.93489 ], [ 30.3234, 59.93485 ], [ 30.32335, 59.93486 ], [ 30.32337, 59.93489 ], [ 30.32342, 59.93489 ] ] ] } },
{ "type": "Feature", "properties": { "height": 15.0, "match_type": "matched", "height_source": "source_b" }, "geometry": { "type": "Polygon", "coordinates": [ [ [ 30.32251, 59.939881999998654 ], [ 30.3236, 59.93972599999865 ], [ 30.323528, 59.939568999998642 ], [ 30.323309, 59.939584999998637 ], [ 30.32332, 59.939627999998656 ], [ 30.323268, 59.939632999998665 ], [ 30.323309, 59.939717999998642 ], [ 30.323187, 59.939693999998653 ], [ 30.322856, 59.939738999998646 ], [ 30.322853, 59.939780999998639 ], [ 30.322771, 59.939789999998659 ], [ 30.322639, 59.939590999998636 ], [ 30.322345, 59.939592999998666 ], [ 30.32251, 59.939881999998654 ] ] ] } },
{ "type": "Feature", "properties": { "height": 18.0, "match_type": "matched", "height_source": "source_b" }, "geometry": { "type": "Polygon", "coordinates": [ [ [ 30.323137, 59.937426999998614 ], [ 30.323385, 59.937400999998665 ], [ 30.323239, 59.937091999998643 ], [ 30.322994, 59.93711899999866 ], [ 30.323137, 59.937426999998614 ] ] ] } },
{ "type": "Feature", "properties": { "height": 18.0, "match_type": "matched", "height_source": "source_b" }, "geometry": { "type": "Polygon", "coordinates": [ [ [ 30.322994, 59.93711899999866 ], [ 30.323286, 59.937086999998648 ], [ 30.323103, 59.93666399999865 ], [ 30.322804, 59.936699999998645 ], [ 30.322994, 59.93711899999866 ] ] ] } },
{ "type": "Feature", "properties": { "height": 18.0, "match_type": "matched", "height_source": "source_b" }, "geometry": { "type": "Polygon", "coordinates": [ [ [ 30.323348, 59.937880999998633 ], [ 30.323592, 59.937851999998671 ], [ 30.323385, 59.937400999998665 ], [ 30.323137, 59.937426999998614 ], [ 30.323348, 59.937880999998633 ] ] ] } },
{ "type": "Feature", "properties": { "height": 8.0, "match_type": "only_a", "height_source": "ml_predicted" }, "geometry": { "type": "Polygon", "coordinates": [ [ [ 30.32345, 59.93126 ], [ 30.3235, 59.93122 ], [ 30.32323, 59.9311 ], [ 30.32317, 59.93114 ], [ 30.32345, 59.93126 ] ] ] } },
{ "type": "Feature", "properties": { "height": 15.0, "match_type": "matched", "height_source": "source_b" }, "geometry": { "type": "Polygon", "coordinates": [ [ [ 30.32487, 59.937892999998652 ], [ 30.325055, 59.937872999998653 ], [ 30.325005, 59.937758999998671 ], [ 30.324594, 59.937802999998667 ], [ 30.324828, 59.93828999999868 ], [ 30.325042, 59.938263999998632 ], [ 30.32487, 59.937892999998652 ] ] ] } },
{ "type": "Feature", "properties": { "height": 13.2, "match_type": "matched", "height_source": "source_b" }, "geometry": { "type": "Polygon", "coordinates": [ [ [ 30.3248, 59.938235999998675 ], [ 30.324617, 59.937852999998647 ], [ 30.324222, 59.937855999998661 ], [ 30.32415, 59.93769599999866 ], [ 30.323557, 59.937779999998639 ], [ 30.323592, 59.937851999998671 ], [ 30.323348, 59.937880999998633 ], [ 30.323451, 59.938101999998651 ], [ 30.323755, 59.938065999998649 ], [ 30.323681, 59.937916999998656 ], [ 30.324061, 59.937875999998646 ], [ 30.324139, 59.938016999998645 ], [ 30.32419, 59.938029999998662 ], [ 30.324574, 59.937986999998657 ], [ 30.324584, 59.93801799999865 ], [ 30.324519, 59.938024999998625 ], [ 30.32461, 59.938216999998637 ], [ 30.3248, 59.938235999998675 ] ] ] } },
{ "type": "Feature", "properties": { "height": 13.2, "match_type": "matched", "height_source": "source_b" }, "geometry": { "type": "Polygon", "coordinates": [ [ [ 30.3248, 59.938235999998675 ], [ 30.32431, 59.93829099999865 ], [ 30.324287, 59.938317999998667 ], [ 30.324328, 59.938418999998675 ], [ 30.32498, 59.93832099999868 ], [ 30.324958, 59.938275999998666 ], [ 30.324828, 59.93828999999868 ], [ 30.3248, 59.938235999998675 ] ] ] } },
{ "type": "Feature", "properties": { "height": 15.0, "match_type": "matched", "height_source": "source_b" }, "geometry": { "type": "Polygon", "coordinates": [ [ [ 30.32419, 59.937780999998658 ], [ 30.32497, 59.93768399999864 ], [ 30.32525, 59.937649999998648 ], [ 30.325133, 59.937403999998665 ], [ 30.324931, 59.937430999998618 ], [ 30.324863, 59.93729999999865 ], [ 30.32361, 59.937443999998642 ], [ 30.323744, 59.937745999998647 ], [ 30.323889, 59.937727999998636 ], [ 30.323854, 59.937653999998652 ], [ 30.323994, 59.937639999998645 ], [ 30.323956, 59.937556999998634 ], [ 30.324053, 59.937545999998655 ], [ 30.32419, 59.937780999998658 ] ], [ [ 30.324912, 59.937466999998648 ], [ 30.324977, 59.937607999998633 ], [ 30.324415, 59.937663999998662 ], [ 30.324358, 59.937525999998655 ], [ 30.324912, 59.937466999998648 ] ] ] } },
{ "type": "Feature", "properties": { "height": 13.2, "match_type": "matched", "height_source": "source_b" }, "geometry": { "type": "Polygon", "coordinates": [ [ [ 30.321396, 59.940260999998664 ], [ 30.321515, 59.940454999998657 ], [ 30.323751, 59.940049999998635 ], [ 30.323688, 59.939906999998641 ], [ 30.323376, 59.939952999998653 ], [ 30.323434, 59.940074999998657 ], [ 30.32334, 59.940089999998627 ], [ 30.321761, 59.940329999998646 ], [ 30.321687, 59.940211999998652 ], [ 30.321396, 59.940260999998664 ] ] ] } },
{ "type": "Feature", "properties": { "height": 4.5, "match_type": "matched", "height_source": "source_b" }, "geometry": { "type": "Polygon", "coordinates": [ [ [ 30.323628, 59.937117999998669 ], [ 30.323413, 59.937142999998649 ], [ 30.323545, 59.937427999998633 ], [ 30.32376, 59.937402999998646 ], [ 30.323628, 59.937117999998669 ] ] ] } },
{ "type": "Feature", "properties": { "height": 9.9, "match_type": "matched", "height_source": "source_b" }, "geometry": { "type": "Polygon", "coordinates": [ [ [ 30.323355, 59.930772999998645 ], [ 30.323202, 59.930867999998647 ], [ 30.323424, 59.930962999998656 ], [ 30.323568, 59.930872999998655 ], [ 30.323355, 59.930772999998645 ] ] ] } },
{ "type": "Feature", "properties": { "height": 13.2, "match_type": "matched", "height_source": "source_b" }, "geometry": { "type": "Polygon", "coordinates": [ [ [ 30.322794, 59.935439999998636 ], [ 30.323623, 59.935345999998674 ], [ 30.323511, 59.935125999998654 ], [ 30.322687, 59.93520499999866 ], [ 30.322794, 59.935439999998636 ] ], [ [ 30.322934, 59.935240999998648 ], [ 30.32331, 59.935197999998636 ], [ 30.32338, 59.935355999998649 ], [ 30.323005, 59.935397999998656 ], [ 30.322934, 59.935240999998648 ] ], [ [ 30.322832, 59.93539099999866 ], [ 30.322785, 59.935286999998667 ], [ 30.322895, 59.93527399999865 ], [ 30.322942, 59.935378999998662 ], [ 30.322832, 59.93539099999866 ] ] ] } },
{ "type": "Feature", "properties": { "height": 4.5, "match_type": "matched", "height_source": "source_b" }, "geometry": { "type": "Polygon", "coordinates": [ [ [ 30.322832, 59.93539099999866 ], [ 30.322942, 59.935378999998662 ], [ 30.322895, 59.93527399999865 ], [ 30.322785, 59.935286999998667 ], [ 30.322832, 59.93539099999866 ] ] ] } },
{ "type": "Feature", "properties": { "height": 13.2, "match_type": "matched", "height_source": "source_b" }, "geometry": { "type": "Polygon", "coordinates": [ [ [ 30.322794, 59.935439999998636 ], [ 30.322858, 59.935581999998647 ], [ 30.323693, 59.935481999998636 ], [ 30.323623, 59.935345999998674 ], [ 30.322794, 59.935439999998636 ] ] ] } },
{ "type": "Feature", "properties": { "height": 4.5, "match_type": "matched", "height_source": "source_b" }, "geometry": { "type": "Polygon", "coordinates": [ [ [ 30.322934, 59.935240999998648 ], [ 30.323005, 59.935397999998656 ], [ 30.32338, 59.935355999998649 ], [ 30.32331, 59.935197999998636 ], [ 30.322934, 59.935240999998648 ] ] ] } },
{ "type": "Feature", "properties": { "height": 13.2, "match_type": "matched", "height_source": "source_b" }, "geometry": { "type": "Polygon", "coordinates": [ [ [ 30.322819, 59.935192999998641 ], [ 30.323511, 59.935125999998654 ], [ 30.323386, 59.93487599999866 ], [ 30.323087, 59.934912999998652 ], [ 30.323162, 59.935077999998654 ], [ 30.322786, 59.93511899999865 ], [ 30.322819, 59.935192999998641 ] ] ] } },
{ "type": "Feature", "properties": { "height": 9.9, "match_type": "matched", "height_source": "source_b" }, "geometry": { "type": "Polygon", "coordinates": [ [ [ 30.323896, 59.930438999998628 ], [ 30.324117, 59.930533999998651 ], [ 30.324634, 59.930217999998661 ], [ 30.324425, 59.930123999998642 ], [ 30.323896, 59.930438999998628 ] ] ] } },
{ "type": "Feature", "properties": { "height": 13.2, "match_type": "matched", "height_source": "source_b" }, "geometry": { "type": "Polygon", "coordinates": [ [ [ 30.323896, 59.930438999998628 ], [ 30.323355, 59.930772999998645 ], [ 30.323568, 59.930872999998655 ], [ 30.324117, 59.930533999998651 ], [ 30.323896, 59.930438999998628 ] ] ] } },
{ "type": "Feature", "properties": { "height": 15.0, "match_type": "matched", "height_source": "source_b" }, "geometry": { "type": "Polygon", "coordinates": [ [ [ 30.322552, 59.933217999998668 ], [ 30.322815, 59.93316199999866 ], [ 30.322511, 59.932839999998663 ], [ 30.323141, 59.93273599999867 ], [ 30.323108, 59.932693999998655 ], [ 30.323193, 59.932674999998667 ], [ 30.323162, 59.932638999998638 ], [ 30.322213, 59.932853999998649 ], [ 30.322552, 59.933217999998668 ] ] ] } },
{ "type": "Feature", "properties": { "height": 15.0, "match_type": "matched", "height_source": "source_b" }, "geometry": { "type": "Polygon", "coordinates": [ [ [ 30.322552, 59.933217999998668 ], [ 30.322664, 59.93334099999867 ], [ 30.323774, 59.933142999998651 ], [ 30.32328, 59.932610999998658 ], [ 30.323162, 59.932638999998638 ], [ 30.323519, 59.933032999998673 ], [ 30.322552, 59.933217999998668 ] ] ] } },
{ "type": "Feature", "properties": { "height": 7.0, "match_type": "only_a", "height_source": "ml_predicted" }, "geometry": { "type": "Polygon", "coordinates": [ [ [ 30.32368, 59.93004 ], [ 30.32408, 59.92986 ], [ 30.32405, 59.92985 ], [ 30.3241, 59.92981 ], [ 30.32405, 59.92978 ], [ 30.3236, 59.93001 ], [ 30.32368, 59.93004 ] ] ] } },
{ "type": "Feature", "properties": { "height": 13.2, "match_type": "matched", "height_source": "source_b" }, "geometry": { "type": "Polygon", "coordinates": [ [ [ 30.324407, 59.932389999998648 ], [ 30.324667, 59.932353999998618 ], [ 30.323779, 59.932056999998657 ], [ 30.323571, 59.932253999998643 ], [ 30.323687, 59.932285999998648 ], [ 30.323757, 59.93219399999866 ], [ 30.324407, 59.932389999998648 ] ] ] } },
{ "type": "Feature", "properties": { "height": 9.9, "match_type": "matched", "height_source": "source_b" }, "geometry": { "type": "Polygon", "coordinates": [ [ [ 30.324277, 59.938067999998658 ], [ 30.323597, 59.938149999998636 ], [ 30.323679, 59.938322999998647 ], [ 30.32436, 59.93824199999866 ], [ 30.324277, 59.938067999998658 ] ], [ [ 30.323807, 59.938216999998659 ], [ 30.323728, 59.938251999998649 ], [ 30.323669, 59.938216999998659 ], [ 30.323748, 59.938182999998645 ], [ 30.323807, 59.938216999998659 ] ] ] } },
{ "type": "Feature", "properties": { "height": 13.2, "match_type": "matched", "height_source": "source_b" }, "geometry": { "type": "Polygon", "coordinates": [ [ [ 30.323807, 59.938216999998659 ], [ 30.323748, 59.938182999998645 ], [ 30.323669, 59.938216999998659 ], [ 30.323728, 59.938251999998649 ], [ 30.323807, 59.938216999998659 ] ] ] } },
{ "type": "Feature", "properties": { "height": 6.5, "match_type": "only_a", "height_source": "ml_predicted" }, "geometry": { "type": "Polygon", "coordinates": [ [ [ 30.3238, 59.93051 ], [ 30.32385, 59.93048 ], [ 30.32365, 59.9304 ], [ 30.32359, 59.93043 ], [ 30.3238, 59.93051 ] ] ] } },
{ "type": "Feature", "properties": { "height": 9.9, "match_type": "matched", "height_source": "source_b" }, "geometry": { "type": "Polygon", "coordinates": [ [ [ 30.323173, 59.93249499999866 ], [ 30.32323, 59.93255699999866 ], [ 30.323779, 59.932056999998657 ], [ 30.323414, 59.931948999998689 ], [ 30.323001, 59.932306999998652 ], [ 30.323253, 59.932416999998651 ], [ 30.323173, 59.93249499999866 ] ], [ [ 30.323356, 59.932075999998638 ], [ 30.323491, 59.932115999998636 ], [ 30.323354, 59.932282999998648 ], [ 30.323193, 59.932233999998644 ], [ 30.323356, 59.932075999998638 ] ] ] } },
{ "type": "Feature", "properties": { "height": 4.5, "match_type": "matched", "height_source": "source_b" }, "geometry": { "type": "Polygon", "coordinates": [ [ [ 30.323787, 59.933955999998659 ], [ 30.323658, 59.933975999998637 ], [ 30.323725, 59.934077999998642 ], [ 30.323848, 59.934056999998639 ], [ 30.323787, 59.933955999998659 ] ] ] } },
{ "type": "Feature", "properties": { "height": 9.9, "match_type": "matched", "height_source": "source_b" }, "geometry": { "type": "Polygon", "coordinates": [ [ [ 30.328104, 59.941013999998653 ], [ 30.328042, 59.940904999998644 ], [ 30.327689, 59.940993999998646 ], [ 30.327767, 59.941086999998646 ], [ 30.328104, 59.941013999998653 ] ] ] } },
{ "type": "Feature", "properties": { "height": 4.1, "match_type": "only_a", "height_source": "ml_predicted" }, "geometry": { "type": "Polygon", "coordinates": [ [ [ 30.32396, 59.93094 ], [ 30.32404, 59.93098 ], [ 30.3241, 59.93095 ], [ 30.324, 59.93091 ], [ 30.32396, 59.93094 ] ] ] } },
{ "type": "Feature", "properties": { "height": 15.0, "match_type": "matched", "height_source": "source_b" }, "geometry": { "type": "Polygon", "coordinates": [ [ [ 30.323668, 59.933275999998642 ], [ 30.323927, 59.933624999998635 ], [ 30.32487, 59.933442999998668 ], [ 30.324826, 59.933324999998646 ], [ 30.323981, 59.933482999998645 ], [ 30.323905, 59.933368999998649 ], [ 30.324784, 59.93321399999865 ], [ 30.324718, 59.933098999998656 ], [ 30.323668, 59.933275999998642 ] ] ] } },
{ "type": "Feature", "properties": { "height": 15.0, "match_type": "matched", "height_source": "source_b" }, "geometry": { "type": "Polygon", "coordinates": [ [ [ 30.324718, 59.933098999998656 ], [ 30.32487, 59.933442999998668 ], [ 30.325135, 59.933414999998632 ], [ 30.325003, 59.93307699999864 ], [ 30.32496, 59.93305999999864 ], [ 30.324718, 59.933098999998656 ] ] ] } },
{ "type": "Feature", "properties": { "height": 15.0, "match_type": "matched", "height_source": "source_b" }, "geometry": { "type": "Polygon", "coordinates": [ [ [ 30.32458, 59.938910999998654 ], [ 30.324328, 59.938418999998675 ], [ 30.323932, 59.93846699999866 ], [ 30.323989, 59.938587999998639 ], [ 30.324241, 59.93855699999866 ], [ 30.324375, 59.938838999998637 ], [ 30.324177, 59.938863999998624 ], [ 30.324219, 59.93895499999865 ], [ 30.32458, 59.938910999998654 ] ] ] } },
{ "type": "Feature", "properties": { "height": 15.0, "match_type": "matched", "height_source": "source_b" }, "geometry": { "type": "Polygon", "coordinates": [ [ [ 30.324177, 59.938863999998624 ], [ 30.324137, 59.938870999998649 ], [ 30.323883, 59.938363999998643 ], [ 30.323591, 59.938396999998645 ], [ 30.323895, 59.938993999998665 ], [ 30.324219, 59.93895499999865 ], [ 30.324177, 59.938863999998624 ] ] ] } },
{ "type": "Feature", "properties": { "height": 9.9, "match_type": "matched", "height_source": "source_b" }, "geometry": { "type": "Polygon", "coordinates": [ [ [ 30.324042, 59.929753999998674 ], [ 30.323825, 59.929648999998662 ], [ 30.323333, 59.929890999998641 ], [ 30.323569, 59.929997999998641 ], [ 30.323941, 59.929811999998634 ], [ 30.324021, 59.929847999998664 ], [ 30.324077, 59.929812999998639 ], [ 30.324007, 59.929775999998647 ], [ 30.324042, 59.929753999998674 ] ] ] } },
{ "type": "Feature", "properties": { "height": 9.9, "match_type": "matched", "height_source": "source_b" }, "geometry": { "type": "Polygon", "coordinates": [ [ [ 30.324943, 59.929923999998643 ], [ 30.324737, 59.930037999998675 ], [ 30.324854, 59.930087999998641 ], [ 30.325051, 59.929970999998652 ], [ 30.324943, 59.929923999998643 ] ] ] } },
{ "type": "Feature", "properties": { "height": 13.2, "match_type": "matched", "height_source": "source_b" }, "geometry": { "type": "Polygon", "coordinates": [ [ [ 30.324737, 59.930037999998675 ], [ 30.324943, 59.929923999998643 ], [ 30.324112, 59.929565999998665 ], [ 30.323978, 59.929569999998641 ], [ 30.323825, 59.929648999998662 ], [ 30.324737, 59.930037999998675 ] ] ] } },
{ "type": "Feature", "properties": { "height": 7.3, "match_type": "only_a", "height_source": "ml_predicted" }, "geometry": { "type": "Polygon", "coordinates": [ [ [ 30.32414, 59.92986 ], [ 30.32481, 59.93015 ], [ 30.32488, 59.93011 ], [ 30.32421, 59.92982 ], [ 30.32414, 59.92986 ] ] ] } },
{ "type": "Feature", "properties": { "height": 7.7, "match_type": "only_a", "height_source": "ml_predicted" }, "geometry": { "type": "Polygon", "coordinates": [ [ [ 30.32423, 59.93295 ], [ 30.32408, 59.93298 ], [ 30.32424, 59.93296 ], [ 30.32423, 59.93295 ] ] ] } },
{ "type": "Feature", "properties": { "height": 3.2, "match_type": "only_a", "height_source": "ml_predicted" }, "geometry": { "type": "Polygon", "coordinates": [ [ [ 30.3243, 59.93173 ], [ 30.32434, 59.93169 ], [ 30.32421, 59.93165 ], [ 30.32417, 59.93169 ], [ 30.3243, 59.93173 ] ] ] } },
{ "type": "Feature", "properties": { "height": 4.7, "match_type": "only_a", "height_source": "ml_predicted" }, "geometry": { "type": "Polygon", "coordinates": [ [ [ 30.32436, 59.93007 ], [ 30.32433, 59.93006 ], [ 30.32416, 59.93015 ], [ 30.3242, 59.93016 ], [ 30.32436, 59.93007 ] ] ] } },
{ "type": "Feature", "properties": { "height": 13.2, "match_type": "matched", "height_source": "source_b" }, "geometry": { "type": "Polygon", "coordinates": [ [ [ 30.323759, 59.937060999998671 ], [ 30.324269, 59.936992999998644 ], [ 30.324048, 59.936572999998653 ], [ 30.323934, 59.936585999998634 ], [ 30.323915, 59.936548999998656 ], [ 30.323531, 59.936631999998667 ], [ 30.323759, 59.937060999998671 ] ] ] } },
{ "type": "Feature", "properties": { "height": 4.5, "match_type": "matched", "height_source": "source_b" }, "geometry": { "type": "Polygon", "coordinates": [ [ [ 30.323759, 59.937060999998671 ], [ 30.323796, 59.937130999998658 ], [ 30.324305, 59.937062999998652 ], [ 30.324269, 59.936992999998644 ], [ 30.323759, 59.937060999998671 ] ] ] } },
{ "type": "Feature", "properties": { "height": 9.9, "match_type": "matched", "height_source": "source_b" }, "geometry": { "type": "Polygon", "coordinates": [ [ [ 30.324552, 59.929312999998686 ], [ 30.324419, 59.929379999998652 ], [ 30.32539, 59.929792999998632 ], [ 30.325561, 59.929688999998646 ], [ 30.324853, 59.929385999998665 ], [ 30.324784, 59.92941599999866 ], [ 30.324552, 59.929312999998686 ] ] ] } },
{ "type": "Feature", "properties": { "height": 4.6, "match_type": "only_a", "height_source": "ml_predicted" }, "geometry": { "type": "Polygon", "coordinates": [ [ [ 30.32438, 59.93082 ], [ 30.32425, 59.93076 ], [ 30.3242, 59.93079 ], [ 30.32432, 59.93085 ], [ 30.32438, 59.93082 ] ] ] } },
{ "type": "Feature", "properties": { "height": 4.5, "match_type": "matched", "height_source": "source_b" }, "geometry": { "type": "Polygon", "coordinates": [ [ [ 30.324533, 59.939204999998665 ], [ 30.324482, 59.939095999998635 ], [ 30.324318, 59.939112999998642 ], [ 30.324416, 59.93921799999864 ], [ 30.324533, 59.939204999998665 ] ] ] } },
{ "type": "Feature", "properties": { "height": 4.5, "match_type": "matched", "height_source": "source_b" }, "geometry": { "type": "Polygon", "coordinates": [ [ [ 30.325278, 59.939354999998656 ], [ 30.325484, 59.939331999998672 ], [ 30.32557, 59.939449999998651 ], [ 30.325675, 59.939438999998657 ], [ 30.325558, 59.93915799999867 ], [ 30.3251, 59.93920699999866 ], [ 30.325216, 59.939485999998666 ], [ 30.325327, 59.939475999998642 ], [ 30.325278, 59.939354999998656 ] ] ] } },
{ "type": "Feature", "properties": { "height": 6.6, "match_type": "matched", "height_source": "source_b" }, "geometry": { "type": "Polygon", "coordinates": [ [ [ 30.326439, 59.939822999998661 ], [ 30.326501, 59.939816999998641 ], [ 30.326472, 59.939738999998646 ], [ 30.325956, 59.93981199999866 ], [ 30.326023, 59.939970999998636 ], [ 30.326483, 59.939927999998659 ], [ 30.326439, 59.939822999998661 ] ] ] } },
{ "type": "Feature", "properties": { "height": 15.0, "match_type": "matched", "height_source": "source_b" }, "geometry": { "type": "Polygon", "coordinates": [ [ [ 30.32509, 59.94038299999864 ], [ 30.325331, 59.940355999998658 ], [ 30.32528, 59.940224999998648 ], [ 30.326133, 59.940138999998666 ], [ 30.326158, 59.94019599999865 ], [ 30.326255, 59.940186999998666 ], [ 30.326211, 59.940071999998665 ], [ 30.32636, 59.940057999998679 ], [ 30.326404, 59.940171999998618 ], [ 30.326672, 59.940145999998656 ], [ 30.326648, 59.940083999998663 ], [ 30.327028, 59.940046999998643 ], [ 30.326546, 59.938883999998637 ], [ 30.324482, 59.939095999998635 ], [ 30.32509, 59.94038299999864 ] ], [ [ 30.325169, 59.940012999998636 ], [ 30.324837, 59.939301999998641 ], [ 30.324987, 59.939286999998671 ], [ 30.324925, 59.939159999998651 ], [ 30.326366, 59.939009999998632 ], [ 30.326719, 59.939885999998644 ], [ 30.32654, 59.939904999998667 ], [ 30.326567, 59.939977999998654 ], [ 30.325419, 59.940093999998652 ], [ 30.325374, 59.939991999998647 ], [ 30.325169, 59.940012999998636 ] ] ] } },
{ "type": "Feature", "properties": { "height": 4.5, "match_type": "matched", "height_source": "source_b" }, "geometry": { "type": "Polygon", "coordinates": [ [ [ 30.325817, 59.939325999998658 ], [ 30.325967, 59.939309999998642 ], [ 30.32595, 59.93926999999865 ], [ 30.326318, 59.939231999998654 ], [ 30.326415, 59.939343999998641 ], [ 30.326497, 59.939333999998652 ], [ 30.326427, 59.939160999998656 ], [ 30.326303, 59.939172999998654 ], [ 30.326264, 59.93907699999864 ], [ 30.325734, 59.939130999998646 ], [ 30.325817, 59.939325999998658 ] ] ] } },
{ "type": "Feature", "properties": { "height": 6.6, "match_type": "matched", "height_source": "source_b" }, "geometry": { "type": "Polygon", "coordinates": [ [ [ 30.325492, 59.940086999998641 ], [ 30.325843, 59.940050999998661 ], [ 30.325813, 59.939968999998683 ], [ 30.325928, 59.939955999998652 ], [ 30.325863, 59.93981599999865 ], [ 30.325391, 59.939871999998651 ], [ 30.325492, 59.940086999998641 ] ] ] } },
{ "type": "Feature", "properties": { "height": 4.5, "match_type": "matched", "height_source": "source_b" }, "geometry": { "type": "Polygon", "coordinates": [ [ [ 30.326552, 59.93889999999864 ], [ 30.326773, 59.939428999998647 ], [ 30.326933, 59.939412999998673 ], [ 30.326761, 59.938973999998652 ], [ 30.326871, 59.938960999998628 ], [ 30.32683, 59.938867999998642 ], [ 30.326552, 59.93889999999864 ] ] ] } },
{ "type": "Feature", "properties": { "height": 9.9, "match_type": "matched", "height_source": "source_b" }, "geometry": { "type": "Polygon", "coordinates": [ [ [ 30.32606, 59.939257999998631 ], [ 30.326084, 59.939314999998636 ], [ 30.32634, 59.939287999998662 ], [ 30.326318, 59.939231999998654 ], [ 30.32606, 59.939257999998631 ] ] ] } },
{ "type": "Feature", "properties": { "height": 4.5, "match_type": "matched", "height_source": "source_b" }, "geometry": { "type": "Polygon", "coordinates": [ [ [ 30.325983, 59.939561999998659 ], [ 30.326131, 59.93954999999864 ], [ 30.326108, 59.939478999998649 ], [ 30.326377, 59.93945699999864 ], [ 30.326351, 59.939375999998653 ], [ 30.325909, 59.939334999998657 ], [ 30.325983, 59.939561999998659 ] ] ] } },
{ "type": "Feature", "properties": { "height": 4.5, "match_type": "matched", "height_source": "source_b" }, "geometry": { "type": "Polygon", "coordinates": [ [ [ 30.32663, 59.939894999998643 ], [ 30.326719, 59.939885999998644 ], [ 30.326611, 59.939616999998634 ], [ 30.326462, 59.939558999998653 ], [ 30.326425, 59.939595999998659 ], [ 30.326549, 59.939656999998633 ], [ 30.32663, 59.939894999998643 ] ] ] } },
{ "type": "Feature", "properties": { "height": 4.5, "match_type": "matched", "height_source": "source_b" }, "geometry": { "type": "Polygon", "coordinates": [ [ [ 30.327346, 59.94001499999866 ], [ 30.327322, 59.939950999998651 ], [ 30.327165, 59.939964999998651 ], [ 30.327038, 59.939661999998663 ], [ 30.327177, 59.939647999998648 ], [ 30.327103, 59.939464999998663 ], [ 30.326799, 59.939492999998642 ], [ 30.327028, 59.940046999998643 ], [ 30.327346, 59.94001499999866 ] ] ] } },
{ "type": "Feature", "properties": { "height": 4.5, "match_type": "matched", "height_source": "source_b" }, "geometry": { "type": "Polygon", "coordinates": [ [ [ 30.32511, 59.939887999998639 ], [ 30.325276, 59.939867999998647 ], [ 30.325178, 59.939658999998628 ], [ 30.325012, 59.939677999998636 ], [ 30.32511, 59.939887999998639 ] ] ] } },
{ "type": "Feature", "properties": { "height": 4.5, "match_type": "matched", "height_source": "source_b" }, "geometry": { "type": "Polygon", "coordinates": [ [ [ 30.3263, 59.939645999998653 ], [ 30.325923, 59.939682999998659 ], [ 30.325944, 59.939737999998648 ], [ 30.326321, 59.93969899999864 ], [ 30.3263, 59.939645999998653 ] ] ] } },
{ "type": "Feature", "properties": { "height": 4.5, "match_type": "matched", "height_source": "source_b" }, "geometry": { "type": "Polygon", "coordinates": [ [ [ 30.324942, 59.939290999998661 ], [ 30.324873, 59.939298999998655 ], [ 30.324963, 59.939497999998636 ], [ 30.325116, 59.93959099999865 ], [ 30.325324, 59.939610999998663 ], [ 30.325326, 59.939575999998667 ], [ 30.325151, 59.939558999998653 ], [ 30.325029, 59.939484999998662 ], [ 30.324942, 59.939290999998661 ] ] ] } },
{ "type": "Feature", "properties": { "height": 3.8, "match_type": "only_a", "height_source": "ml_predicted" }, "geometry": { "type": "Polygon", "coordinates": [ [ [ 30.32492, 59.93927 ], [ 30.32505, 59.93926 ], [ 30.32501, 59.93917 ], [ 30.32488, 59.93919 ], [ 30.32492, 59.93927 ] ] ] } },
{ "type": "Feature", "properties": { "height": 18.0, "match_type": "matched", "height_source": "source_b" }, "geometry": { "type": "Polygon", "coordinates": [ [ [ 30.326255, 59.940186999998666 ], [ 30.326404, 59.940171999998618 ], [ 30.32636, 59.940057999998679 ], [ 30.326211, 59.940071999998665 ], [ 30.326255, 59.940186999998666 ] ] ] } },
{ "type": "Feature", "properties": { "height": 4.4, "match_type": "only_a", "height_source": "ml_predicted" }, "geometry": { "type": "Polygon", "coordinates": [ [ [ 30.32682, 59.93997 ], [ 30.32679, 59.9399 ], [ 30.32661, 59.93992 ], [ 30.32664, 59.93999 ], [ 30.32682, 59.93997 ] ] ] } },
{ "type": "Feature", "properties": { "height": 4.5, "match_type": "matched", "height_source": "source_b" }, "geometry": { "type": "Polygon", "coordinates": [ [ [ 30.325331, 59.940355999998658 ], [ 30.325526, 59.940334999998655 ], [ 30.325467, 59.940206999998658 ], [ 30.32528, 59.940224999998648 ], [ 30.325331, 59.940355999998658 ] ] ] } },
{ "type": "Feature", "properties": { "height": 4.5, "match_type": "matched", "height_source": "source_b" }, "geometry": { "type": "Polygon", "coordinates": [ [ [ 30.324007, 59.936191999998634 ], [ 30.323827, 59.936210999998657 ], [ 30.323871, 59.936282999998646 ], [ 30.32413, 59.936365999998642 ], [ 30.324224, 59.936543999998648 ], [ 30.324352, 59.936526999998634 ], [ 30.32427, 59.936339999998644 ], [ 30.324031, 59.936249999998672 ], [ 30.324007, 59.936191999998634 ] ] ] } },
{ "type": "Feature", "properties": { "height": 18.0, "match_type": "matched", "height_source": "source_b" }, "geometry": { "type": "Polygon", "coordinates": [ [ [ 30.323827, 59.936210999998657 ], [ 30.324019, 59.936189999998639 ], [ 30.32392, 59.93596599999865 ], [ 30.324186, 59.935937999998671 ], [ 30.324289, 59.936169999998668 ], [ 30.324537, 59.936139999998652 ], [ 30.324365, 59.935771999998636 ], [ 30.323643, 59.935854999998661 ], [ 30.323827, 59.936210999998657 ] ] ] } },
{ "type": "Feature", "properties": { "height": 18.0, "match_type": "matched", "height_source": "source_b" }, "geometry": { "type": "Polygon", "coordinates": [ [ [ 30.324439, 59.936502999998666 ], [ 30.324695, 59.936473999998668 ], [ 30.324537, 59.936139999998652 ], [ 30.324289, 59.936169999998668 ], [ 30.324439, 59.936502999998666 ] ] ] } },
{ "type": "Feature", "properties": { "height": 15.0, "match_type": "matched", "height_source": "source_b" }, "geometry": { "type": "Polygon", "coordinates": [ [ [ 30.323774, 59.933142999998651 ], [ 30.324523, 59.933009999998646 ], [ 30.324467, 59.932925999998659 ], [ 30.323857, 59.933037999998639 ], [ 30.323784, 59.932943999998649 ], [ 30.323632, 59.932974999998656 ], [ 30.323774, 59.933142999998651 ] ] ] } },
{ "type": "Feature", "properties": { "height": 15.0, "match_type": "matched", "height_source": "source_b" }, "geometry": { "type": "Polygon", "coordinates": [ [ [ 30.324157, 59.931480999998641 ], [ 30.324286, 59.93151599999868 ], [ 30.324445, 59.93139199999866 ], [ 30.324437, 59.931082999998644 ], [ 30.32449, 59.930953999998671 ], [ 30.324129, 59.930802999998647 ], [ 30.32396, 59.930904999998653 ], [ 30.324196, 59.931005999998646 ], [ 30.324174, 59.931235999998641 ], [ 30.324216, 59.931432999998641 ], [ 30.324157, 59.931480999998641 ] ] ] } },
{ "type": "Feature", "properties": { "height": 15.0, "match_type": "matched", "height_source": "source_b" }, "geometry": { "type": "Polygon", "coordinates": [ [ [ 30.324286, 59.93151599999868 ], [ 30.323456, 59.931215999998649 ], [ 30.323322, 59.931354999998668 ], [ 30.323369, 59.931450999998653 ], [ 30.324074, 59.931692999998653 ], [ 30.324286, 59.93151599999868 ] ], [ [ 30.323636, 59.931320999998633 ], [ 30.32358, 59.931353999998635 ], [ 30.323501, 59.931320999998633 ], [ 30.32358, 59.931287999998631 ], [ 30.323636, 59.931320999998633 ] ] ] } },
{ "type": "Feature", "properties": { "height": 18.0, "match_type": "matched", "height_source": "source_b" }, "geometry": { "type": "Polygon", "coordinates": [ [ [ 30.323636, 59.931320999998633 ], [ 30.32358, 59.931287999998631 ], [ 30.323501, 59.931320999998633 ], [ 30.323557, 59.931353999998635 ], [ 30.323636, 59.931320999998633 ] ] ] } },
{ "type": "Feature", "properties": { "height": 15.0, "match_type": "matched", "height_source": "source_b" }, "geometry": { "type": "Polygon", "coordinates": [ [ [ 30.323456, 59.931215999998649 ], [ 30.323741, 59.93133199999864 ], [ 30.324065, 59.931131999998648 ], [ 30.324073, 59.931075999998633 ], [ 30.323837, 59.930977999998639 ], [ 30.323456, 59.931215999998649 ] ] ] } },
{ "type": "Feature", "properties": { "height": 3.1, "match_type": "only_a", "height_source": "ml_predicted" }, "geometry": { "type": "Polygon", "coordinates": [ [ [ 30.32452, 59.93338 ], [ 30.32448, 59.93333 ], [ 30.32438, 59.93335 ], [ 30.32441, 59.9334 ], [ 30.32452, 59.93338 ] ] ] } },
{ "type": "Feature", "properties": { "height": 6.6, "match_type": "matched", "height_source": "source_b" }, "geometry": { "type": "Polygon", "coordinates": [ [ [ 30.324545, 59.930858999998648 ], [ 30.324657, 59.930758999998652 ], [ 30.3245, 59.930694999998636 ], [ 30.324596, 59.930636999998626 ], [ 30.324754, 59.930703999998649 ], [ 30.324899, 59.930614999998653 ], [ 30.324626, 59.930502999998644 ], [ 30.324234, 59.930739999998629 ], [ 30.324545, 59.930858999998648 ] ] ] } },
{ "type": "Feature", "properties": { "height": 9.9, "match_type": "matched", "height_source": "source_b" }, "geometry": { "type": "Polygon", "coordinates": [ [ [ 30.323902, 59.93093999999865 ], [ 30.324498, 59.930580999998647 ], [ 30.324846, 59.930369999998653 ], [ 30.324749, 59.930326999998663 ], [ 30.323813, 59.930907999998638 ], [ 30.323902, 59.93093999999865 ] ] ] } },
{ "type": "Feature", "properties": { "height": 15.0, "match_type": "matched", "height_source": "source_b" }, "geometry": { "type": "Polygon", "coordinates": [ [ [ 30.32576, 59.93876199999864 ], [ 30.325654, 59.93851699999864 ], [ 30.325418, 59.938547999998633 ], [ 30.325438, 59.93860299999865 ], [ 30.325372, 59.938610999998645 ], [ 30.325395, 59.938678999998658 ], [ 30.324659, 59.938763999998635 ], [ 30.324608, 59.93865199999864 ], [ 30.324869, 59.93860599999865 ], [ 30.324797, 59.938463999998646 ], [ 30.324374, 59.938500999998652 ], [ 30.32458, 59.938910999998654 ], [ 30.32576, 59.93876199999864 ] ] ] } },
{ "type": "Feature", "properties": { "height": 4.5, "match_type": "matched", "height_source": "source_b" }, "geometry": { "type": "Polygon", "coordinates": [ [ [ 30.324773, 59.930860999998622 ], [ 30.324643, 59.930800999998652 ], [ 30.324545, 59.930858999998648 ], [ 30.324736, 59.930940999998647 ], [ 30.324773, 59.930860999998622 ] ] ] } },
{ "type": "Feature", "properties": { "height": 15.0, "match_type": "matched", "height_source": "source_b" }, "geometry": { "type": "Polygon", "coordinates": [ [ [ 30.32456, 59.932702999998654 ], [ 30.324826, 59.932662999998634 ], [ 30.324667, 59.932353999998618 ], [ 30.324407, 59.932389999998648 ], [ 30.324428, 59.932433999998658 ], [ 30.324231, 59.932461999998651 ], [ 30.324204, 59.932420999998634 ], [ 30.323601, 59.932515999998664 ], [ 30.323788, 59.932860999998653 ], [ 30.324065, 59.932803999998633 ], [ 30.323929, 59.93254799999864 ], [ 30.324157, 59.932517999998673 ], [ 30.324223, 59.932605999998664 ], [ 30.324493, 59.932566999998649 ], [ 30.32456, 59.932702999998654 ] ] ] } },
{ "type": "Feature", "properties": { "height": 4.5, "match_type": "matched", "height_source": "source_b" }, "geometry": { "type": "Polygon", "coordinates": [ [ [ 30.324525, 59.937298999998646 ], [ 30.324735, 59.937276999998659 ], [ 30.324595, 59.93697999999867 ], [ 30.324678, 59.936969999998652 ], [ 30.324654, 59.936916999998637 ], [ 30.324482, 59.936938999998645 ], [ 30.324528, 59.93703099999864 ], [ 30.32442, 59.937041999998648 ], [ 30.324525, 59.937298999998646 ] ] ] } },
{ "type": "Feature", "properties": { "height": 4.2, "match_type": "only_a", "height_source": "ml_predicted" }, "geometry": { "type": "Polygon", "coordinates": [ [ [ 30.32483, 59.93053 ], [ 30.3249, 59.93049 ], [ 30.32479, 59.93044 ], [ 30.32471, 59.93049 ], [ 30.32483, 59.93053 ] ] ] } },
{ "type": "Feature", "properties": { "height": 5.9, "match_type": "only_a", "height_source": "ml_predicted" }, "geometry": { "type": "Polygon", "coordinates": [ [ [ 30.32488, 59.93539 ], [ 30.32495, 59.93538 ], [ 30.32487, 59.93537 ], [ 30.32488, 59.93539 ] ] ] } },
{ "type": "Feature", "properties": { "height": 15.0, "match_type": "matched", "height_source": "source_b" }, "geometry": { "type": "Polygon", "coordinates": [ [ [ 30.325152, 59.940703999998661 ], [ 30.324988, 59.940717999998654 ], [ 30.324841, 59.940413999998633 ], [ 30.324893, 59.940408999998652 ], [ 30.324864, 59.940347999998664 ], [ 30.324808, 59.94035499999864 ], [ 30.324699, 59.940151999998641 ], [ 30.324793, 59.940140999998647 ], [ 30.32477, 59.940091999998636 ], [ 30.324679, 59.940102999998651 ], [ 30.324507, 59.939769999998646 ], [ 30.324556, 59.939762999998628 ], [ 30.324531, 59.939714999998642 ], [ 30.324475, 59.939720999998642 ], [ 30.324285, 59.939336999998652 ], [ 30.324345, 59.939331999998672 ], [ 30.324317, 59.939274999998659 ], [ 30.324253, 59.939281999998634 ], [ 30.324177, 59.939064999998642 ], [ 30.323932, 59.939102999998639 ], [ 30.324841, 59.940894999998669 ], [ 30.325217, 59.940862999998664 ], [ 30.325152, 59.940703999998661 ] ] ] } },
{ "type": "Feature", "properties": { "height": 4.5, "match_type": "matched", "height_source": "source_b" }, "geometry": { "type": "Polygon", "coordinates": [ [ [ 30.324958, 59.938387999998625 ], [ 30.32487, 59.938447999998658 ], [ 30.324959, 59.938607999998645 ], [ 30.325054, 59.938594999998671 ], [ 30.324958, 59.938387999998625 ] ] ] } },
{ "type": "Feature", "properties": { "height": 4.2, "match_type": "only_a", "height_source": "ml_predicted" }, "geometry": { "type": "Polygon", "coordinates": [ [ [ 30.32494, 59.93932 ], [ 30.32505, 59.93931 ], [ 30.32503, 59.93926 ], [ 30.32492, 59.93927 ], [ 30.32494, 59.93932 ] ] ] } },
{ "type": "Feature", "properties": { "height": 5.0, "match_type": "only_a", "height_source": "ml_predicted" }, "geometry": { "type": "Polygon", "coordinates": [ [ [ 30.32498, 59.93932 ], [ 30.32509, 59.93952 ], [ 30.32525, 59.9396 ], [ 30.32544, 59.9396 ], [ 30.32515, 59.9395 ], [ 30.32505, 59.93931 ], [ 30.32498, 59.93932 ] ] ] } },
{ "type": "Feature", "properties": { "height": 9.9, "match_type": "matched", "height_source": "source_b" }, "geometry": { "type": "Polygon", "coordinates": [ [ [ 30.323632, 59.932974999998656 ], [ 30.323784, 59.932943999998649 ], [ 30.324527, 59.93278699999864 ], [ 30.324475, 59.932719999998646 ], [ 30.323572, 59.932904999998648 ], [ 30.323632, 59.932974999998656 ] ] ] } },
{ "type": "Feature", "properties": { "height": 13.2, "match_type": "matched", "height_source": "source_b" }, "geometry": { "type": "Polygon", "coordinates": [ [ [ 30.324475, 59.932719999998646 ], [ 30.324579, 59.932873999998655 ], [ 30.324446, 59.932894999998645 ], [ 30.324523, 59.933009999998646 ], [ 30.324948, 59.932939999998645 ], [ 30.324826, 59.932662999998634 ], [ 30.324475, 59.932719999998646 ] ] ] } },
{ "type": "Feature", "properties": { "height": 13.2, "match_type": "matched", "height_source": "source_b" }, "geometry": { "type": "Polygon", "coordinates": [ [ [ 30.325582, 59.938364999998647 ], [ 30.32556, 59.938317999998667 ], [ 30.324958, 59.938387999998625 ], [ 30.32498, 59.938434999998648 ], [ 30.325582, 59.938364999998647 ] ] ] } },
{ "type": "Feature", "properties": { "height": 15.0, "match_type": "matched", "height_source": "source_b" }, "geometry": { "type": "Polygon", "coordinates": [ [ [ 30.325631, 59.938468999998655 ], [ 30.325582, 59.938364999998647 ], [ 30.32498, 59.938434999998648 ], [ 30.32503, 59.938543999998657 ], [ 30.325631, 59.938468999998655 ] ] ] } },
{ "type": "Feature", "properties": { "height": 13.2, "match_type": "matched", "height_source": "source_b" }, "geometry": { "type": "Polygon", "coordinates": [ [ [ 30.325054, 59.938594999998671 ], [ 30.325654, 59.93851699999864 ], [ 30.325631, 59.938468999998655 ], [ 30.32503, 59.938543999998657 ], [ 30.325054, 59.938594999998671 ] ] ] } },
{ "type": "Feature", "properties": { "height": 6.6, "match_type": "matched", "height_source": "source_b" }, "geometry": { "type": "Polygon", "coordinates": [ [ [ 30.324755, 59.930424999998642 ], [ 30.325031, 59.930535999998632 ], [ 30.325175, 59.930444999998642 ], [ 30.325051, 59.930392999998666 ], [ 30.325148, 59.930336999998637 ], [ 30.325268, 59.930388999998634 ], [ 30.325414, 59.930304999998647 ], [ 30.325146, 59.930189999998653 ], [ 30.324755, 59.930424999998642 ] ] ] } },
{ "type": "Feature", "properties": { "height": 18.0, "match_type": "matched", "height_source": "source_b" }, "geometry": { "type": "Polygon", "coordinates": [ [ [ 30.32497, 59.93768399999864 ], [ 30.325248, 59.938291999998654 ], [ 30.32553, 59.938258999998652 ], [ 30.32525, 59.937649999998648 ], [ 30.32497, 59.93768399999864 ] ] ] } },
{ "type": "Feature", "properties": { "height": 3.4, "match_type": "only_a", "height_source": "ml_predicted" }, "geometry": { "type": "Polygon", "coordinates": [ [ [ 30.3252, 59.94047 ], [ 30.32526, 59.9405 ], [ 30.32531, 59.94049 ], [ 30.3253, 59.94046 ], [ 30.3252, 59.94047 ] ] ] } },
{ "type": "Feature", "properties": { "height": 18.0, "match_type": "matched", "height_source": "source_b" }, "geometry": { "type": "Polygon", "coordinates": [ [ [ 30.325056, 59.929396999998644 ], [ 30.32514, 59.92935199999863 ], [ 30.324984, 59.929275999998637 ], [ 30.325046, 59.929241999998645 ], [ 30.324863, 59.929152999998649 ], [ 30.324552, 59.929312999998686 ], [ 30.324784, 59.92941599999866 ], [ 30.324945, 59.929344999998641 ], [ 30.325056, 59.929396999998644 ] ] ] } },
{ "type": "Feature", "properties": { "height": 18.0, "match_type": "matched", "height_source": "source_b" }, "geometry": { "type": "Polygon", "coordinates": [ [ [ 30.325213, 59.929155999998635 ], [ 30.325367, 59.929233999998651 ], [ 30.325551, 59.92913799999863 ], [ 30.325186, 59.928991999998637 ], [ 30.324863, 59.929152999998649 ], [ 30.325046, 59.929241999998645 ], [ 30.325213, 59.929155999998635 ] ] ] } },
{ "type": "Feature", "properties": { "height": 9.9, "match_type": "matched", "height_source": "source_b" }, "geometry": { "type": "Polygon", "coordinates": [ [ [ 30.32514, 59.92935199999863 ], [ 30.325217, 59.92938899999865 ], [ 30.325625, 59.92917099999864 ], [ 30.325551, 59.92913799999863 ], [ 30.32514, 59.92935199999863 ] ] ] } },
{ "type": "Feature", "properties": { "height": 9.9, "match_type": "matched", "height_source": "source_b" }, "geometry": { "type": "Polygon", "coordinates": [ [ [ 30.325064, 59.929314999998653 ], [ 30.32514, 59.92935199999863 ], [ 30.325367, 59.929233999998651 ], [ 30.325296, 59.929197999998649 ], [ 30.325064, 59.929314999998653 ] ] ] } },
{ "type": "Feature", "properties": { "height": 9.9, "match_type": "matched", "height_source": "source_b" }, "geometry": { "type": "Polygon", "coordinates": [ [ [ 30.324749, 59.930326999998663 ], [ 30.324846, 59.930369999998653 ], [ 30.32531, 59.930092999998664 ], [ 30.325209, 59.930050999998635 ], [ 30.324749, 59.930326999998663 ] ] ] } },
{ "type": "Feature", "properties": { "height": 4.5, "match_type": "matched", "height_source": "source_b" }, "geometry": { "type": "Polygon", "coordinates": [ [ [ 30.325299, 59.930132999998655 ], [ 30.325226, 59.93017699999865 ], [ 30.325365, 59.930239999998633 ], [ 30.32544, 59.930192999998638 ], [ 30.325299, 59.930132999998655 ] ] ] } },
{ "type": "Feature", "properties": { "height": 18.0, "match_type": "matched", "height_source": "source_b" }, "geometry": { "type": "Polygon", "coordinates": [ [ [ 30.326058, 59.936310999998653 ], [ 30.326285, 59.936283999998665 ], [ 30.326191, 59.936057999998646 ], [ 30.325953, 59.936084999998641 ], [ 30.326058, 59.936310999998653 ] ] ] } },
{ "type": "Feature", "properties": { "height": 6.6, "match_type": "matched", "height_source": "source_b" }, "geometry": { "type": "Polygon", "coordinates": [ [ [ 30.32527, 59.936407999998643 ], [ 30.326058, 59.936310999998653 ], [ 30.326023, 59.936231999998647 ], [ 30.32552, 59.936296999998653 ], [ 30.325473, 59.936209999998667 ], [ 30.325979, 59.936142999998651 ], [ 30.325953, 59.936084999998641 ], [ 30.32517, 59.936184999998666 ], [ 30.32527, 59.936407999998643 ] ] ] } },
{ "type": "Feature", "properties": { "height": 18.0, "match_type": "matched", "height_source": "source_b" }, "geometry": { "type": "Polygon", "coordinates": [ [ [ 30.324601, 59.936922999998636 ], [ 30.324888, 59.936886999998642 ], [ 30.324695, 59.936473999998668 ], [ 30.324405, 59.936505999998637 ], [ 30.324601, 59.936922999998636 ] ] ] } },
{ "type": "Feature", "properties": { "height": 18.0, "match_type": "matched", "height_source": "source_b" }, "geometry": { "type": "Polygon", "coordinates": [ [ [ 30.325074, 59.937277999998663 ], [ 30.324888, 59.936886999998642 ], [ 30.324654, 59.936916999998637 ], [ 30.324834, 59.93730299999865 ], [ 30.325074, 59.937277999998663 ] ] ] } },
{ "type": "Feature", "properties": { "height": 18.0, "match_type": "matched", "height_source": "source_b" }, "geometry": { "type": "Polygon", "coordinates": [ [ [ 30.325133, 59.937403999998665 ], [ 30.325074, 59.937277999998663 ], [ 30.324863, 59.93729999999865 ], [ 30.324931, 59.937430999998618 ], [ 30.325133, 59.937403999998665 ] ] ] } },
{ "type": "Feature", "properties": { "height": 15.0, "match_type": "matched", "height_source": "source_b" }, "geometry": { "type": "Polygon", "coordinates": [ [ [ 30.325379, 59.936654999998659 ], [ 30.326161, 59.936555999998646 ], [ 30.326136, 59.936496999998639 ], [ 30.325582, 59.936569999998639 ], [ 30.325522, 59.936434999998625 ], [ 30.326082, 59.936367999998637 ], [ 30.326058, 59.936310999998653 ], [ 30.32527, 59.936407999998643 ], [ 30.325379, 59.936654999998659 ] ] ] } },
{ "type": "Feature", "properties": { "height": 13.2, "match_type": "matched", "height_source": "source_b" }, "geometry": { "type": "Polygon", "coordinates": [ [ [ 30.326161, 59.936555999998646 ], [ 30.326386, 59.936527999998653 ], [ 30.326285, 59.936283999998665 ], [ 30.326058, 59.936310999998653 ], [ 30.326161, 59.936555999998646 ] ] ] } },
{ "type": "Feature", "properties": { "height": 18.0, "match_type": "matched", "height_source": "source_b" }, "geometry": { "type": "Polygon", "coordinates": [ [ [ 30.32517, 59.936184999998666 ], [ 30.325692, 59.936118999998612 ], [ 30.325664, 59.93605399999862 ], [ 30.325452, 59.936071999998639 ], [ 30.325385, 59.935906999998664 ], [ 30.325071, 59.935942999998638 ], [ 30.32517, 59.936184999998666 ] ] ] } },
{ "type": "Feature", "properties": { "height": 18.0, "match_type": "matched", "height_source": "source_b" }, "geometry": { "type": "Polygon", "coordinates": [ [ [ 30.325533, 59.935949999998641 ], [ 30.325612, 59.935940999998671 ], [ 30.325482, 59.935653999998664 ], [ 30.324985, 59.935743999998657 ], [ 30.325071, 59.935942999998638 ], [ 30.325423, 59.935903999998636 ], [ 30.325336, 59.935811999998641 ], [ 30.325463, 59.935796999998637 ], [ 30.325533, 59.935949999998641 ] ] ] } },
{ "type": "Feature", "properties": { "height": 13.2, "match_type": "matched", "height_source": "source_b" }, "geometry": { "type": "Polygon", "coordinates": [ [ [ 30.325482, 59.936897999998664 ], [ 30.325755, 59.936863999998657 ], [ 30.326272, 59.936799999998634 ], [ 30.326161, 59.936555999998646 ], [ 30.325379, 59.936654999998659 ], [ 30.325482, 59.936897999998664 ] ], [ [ 30.326107, 59.936635999998657 ], [ 30.326152, 59.936725999998671 ], [ 30.325691, 59.93678399999866 ], [ 30.325646, 59.93669499999865 ], [ 30.326107, 59.936635999998657 ] ] ] } },
{ "type": "Feature", "properties": { "height": 13.2, "match_type": "matched", "height_source": "source_b" }, "geometry": { "type": "Polygon", "coordinates": [ [ [ 30.326272, 59.936799999998634 ], [ 30.326489, 59.936772999998652 ], [ 30.326386, 59.936527999998653 ], [ 30.326161, 59.936555999998646 ], [ 30.326272, 59.936799999998634 ] ] ] } },
{ "type": "Feature", "properties": { "height": 4.5, "match_type": "matched", "height_source": "source_b" }, "geometry": { "type": "Polygon", "coordinates": [ [ [ 30.325714, 59.93586199999865 ], [ 30.325976, 59.935833999998664 ], [ 30.325913, 59.935679999998655 ], [ 30.32565, 59.935707999998662 ], [ 30.325714, 59.93586199999865 ] ] ] } },
{ "type": "Feature", "properties": { "height": 4.5, "match_type": "matched", "height_source": "source_b" }, "geometry": { "type": "Polygon", "coordinates": [ [ [ 30.325829, 59.936052999998651 ], [ 30.326045, 59.936025999998677 ], [ 30.325975, 59.935883999998644 ], [ 30.325758, 59.935911999998645 ], [ 30.325829, 59.936052999998651 ] ] ] } },
{ "type": "Feature", "properties": { "height": 24.0, "match_type": "matched", "height_source": "source_b" }, "geometry": { "type": "Polygon", "coordinates": [ [ [ 30.326025, 59.935612999998661 ], [ 30.325961, 59.935580999998635 ], [ 30.325898, 59.935612999998646 ], [ 30.325961, 59.935643999998653 ], [ 30.326025, 59.935612999998661 ] ] ] } },
{ "type": "Feature", "properties": { "height": 21.0, "match_type": "matched", "height_source": "source_b" }, "geometry": { "type": "Polygon", "coordinates": [ [ [ 30.326013, 59.935629999998675 ], [ 30.325901, 59.935604999998652 ], [ 30.325482, 59.935653999998664 ], [ 30.325692, 59.936118999998612 ], [ 30.326191, 59.936057999998646 ], [ 30.326013, 59.935629999998675 ] ], [ [ 30.325714, 59.93586199999865 ], [ 30.32565, 59.935707999998662 ], [ 30.325913, 59.935679999998655 ], [ 30.325976, 59.935833999998664 ], [ 30.325714, 59.93586199999865 ] ], [ [ 30.325829, 59.936052999998651 ], [ 30.325758, 59.935911999998645 ], [ 30.325975, 59.935883999998644 ], [ 30.326045, 59.936025999998677 ], [ 30.325829, 59.936052999998651 ] ] ] } },
{ "type": "Feature", "properties": { "height": 13.2, "match_type": "matched", "height_source": "source_b" }, "geometry": { "type": "Polygon", "coordinates": [ [ [ 30.325626, 59.929547999998647 ], [ 30.325795, 59.92961999999865 ], [ 30.326184, 59.929379999998652 ], [ 30.326013, 59.929309999998672 ], [ 30.325626, 59.929547999998647 ] ] ] } },
{ "type": "Feature", "properties": { "height": 9.9, "match_type": "matched", "height_source": "source_b" }, "geometry": { "type": "Polygon", "coordinates": [ [ [ 30.32561, 59.932489999998651 ], [ 30.325749, 59.932532999998656 ], [ 30.325982, 59.932520999998658 ], [ 30.326608, 59.932301999998643 ], [ 30.326373, 59.932130999998655 ], [ 30.326054, 59.93222299999865 ], [ 30.326221, 59.932350999998647 ], [ 30.325785, 59.932457999998661 ], [ 30.325592, 59.932442999998642 ], [ 30.32561, 59.932489999998651 ] ] ] } },
{ "type": "Feature", "properties": { "height": 9.9, "match_type": "matched", "height_source": "source_b" }, "geometry": { "type": "Polygon", "coordinates": [ [ [ 30.326608, 59.932301999998643 ], [ 30.326798, 59.932236999998665 ], [ 30.326659, 59.932145999998653 ], [ 30.326481, 59.932208999998643 ], [ 30.326608, 59.932301999998643 ] ] ] } },
{ "type": "Feature", "properties": { "height": 13.2, "match_type": "matched", "height_source": "source_b" }, "geometry": { "type": "Polygon", "coordinates": [ [ [ 30.32669, 59.932367999998654 ], [ 30.326608, 59.932301999998643 ], [ 30.325982, 59.932520999998658 ], [ 30.325577, 59.932497999998652 ], [ 30.325649, 59.932602999998636 ], [ 30.3259, 59.932617999998662 ], [ 30.32669, 59.932367999998654 ] ] ] } },
{ "type": "Feature", "properties": { "height": 13.2, "match_type": "matched", "height_source": "source_b" }, "geometry": { "type": "Polygon", "coordinates": [ [ [ 30.326608, 59.932301999998643 ], [ 30.32669, 59.932367999998654 ], [ 30.328513, 59.931733999998649 ], [ 30.328419, 59.931674999998634 ], [ 30.326608, 59.932301999998643 ] ] ] } },
{ "type": "Feature", "properties": { "height": 4.5, "match_type": "matched", "height_source": "source_b" }, "geometry": { "type": "Polygon", "coordinates": [ [ [ 30.32772, 59.931835999998647 ], [ 30.327797, 59.931890999998657 ], [ 30.328749, 59.931559999998676 ], [ 30.328353, 59.931390999998641 ], [ 30.328233, 59.931459999998637 ], [ 30.32848, 59.931565999998647 ], [ 30.32772, 59.931835999998647 ] ] ] } },
{ "type": "Feature", "properties": { "height": 13.2, "match_type": "matched", "height_source": "source_b" }, "geometry": { "type": "Polygon", "coordinates": [ [ [ 30.328419, 59.931674999998634 ], [ 30.328513, 59.931733999998649 ], [ 30.328861, 59.931610999998647 ], [ 30.328749, 59.931559999998676 ], [ 30.328419, 59.931674999998634 ] ] ] } },
{ "type": "Feature", "properties": { "height": 4.5, "match_type": "matched", "height_source": "source_b" }, "geometry": { "type": "Polygon", "coordinates": [ [ [ 30.326711, 59.932179999998645 ], [ 30.326798, 59.932236999998665 ], [ 30.327607, 59.93195799999863 ], [ 30.327564, 59.931925999998647 ], [ 30.326711, 59.932179999998645 ] ] ] } },
{ "type": "Feature", "properties": { "height": 6.2, "match_type": "only_a", "height_source": "ml_predicted" }, "geometry": { "type": "Polygon", "coordinates": [ [ [ 30.3257, 59.93252 ], [ 30.32554, 59.93218 ], [ 30.32542, 59.93207 ], [ 30.32416, 59.93169 ], [ 30.3254, 59.93209 ], [ 30.32553, 59.93222 ], [ 30.32564, 59.93252 ], [ 30.3257, 59.93252 ] ] ] } },
{ "type": "Feature", "properties": { "height": 13.2, "match_type": "matched", "height_source": "source_b" }, "geometry": { "type": "Polygon", "coordinates": [ [ [ 30.325674, 59.937333999998657 ], [ 30.325964, 59.937295999998661 ], [ 30.325755, 59.936863999998657 ], [ 30.325482, 59.936897999998664 ], [ 30.325674, 59.937333999998657 ] ] ] } },
{ "type": "Feature", "properties": { "height": 9.9, "match_type": "matched", "height_source": "source_b" }, "geometry": { "type": "Polygon", "coordinates": [ [ [ 30.325787, 59.932846999998638 ], [ 30.325892, 59.932926999998649 ], [ 30.326085, 59.932863999998652 ], [ 30.326178, 59.932941999998633 ], [ 30.327241, 59.932606999998654 ], [ 30.327028, 59.932431999998649 ], [ 30.325787, 59.932846999998638 ] ] ] } },
{ "type": "Feature", "properties": { "height": 13.2, "match_type": "matched", "height_source": "source_b" }, "geometry": { "type": "Polygon", "coordinates": [ [ [ 30.328093, 59.933301999998669 ], [ 30.32773, 59.933001999998638 ], [ 30.327342, 59.933048999998647 ], [ 30.327401, 59.933146999998641 ], [ 30.327475, 59.933135999998647 ], [ 30.327622, 59.933286999998643 ], [ 30.327502, 59.933306999998649 ], [ 30.32747, 59.933257999998645 ], [ 30.326455, 59.93340399999866 ], [ 30.326479, 59.933446999998658 ], [ 30.326262, 59.933477999998651 ], [ 30.326289, 59.933555999998667 ], [ 30.328093, 59.933301999998669 ] ] ] } },
{ "type": "Feature", "properties": { "height": 13.2, "match_type": "matched", "height_source": "source_b" }, "geometry": { "type": "Polygon", "coordinates": [ [ [ 30.326289, 59.933555999998667 ], [ 30.326208, 59.933280999998658 ], [ 30.325922, 59.933316999998652 ], [ 30.326027, 59.933592999998638 ], [ 30.326289, 59.933555999998667 ] ] ] } },
{ "type": "Feature", "properties": { "height": 9.9, "match_type": "matched", "height_source": "source_b" }, "geometry": { "type": "Polygon", "coordinates": [ [ [ 30.325922, 59.933316999998652 ], [ 30.326322, 59.933266999998658 ], [ 30.326346, 59.933333999998652 ], [ 30.327423, 59.933183999998647 ], [ 30.327265, 59.93296599999865 ], [ 30.326811, 59.933031999998633 ], [ 30.326739, 59.932868999998647 ], [ 30.326295, 59.932890999998655 ], [ 30.326178, 59.932941999998633 ], [ 30.326085, 59.932863999998652 ], [ 30.325892, 59.932926999998649 ], [ 30.325787, 59.932846999998638 ], [ 30.325772, 59.93291599999867 ], [ 30.325922, 59.933316999998652 ] ] ] } },
{ "type": "Feature", "properties": { "height": 9.9, "match_type": "matched", "height_source": "source_b" }, "geometry": { "type": "Polygon", "coordinates": [ [ [ 30.3269, 59.93269199999866 ], [ 30.327342, 59.933048999998647 ], [ 30.32773, 59.933001999998638 ], [ 30.327241, 59.932606999998654 ], [ 30.3269, 59.93269199999866 ] ] ] } },
{ "type": "Feature", "properties": { "height": 9.9, "match_type": "matched", "height_source": "source_b" }, "geometry": { "type": "Polygon", "coordinates": [ [ [ 30.32563, 59.929716999998654 ], [ 30.325417, 59.92984799999865 ], [ 30.325553, 59.92990399999865 ], [ 30.325765, 59.929774999998642 ], [ 30.32563, 59.929716999998654 ] ] ] } },
{ "type": "Feature", "properties": { "height": 30.0, "match_type": "matched", "height_source": "source_b" }, "geometry": { "type": "Polygon", "coordinates": [ [ [ 30.324673, 59.934102999998629 ], [ 30.324625, 59.934038999998656 ], [ 30.324505, 59.934006999998644 ], [ 30.324339, 59.934038999998656 ], [ 30.324291, 59.93410299999865 ], [ 30.324373, 59.93418199999865 ], [ 30.324505, 59.934197999998645 ], [ 30.324625, 59.934165999998648 ], [ 30.324673, 59.934102999998629 ] ] ] } },
{ "type": "Feature", "properties": { "height": 13.2, "match_type": "matched", "height_source": "source_b" }, "geometry": { "type": "Polygon", "coordinates": [ [ [ 30.324857, 59.93431999999865 ], [ 30.324824, 59.934269999998655 ], [ 30.324969, 59.934248999998658 ], [ 30.324928, 59.934175999998665 ], [ 30.324982, 59.934100999998606 ], [ 30.324855, 59.934050999998654 ], [ 30.32482, 59.933988999998626 ], [ 30.324689, 59.934007999998663 ], [ 30.324638, 59.933916999998658 ], [ 30.324554, 59.933929999998647 ], [ 30.324499, 59.933831999998652 ], [ 30.324078, 59.933892999998662 ], [ 30.324135, 59.933990999998656 ], [ 30.324063, 59.934001999998635 ], [ 30.324115, 59.934090999998645 ], [ 30.323494, 59.934180999998659 ], [ 30.323649, 59.934452999998641 ], [ 30.324277, 59.934354999998632 ], [ 30.324306, 59.934401999998641 ], [ 30.32395, 59.93460399999865 ], [ 30.323885, 59.934756999998648 ], [ 30.323677, 59.93478999999865 ], [ 30.323872, 59.935006999998663 ], [ 30.324175, 59.934967999998655 ], [ 30.324091, 59.934841999998639 ], [ 30.32409, 59.934712999998645 ], [ 30.324204, 59.934570999998648 ], [ 30.324403, 59.93451699999865 ], [ 30.324429, 59.93455899999865 ], [ 30.324896, 59.934498999998652 ], [ 30.324869, 59.934440999998657 ], [ 30.325228, 59.934484999998666 ], [ 30.325397, 59.934567999998649 ], [ 30.325581, 59.934752999998651 ], [ 30.325872, 59.934710999998643 ], [ 30.325785, 59.934469999998655 ], [ 30.325597, 59.934497999998641 ], [ 30.32537, 59.934401999998641 ], [ 30.324857, 59.93431999999865 ] ], [ [ 30.324673, 59.934102999998629 ], [ 30.324625, 59.934165999998648 ], [ 30.324505, 59.934197999998645 ], [ 30.324373, 59.93418199999865 ], [ 30.324291, 59.93410299999865 ], [ 30.324339, 59.934038999998656 ], [ 30.324505, 59.934006999998644 ], [ 30.324625, 59.934038999998656 ], [ 30.324673, 59.934102999998629 ] ] ] } },
{ "type": "Feature", "properties": { "height": 13.2, "match_type": "matched", "height_source": "source_b" }, "geometry": { "type": "Polygon", "coordinates": [ [ [ 30.325423, 59.929456999998656 ], [ 30.325574, 59.929523999998629 ], [ 30.325964, 59.92928399999866 ], [ 30.325808, 59.929219999998644 ], [ 30.325423, 59.929456999998656 ] ] ] } },
{ "type": "Feature", "properties": { "height": 4.5, "match_type": "matched", "height_source": "source_b" }, "geometry": { "type": "Polygon", "coordinates": [ [ [ 30.325715, 59.930393999998628 ], [ 30.325832, 59.93032299999863 ], [ 30.325757, 59.930291999998623 ], [ 30.325638, 59.930364999998616 ], [ 30.325715, 59.930393999998628 ] ] ] } },
{ "type": "Feature", "properties": { "height": 6.9, "match_type": "only_a", "height_source": "ml_predicted" }, "geometry": { "type": "Polygon", "coordinates": [ [ [ 30.32587, 59.94004 ], [ 30.32597, 59.94003 ], [ 30.32586, 59.94001 ], [ 30.32587, 59.94004 ] ] ] } },
{ "type": "Feature", "properties": { "height": 18.0, "match_type": "matched", "height_source": "source_b" }, "geometry": { "type": "Polygon", "coordinates": [ [ [ 30.326135, 59.93763399999866 ], [ 30.325964, 59.937295999998661 ], [ 30.325674, 59.937333999998657 ], [ 30.325826, 59.93767599999866 ], [ 30.326135, 59.93763399999866 ] ] ] } },
{ "type": "Feature", "properties": { "height": 13.2, "match_type": "matched", "height_source": "source_b" }, "geometry": { "type": "Polygon", "coordinates": [ [ [ 30.326084, 59.937513999998643 ], [ 30.326135, 59.93763399999866 ], [ 30.326813, 59.937548999998668 ], [ 30.326767, 59.937435999998655 ], [ 30.326084, 59.937513999998643 ] ] ] } },
{ "type": "Feature", "properties": { "height": 13.2, "match_type": "matched", "height_source": "source_b" }, "geometry": { "type": "Polygon", "coordinates": [ [ [ 30.326467, 59.937465999998658 ], [ 30.326767, 59.937435999998655 ], [ 30.326674, 59.937203999998637 ], [ 30.325964, 59.937295999998661 ], [ 30.325995, 59.937358999998665 ], [ 30.326409, 59.937305999998649 ], [ 30.326467, 59.937465999998658 ] ] ] } },
{ "type": "Feature", "properties": { "height": 13.2, "match_type": "matched", "height_source": "source_b" }, "geometry": { "type": "Polygon", "coordinates": [ [ [ 30.329076, 59.931157999998661 ], [ 30.328725, 59.931010999998655 ], [ 30.328534, 59.93111399999863 ], [ 30.328894, 59.931266999998648 ], [ 30.329076, 59.931157999998661 ] ] ] } },
{ "type": "Feature", "properties": { "height": 9.9, "match_type": "matched", "height_source": "source_b" }, "geometry": { "type": "Polygon", "coordinates": [ [ [ 30.32967, 59.931164999998629 ], [ 30.329406, 59.931295999998639 ], [ 30.329076, 59.931157999998661 ], [ 30.328894, 59.931266999998648 ], [ 30.329392, 59.931441999998668 ], [ 30.329802, 59.931227999998647 ], [ 30.32967, 59.931164999998629 ] ] ] } },
{ "type": "Feature", "properties": { "height": 9.9, "match_type": "matched", "height_source": "source_b" }, "geometry": { "type": "Polygon", "coordinates": [ [ [ 30.327486, 59.930665999998652 ], [ 30.327658, 59.930562999998649 ], [ 30.325837, 59.929800999998655 ], [ 30.325668, 59.929906999998643 ], [ 30.327486, 59.930665999998652 ] ] ] } },
{ "type": "Feature", "properties": { "height": 4.5, "match_type": "matched", "height_source": "source_b" }, "geometry": { "type": "Polygon", "coordinates": [ [ [ 30.328675, 59.930989999998623 ], [ 30.328748, 59.931020999998658 ], [ 30.328885, 59.930938999998659 ], [ 30.32881, 59.930907999998638 ], [ 30.328675, 59.930989999998623 ] ] ] } },
{ "type": "Feature", "properties": { "height": 9.9, "match_type": "matched", "height_source": "source_b" }, "geometry": { "type": "Polygon", "coordinates": [ [ [ 30.328534, 59.93111399999863 ], [ 30.328725, 59.931010999998655 ], [ 30.327658, 59.930562999998649 ], [ 30.327486, 59.930665999998652 ], [ 30.328534, 59.93111399999863 ] ] ] } },
{ "type": "Feature", "properties": { "height": 13.2, "match_type": "matched", "height_source": "source_b" }, "geometry": { "type": "Polygon", "coordinates": [ [ [ 30.32592, 59.937205999998675 ], [ 30.325964, 59.937295999998661 ], [ 30.326674, 59.937203999998637 ], [ 30.326489, 59.936772999998652 ], [ 30.325997, 59.936833999998647 ], [ 30.326026, 59.93689099999866 ], [ 30.326151, 59.936876999998645 ], [ 30.326181, 59.936950999998672 ], [ 30.325972, 59.936973999998635 ], [ 30.326038, 59.937129999998639 ], [ 30.326131, 59.937120999998655 ], [ 30.326159, 59.93717899999865 ], [ 30.32592, 59.937205999998675 ] ] ] } },
{ "type": "Feature", "properties": { "height": 15.0, "match_type": "matched", "height_source": "source_b" }, "geometry": { "type": "Polygon", "coordinates": [ [ [ 30.326045, 59.938137999998652 ], [ 30.326397, 59.938097999998639 ], [ 30.326286, 59.937844999998639 ], [ 30.325929, 59.937877999998634 ], [ 30.326045, 59.938137999998652 ] ] ] } },
{ "type": "Feature", "properties": { "height": 15.0, "match_type": "matched", "height_source": "source_b" }, "geometry": { "type": "Polygon", "coordinates": [ [ [ 30.325929, 59.937877999998634 ], [ 30.326286, 59.937844999998639 ], [ 30.32658, 59.937805999998652 ], [ 30.326549, 59.937729999998659 ], [ 30.3259, 59.937804999998633 ], [ 30.325929, 59.937877999998634 ] ] ] } },
{ "type": "Feature", "properties": { "height": 15.0, "match_type": "matched", "height_source": "source_b" }, "geometry": { "type": "Polygon", "coordinates": [ [ [ 30.326549, 59.937729999998659 ], [ 30.326916, 59.938613999998651 ], [ 30.327233, 59.938584999998668 ], [ 30.326868, 59.937694999998648 ], [ 30.326549, 59.937729999998659 ] ] ] } },
{ "type": "Feature", "properties": { "height": 6.2, "match_type": "only_a", "height_source": "ml_predicted" }, "geometry": { "type": "Polygon", "coordinates": [ [ [ 30.3262, 59.94048 ], [ 30.32623, 59.94056 ], [ 30.32633, 59.94055 ], [ 30.3263, 59.94047 ], [ 30.3262, 59.94048 ] ] ] } },
{ "type": "Feature", "properties": { "height": 9.9, "match_type": "matched", "height_source": "source_b" }, "geometry": { "type": "Polygon", "coordinates": [ [ [ 30.326743, 59.929595999998632 ], [ 30.326429, 59.929785999998657 ], [ 30.326568, 59.929852999998644 ], [ 30.326893, 59.929657999998675 ], [ 30.326743, 59.929595999998632 ] ] ] } },
{ "type": "Feature", "properties": { "height": 6.6, "match_type": "matched", "height_source": "source_b" }, "geometry": { "type": "Polygon", "coordinates": [ [ [ 30.326429, 59.929785999998657 ], [ 30.32635, 59.929833999998671 ], [ 30.326496, 59.929895999998649 ], [ 30.326568, 59.929852999998644 ], [ 30.326429, 59.929785999998657 ] ] ] } },
{ "type": "Feature", "properties": { "height": 13.2, "match_type": "matched", "height_source": "source_b" }, "geometry": { "type": "Polygon", "coordinates": [ [ [ 30.326255, 59.934167999998657 ], [ 30.327062, 59.934108999998642 ], [ 30.32702, 59.93400899999866 ], [ 30.326623, 59.934050999998639 ], [ 30.326514, 59.933787999998643 ], [ 30.326454, 59.933793999998656 ], [ 30.326377, 59.933630999998648 ], [ 30.326494, 59.933614999998667 ], [ 30.326449, 59.933533999998645 ], [ 30.326027, 59.933592999998638 ], [ 30.326255, 59.934167999998657 ] ] ] } },
{ "type": "Feature", "properties": { "height": 15.0, "match_type": "matched", "height_source": "source_b" }, "geometry": { "type": "Polygon", "coordinates": [ [ [ 30.32746, 59.93189499999864 ], [ 30.327755, 59.931735999998644 ], [ 30.327342, 59.931555999998636 ], [ 30.326992, 59.93172799999865 ], [ 30.326452, 59.931810999998646 ], [ 30.325991, 59.931771999998638 ], [ 30.325684, 59.931677999998634 ], [ 30.32542, 59.931498999998652 ], [ 30.32531, 59.931319999998664 ], [ 30.32537, 59.931068999998629 ], [ 30.325615, 59.930882999998659 ], [ 30.325204, 59.930702999998672 ], [ 30.325064, 59.930751999998634 ], [ 30.325098, 59.930765999998641 ], [ 30.32496, 59.930870999998675 ], [ 30.324768, 59.931134999998648 ], [ 30.324778, 59.931410999998633 ], [ 30.324944, 59.931643999998649 ], [ 30.325307, 59.931878999998638 ], [ 30.325725, 59.932019999998637 ], [ 30.326404, 59.932090999998664 ], [ 30.326867, 59.932054999998648 ], [ 30.32746, 59.93189499999864 ] ] ] } },
{ "type": "Feature", "properties": { "height": 6.6, "match_type": "matched", "height_source": "source_b" }, "geometry": { "type": "Polygon", "coordinates": [ [ [ 30.325204, 59.930702999998672 ], [ 30.325615, 59.930882999998659 ], [ 30.326281, 59.930501999998654 ], [ 30.325843, 59.930315999998655 ], [ 30.325204, 59.930702999998672 ] ] ] } },
{ "type": "Feature", "properties": { "height": 4.5, "match_type": "matched", "height_source": "source_b" }, "geometry": { "type": "Polygon", "coordinates": [ [ [ 30.327185, 59.931645999998658 ], [ 30.327298, 59.93158199999867 ], [ 30.326779, 59.931367999998656 ], [ 30.326572, 59.931491999998649 ], [ 30.326969, 59.931654999998656 ], [ 30.327064, 59.931599999998653 ], [ 30.327185, 59.931645999998658 ] ] ] } },
{ "type": "Feature", "properties": { "height": 4.5, "match_type": "matched", "height_source": "source_b" }, "geometry": { "type": "Polygon", "coordinates": [ [ [ 30.325933, 59.931220999998658 ], [ 30.326141, 59.93109899999866 ], [ 30.325615, 59.930882999998659 ], [ 30.325461, 59.930976999998634 ], [ 30.325577, 59.931021999998649 ], [ 30.325526, 59.931054999998636 ], [ 30.325933, 59.931220999998658 ] ] ] } },
{ "type": "Feature", "properties": { "height": 9.9, "match_type": "matched", "height_source": "source_b" }, "geometry": { "type": "Polygon", "coordinates": [ [ [ 30.326659, 59.931438999998655 ], [ 30.326906, 59.931292999998647 ], [ 30.326495, 59.931073999998638 ], [ 30.326451, 59.93110199999866 ], [ 30.32627, 59.931023999998644 ], [ 30.326019, 59.931169999998673 ], [ 30.326659, 59.931438999998655 ] ] ] } },
{ "type": "Feature", "properties": { "height": 6.6, "match_type": "matched", "height_source": "source_b" }, "geometry": { "type": "Polygon", "coordinates": [ [ [ 30.327755, 59.931735999998644 ], [ 30.328233, 59.931459999998637 ], [ 30.328367, 59.931382999998647 ], [ 30.32793, 59.931197999998645 ], [ 30.327342, 59.931555999998636 ], [ 30.327755, 59.931735999998644 ] ] ] } },
{ "type": "Feature", "properties": { "height": 15.0, "match_type": "matched", "height_source": "source_b" }, "geometry": { "type": "Polygon", "coordinates": [ [ [ 30.326397, 59.938097999998639 ], [ 30.326045, 59.938137999998652 ], [ 30.326286, 59.938760999998649 ], [ 30.326664, 59.938716999998654 ], [ 30.326544, 59.938445999998635 ], [ 30.326582, 59.938441999998659 ], [ 30.326555, 59.938371999998665 ], [ 30.326515, 59.938375999998655 ], [ 30.326397, 59.938097999998639 ] ] ] } },
{ "type": "Feature", "properties": { "height": 9.9, "match_type": "matched", "height_source": "source_b" }, "geometry": { "type": "Polygon", "coordinates": [ [ [ 30.326326, 59.929426999998626 ], [ 30.325929, 59.92966599999864 ], [ 30.326082, 59.929729999998642 ], [ 30.326478, 59.929490999998649 ], [ 30.326326, 59.929426999998626 ] ] ] } },
{ "type": "Feature", "properties": { "height": 6.1, "match_type": "only_a", "height_source": "ml_predicted" }, "geometry": { "type": "Polygon", "coordinates": [ [ [ 30.32659, 59.92995 ], [ 30.327, 59.9297 ], [ 30.32694, 59.92967 ], [ 30.32653, 59.92992 ], [ 30.32659, 59.92995 ] ] ] } },
{ "type": "Feature", "properties": { "height": 9.9, "match_type": "matched", "height_source": "source_b" }, "geometry": { "type": "Polygon", "coordinates": [ [ [ 30.324202, 59.93912499999864 ], [ 30.324482, 59.939095999998635 ], [ 30.326546, 59.938883999998637 ], [ 30.326501, 59.938781999998646 ], [ 30.324177, 59.939064999998642 ], [ 30.324202, 59.93912499999864 ] ] ] } },
{ "type": "Feature", "properties": { "height": 15.0, "match_type": "matched", "height_source": "source_b" }, "geometry": { "type": "Polygon", "coordinates": [ [ [ 30.32654, 59.929051999998656 ], [ 30.326481, 59.929080999998632 ], [ 30.326186, 59.929228999998656 ], [ 30.326319, 59.929292999998665 ], [ 30.326674, 59.929110999998635 ], [ 30.32654, 59.929051999998656 ] ] ] } },
{ "type": "Feature", "properties": { "height": 3.9, "match_type": "only_a", "height_source": "ml_predicted" }, "geometry": { "type": "Polygon", "coordinates": [ [ [ 30.32668, 59.9384 ], [ 30.32676, 59.93839 ], [ 30.32674, 59.93833 ], [ 30.32666, 59.93834 ], [ 30.32668, 59.9384 ] ] ] } },
{ "type": "Feature", "properties": { "height": 7.2, "match_type": "only_a", "height_source": "ml_predicted" }, "geometry": { "type": "Polygon", "coordinates": [ [ [ 30.32668, 59.93852 ], [ 30.32669, 59.93856 ], [ 30.32673, 59.93856 ], [ 30.32673, 59.93852 ], [ 30.32668, 59.93852 ] ] ] } },
{ "type": "Feature", "properties": { "height": 9.9, "match_type": "matched", "height_source": "source_b" }, "geometry": { "type": "Polygon", "coordinates": [ [ [ 30.327089, 59.934922999998662 ], [ 30.326877, 59.934936999998641 ], [ 30.326812, 59.934779999998661 ], [ 30.326882, 59.934772999998657 ], [ 30.326728, 59.934402999998682 ], [ 30.326776, 59.934397999998652 ], [ 30.326685, 59.934296999998644 ], [ 30.327098, 59.934253999998639 ], [ 30.327039, 59.934110999998644 ], [ 30.326292, 59.934163999998667 ], [ 30.326671, 59.935114999998646 ], [ 30.327157, 59.935057999998648 ], [ 30.327089, 59.934922999998662 ] ] ] } },
{ "type": "Feature", "properties": { "height": 9.9, "match_type": "matched", "height_source": "source_b" }, "geometry": { "type": "Polygon", "coordinates": [ [ [ 30.326544, 59.929510999998655 ], [ 30.326145, 59.929750999998674 ], [ 30.326288, 59.929812999998624 ], [ 30.326685, 59.929571999998664 ], [ 30.326544, 59.929510999998655 ] ] ] } },
{ "type": "Feature", "properties": { "height": 9.9, "match_type": "matched", "height_source": "source_b" }, "geometry": { "type": "Polygon", "coordinates": [ [ [ 30.327504, 59.929373999998646 ], [ 30.32734, 59.929294999998653 ], [ 30.326878, 59.92952599999866 ], [ 30.327033, 59.929608999998656 ], [ 30.327504, 59.929373999998646 ] ] ] } },
{ "type": "Feature", "properties": { "height": 3.8, "match_type": "only_a", "height_source": "ml_predicted" }, "geometry": { "type": "Polygon", "coordinates": [ [ [ 30.327, 59.93864 ], [ 30.32701, 59.93867 ], [ 30.32731, 59.93864 ], [ 30.3273, 59.93861 ], [ 30.327, 59.93864 ] ] ] } },
{ "type": "Feature", "properties": { "height": 4.5, "match_type": "matched", "height_source": "source_b" }, "geometry": { "type": "Polygon", "coordinates": [ [ [ 30.326119, 59.94047199999865 ], [ 30.326149, 59.94055499999866 ], [ 30.32624, 59.940545999998648 ], [ 30.326207, 59.940463999998663 ], [ 30.326119, 59.94047199999865 ] ] ] } },
{ "type": "Feature", "properties": { "height": 15.0, "match_type": "matched", "height_source": "source_b" }, "geometry": { "type": "Polygon", "coordinates": [ [ [ 30.325152, 59.940703999998661 ], [ 30.325222, 59.940874999998663 ], [ 30.326918, 59.94070899999867 ], [ 30.326844, 59.940518999998652 ], [ 30.326149, 59.94055499999866 ], [ 30.326119, 59.94047199999865 ], [ 30.325277, 59.940549999998638 ], [ 30.325321, 59.940663999998669 ], [ 30.325152, 59.940703999998661 ] ] ] } },
{ "type": "Feature", "properties": { "height": 9.9, "match_type": "matched", "height_source": "source_b" }, "geometry": { "type": "Polygon", "coordinates": [ [ [ 30.326449, 59.933533999998645 ], [ 30.326509, 59.933643999998672 ], [ 30.327869, 59.933444999998649 ], [ 30.327813, 59.933340999998642 ], [ 30.326449, 59.933533999998645 ] ] ] } },
{ "type": "Feature", "properties": { "height": 15.0, "match_type": "matched", "height_source": "source_b" }, "geometry": { "type": "Polygon", "coordinates": [ [ [ 30.327231, 59.935874999998653 ], [ 30.328221, 59.935749999998649 ], [ 30.328143, 59.935583999998656 ], [ 30.327828, 59.93562999999866 ], [ 30.327743, 59.935658999998658 ], [ 30.327762, 59.935708999998653 ], [ 30.327175, 59.935747999998632 ], [ 30.327231, 59.935874999998653 ] ] ] } },
{ "type": "Feature", "properties": { "height": 13.2, "match_type": "matched", "height_source": "source_b" }, "geometry": { "type": "Polygon", "coordinates": [ [ [ 30.32711, 59.936164999998653 ], [ 30.327947, 59.936066999998644 ], [ 30.328347, 59.936020999998654 ], [ 30.328221, 59.935749999998649 ], [ 30.327017, 59.935901999998642 ], [ 30.32711, 59.936164999998653 ] ], [ [ 30.328112, 59.935896999998647 ], [ 30.328138, 59.935965999998643 ], [ 30.327464, 59.936042999998676 ], [ 30.327433, 59.935973999998645 ], [ 30.328112, 59.935896999998647 ] ] ] } },
{ "type": "Feature", "properties": { "height": 9.9, "match_type": "matched", "height_source": "source_b" }, "geometry": { "type": "Polygon", "coordinates": [ [ [ 30.327068, 59.934180999998645 ], [ 30.328178, 59.934037999998651 ], [ 30.328224, 59.934031999998638 ], [ 30.328172, 59.933930999998658 ], [ 30.327915, 59.933973999998649 ], [ 30.327886, 59.933927999998637 ], [ 30.327032, 59.934037999998651 ], [ 30.327068, 59.934180999998645 ] ] ] } },
{ "type": "Feature", "properties": { "height": 6.6, "match_type": "matched", "height_source": "source_b" }, "geometry": { "type": "Polygon", "coordinates": [ [ [ 30.327049, 59.934746999998644 ], [ 30.32709, 59.93483599999864 ], [ 30.3274, 59.934797999998651 ], [ 30.327356, 59.934708999998634 ], [ 30.327049, 59.934746999998644 ] ] ] } },
{ "type": "Feature", "properties": { "height": 9.9, "match_type": "matched", "height_source": "source_b" }, "geometry": { "type": "Polygon", "coordinates": [ [ [ 30.326974, 59.929700999998666 ], [ 30.326578, 59.929938999998654 ], [ 30.326728, 59.929997999998641 ], [ 30.327125, 59.929761999998654 ], [ 30.326974, 59.929700999998666 ] ] ] } },
{ "type": "Feature", "properties": { "height": 5.5, "match_type": "only_a", "height_source": "ml_predicted" }, "geometry": { "type": "Polygon", "coordinates": [ [ [ 30.32714, 59.93018 ], [ 30.32755, 59.92993 ], [ 30.32749, 59.92991 ], [ 30.32709, 59.93015 ], [ 30.32714, 59.93018 ] ] ] } },
{ "type": "Feature", "properties": { "height": 3.1, "match_type": "only_a", "height_source": "ml_predicted" }, "geometry": { "type": "Polygon", "coordinates": [ [ [ 30.327, 59.9407 ], [ 30.32714, 59.94067 ], [ 30.32699, 59.94069 ], [ 30.327, 59.9407 ] ] ] } },
{ "type": "Feature", "properties": { "height": 4.0, "match_type": "only_a", "height_source": "ml_predicted" }, "geometry": { "type": "Polygon", "coordinates": [ [ [ 30.32716, 59.93448 ], [ 30.32725, 59.93447 ], [ 30.32723, 59.93443 ], [ 30.32714, 59.93444 ], [ 30.32716, 59.93448 ] ] ] } },
{ "type": "Feature", "properties": { "height": 9.9, "match_type": "matched", "height_source": "source_b" }, "geometry": { "type": "Polygon", "coordinates": [ [ [ 30.328054, 59.93628599999866 ], [ 30.328338, 59.936251999998653 ], [ 30.328315, 59.936188999998635 ], [ 30.328029, 59.936226999998652 ], [ 30.328054, 59.93628599999866 ] ] ] } },
{ "type": "Feature", "properties": { "height": 15.0, "match_type": "matched", "height_source": "source_b" }, "geometry": { "type": "Polygon", "coordinates": [ [ [ 30.328338, 59.936251999998653 ], [ 30.32845, 59.936240999998674 ], [ 30.32836, 59.936047999998635 ], [ 30.328248, 59.936059999998605 ], [ 30.328338, 59.936251999998653 ] ] ] } },
{ "type": "Feature", "properties": { "height": 9.9, "match_type": "matched", "height_source": "source_b" }, "geometry": { "type": "Polygon", "coordinates": [ [ [ 30.327197, 59.936391999998662 ], [ 30.327983, 59.936293999998668 ], [ 30.328054, 59.93628599999866 ], [ 30.327947, 59.936066999998644 ], [ 30.32711, 59.936164999998653 ], [ 30.327197, 59.936391999998662 ] ], [ [ 30.327683, 59.936189999998639 ], [ 30.327718, 59.936267999998655 ], [ 30.327445, 59.936294999998658 ], [ 30.327414, 59.936216999998642 ], [ 30.327683, 59.936189999998639 ] ] ] } },
{ "type": "Feature", "properties": { "height": 4.1, "match_type": "only_a", "height_source": "ml_predicted" }, "geometry": { "type": "Polygon", "coordinates": [ [ [ 30.32724, 59.93997 ], [ 30.32728, 59.94005 ], [ 30.32758, 59.94012 ], [ 30.32742, 59.93999 ], [ 30.32736, 59.94 ], [ 30.32734, 59.93994 ], [ 30.32724, 59.93997 ] ] ] } },
{ "type": "Feature", "properties": { "height": 13.2, "match_type": "matched", "height_source": "source_b" }, "geometry": { "type": "Polygon", "coordinates": [ [ [ 30.328143, 59.935583999998656 ], [ 30.328026, 59.935307999998635 ], [ 30.326816, 59.935443999998654 ], [ 30.327017, 59.935901999998642 ], [ 30.327231, 59.935874999998653 ], [ 30.327175, 59.935747999998632 ], [ 30.327325, 59.935731999998659 ], [ 30.32728, 59.935626999998661 ], [ 30.327782, 59.935540999998651 ], [ 30.327828, 59.93562999999866 ], [ 30.328143, 59.935583999998656 ] ] ] } },
{ "type": "Feature", "properties": { "height": 9.9, "match_type": "matched", "height_source": "source_b" }, "geometry": { "type": "Polygon", "coordinates": [ [ [ 30.327018, 59.934677999998677 ], [ 30.327243, 59.934652999998654 ], [ 30.327171, 59.934489999998632 ], [ 30.326947, 59.934514999998655 ], [ 30.327018, 59.934677999998677 ] ] ] } },
{ "type": "Feature", "properties": { "height": 9.9, "match_type": "matched", "height_source": "source_b" }, "geometry": { "type": "Polygon", "coordinates": [ [ [ 30.327526, 59.929932999998655 ], [ 30.327124, 59.930168999998642 ], [ 30.327271, 59.930230999998649 ], [ 30.327671, 59.929993999998644 ], [ 30.327526, 59.929932999998655 ] ] ] } },
{ "type": "Feature", "properties": { "height": 15.0, "match_type": "matched", "height_source": "source_b" }, "geometry": { "type": "Polygon", "coordinates": [ [ [ 30.327274, 59.936579999998628 ], [ 30.327538, 59.936547999998652 ], [ 30.328068, 59.936481999998634 ], [ 30.327983, 59.936293999998668 ], [ 30.327197, 59.936391999998662 ], [ 30.327274, 59.936579999998628 ] ], [ [ 30.327523, 59.936377999998669 ], [ 30.327778, 59.936351999998628 ], [ 30.327808, 59.936437999998653 ], [ 30.327552, 59.93646099999868 ], [ 30.327523, 59.936377999998669 ] ] ] } },
{ "type": "Feature", "properties": { "height": 5.5, "match_type": "only_a", "height_source": "ml_predicted" }, "geometry": { "type": "Polygon", "coordinates": [ [ [ 30.32732, 59.93939 ], [ 30.32735, 59.93946 ], [ 30.32763, 59.93943 ], [ 30.3276, 59.93936 ], [ 30.32732, 59.93939 ] ] ] } },
{ "type": "Feature", "properties": { "height": 13.2, "match_type": "matched", "height_source": "source_b" }, "geometry": { "type": "Polygon", "coordinates": [ [ [ 30.327261, 59.938683999998652 ], [ 30.326951, 59.938722999998653 ], [ 30.327223, 59.939369999998668 ], [ 30.327539, 59.939339999998623 ], [ 30.327261, 59.938683999998652 ] ] ] } },
{ "type": "Feature", "properties": { "height": 9.9, "match_type": "matched", "height_source": "source_b" }, "geometry": { "type": "Polygon", "coordinates": [ [ [ 30.327315, 59.929845999998655 ], [ 30.327116, 59.929960999998627 ], [ 30.326914, 59.930082999998646 ], [ 30.327063, 59.930145999998643 ], [ 30.327454, 59.929905999998638 ], [ 30.327315, 59.929845999998655 ] ] ] } },
{ "type": "Feature", "properties": { "height": 9.9, "match_type": "matched", "height_source": "source_b" }, "geometry": { "type": "Polygon", "coordinates": [ [ [ 30.327719, 59.930020999998646 ], [ 30.327319, 59.930255999998622 ], [ 30.327478, 59.930321999998654 ], [ 30.327871, 59.930084999998641 ], [ 30.327719, 59.930020999998646 ] ] ] } },
{ "type": "Feature", "properties": { "height": 9.9, "match_type": "matched", "height_source": "source_b" }, "geometry": { "type": "Polygon", "coordinates": [ [ [ 30.3281, 59.93436499999865 ], [ 30.327996, 59.934219999998646 ], [ 30.327326, 59.934300999998634 ], [ 30.327349, 59.934348999998662 ], [ 30.327315, 59.934352999998652 ], [ 30.327365, 59.934455999998647 ], [ 30.327514, 59.934437999998643 ], [ 30.327496, 59.934401999998627 ], [ 30.3281, 59.93436499999865 ] ] ] } },
{ "type": "Feature", "properties": { "height": 4.5, "match_type": "only_a", "height_source": "ml_predicted" }, "geometry": { "type": "Polygon", "coordinates": [ [ [ 30.32741, 59.93574 ], [ 30.32739, 59.93569 ], [ 30.32733, 59.9357 ], [ 30.32735, 59.93575 ], [ 30.32741, 59.93574 ] ] ] } },
{ "type": "Feature", "properties": { "height": 13.2, "match_type": "matched", "height_source": "source_b" }, "geometry": { "type": "Polygon", "coordinates": [ [ [ 30.32734, 59.929294999998653 ], [ 30.327504, 59.929373999998646 ], [ 30.328012, 59.929120999998624 ], [ 30.327853, 59.929039999998608 ], [ 30.32734, 59.929294999998653 ] ] ] } },
{ "type": "Feature", "properties": { "height": 9.9, "match_type": "matched", "height_source": "source_b" }, "geometry": { "type": "Polygon", "coordinates": [ [ [ 30.328752, 59.936879999998645 ], [ 30.328694, 59.936741999998659 ], [ 30.327678, 59.936864999998647 ], [ 30.327734, 59.936996999998648 ], [ 30.328752, 59.936879999998645 ] ] ] } },
{ "type": "Feature", "properties": { "height": 9.9, "match_type": "matched", "height_source": "source_b" }, "geometry": { "type": "Polygon", "coordinates": [ [ [ 30.327734, 59.936996999998648 ], [ 30.327538, 59.936547999998652 ], [ 30.327274, 59.936579999998628 ], [ 30.327458, 59.93702999999865 ], [ 30.327734, 59.936996999998648 ] ] ] } },
{ "type": "Feature", "properties": { "height": 9.9, "match_type": "matched", "height_source": "source_b" }, "geometry": { "type": "Polygon", "coordinates": [ [ [ 30.328424, 59.936775999998652 ], [ 30.328694, 59.936741999998659 ], [ 30.328608, 59.936548999998656 ], [ 30.328495, 59.936562999998635 ], [ 30.328431, 59.936436999998648 ], [ 30.327538, 59.936547999998652 ], [ 30.327571, 59.936615999998665 ], [ 30.328311, 59.936517999998649 ], [ 30.328424, 59.936775999998652 ] ] ] } },
{ "type": "Feature", "properties": { "height": 4.5, "match_type": "matched", "height_source": "source_b" }, "geometry": { "type": "Polygon", "coordinates": [ [ [ 30.328152, 59.93663799999868 ], [ 30.327771, 59.936680999998643 ], [ 30.327799, 59.936741999998659 ], [ 30.327939, 59.936725999998657 ], [ 30.327956, 59.936765999998649 ], [ 30.328197, 59.936737999998655 ], [ 30.328152, 59.93663799999868 ] ] ] } },
{ "type": "Feature", "properties": { "height": 9.9, "match_type": "matched", "height_source": "source_b" }, "geometry": { "type": "Polygon", "coordinates": [ [ [ 30.327903, 59.940164999998657 ], [ 30.327871, 59.940080999998628 ], [ 30.327556, 59.940110999998659 ], [ 30.327588, 59.94019499999866 ], [ 30.327903, 59.940164999998657 ] ] ] } },
{ "type": "Feature", "properties": { "height": 9.9, "match_type": "matched", "height_source": "source_b" }, "geometry": { "type": "Polygon", "coordinates": [ [ [ 30.32781, 59.937765999998661 ], [ 30.328489, 59.937688999998635 ], [ 30.328527, 59.937773999998669 ], [ 30.328667, 59.937754999998667 ], [ 30.328526, 59.937465999998672 ], [ 30.329465, 59.937350999998635 ], [ 30.329337, 59.93702699999865 ], [ 30.327587, 59.937200999998652 ], [ 30.32781, 59.937765999998661 ] ], [ [ 30.328073, 59.937631999998622 ], [ 30.32796, 59.937325999998649 ], [ 30.328315, 59.937292999998647 ], [ 30.328367, 59.937432999998663 ], [ 30.328262, 59.937442999998652 ], [ 30.328323, 59.937607999998647 ], [ 30.328073, 59.937631999998622 ] ], [ [ 30.328541, 59.937243999998657 ], [ 30.329112, 59.937180999998652 ], [ 30.329178, 59.937332999998652 ], [ 30.328607, 59.937395999998635 ], [ 30.328541, 59.937243999998657 ] ] ] } },
{ "type": "Feature", "properties": { "height": 4.8, "match_type": "only_a", "height_source": "ml_predicted" }, "geometry": { "type": "Polygon", "coordinates": [ [ [ 30.32756, 59.93035 ], [ 30.32797, 59.93011 ], [ 30.32791, 59.93009 ], [ 30.3275, 59.93033 ], [ 30.32756, 59.93035 ] ] ] } },
{ "type": "Feature", "properties": { "height": 15.0, "match_type": "matched", "height_source": "source_b" }, "geometry": { "type": "Polygon", "coordinates": [ [ [ 30.328119, 59.933555999998667 ], [ 30.327997, 59.933450999998648 ], [ 30.327629, 59.933511999998672 ], [ 30.327915, 59.933973999998649 ], [ 30.328353, 59.933899999998665 ], [ 30.328238, 59.93372899999865 ], [ 30.328133, 59.933746999998633 ], [ 30.328194, 59.933837999998651 ], [ 30.328155, 59.933844999998641 ], [ 30.327978, 59.933579999998649 ], [ 30.328119, 59.933555999998667 ] ] ] } },
{ "type": "Feature", "properties": { "height": 15.0, "match_type": "matched", "height_source": "source_b" }, "geometry": { "type": "Polygon", "coordinates": [ [ [ 30.327577, 59.939429999998637 ], [ 30.32726, 59.93945999999864 ], [ 30.32753, 59.94011299999864 ], [ 30.327849, 59.940083999998663 ], [ 30.327577, 59.939429999998637 ] ] ] } },
{ "type": "Feature", "properties": { "height": 9.9, "match_type": "matched", "height_source": "source_b" }, "geometry": { "type": "Polygon", "coordinates": [ [ [ 30.327464, 59.928842999998658 ], [ 30.326453, 59.929354999998658 ], [ 30.326586, 59.929419999998636 ], [ 30.327597, 59.928909999998666 ], [ 30.327464, 59.928842999998658 ] ] ] } },
{ "type": "Feature", "properties": { "height": 15.0, "match_type": "matched", "height_source": "source_b" }, "geometry": { "type": "Polygon", "coordinates": [ [ [ 30.327567, 59.933607999998657 ], [ 30.326836, 59.933705999998651 ], [ 30.326905, 59.933835999998642 ], [ 30.327636, 59.933735999998653 ], [ 30.327567, 59.933607999998657 ] ] ] } },
{ "type": "Feature", "properties": { "height": 4.5, "match_type": "matched", "height_source": "source_b" }, "geometry": { "type": "Polygon", "coordinates": [ [ [ 30.327568, 59.932472999998645 ], [ 30.327456, 59.932507999998641 ], [ 30.327561, 59.932592999998647 ], [ 30.327673, 59.932557999998636 ], [ 30.327568, 59.932472999998645 ] ] ] } },
{ "type": "Feature", "properties": { "height": 9.9, "match_type": "matched", "height_source": "source_b" }, "geometry": { "type": "Polygon", "coordinates": [ [ [ 30.327943, 59.930123999998642 ], [ 30.32754, 59.93035899999866 ], [ 30.327697, 59.93042199999865 ], [ 30.328094, 59.930186999998639 ], [ 30.327943, 59.930123999998642 ] ] ] } },
{ "type": "Feature", "properties": { "height": 15.0, "match_type": "matched", "height_source": "source_b" }, "geometry": { "type": "Polygon", "coordinates": [ [ [ 30.327456, 59.93399899999865 ], [ 30.327776, 59.93395799999864 ], [ 30.327694, 59.933792999998651 ], [ 30.327376, 59.933832999998643 ], [ 30.327456, 59.93399899999865 ] ] ] } },
{ "type": "Feature", "properties": { "height": 4.0, "match_type": "only_a", "height_source": "ml_predicted" }, "geometry": { "type": "Polygon", "coordinates": [ [ [ 30.32773, 59.93559 ], [ 30.32777, 59.93568 ], [ 30.32785, 59.93567 ], [ 30.32781, 59.93558 ], [ 30.32773, 59.93559 ] ] ] } },
{ "type": "Feature", "properties": { "height": 9.9, "match_type": "matched", "height_source": "source_b" }, "geometry": { "type": "Polygon", "coordinates": [ [ [ 30.328433, 59.929374999998636 ], [ 30.327555, 59.929812999998624 ], [ 30.327694, 59.929880999998652 ], [ 30.328565, 59.929444999998658 ], [ 30.328433, 59.929374999998636 ] ] ] } },
{ "type": "Feature", "properties": { "height": 9.9, "match_type": "matched", "height_source": "source_b" }, "geometry": { "type": "Polygon", "coordinates": [ [ [ 30.327678, 59.928932999998629 ], [ 30.326664, 59.929441999998645 ], [ 30.3268, 59.929511999998645 ], [ 30.327831, 59.929001999998626 ], [ 30.327678, 59.928932999998629 ] ] ] } },
{ "type": "Feature", "properties": { "height": 15.0, "match_type": "matched", "height_source": "source_b" }, "geometry": { "type": "Polygon", "coordinates": [ [ [ 30.328603, 59.933970999998643 ], [ 30.328814, 59.933913999998659 ], [ 30.328093, 59.933301999998669 ], [ 30.327813, 59.933340999998642 ], [ 30.327869, 59.933444999998649 ], [ 30.327968, 59.933425999998647 ], [ 30.328603, 59.933970999998643 ] ] ] } },
{ "type": "Feature", "properties": { "height": 6.6, "match_type": "matched", "height_source": "source_b" }, "geometry": { "type": "Polygon", "coordinates": [ [ [ 30.32799, 59.930645999998625 ], [ 30.327951, 59.93062899999866 ], [ 30.32939, 59.929919999998639 ], [ 30.329168, 59.929808999998649 ], [ 30.327682, 59.930572999998638 ], [ 30.327928, 59.930675999998662 ], [ 30.32799, 59.930645999998625 ] ] ] } },
{ "type": "Feature", "properties": { "height": 6.6, "match_type": "matched", "height_source": "source_b" }, "geometry": { "type": "Polygon", "coordinates": [ [ [ 30.32933, 59.938862999998648 ], [ 30.329116, 59.938449999998667 ], [ 30.32957, 59.938398999998654 ], [ 30.329525, 59.93830099999866 ], [ 30.329444, 59.938304999998657 ], [ 30.329427, 59.938261999998659 ], [ 30.328044, 59.938413999998637 ], [ 30.328323, 59.939117999998636 ], [ 30.329754, 59.938965999998636 ], [ 30.329736, 59.938919999998618 ], [ 30.329827, 59.938906999998657 ], [ 30.329778, 59.938809999998654 ], [ 30.32933, 59.938862999998648 ] ], [ [ 30.3284, 59.938599999998651 ], [ 30.328382, 59.938558999998655 ], [ 30.328887, 59.938502999998647 ], [ 30.328905, 59.938544999998662 ], [ 30.3284, 59.938599999998651 ] ], [ [ 30.328577, 59.938960999998642 ], [ 30.328559, 59.938919999998632 ], [ 30.329064, 59.938864999998664 ], [ 30.329082, 59.938905999998639 ], [ 30.328577, 59.938960999998642 ] ] ] } },
{ "type": "Feature", "properties": { "height": 6.6, "match_type": "matched", "height_source": "source_b" }, "geometry": { "type": "Polygon", "coordinates": [ [ [ 30.32778, 59.937768999998646 ], [ 30.327976, 59.938251999998634 ], [ 30.328789, 59.938160999998658 ], [ 30.328613, 59.937764999998642 ], [ 30.328527, 59.937773999998669 ], [ 30.328489, 59.937688999998635 ], [ 30.32778, 59.937768999998646 ] ], [ [ 30.328243, 59.938022999998644 ], [ 30.328221, 59.937963999998644 ], [ 30.328128, 59.937972999998635 ], [ 30.328055, 59.937848999998657 ], [ 30.328392, 59.937817999998664 ], [ 30.328461, 59.938002999998652 ], [ 30.328243, 59.938022999998644 ] ] ] } },
{ "type": "Feature", "properties": { "height": 15.0, "match_type": "matched", "height_source": "source_b" }, "geometry": { "type": "Polygon", "coordinates": [ [ [ 30.328417, 59.935553999998653 ], [ 30.328577, 59.935532999998649 ], [ 30.32844, 59.935261999998659 ], [ 30.328026, 59.935307999998635 ], [ 30.328143, 59.935583999998656 ], [ 30.32829, 59.935558999998648 ], [ 30.32824, 59.935455999998638 ], [ 30.328361, 59.935440999998654 ], [ 30.328417, 59.935553999998653 ] ] ] } },
{ "type": "Feature", "properties": { "height": 4.5, "match_type": "matched", "height_source": "source_b" }, "geometry": { "type": "Polygon", "coordinates": [ [ [ 30.327356, 59.940490999998673 ], [ 30.327459, 59.940478999998646 ], [ 30.327431, 59.940414999998652 ], [ 30.327327, 59.940425999998645 ], [ 30.327356, 59.940490999998673 ] ] ] } },
{ "type": "Feature", "properties": { "height": 15.0, "match_type": "matched", "height_source": "source_b" }, "geometry": { "type": "Polygon", "coordinates": [ [ [ 30.328069, 59.940569999998637 ], [ 30.327903, 59.940164999998657 ], [ 30.32692, 59.940266999998634 ], [ 30.327104, 59.940671999998649 ], [ 30.328069, 59.940569999998637 ] ], [ [ 30.327692, 59.940297999998648 ], [ 30.327769, 59.940485999998636 ], [ 30.327294, 59.940537999998654 ], [ 30.327213, 59.940344999998679 ], [ 30.327692, 59.940297999998648 ] ] ] } },
{ "type": "Feature", "properties": { "height": 15.0, "match_type": "matched", "height_source": "source_b" }, "geometry": { "type": "Polygon", "coordinates": [ [ [ 30.328513, 59.940049999998642 ], [ 30.328432, 59.94001599999865 ], [ 30.328375, 59.940049999998635 ], [ 30.328456, 59.940083999998691 ], [ 30.328513, 59.940049999998642 ] ] ] } },
{ "type": "Feature", "properties": { "height": 21.0, "match_type": "matched", "height_source": "source_b" }, "geometry": { "type": "Polygon", "coordinates": [ [ [ 30.328932, 59.940017999998645 ], [ 30.328768, 59.939944999998637 ], [ 30.328639, 59.940017999998659 ], [ 30.328702, 59.940078999998647 ], [ 30.328803, 59.940090999998667 ], [ 30.328932, 59.940017999998645 ] ] ] } },
{ "type": "Feature", "properties": { "height": 4.5, "match_type": "matched", "height_source": "source_b" }, "geometry": { "type": "Polygon", "coordinates": [ [ [ 30.329025, 59.939909999998626 ], [ 30.328945, 59.939874999998651 ], [ 30.328888, 59.939909999998648 ], [ 30.328945, 59.939943999998661 ], [ 30.329025, 59.939909999998626 ] ] ] } },
{ "type": "Feature", "properties": { "height": 15.0, "match_type": "matched", "height_source": "source_b" }, "geometry": { "type": "Polygon", "coordinates": [ [ [ 30.328612, 59.939954999998648 ], [ 30.328531, 59.939920999998634 ], [ 30.328474, 59.939954999998648 ], [ 30.328531, 59.939988999998647 ], [ 30.328612, 59.939954999998648 ] ] ] } },
{ "type": "Feature", "properties": { "height": 4.5, "match_type": "matched", "height_source": "source_b" }, "geometry": { "type": "Polygon", "coordinates": [ [ [ 30.329073, 59.940096999998637 ], [ 30.328992, 59.940062999998659 ], [ 30.328935, 59.940096999998651 ], [ 30.329016, 59.940130999998644 ], [ 30.329073, 59.940096999998637 ] ] ] } },
{ "type": "Feature", "properties": { "height": 15.0, "match_type": "matched", "height_source": "source_b" }, "geometry": { "type": "Polygon", "coordinates": [ [ [ 30.328704, 59.940128999998649 ], [ 30.328647, 59.940094999998671 ], [ 30.328566, 59.940128999998649 ], [ 30.328623, 59.940162999998648 ], [ 30.328704, 59.940128999998649 ] ] ] } },
{ "type": "Feature", "properties": { "height": 9.9, "match_type": "matched", "height_source": "source_b" }, "geometry": { "type": "Polygon", "coordinates": [ [ [ 30.329161, 59.940101999998646 ], [ 30.32913, 59.940086999998663 ], [ 30.3291, 59.940101999998646 ], [ 30.32913, 59.940116999998658 ], [ 30.329161, 59.940101999998646 ] ] ] } },
{ "type": "Feature", "properties": { "height": 9.9, "match_type": "matched", "height_source": "source_b" }, "geometry": { "type": "Polygon", "coordinates": [ [ [ 30.329071, 59.939950999998636 ], [ 30.329071, 59.939919999998665 ], [ 30.32904, 59.939935999998653 ], [ 30.329071, 59.939950999998636 ] ] ] } },
{ "type": "Feature", "properties": { "height": 13.2, "match_type": "matched", "height_source": "source_b" }, "geometry": { "type": "Polygon", "coordinates": [ [ [ 30.329248, 59.940129999998668 ], [ 30.329362, 59.940069999998663 ], [ 30.329364, 59.939999999998648 ], [ 30.3291, 59.939903999998656 ], [ 30.328608, 59.939943999998647 ], [ 30.328555, 59.939988999998647 ], [ 30.328474, 59.939927999998673 ], [ 30.32831, 59.939941999998652 ], [ 30.328392, 59.940197999998659 ], [ 30.329248, 59.940129999998668 ] ], [ [ 30.328932, 59.940017999998645 ], [ 30.328803, 59.940090999998667 ], [ 30.328702, 59.940078999998647 ], [ 30.328639, 59.940017999998659 ], [ 30.328768, 59.939944999998637 ], [ 30.328932, 59.940017999998645 ] ], [ [ 30.329073, 59.940096999998637 ], [ 30.329016, 59.940130999998644 ], [ 30.328935, 59.940096999998651 ], [ 30.328992, 59.940062999998659 ], [ 30.329073, 59.940096999998637 ] ], [ [ 30.328704, 59.940128999998649 ], [ 30.328623, 59.940162999998648 ], [ 30.328566, 59.940128999998649 ], [ 30.328623, 59.940094999998671 ], [ 30.328704, 59.940128999998649 ] ], [ [ 30.328513, 59.940049999998642 ], [ 30.328456, 59.940083999998691 ], [ 30.328375, 59.940049999998635 ], [ 30.328432, 59.94001599999865 ], [ 30.328513, 59.940049999998642 ] ], [ [ 30.329219, 59.939992999998637 ], [ 30.329188, 59.940007999998656 ], [ 30.329158, 59.939992999998637 ], [ 30.329188, 59.939976999998649 ], [ 30.329219, 59.939992999998637 ] ], [ [ 30.329071, 59.939919999998665 ], [ 30.329071, 59.939950999998636 ], [ 30.32904, 59.939935999998653 ], [ 30.329071, 59.939919999998665 ] ], [ [ 30.329161, 59.940101999998646 ], [ 30.32913, 59.940116999998658 ], [ 30.3291, 59.940101999998646 ], [ 30.32913, 59.940086999998663 ], [ 30.329161, 59.940101999998646 ] ] ] } },
{ "type": "Feature", "properties": { "height": 15.0, "match_type": "matched", "height_source": "source_b" }, "geometry": { "type": "Polygon", "coordinates": [ [ [ 30.329219, 59.939992999998637 ], [ 30.329188, 59.939976999998649 ], [ 30.329158, 59.939992999998637 ], [ 30.329188, 59.940007999998656 ], [ 30.329219, 59.939992999998637 ] ] ] } },
{ "type": "Feature", "properties": { "height": 9.9, "match_type": "matched", "height_source": "source_b" }, "geometry": { "type": "Polygon", "coordinates": [ [ [ 30.328236, 59.929214999998642 ], [ 30.327321, 59.929671999998639 ], [ 30.327447, 59.929737999998643 ], [ 30.328371, 59.929279999998656 ], [ 30.328236, 59.929214999998642 ] ] ] } },
{ "type": "Feature", "properties": { "height": 4.5, "match_type": "matched", "height_source": "source_b" }, "geometry": { "type": "Polygon", "coordinates": [ [ [ 30.327995, 59.929857999998639 ], [ 30.327848, 59.929941999998661 ], [ 30.328214, 59.930093999998654 ], [ 30.328357, 59.930008999998648 ], [ 30.327995, 59.929857999998639 ] ] ] } },
{ "type": "Feature", "properties": { "height": 3.8, "match_type": "only_a", "height_source": "ml_predicted" }, "geometry": { "type": "Polygon", "coordinates": [ [ [ 30.32843, 59.93795 ], [ 30.32838, 59.93783 ], [ 30.32824, 59.93779 ], [ 30.32831, 59.93796 ], [ 30.32843, 59.93795 ] ] ] } },
{ "type": "Feature", "properties": { "height": 13.2, "match_type": "matched", "height_source": "source_b" }, "geometry": { "type": "Polygon", "coordinates": [ [ [ 30.329262, 59.934645999998651 ], [ 30.329438, 59.934767999998662 ], [ 30.329669, 59.93469799999864 ], [ 30.329633, 59.934605999998674 ], [ 30.32928, 59.934299999998657 ], [ 30.329049, 59.934367999998656 ], [ 30.329351, 59.934627999998646 ], [ 30.329262, 59.934645999998651 ] ], [ [ 30.3296, 59.934650999998659 ], [ 30.329535, 59.934689999998675 ], [ 30.329443, 59.934650999998645 ], [ 30.329508, 59.934611999998644 ], [ 30.3296, 59.934650999998659 ] ] ] } },
{ "type": "Feature", "properties": { "height": 13.2, "match_type": "matched", "height_source": "source_b" }, "geometry": { "type": "Polygon", "coordinates": [ [ [ 30.328425, 59.934014999998638 ], [ 30.328403, 59.933967999998664 ], [ 30.328178, 59.934037999998651 ], [ 30.328466, 59.934634999998657 ], [ 30.328662, 59.934610999998654 ], [ 30.328517, 59.934367999998656 ], [ 30.328478, 59.934228999998645 ], [ 30.328542, 59.934190999998648 ], [ 30.328485, 59.934071999998658 ], [ 30.328417, 59.93408899999865 ], [ 30.32836, 59.934031999998652 ], [ 30.328425, 59.934014999998638 ] ] ] } },
{ "type": "Feature", "properties": { "height": 24.0, "match_type": "matched", "height_source": "source_b" }, "geometry": { "type": "Polygon", "coordinates": [ [ [ 30.3296, 59.934650999998659 ], [ 30.329508, 59.934611999998644 ], [ 30.329443, 59.934650999998645 ], [ 30.329535, 59.934689999998675 ], [ 30.3296, 59.934650999998659 ] ] ] } },
{ "type": "Feature", "properties": { "height": 13.2, "match_type": "matched", "height_source": "source_b" }, "geometry": { "type": "Polygon", "coordinates": [ [ [ 30.32928, 59.934299999998657 ], [ 30.328814, 59.933913999998659 ], [ 30.32836, 59.934031999998652 ], [ 30.328417, 59.93408899999865 ], [ 30.328565, 59.934051999998644 ], [ 30.32867, 59.934157999998632 ], [ 30.328483, 59.934205999998653 ], [ 30.328622, 59.934342999998648 ], [ 30.328517, 59.934367999998656 ], [ 30.328566, 59.934411999998652 ], [ 30.328962, 59.934292999998654 ], [ 30.329049, 59.934367999998656 ], [ 30.32928, 59.934299999998657 ] ] ] } },
{ "type": "Feature", "properties": { "height": 10.8, "match_type": "only_a", "height_source": "ml_predicted" }, "geometry": { "type": "Polygon", "coordinates": [ [ [ 30.32849, 59.93528 ], [ 30.3286, 59.93551 ], [ 30.32851, 59.93555 ], [ 30.32861, 59.93554 ], [ 30.32862, 59.93551 ], [ 30.3285, 59.93527 ], [ 30.32802, 59.93534 ], [ 30.32849, 59.93528 ] ] ] } },
{ "type": "Feature", "properties": { "height": 15.0, "match_type": "matched", "height_source": "source_b" }, "geometry": { "type": "Polygon", "coordinates": [ [ [ 30.328472, 59.936288999998673 ], [ 30.328665, 59.936262999998632 ], [ 30.32829, 59.935558999998648 ], [ 30.328143, 59.935583999998656 ], [ 30.328472, 59.936288999998673 ] ] ] } },
{ "type": "Feature", "properties": { "height": 15.0, "match_type": "matched", "height_source": "source_b" }, "geometry": { "type": "Polygon", "coordinates": [ [ [ 30.328495, 59.936562999998635 ], [ 30.328769, 59.936528999998643 ], [ 30.328717, 59.936410999998643 ], [ 30.329008, 59.936374999998655 ], [ 30.328932, 59.936225999998655 ], [ 30.328472, 59.936288999998673 ], [ 30.328499, 59.936339999998644 ], [ 30.328209, 59.936378999998659 ], [ 30.328251, 59.936458999998656 ], [ 30.328431, 59.936436999998648 ], [ 30.328495, 59.936562999998635 ] ] ] } },
{ "type": "Feature", "properties": { "height": 2.3, "match_type": "only_a", "height_source": "ml_predicted" }, "geometry": { "type": "Polygon", "coordinates": [ [ [ 30.32861, 59.93738 ], [ 30.32865, 59.93733 ], [ 30.32855, 59.93726 ], [ 30.32861, 59.93738 ] ] ] } },
{ "type": "Feature", "properties": { "height": 4.5, "match_type": "matched", "height_source": "source_b" }, "geometry": { "type": "Polygon", "coordinates": [ [ [ 30.328948, 59.930627999998663 ], [ 30.329146, 59.930734999998634 ], [ 30.329669, 59.930469999998664 ], [ 30.329474, 59.930367999998658 ], [ 30.328948, 59.930627999998663 ] ] ] } },
{ "type": "Feature", "properties": { "height": 4.5, "match_type": "matched", "height_source": "source_b" }, "geometry": { "type": "Polygon", "coordinates": [ [ [ 30.328802, 59.930901999998653 ], [ 30.329077, 59.930764999998637 ], [ 30.329146, 59.930734999998634 ], [ 30.328948, 59.930627999998663 ], [ 30.328587, 59.930808999998654 ], [ 30.328802, 59.930901999998653 ] ] ] } },
{ "type": "Feature", "properties": { "height": 4.5, "match_type": "matched", "height_source": "source_b" }, "geometry": { "type": "Polygon", "coordinates": [ [ [ 30.328758, 59.93809199999864 ], [ 30.328789, 59.938160999998658 ], [ 30.329155, 59.938118999998657 ], [ 30.329124, 59.93804999999864 ], [ 30.328758, 59.93809199999864 ] ] ] } },
{ "type": "Feature", "properties": { "height": 9.9, "match_type": "matched", "height_source": "source_b" }, "geometry": { "type": "Polygon", "coordinates": [ [ [ 30.328649, 59.937845999998643 ], [ 30.328758, 59.93809199999864 ], [ 30.329124, 59.93804999999864 ], [ 30.329155, 59.938118999998657 ], [ 30.329787, 59.938016999998673 ], [ 30.329656, 59.937684999998645 ], [ 30.328649, 59.937845999998643 ] ] ] } },
{ "type": "Feature", "properties": { "height": 13.2, "match_type": "matched", "height_source": "source_b" }, "geometry": { "type": "Polygon", "coordinates": [ [ [ 30.329077, 59.934818999998647 ], [ 30.329005, 59.934695999998659 ], [ 30.328698, 59.934744999998649 ], [ 30.328759, 59.934858999998639 ], [ 30.329077, 59.934818999998647 ] ] ] } },
{ "type": "Feature", "properties": { "height": 13.2, "match_type": "matched", "height_source": "source_b" }, "geometry": { "type": "Polygon", "coordinates": [ [ [ 30.328759, 59.934858999998639 ], [ 30.328687, 59.934717999998639 ], [ 30.327089, 59.934922999998662 ], [ 30.327157, 59.935057999998648 ], [ 30.328759, 59.934858999998639 ] ] ] } },
{ "type": "Feature", "properties": { "height": 9.9, "match_type": "matched", "height_source": "source_b" }, "geometry": { "type": "Polygon", "coordinates": [ [ [ 30.329438, 59.934767999998662 ], [ 30.329262, 59.934645999998651 ], [ 30.329005, 59.934695999998659 ], [ 30.329077, 59.934818999998647 ], [ 30.329438, 59.934767999998662 ] ] ] } },
{ "type": "Feature", "properties": { "height": 4.5, "match_type": "matched", "height_source": "source_b" }, "geometry": { "type": "Polygon", "coordinates": [ [ [ 30.328726, 59.92957899999864 ], [ 30.328647, 59.929618999998645 ], [ 30.328849, 59.929714999998644 ], [ 30.328927, 59.929675999998665 ], [ 30.328726, 59.92957899999864 ] ] ] } },
{ "type": "Feature", "properties": { "height": 6.5, "match_type": "only_a", "height_source": "ml_predicted" }, "geometry": { "type": "Polygon", "coordinates": [ [ [ 30.32891, 59.94026 ], [ 30.32877, 59.94027 ], [ 30.32879, 59.94032 ], [ 30.32893, 59.94031 ], [ 30.32891, 59.94026 ] ] ] } },
{ "type": "Feature", "properties": { "height": 4.5, "match_type": "matched", "height_source": "source_b" }, "geometry": { "type": "Polygon", "coordinates": [ [ [ 30.329263, 59.935831999998648 ], [ 30.32934, 59.93587199999866 ], [ 30.329529, 59.935851999998626 ], [ 30.329492, 59.935761999998647 ], [ 30.329393, 59.935772999998655 ], [ 30.329363, 59.935705999998632 ], [ 30.32922, 59.93572099999863 ], [ 30.329263, 59.935831999998648 ] ] ] } },
{ "type": "Feature", "properties": { "height": 15.0, "match_type": "matched", "height_source": "source_b" }, "geometry": { "type": "Polygon", "coordinates": [ [ [ 30.329195, 59.935621999998652 ], [ 30.329141, 59.935555999998634 ], [ 30.32901, 59.935528999998667 ], [ 30.328879, 59.935555999998648 ], [ 30.328825, 59.935621999998652 ], [ 30.328879, 59.935687999998649 ], [ 30.32901, 59.935714999998652 ], [ 30.329141, 59.935687999998663 ], [ 30.329195, 59.935621999998652 ] ] ] } },
{ "type": "Feature", "properties": { "height": 9.9, "match_type": "matched", "height_source": "source_b" }, "geometry": { "type": "Polygon", "coordinates": [ [ [ 30.329107, 59.935316999998648 ], [ 30.328633, 59.935368999998644 ], [ 30.328796, 59.935586999998606 ], [ 30.328703, 59.935597999998663 ], [ 30.328782, 59.93577199999865 ], [ 30.328908, 59.935756999998652 ], [ 30.328975, 59.935835999998652 ], [ 30.329132, 59.935852999998637 ], [ 30.32924, 59.935792999998647 ], [ 30.32922, 59.93572099999863 ], [ 30.329331, 59.935708999998646 ], [ 30.329251, 59.935533999998626 ], [ 30.329148, 59.935545999998645 ], [ 30.329087, 59.93541299999864 ], [ 30.329146, 59.935405999998693 ], [ 30.329107, 59.935316999998648 ] ], [ [ 30.329195, 59.935621999998652 ], [ 30.329141, 59.935687999998663 ], [ 30.32901, 59.935714999998652 ], [ 30.328879, 59.935687999998649 ], [ 30.328825, 59.935621999998652 ], [ 30.328879, 59.935555999998648 ], [ 30.32901, 59.935528999998667 ], [ 30.329141, 59.935555999998634 ], [ 30.329195, 59.935621999998652 ] ] ] } },
{ "type": "Feature", "properties": { "height": 9.9, "match_type": "matched", "height_source": "source_b" }, "geometry": { "type": "Polygon", "coordinates": [ [ [ 30.327755, 59.932575999998619 ], [ 30.327526, 59.932645999998655 ], [ 30.328938, 59.93380199999865 ], [ 30.329167, 59.933731999998635 ], [ 30.327755, 59.932575999998619 ] ] ] } },
{ "type": "Feature", "properties": { "height": 3.0, "match_type": "only_a", "height_source": "ml_predicted" }, "geometry": { "type": "Polygon", "coordinates": [ [ [ 30.32901, 59.93456 ], [ 30.32896, 59.93452 ], [ 30.32886, 59.93454 ], [ 30.32891, 59.93459 ], [ 30.32901, 59.93456 ] ] ] } },
{ "type": "Feature", "properties": { "height": 5.0, "match_type": "only_a", "height_source": "ml_predicted" }, "geometry": { "type": "Polygon", "coordinates": [ [ [ 30.329, 59.93905 ], [ 30.32917, 59.93908 ], [ 30.32918, 59.93906 ], [ 30.329, 59.93905 ] ] ] } },
{ "type": "Feature", "properties": { "height": 9.9, "match_type": "matched", "height_source": "source_b" }, "geometry": { "type": "Polygon", "coordinates": [ [ [ 30.329246, 59.940871999998649 ], [ 30.329183, 59.940835999998633 ], [ 30.329098, 59.940871999998627 ], [ 30.329162, 59.940908999998655 ], [ 30.329246, 59.940871999998649 ] ] ] } },
{ "type": "Feature", "properties": { "height": 4.5, "match_type": "matched", "height_source": "source_b" }, "geometry": { "type": "Polygon", "coordinates": [ [ [ 30.329279, 59.940804999998655 ], [ 30.329007, 59.940830999998639 ], [ 30.329061, 59.940973999998661 ], [ 30.329334, 59.940947999998649 ], [ 30.329279, 59.940804999998655 ] ], [ [ 30.329246, 59.940871999998649 ], [ 30.329162, 59.940908999998655 ], [ 30.329098, 59.940871999998627 ], [ 30.329183, 59.940835999998633 ], [ 30.329246, 59.940871999998649 ] ] ] } },
{ "type": "Feature", "properties": { "height": 9.9, "match_type": "matched", "height_source": "source_b" }, "geometry": { "type": "Polygon", "coordinates": [ [ [ 30.328798, 59.935961999998661 ], [ 30.329058, 59.93647499999863 ], [ 30.329774, 59.936382999998663 ], [ 30.329517, 59.935867999998649 ], [ 30.329341, 59.935890999998648 ], [ 30.329544, 59.936286999998629 ], [ 30.329174, 59.936336999998673 ], [ 30.328971, 59.935939999998666 ], [ 30.328798, 59.935961999998661 ] ] ] } },
{ "type": "Feature", "properties": { "height": 4.5, "match_type": "matched", "height_source": "source_b" }, "geometry": { "type": "Polygon", "coordinates": [ [ [ 30.328965, 59.940268999998644 ], [ 30.329208, 59.940248999998659 ], [ 30.328955, 59.94024099999865 ], [ 30.328965, 59.940268999998644 ] ] ] } },
{ "type": "Feature", "properties": { "height": 4.5, "match_type": "matched", "height_source": "source_b" }, "geometry": { "type": "Polygon", "coordinates": [ [ [ 30.328802, 59.930901999998653 ], [ 30.329124, 59.931043999998657 ], [ 30.330272, 59.93045399999864 ], [ 30.329987, 59.930311999998651 ], [ 30.328802, 59.930901999998653 ] ] ] } },
{ "type": "Feature", "properties": { "height": 2.9, "match_type": "only_a", "height_source": "ml_predicted" }, "geometry": { "type": "Polygon", "coordinates": [ [ [ 30.32916, 59.93405 ], [ 30.32911, 59.93406 ], [ 30.32921, 59.9341 ], [ 30.32916, 59.93405 ] ] ] } },
{ "type": "Feature", "properties": { "height": 4.5, "match_type": "matched", "height_source": "source_b" }, "geometry": { "type": "Polygon", "coordinates": [ [ [ 30.32901, 59.936550999998637 ], [ 30.328878, 59.936566999998654 ], [ 30.32892, 59.936653999998654 ], [ 30.329052, 59.936637999998652 ], [ 30.32901, 59.936550999998637 ] ] ] } },
{ "type": "Feature", "properties": { "height": 4.5, "match_type": "matched", "height_source": "source_b" }, "geometry": { "type": "Polygon", "coordinates": [ [ [ 30.329332, 59.940205999998653 ], [ 30.329416, 59.940162999998648 ], [ 30.329287, 59.940182999998648 ], [ 30.329332, 59.940205999998653 ] ] ] } },
{ "type": "Feature", "properties": { "height": 13.2, "match_type": "matched", "height_source": "source_b" }, "geometry": { "type": "Polygon", "coordinates": [ [ [ 30.328752, 59.936879999998645 ], [ 30.329236, 59.936821999998671 ], [ 30.329174, 59.936682999998652 ], [ 30.328694, 59.936741999998659 ], [ 30.328752, 59.936879999998645 ] ] ] } },
{ "type": "Feature", "properties": { "height": 9.9, "match_type": "matched", "height_source": "source_b" }, "geometry": { "type": "Polygon", "coordinates": [ [ [ 30.328716, 59.939356999998665 ], [ 30.329655, 59.939256999998655 ], [ 30.329559, 59.939030999998636 ], [ 30.329299, 59.939058999998657 ], [ 30.329336, 59.939144999998653 ], [ 30.328927, 59.939188999998663 ], [ 30.328891, 59.939103999998657 ], [ 30.328614, 59.939132999998648 ], [ 30.328716, 59.939356999998665 ] ] ] } },
{ "type": "Feature", "properties": { "height": 9.9, "match_type": "matched", "height_source": "source_b" }, "geometry": { "type": "Polygon", "coordinates": [ [ [ 30.329093, 59.929533999998654 ], [ 30.329274, 59.92962499999863 ], [ 30.330147, 59.929192999998641 ], [ 30.329967, 59.929100999998646 ], [ 30.329093, 59.929533999998654 ] ] ] } },
{ "type": "Feature", "properties": { "height": 3.7, "match_type": "only_a", "height_source": "ml_predicted" }, "geometry": { "type": "Polygon", "coordinates": [ [ [ 30.32939, 59.93881 ], [ 30.32949, 59.9388 ], [ 30.32946, 59.93872 ], [ 30.32936, 59.93873 ], [ 30.32939, 59.93881 ] ] ] } },
{ "type": "Feature", "properties": { "height": 4.5, "match_type": "matched", "height_source": "source_b" }, "geometry": { "type": "Polygon", "coordinates": [ [ [ 30.329496, 59.929972999998618 ], [ 30.32939, 59.929919999998639 ], [ 30.327951, 59.93062899999866 ], [ 30.328057, 59.930674999998658 ], [ 30.329496, 59.929972999998618 ] ] ] } },
{ "type": "Feature", "properties": { "height": 9.9, "match_type": "matched", "height_source": "source_b" }, "geometry": { "type": "Polygon", "coordinates": [ [ [ 30.328613, 59.937764999998642 ], [ 30.328649, 59.937845999998643 ], [ 30.329599, 59.937690999998644 ], [ 30.329465, 59.937350999998635 ], [ 30.328526, 59.937465999998672 ], [ 30.328667, 59.937754999998667 ], [ 30.328613, 59.937764999998642 ] ], [ [ 30.328712, 59.937705999998663 ], [ 30.328644, 59.937569999998658 ], [ 30.329184, 59.937501999998645 ], [ 30.329252, 59.937636999998659 ], [ 30.328712, 59.937705999998663 ] ] ] } },
{ "type": "Feature", "properties": { "height": 9.9, "match_type": "matched", "height_source": "source_b" }, "geometry": { "type": "Polygon", "coordinates": [ [ [ 30.329268, 59.93874499999864 ], [ 30.329451, 59.938723999998658 ], [ 30.329511, 59.93884199999863 ], [ 30.329684, 59.938820999998647 ], [ 30.329486, 59.938407999998667 ], [ 30.329303, 59.938428999998635 ], [ 30.329362, 59.938544999998648 ], [ 30.329179, 59.938569999998649 ], [ 30.329268, 59.93874499999864 ] ] ] } },
{ "type": "Feature", "properties": { "height": 6.6, "match_type": "matched", "height_source": "source_b" }, "geometry": { "type": "Polygon", "coordinates": [ [ [ 30.329649, 59.940825999998644 ], [ 30.329395, 59.94084799999866 ], [ 30.329449, 59.940992999998649 ], [ 30.329693, 59.940949999998651 ], [ 30.329649, 59.940825999998644 ] ] ] } },
{ "type": "Feature", "properties": { "height": 6.6, "match_type": "matched", "height_source": "source_b" }, "geometry": { "type": "Polygon", "coordinates": [ [ [ 30.330393, 59.931139999998642 ], [ 30.330354, 59.931159999998656 ], [ 30.329537, 59.931577999998645 ], [ 30.329815, 59.931703999998646 ], [ 30.329973, 59.931614999998665 ], [ 30.329872, 59.931567999998656 ], [ 30.330551, 59.931217999998658 ], [ 30.330393, 59.931139999998642 ] ] ] } },
{ "type": "Feature", "properties": { "height": 15.0, "match_type": "matched", "height_source": "source_b" }, "geometry": { "type": "Polygon", "coordinates": [ [ [ 30.329928, 59.930762999998656 ], [ 30.329846, 59.930804999998642 ], [ 30.329643, 59.930907999998631 ], [ 30.3298, 59.930984999998664 ], [ 30.330079, 59.930839999998653 ], [ 30.329928, 59.930762999998656 ] ] ] } },
{ "type": "Feature", "properties": { "height": 6.6, "match_type": "matched", "height_source": "source_b" }, "geometry": { "type": "Polygon", "coordinates": [ [ [ 30.329643, 59.930907999998631 ], [ 30.329584, 59.930937999998633 ], [ 30.329268, 59.931099999998651 ], [ 30.329424, 59.931174999998653 ], [ 30.3298, 59.930984999998664 ], [ 30.329643, 59.930907999998631 ] ] ] } },
{ "type": "Feature", "properties": { "height": 4.5, "match_type": "matched", "height_source": "source_b" }, "geometry": { "type": "Polygon", "coordinates": [ [ [ 30.329615, 59.928919999998669 ], [ 30.329413, 59.928815999998655 ], [ 30.328558, 59.929255999998645 ], [ 30.328762, 59.929355999998627 ], [ 30.329615, 59.928919999998669 ] ] ] } },
{ "type": "Feature", "properties": { "height": 6.6, "match_type": "matched", "height_source": "source_b" }, "geometry": { "type": "Polygon", "coordinates": [ [ [ 30.329446, 59.930050999998628 ], [ 30.328216, 59.930657999998658 ], [ 30.328385, 59.930732999998646 ], [ 30.329599, 59.930123999998642 ], [ 30.329446, 59.930050999998628 ] ] ] } },
{ "type": "Feature", "properties": { "height": 15.0, "match_type": "matched", "height_source": "source_b" }, "geometry": { "type": "Polygon", "coordinates": [ [ [ 30.32927, 59.935377999998629 ], [ 30.329407, 59.93536399999865 ], [ 30.329379, 59.935292999998623 ], [ 30.329648, 59.935268999998648 ], [ 30.329664, 59.93530999999863 ], [ 30.329727, 59.935303999998645 ], [ 30.329652, 59.935102999998662 ], [ 30.329173, 59.935155999998656 ], [ 30.32927, 59.935377999998629 ] ] ] } },
{ "type": "Feature", "properties": { "height": 4.5, "match_type": "matched", "height_source": "source_b" }, "geometry": { "type": "Polygon", "coordinates": [ [ [ 30.32992, 59.929797999998641 ], [ 30.329673, 59.929920999998657 ], [ 30.329837, 59.930002999998628 ], [ 30.330081, 59.929877999998638 ], [ 30.32992, 59.929797999998641 ] ] ] } },
{ "type": "Feature", "properties": { "height": 11.6, "match_type": "only_a", "height_source": "ml_predicted" }, "geometry": { "type": "Polygon", "coordinates": [ [ [ 30.32974, 59.93471 ], [ 30.32971, 59.93464 ], [ 30.32966, 59.93465 ], [ 30.32971, 59.9347 ], [ 30.32962, 59.93473 ], [ 30.32951, 59.93469 ], [ 30.32962, 59.93475 ], [ 30.32974, 59.93471 ] ] ] } },
{ "type": "Feature", "properties": { "height": 9.9, "match_type": "matched", "height_source": "source_b" }, "geometry": { "type": "Polygon", "coordinates": [ [ [ 30.329927, 59.936111999998658 ], [ 30.330101, 59.93609299999865 ], [ 30.329727, 59.935303999998645 ], [ 30.329554, 59.935325999998653 ], [ 30.329927, 59.936111999998658 ] ] ] } },
{ "type": "Feature", "properties": { "height": 13.2, "match_type": "matched", "height_source": "source_b" }, "geometry": { "type": "Polygon", "coordinates": [ [ [ 30.329669, 59.930469999998664 ], [ 30.329819, 59.930394999998647 ], [ 30.329631, 59.930290999998618 ], [ 30.329474, 59.930367999998658 ], [ 30.329669, 59.930469999998664 ] ] ] } },
{ "type": "Feature", "properties": { "height": 4.5, "match_type": "matched", "height_source": "source_b" }, "geometry": { "type": "Polygon", "coordinates": [ [ [ 30.329867, 59.938447999998644 ], [ 30.329777, 59.938459999998642 ], [ 30.329815, 59.93853099999864 ], [ 30.329907, 59.938518999998635 ], [ 30.329867, 59.938447999998644 ] ] ] } },
{ "type": "Feature", "properties": { "height": 9.9, "match_type": "matched", "height_source": "source_b" }, "geometry": { "type": "Polygon", "coordinates": [ [ [ 30.329819, 59.936436999998634 ], [ 30.329378, 59.936475999998649 ], [ 30.329085, 59.936530999998652 ], [ 30.329124, 59.936607999998635 ], [ 30.329854, 59.93651199999865 ], [ 30.329819, 59.936436999998634 ] ] ] } },
{ "type": "Feature", "properties": { "height": 4.5, "match_type": "matched", "height_source": "source_b" }, "geometry": { "type": "Polygon", "coordinates": [ [ [ 30.329819, 59.936436999998634 ], [ 30.329854, 59.93651199999865 ], [ 30.329919, 59.936503999998671 ], [ 30.329872, 59.936409999998631 ], [ 30.329819, 59.936436999998634 ] ] ] } },
{ "type": "Feature", "properties": { "height": 9.9, "match_type": "matched", "height_source": "source_b" }, "geometry": { "type": "Polygon", "coordinates": [ [ [ 30.328784, 59.92939599999864 ], [ 30.329033, 59.929519999998647 ], [ 30.329903, 59.929075999998659 ], [ 30.32965, 59.928950999998662 ], [ 30.328784, 59.92939599999864 ] ] ] } },
{ "type": "Feature", "properties": { "height": 9.9, "match_type": "matched", "height_source": "source_b" }, "geometry": { "type": "Polygon", "coordinates": [ [ [ 30.32802, 59.93241799999862 ], [ 30.329245, 59.931975999998627 ], [ 30.329248, 59.931795999998656 ], [ 30.32788, 59.932265999998656 ], [ 30.327876, 59.932307999998642 ], [ 30.32802, 59.93241799999862 ] ] ] } },
{ "type": "Feature", "properties": { "height": 4.5, "match_type": "matched", "height_source": "source_b" }, "geometry": { "type": "Polygon", "coordinates": [ [ [ 30.330264, 59.933851999998652 ], [ 30.330391, 59.933808999998639 ], [ 30.330861, 59.934139999998649 ], [ 30.330974, 59.933942999998656 ], [ 30.329946, 59.933160999998634 ], [ 30.329656, 59.93325899999865 ], [ 30.329755, 59.93333299999864 ], [ 30.329697, 59.93335299999864 ], [ 30.329858, 59.933472999998656 ], [ 30.329918, 59.93345299999865 ], [ 30.330204, 59.93366699999865 ], [ 30.330077, 59.933709999998626 ], [ 30.330264, 59.933851999998652 ] ] ] } },
{ "type": "Feature", "properties": { "height": 4.5, "match_type": "matched", "height_source": "source_b" }, "geometry": { "type": "Polygon", "coordinates": [ [ [ 30.329485, 59.933060999998659 ], [ 30.329619, 59.933168999998649 ], [ 30.329891, 59.933082999998653 ], [ 30.329757, 59.932975999998654 ], [ 30.329485, 59.933060999998659 ] ] ] } },
{ "type": "Feature", "properties": { "height": 4.5, "match_type": "matched", "height_source": "source_b" }, "geometry": { "type": "Polygon", "coordinates": [ [ [ 30.329602, 59.932281999998644 ], [ 30.330026, 59.932460999998639 ], [ 30.330181, 59.932367999998661 ], [ 30.329755, 59.932189999998648 ], [ 30.329602, 59.932281999998644 ] ] ] } },
{ "type": "Feature", "properties": { "height": 4.5, "match_type": "matched", "height_source": "source_b" }, "geometry": { "type": "Polygon", "coordinates": [ [ [ 30.330121, 59.933072999998636 ], [ 30.330445, 59.933342999998651 ], [ 30.33059, 59.933299999998674 ], [ 30.330643, 59.933344999998646 ], [ 30.330513, 59.933383999998632 ], [ 30.33057, 59.933431999998675 ], [ 30.330912, 59.933367999998651 ], [ 30.330745, 59.933228999998647 ], [ 30.330601, 59.933271999998638 ], [ 30.330508, 59.933193999998636 ], [ 30.330628, 59.933157999998642 ], [ 30.330519, 59.933066999998651 ], [ 30.330396, 59.93310399999865 ], [ 30.330296, 59.933019999998635 ], [ 30.330121, 59.933072999998636 ] ] ] } },
{ "type": "Feature", "properties": { "height": 4.5, "match_type": "matched", "height_source": "source_b" }, "geometry": { "type": "Polygon", "coordinates": [ [ [ 30.329004, 59.932894999998638 ], [ 30.329196, 59.932832999998659 ], [ 30.328901, 59.932600999998634 ], [ 30.328702, 59.932664999998657 ], [ 30.329004, 59.932894999998638 ] ] ] } },
{ "type": "Feature", "properties": { "height": 6.6, "match_type": "matched", "height_source": "source_b" }, "geometry": { "type": "Polygon", "coordinates": [ [ [ 30.330767, 59.933495999998648 ], [ 30.330938, 59.933637999998638 ], [ 30.331188, 59.933562999998657 ], [ 30.331017, 59.933420999998653 ], [ 30.330767, 59.933495999998648 ] ] ] } },
{ "type": "Feature", "properties": { "height": 6.6, "match_type": "matched", "height_source": "source_b" }, "geometry": { "type": "Polygon", "coordinates": [ [ [ 30.330854, 59.934299999998657 ], [ 30.328257, 59.932326999998651 ], [ 30.32802, 59.93241799999862 ], [ 30.330681, 59.934445999998637 ], [ 30.334324, 59.934019999998632 ], [ 30.334385, 59.93395499999864 ], [ 30.334328, 59.933915999998668 ], [ 30.33389, 59.933929999998647 ], [ 30.330854, 59.934299999998657 ] ] ] } },
{ "type": "Feature", "properties": { "height": 4.5, "match_type": "matched", "height_source": "source_b" }, "geometry": { "type": "Polygon", "coordinates": [ [ [ 30.329786, 59.932811999998648 ], [ 30.329906, 59.932913999998647 ], [ 30.330051, 59.932870999998642 ], [ 30.329931, 59.932768999998643 ], [ 30.329786, 59.932811999998648 ] ] ] } },
{ "type": "Feature", "properties": { "height": 18.0, "match_type": "matched", "height_source": "source_b" }, "geometry": { "type": "Polygon", "coordinates": [ [ [ 30.330067, 59.935897999998652 ], [ 30.33062, 59.935838999998637 ], [ 30.33057, 59.935734999998644 ], [ 30.330023, 59.935800999998648 ], [ 30.330067, 59.935897999998652 ] ] ] } },
{ "type": "Feature", "properties": { "height": 15.0, "match_type": "matched", "height_source": "source_b" }, "geometry": { "type": "Polygon", "coordinates": [ [ [ 30.330309, 59.936525999998629 ], [ 30.330385, 59.936681999998648 ], [ 30.331008, 59.93660799999865 ], [ 30.33093, 59.936454999998652 ], [ 30.330309, 59.936525999998629 ] ] ] } },
{ "type": "Feature", "properties": { "height": 13.2, "match_type": "matched", "height_source": "source_b" }, "geometry": { "type": "Polygon", "coordinates": [ [ [ 30.330309, 59.936525999998629 ], [ 30.330483, 59.936497999998672 ], [ 30.330169, 59.935887999998663 ], [ 30.330067, 59.935897999998652 ], [ 30.330023, 59.935800999998648 ], [ 30.33014, 59.935786999998633 ], [ 30.329994, 59.935472999998652 ], [ 30.330197, 59.93544999999866 ], [ 30.330341, 59.935760999998642 ], [ 30.33057, 59.935734999998644 ], [ 30.330245, 59.935029999998655 ], [ 30.329652, 59.935102999998662 ], [ 30.330309, 59.936525999998629 ] ], [ [ 30.329926, 59.93538799999866 ], [ 30.329863, 59.935242999998657 ], [ 30.330073, 59.935219999998665 ], [ 30.330135, 59.935365999998673 ], [ 30.329926, 59.93538799999866 ] ] ] } },
{ "type": "Feature", "properties": { "height": 18.0, "match_type": "matched", "height_source": "source_b" }, "geometry": { "type": "Polygon", "coordinates": [ [ [ 30.3302, 59.93596599999865 ], [ 30.33034, 59.936261999998656 ], [ 30.330561, 59.936234999998646 ], [ 30.330414, 59.935938999998633 ], [ 30.3302, 59.93596599999865 ] ] ] } },
{ "type": "Feature", "properties": { "height": 15.0, "match_type": "matched", "height_source": "source_b" }, "geometry": { "type": "Polygon", "coordinates": [ [ [ 30.330713, 59.936472999998664 ], [ 30.33093, 59.936454999998652 ], [ 30.33062, 59.935838999998637 ], [ 30.330169, 59.935887999998663 ], [ 30.3302, 59.93596599999865 ], [ 30.330414, 59.935938999998633 ], [ 30.330561, 59.936234999998646 ], [ 30.33034, 59.936261999998656 ], [ 30.330388, 59.936359999998658 ], [ 30.330649, 59.936329999998641 ], [ 30.330713, 59.936472999998664 ] ] ] } },
{ "type": "Feature", "properties": { "height": 9.9, "match_type": "matched", "height_source": "source_b" }, "geometry": { "type": "Polygon", "coordinates": [ [ [ 30.329833, 59.93423999999861 ], [ 30.32957, 59.934316999998636 ], [ 30.329689, 59.93441999999866 ], [ 30.329953, 59.934343999998667 ], [ 30.329833, 59.93423999999861 ] ] ] } },
{ "type": "Feature", "properties": { "height": 4.5, "match_type": "matched", "height_source": "source_b" }, "geometry": { "type": "Polygon", "coordinates": [ [ [ 30.329819, 59.930394999998647 ], [ 30.329987, 59.930311999998651 ], [ 30.329792, 59.93021499999864 ], [ 30.329631, 59.930290999998618 ], [ 30.329819, 59.930394999998647 ] ] ] } },
{ "type": "Feature", "properties": { "height": 9.5, "match_type": "only_a", "height_source": "ml_predicted" }, "geometry": { "type": "Polygon", "coordinates": [ [ [ 30.33011, 59.93446 ], [ 30.33005, 59.93447 ], [ 30.33007, 59.9345 ], [ 30.33011, 59.93446 ] ] ] } },
{ "type": "Feature", "properties": { "height": 6.6, "match_type": "matched", "height_source": "source_b" }, "geometry": { "type": "Polygon", "coordinates": [ [ [ 30.32992, 59.929797999998641 ], [ 30.330081, 59.929877999998638 ], [ 30.330652, 59.929588999998643 ], [ 30.330501, 59.929510999998655 ], [ 30.32992, 59.929797999998641 ] ] ] } },
{ "type": "Feature", "properties": { "height": 9.9, "match_type": "matched", "height_source": "source_b" }, "geometry": { "type": "Polygon", "coordinates": [ [ [ 30.330142, 59.936554999998656 ], [ 30.330309, 59.936525999998629 ], [ 30.330101, 59.93609299999865 ], [ 30.329927, 59.936111999998658 ], [ 30.330142, 59.936554999998656 ] ] ] } },
{ "type": "Feature", "properties": { "height": 4.5, "match_type": "matched", "height_source": "source_b" }, "geometry": { "type": "Polygon", "coordinates": [ [ [ 30.32985, 59.938852999998673 ], [ 30.330094, 59.938826999998653 ], [ 30.33007, 59.938770999998667 ], [ 30.329827, 59.938795999998646 ], [ 30.32985, 59.938852999998673 ] ] ] } },
{ "type": "Feature", "properties": { "height": 4.5, "match_type": "matched", "height_source": "source_b" }, "geometry": { "type": "Polygon", "coordinates": [ [ [ 30.32967, 59.931164999998629 ], [ 30.329802, 59.931227999998647 ], [ 30.33015, 59.931048999998652 ], [ 30.330014, 59.930985999998647 ], [ 30.32967, 59.931164999998629 ] ] ] } },
{ "type": "Feature", "properties": { "height": 6.6, "match_type": "matched", "height_source": "source_b" }, "geometry": { "type": "Polygon", "coordinates": [ [ [ 30.331331, 59.93879299999864 ], [ 30.33098, 59.938073999998657 ], [ 30.329824, 59.938211999998657 ], [ 30.330175, 59.938928999998637 ], [ 30.331331, 59.93879299999864 ] ], [ [ 30.330759, 59.938269999998667 ], [ 30.330942, 59.938638999998652 ], [ 30.330369, 59.938709999998665 ], [ 30.330186, 59.938340999998665 ], [ 30.330759, 59.938269999998667 ] ] ] } },
{ "type": "Feature", "properties": { "height": 13.2, "match_type": "matched", "height_source": "source_b" }, "geometry": { "type": "Polygon", "coordinates": [ [ [ 30.3303, 59.930103999998671 ], [ 30.330478, 59.93009099999864 ], [ 30.330463, 59.930042999998641 ], [ 30.331001, 59.929773999998645 ], [ 30.330832, 59.929694999998667 ], [ 30.330205, 59.930007999998658 ], [ 30.3303, 59.930103999998671 ] ] ] } },
{ "type": "Feature", "properties": { "height": 9.9, "match_type": "matched", "height_source": "source_b" }, "geometry": { "type": "Polygon", "coordinates": [ [ [ 30.330478, 59.93009099999864 ], [ 30.3303, 59.930103999998671 ], [ 30.33032, 59.930172999998661 ], [ 30.330257, 59.930207999998636 ], [ 30.330496, 59.930324999998653 ], [ 30.330668, 59.930241999998614 ], [ 30.330497, 59.930157999998642 ], [ 30.330478, 59.93009099999864 ] ] ] } },
{ "type": "Feature", "properties": { "height": 9.9, "match_type": "matched", "height_source": "source_b" }, "geometry": { "type": "Polygon", "coordinates": [ [ [ 30.33015, 59.931048999998652 ], [ 30.330315, 59.930961999998651 ], [ 30.33036, 59.930938999998659 ], [ 30.330235, 59.930872999998655 ], [ 30.330014, 59.930985999998647 ], [ 30.33015, 59.931048999998652 ] ] ] } },
{ "type": "Feature", "properties": { "height": 5.7, "match_type": "only_a", "height_source": "ml_predicted" }, "geometry": { "type": "Polygon", "coordinates": [ [ [ 30.33033, 59.94097 ], [ 30.33041, 59.94094 ], [ 30.33033, 59.94095 ], [ 30.33033, 59.94097 ] ] ] } },
{ "type": "Feature", "properties": { "height": 9.9, "match_type": "matched", "height_source": "source_b" }, "geometry": { "type": "Polygon", "coordinates": [ [ [ 30.329236, 59.936821999998671 ], [ 30.330063, 59.936723999998648 ], [ 30.329998, 59.936580999998633 ], [ 30.329174, 59.936682999998652 ], [ 30.329236, 59.936821999998671 ] ] ] } },
{ "type": "Feature", "properties": { "height": 15.0, "match_type": "matched", "height_source": "source_b" }, "geometry": { "type": "Polygon", "coordinates": [ [ [ 30.330385, 59.936681999998648 ], [ 30.330309, 59.936525999998629 ], [ 30.329998, 59.936580999998633 ], [ 30.330063, 59.936723999998648 ], [ 30.330385, 59.936681999998648 ] ] ] } },
{ "type": "Feature", "properties": { "height": 6.6, "match_type": "matched", "height_source": "source_b" }, "geometry": { "type": "Polygon", "coordinates": [ [ [ 30.330405, 59.930516999998645 ], [ 30.329928, 59.930762999998656 ], [ 30.330079, 59.930839999998653 ], [ 30.330559, 59.930591999998626 ], [ 30.330405, 59.930516999998645 ] ] ] } },
{ "type": "Feature", "properties": { "height": 9.9, "match_type": "matched", "height_source": "source_b" }, "geometry": { "type": "Polygon", "coordinates": [ [ [ 30.330161, 59.929022999998658 ], [ 30.330345, 59.929120999998638 ], [ 30.330656, 59.928977999998644 ], [ 30.330475, 59.928877999998626 ], [ 30.330161, 59.929022999998658 ] ] ] } },
{ "type": "Feature", "properties": { "height": 13.2, "match_type": "matched", "height_source": "source_b" }, "geometry": { "type": "Polygon", "coordinates": [ [ [ 30.330551, 59.931217999998658 ], [ 30.331235, 59.930912999998633 ], [ 30.331036, 59.930812999998658 ], [ 30.330393, 59.931139999998642 ], [ 30.330551, 59.931217999998658 ] ] ] } },
{ "type": "Feature", "properties": { "height": 4.5, "match_type": "matched", "height_source": "source_b" }, "geometry": { "type": "Polygon", "coordinates": [ [ [ 30.330602, 59.93047099999864 ], [ 30.330817, 59.930353999998665 ], [ 30.330738, 59.930316999998659 ], [ 30.330523, 59.930433999998662 ], [ 30.330602, 59.93047099999864 ] ] ] } },
{ "type": "Feature", "properties": { "height": 4.5, "match_type": "matched", "height_source": "source_b" }, "geometry": { "type": "Polygon", "coordinates": [ [ [ 30.33036, 59.930938999998659 ], [ 30.330986, 59.930643999998651 ], [ 30.330824, 59.930567999998658 ], [ 30.330235, 59.930872999998655 ], [ 30.33036, 59.930938999998659 ] ] ] } },
{ "type": "Feature", "properties": { "height": 9.9, "match_type": "matched", "height_source": "source_b" }, "geometry": { "type": "Polygon", "coordinates": [ [ [ 30.331094, 59.929830999998671 ], [ 30.330638, 59.930061999998657 ], [ 30.330636, 59.930101999998634 ], [ 30.330765, 59.930163999998641 ], [ 30.331259, 59.92991099999864 ], [ 30.331094, 59.929830999998671 ] ] ] } },
{ "type": "Feature", "properties": { "height": 6.6, "match_type": "matched", "height_source": "source_b" }, "geometry": { "type": "Polygon", "coordinates": [ [ [ 30.32939, 59.929919999998639 ], [ 30.329469, 59.929893999998654 ], [ 30.33136, 59.928951999998645 ], [ 30.331147, 59.928874999998641 ], [ 30.329168, 59.929808999998649 ], [ 30.32939, 59.929919999998639 ] ] ] } },
{ "type": "Feature", "properties": { "height": 6.6, "match_type": "matched", "height_source": "source_b" }, "geometry": { "type": "Polygon", "coordinates": [ [ [ 30.330509, 59.929366999998656 ], [ 30.3306, 59.929412999998632 ], [ 30.331363, 59.929034999998642 ], [ 30.331278, 59.928990999998668 ], [ 30.330509, 59.929366999998656 ] ] ] } },
{ "type": "Feature", "properties": { "height": 4.5, "match_type": "matched", "height_source": "source_b" }, "geometry": { "type": "Polygon", "coordinates": [ [ [ 30.330509, 59.929366999998656 ], [ 30.329469, 59.929893999998654 ], [ 30.329534, 59.929924999998647 ], [ 30.33059, 59.929406999998633 ], [ 30.330509, 59.929366999998656 ] ] ] } },
{ "type": "Feature", "properties": { "height": 4.5, "match_type": "only_b", "height_source": "source_b" }, "geometry": { "type": "Polygon", "coordinates": [ [ [ 30.319828, 59.933034999998668 ], [ 30.319721, 59.933061999998635 ], [ 30.319805, 59.933121999998669 ], [ 30.319962, 59.933076999998654 ], [ 30.319828, 59.933034999998668 ] ] ] } },
{ "type": "Feature", "properties": { "height": 6.6, "match_type": "matched", "height_source": "source_b" }, "geometry": { "type": "Polygon", "coordinates": [ [ [ 30.320273, 59.932023999998648 ], [ 30.320233, 59.931973999998633 ], [ 30.320003, 59.932033999998652 ], [ 30.320052, 59.932080999998661 ], [ 30.320273, 59.932023999998648 ] ] ] } },
{ "type": "Feature", "properties": { "height": 6.6, "match_type": "matched", "height_source": "source_b" }, "geometry": { "type": "Polygon", "coordinates": [ [ [ 30.320435, 59.932402999998651 ], [ 30.320733, 59.93232899999866 ], [ 30.320672, 59.932264999998665 ], [ 30.32037, 59.932342999998653 ], [ 30.320435, 59.932402999998651 ] ] ] } },
{ "type": "Feature", "properties": { "height": 15.0, "match_type": "matched", "height_source": "source_b" }, "geometry": { "type": "Polygon", "coordinates": [ [ [ 30.321467, 59.937705999998649 ], [ 30.321424, 59.937666999998633 ], [ 30.321434, 59.937707999998636 ], [ 30.321467, 59.937705999998649 ] ] ] } },
{ "type": "Feature", "properties": { "height": 18.0, "match_type": "matched", "height_source": "source_b" }, "geometry": { "type": "Polygon", "coordinates": [ [ [ 30.323617, 59.936543999998648 ], [ 30.323492, 59.93655999999865 ], [ 30.323531, 59.936631999998667 ], [ 30.323654, 59.936614999998653 ], [ 30.323617, 59.936543999998648 ] ] ] } },
{ "type": "Feature", "properties": { "height": 18.0, "match_type": "matched", "height_source": "source_b" }, "geometry": { "type": "Polygon", "coordinates": [ [ [ 30.324048, 59.936572999998653 ], [ 30.324006, 59.936493999998653 ], [ 30.323894, 59.936508999998665 ], [ 30.323934, 59.936585999998634 ], [ 30.324048, 59.936572999998653 ] ] ] } },
{ "type": "Feature", "properties": { "height": 4.5, "match_type": "matched", "height_source": "source_b" }, "geometry": { "type": "Polygon", "coordinates": [ [ [ 30.325217, 59.92938899999865 ], [ 30.32514, 59.92935199999863 ], [ 30.325056, 59.929396999998644 ], [ 30.325135, 59.929432999998646 ], [ 30.325217, 59.92938899999865 ] ] ] } },
{ "type": "Feature", "properties": { "height": 4.5, "match_type": "only_b", "height_source": "source_b" }, "geometry": { "type": "Polygon", "coordinates": [ [ [ 30.325831, 59.93792899999864 ], [ 30.325718, 59.937942999998661 ], [ 30.325785, 59.938087999998658 ], [ 30.325898, 59.938074999998648 ], [ 30.325831, 59.93792899999864 ] ] ] } },
{ "type": "Feature", "properties": { "height": 4.5, "match_type": "only_b", "height_source": "source_b" }, "geometry": { "type": "Polygon", "coordinates": [ [ [ 30.327498, 59.932383999998649 ], [ 30.327376, 59.932328999998639 ], [ 30.327277, 59.932383999998635 ], [ 30.327399, 59.932438999998638 ], [ 30.327498, 59.932383999998649 ] ] ] } },
{ "type": "Feature", "properties": { "height": 4.5, "match_type": "only_b", "height_source": "source_b" }, "geometry": { "type": "Polygon", "coordinates": [ [ [ 30.328493, 59.929993999998644 ], [ 30.328823, 59.929823999998668 ], [ 30.328735, 59.929780999998663 ], [ 30.328405, 59.929950999998645 ], [ 30.328493, 59.929993999998644 ] ] ] } },
{ "type": "Feature", "properties": { "height": 4.5, "match_type": "only_b", "height_source": "source_b" }, "geometry": { "type": "Polygon", "coordinates": [ [ [ 30.328552, 59.929563999998642 ], [ 30.328747, 59.929535999998649 ], [ 30.328721, 59.929488999998654 ], [ 30.328526, 59.929516999998647 ], [ 30.328552, 59.929563999998642 ] ] ] } },
{ "type": "Feature", "properties": { "height": 4.5, "match_type": "matched", "height_source": "source_b" }, "geometry": { "type": "Polygon", "coordinates": [ [ [ 30.328986, 59.935862999998641 ], [ 30.328908, 59.935756999998652 ], [ 30.328782, 59.93577199999865 ], [ 30.328859, 59.935893999998662 ], [ 30.328986, 59.935862999998641 ] ] ] } }
]
}
