{
"type": "FeatureCollection",
"name": "kalininsky",
"crs": { "type": "name", "properties": { "name": "urn:ogc:def:crs:OGC:1.3:CRS84" } },
"features": [
{ "type": "Feature", "properties": { "height": 21.0, "match_type": "matched", "height_source": "source_b" }, "geometry": { "type": "Polygon", "coordinates": [ [ [ 30.375816, 59.968080999998669 ], [ 30.375964, 59.968050999998667 ], [ 30.375541, 59.967516999998651 ], [ 30.375393, 59.967545999998663 ], [ 30.375816, 59.968080999998669 ] ] ] } },
{ "type": "Feature", "properties": { "height": 16.0, "match_type": "matched", "height_source": "source_b" }, "geometry": { "type": "Polygon", "coordinates": [ [ [ 30.374743, 59.967688999998671 ], [ 30.374552, 59.967472999998655 ], [ 30.372783, 59.967820999998636 ], [ 30.372868, 59.967927999998665 ], [ 30.372681, 59.967964999998671 ], [ 30.3726, 59.967860999998663 ], [ 30.371971, 59.967986999998679 ], [ 30.372052, 59.968083999998669 ], [ 30.371789, 59.968137999998667 ], [ 30.371901, 59.96827899999866 ], [ 30.374743, 59.967688999998671 ] ] ] } },
{ "type": "Feature", "properties": { "height": 21.0, "match_type": "matched", "height_source": "source_b" }, "geometry": { "type": "Polygon", "coordinates": [ [ [ 30.375368, 59.968226999998649 ], [ 30.375565, 59.968189999998657 ], [ 30.375444, 59.968028999998666 ], [ 30.375247, 59.968065999998657 ], [ 30.375368, 59.968226999998649 ] ] ] } },
{ "type": "Feature", "properties": { "height": 21.0, "match_type": "matched", "height_source": "source_b" }, "geometry": { "type": "Polygon", "coordinates": [ [ [ 30.37647, 59.967961999998671 ], [ 30.376562, 59.967943999998646 ], [ 30.376135, 59.967403999998638 ], [ 30.376043, 59.967421999998649 ], [ 30.37647, 59.967961999998671 ] ] ] } },
{ "type": "Feature", "properties": { "height": 21.0, "match_type": "matched", "height_source": "source_b" }, "geometry": { "type": "Polygon", "coordinates": [ [ [ 30.376103, 59.967964999998657 ], [ 30.376223, 59.967941999998665 ], [ 30.375851, 59.967451999998666 ], [ 30.375731, 59.967474999998664 ], [ 30.376103, 59.967964999998657 ] ] ] } },
{ "type": "Feature", "properties": { "height": 20.0, "match_type": "matched", "height_source": "source_b" }, "geometry": { "type": "Polygon", "coordinates": [ [ [ 30.375273, 59.967517999998655 ], [ 30.375219, 59.967452999998677 ], [ 30.374638, 59.967576999998663 ], [ 30.374743, 59.967688999998671 ], [ 30.371901, 59.96827899999866 ], [ 30.372376, 59.968878999998672 ], [ 30.372848, 59.968786999998649 ], [ 30.372738, 59.968645999998678 ], [ 30.373936, 59.968411999998658 ], [ 30.37404, 59.968545999998675 ], [ 30.374363, 59.968482999998656 ], [ 30.374259, 59.968347999998684 ], [ 30.375121, 59.968179999998668 ], [ 30.375227, 59.968315999998673 ], [ 30.375809, 59.968202999998653 ], [ 30.375898, 59.968316999998663 ], [ 30.376341, 59.968229999998663 ], [ 30.376183, 59.968049999998662 ], [ 30.376736, 59.96798099999868 ], [ 30.376217, 59.967323999998662 ], [ 30.375273, 59.967517999998655 ] ], [ [ 30.372318, 59.968625999998672 ], [ 30.37222, 59.968502999998655 ], [ 30.374874, 59.967973999998662 ], [ 30.374971, 59.968096999998671 ], [ 30.372318, 59.968625999998672 ] ], [ [ 30.372161, 59.968423999998663 ], [ 30.372064, 59.968300999998661 ], [ 30.374717, 59.967770999998663 ], [ 30.374815, 59.96789399999868 ], [ 30.372161, 59.968423999998663 ] ], [ [ 30.375816, 59.968080999998669 ], [ 30.375393, 59.967545999998663 ], [ 30.375541, 59.967516999998651 ], [ 30.375964, 59.968050999998667 ], [ 30.375816, 59.968080999998669 ] ], [ [ 30.375096, 59.96789199999867 ], [ 30.37487, 59.967585999998661 ], [ 30.375089, 59.967544999998658 ], [ 30.375316, 59.967850999998653 ], [ 30.375096, 59.96789199999867 ] ], [ [ 30.376103, 59.967964999998657 ], [ 30.375731, 59.967474999998664 ], [ 30.375851, 59.967451999998666 ], [ 30.376223, 59.967941999998665 ], [ 30.376103, 59.967964999998657 ] ], [ [ 30.37647, 59.967961999998671 ], [ 30.376043, 59.967421999998649 ], [ 30.376135, 59.967403999998638 ], [ 30.376562, 59.967943999998646 ], [ 30.37647, 59.967961999998671 ] ], [ [ 30.375368, 59.968226999998649 ], [ 30.375247, 59.968065999998657 ], [ 30.375444, 59.968028999998666 ], [ 30.375565, 59.968189999998657 ], [ 30.375368, 59.968226999998649 ] ] ] } },
{ "type": "Feature", "properties": { "height": 21.0, "match_type": "matched", "height_source": "source_b" }, "geometry": { "type": "Polygon", "coordinates": [ [ [ 30.372318, 59.968625999998672 ], [ 30.374971, 59.968096999998671 ], [ 30.374874, 59.967973999998662 ], [ 30.37222, 59.968502999998655 ], [ 30.372318, 59.968625999998672 ] ] ] } },
{ "type": "Feature", "properties": { "height": 21.0, "match_type": "matched", "height_source": "source_b" }, "geometry": { "type": "Polygon", "coordinates": [ [ [ 30.375096, 59.96789199999867 ], [ 30.375316, 59.967850999998653 ], [ 30.375089, 59.967544999998658 ], [ 30.37487, 59.967585999998661 ], [ 30.375096, 59.96789199999867 ] ] ] } },
{ "type": "Feature", "properties": { "height": 21.0, "match_type": "matched", "height_source": "source_b" }, "geometry": { "type": "Polygon", "coordinates": [ [ [ 30.372161, 59.968423999998663 ], [ 30.374815, 59.96789399999868 ], [ 30.374717, 59.967770999998663 ], [ 30.372064, 59.968300999998661 ], [ 30.372161, 59.968423999998663 ] ] ] } },
{ "type": "Feature", "properties": { "height": 16.0, "match_type": "matched", "height_source": "source_b" }, "geometry": { "type": "Polygon", "coordinates": [ [ [ 30.376217, 59.967323999998662 ], [ 30.37616, 59.967252999998664 ], [ 30.375219, 59.967452999998677 ], [ 30.375273, 59.967517999998655 ], [ 30.376217, 59.967323999998662 ] ] ] } },
{ "type": "Feature", "properties": { "height": 16.0, "match_type": "matched", "height_source": "source_b" }, "geometry": { "type": "Polygon", "coordinates": [ [ [ 30.372524, 59.96906499999865 ], [ 30.3764, 59.968296999998643 ], [ 30.376341, 59.968229999998663 ], [ 30.375898, 59.968316999998663 ], [ 30.375809, 59.968202999998653 ], [ 30.375227, 59.968315999998673 ], [ 30.375121, 59.968179999998668 ], [ 30.374259, 59.968347999998684 ], [ 30.374363, 59.968482999998656 ], [ 30.37404, 59.968545999998675 ], [ 30.373936, 59.968411999998658 ], [ 30.372738, 59.968645999998678 ], [ 30.372848, 59.968786999998649 ], [ 30.372376, 59.968878999998672 ], [ 30.372524, 59.96906499999865 ] ] ] } },
{ "type": "Feature", "properties": { "height": 12.0, "match_type": "matched", "height_source": "source_b" }, "geometry": { "type": "Polygon", "coordinates": [ [ [ 30.372624, 59.965811999998664 ], [ 30.372612, 59.965881999998651 ], [ 30.372777, 59.965893999998649 ], [ 30.372471, 59.966924999998675 ], [ 30.373703, 59.967010999998621 ], [ 30.373745, 59.966857999998652 ], [ 30.376941, 59.967068999998652 ], [ 30.377045, 59.966692999998664 ], [ 30.377457, 59.966720999998685 ], [ 30.377602, 59.966228999998648 ], [ 30.377538, 59.966224999998673 ], [ 30.377554, 59.966149999998692 ], [ 30.377138, 59.96611899999867 ], [ 30.377153, 59.966089999998687 ], [ 30.372624, 59.965811999998664 ] ] ] } },
{ "type": "Feature", "properties": { "height": 5.1, "match_type": "only_a", "height_source": "ml_predicted" }, "geometry": { "type": "Polygon", "coordinates": [ [ [ 30.37292, 59.97436 ], [ 30.37296, 59.97441 ], [ 30.37312, 59.97438 ], [ 30.37307, 59.97432 ], [ 30.37292, 59.97436 ] ] ] } },
{ "type": "Feature", "properties": { "height": 5.0, "match_type": "matched", "height_source": "source_b" }, "geometry": { "type": "Polygon", "coordinates": [ [ [ 30.373181824092889, 59.975266761671428 ], [ 30.373244238218994, 59.975335703300843 ], [ 30.373849853977372, 59.975197964281982 ], [ 30.373787438835976, 59.975129022931071 ], [ 30.373181824092889, 59.975266761671428 ] ] ] } },
{ "type": "Feature", "properties": { "height": 6.8, "match_type": "only_a", "height_source": "ml_predicted" }, "geometry": { "type": "Polygon", "coordinates": [ [ [ 30.37302, 59.97536 ], [ 30.37306, 59.97535 ], [ 30.37299, 59.97533 ], [ 30.37302, 59.97536 ] ] ] } },
{ "type": "Feature", "properties": { "height": 22.0, "match_type": "matched", "height_source": "source_b" }, "geometry": { "type": "Polygon", "coordinates": [ [ [ 30.373377, 59.971021999998655 ], [ 30.373209, 59.971069999998655 ], [ 30.373201, 59.971166999998673 ], [ 30.3734, 59.971220999998643 ], [ 30.373558, 59.971164999998649 ], [ 30.373546, 59.97106799999866 ], [ 30.373377, 59.971021999998655 ] ] ] } },
{ "type": "Feature", "properties": { "height": 3.8, "match_type": "only_a", "height_source": "ml_predicted" }, "geometry": { "type": "Polygon", "coordinates": [ [ [ 30.37326, 59.97199 ], [ 30.37319, 59.97202 ], [ 30.37331, 59.97211 ], [ 30.37338, 59.97209 ], [ 30.37326, 59.97199 ] ] ] } },
{ "type": "Feature", "properties": { "height": 4.5, "match_type": "only_a", "height_source": "ml_predicted" }, "geometry": { "type": "Polygon", "coordinates": [ [ [ 30.3733, 59.96459 ], [ 30.37344, 59.96466 ], [ 30.37354, 59.96461 ], [ 30.3734, 59.96454 ], [ 30.3733, 59.96459 ] ] ] } },
{ "type": "Feature", "properties": { "height": 8.0, "match_type": "matched", "height_source": "source_b" }, "geometry": { "type": "Polygon", "coordinates": [ [ [ 30.374063, 59.971491999998648 ], [ 30.37325, 59.971649999998661 ], [ 30.373327, 59.971752999998657 ], [ 30.374141, 59.971592999998677 ], [ 30.374063, 59.971491999998648 ] ] ] } },
{ "type": "Feature", "properties": { "height": 76.0, "match_type": "matched", "height_source": "source_b" }, "geometry": { "type": "Polygon", "coordinates": [ [ [ 30.374001173687446, 59.976545752567183 ], [ 30.373113015238548, 59.976851833046609 ], [ 30.37337549426686, 59.977047863643875 ], [ 30.374280536013643, 59.976743452378848 ], [ 30.374001173687446, 59.976545752567183 ] ] ] } },
{ "type": "Feature", "properties": { "height": 8.0, "match_type": "matched", "height_source": "source_b" }, "geometry": { "type": "Polygon", "coordinates": [ [ [ 30.374279, 59.97166999999866 ], [ 30.373337, 59.97185799999864 ], [ 30.373299, 59.971991999998664 ], [ 30.373632, 59.972227999998665 ], [ 30.373812, 59.972163999998671 ], [ 30.373538, 59.971937999998666 ], [ 30.374361, 59.971772999998663 ], [ 30.374279, 59.97166999999866 ] ] ] } },
{ "type": "Feature", "properties": { "height": 5.0, "match_type": "only_a", "height_source": "ml_predicted" }, "geometry": { "type": "Polygon", "coordinates": [ [ [ 30.37344, 59.9721 ], [ 30.37331, 59.97212 ], [ 30.37342, 59.97212 ], [ 30.37349, 59.97221 ], [ 30.37341, 59.97223 ], [ 30.37361, 59.97238 ], [ 30.37376, 59.97231 ], [ 30.37344, 59.9721 ] ] ] } },
{ "type": "Feature", "properties": { "height": 4.4, "match_type": "only_a", "height_source": "ml_predicted" }, "geometry": { "type": "Polygon", "coordinates": [ [ [ 30.37346, 59.96453 ], [ 30.37355, 59.96446 ], [ 30.37336, 59.96439 ], [ 30.37326, 59.96446 ], [ 30.37346, 59.96453 ] ] ] } },
{ "type": "Feature", "properties": { "height": 4.5, "match_type": "matched", "height_source": "source_b" }, "geometry": { "type": "Polygon", "coordinates": [ [ [ 30.373586, 59.964617999998666 ], [ 30.37349, 59.964661999998661 ], [ 30.373558, 59.964700999998662 ], [ 30.373461, 59.964744999998686 ], [ 30.373566, 59.964802999998675 ], [ 30.37366, 59.964760999998681 ], [ 30.373776, 59.964825999998673 ], [ 30.373875, 59.964780999998659 ], [ 30.373586, 59.964617999998666 ] ] ] } },
{ "type": "Feature", "properties": { "height": 8.0, "match_type": "matched", "height_source": "source_b" }, "geometry": { "type": "Polygon", "coordinates": [ [ [ 30.37396, 59.964779999998647 ], [ 30.373813, 59.964852999998655 ], [ 30.373889, 59.96489199999867 ], [ 30.374035, 59.964820999998665 ], [ 30.37396, 59.964779999998647 ] ] ] } },
{ "type": "Feature", "properties": { "height": 4.8, "match_type": "only_a", "height_source": "ml_predicted" }, "geometry": { "type": "Polygon", "coordinates": [ [ [ 30.37349, 59.96428 ], [ 30.37373, 59.96439 ], [ 30.37389, 59.96431 ], [ 30.37365, 59.96419 ], [ 30.37349, 59.96428 ] ] ] } },
{ "type": "Feature", "properties": { "height": 5.0, "match_type": "only_a", "height_source": "ml_predicted" }, "geometry": { "type": "Polygon", "coordinates": [ [ [ 30.37356, 59.97414 ], [ 30.37367, 59.97411 ], [ 30.37356, 59.97403 ], [ 30.37346, 59.97406 ], [ 30.37356, 59.97414 ] ] ] } },
{ "type": "Feature", "properties": { "height": 8.0, "match_type": "matched", "height_source": "source_b" }, "geometry": { "type": "Polygon", "coordinates": [ [ [ 30.373821463086092, 59.974197347849518 ], [ 30.373747318256875, 59.974141465704271 ], [ 30.373610861511313, 59.974186953071168 ], [ 30.373685006208198, 59.974242835291903 ], [ 30.373821463086092, 59.974197347849518 ] ] ] } },
{ "type": "Feature", "properties": { "height": 4.5, "match_type": "only_a", "height_source": "ml_predicted" }, "geometry": { "type": "Polygon", "coordinates": [ [ [ 30.37366, 59.97389 ], [ 30.37371, 59.97393 ], [ 30.37385, 59.97388 ], [ 30.3738, 59.97385 ], [ 30.37366, 59.97389 ] ] ] } },
{ "type": "Feature", "properties": { "height": 9.9, "match_type": "matched", "height_source": "source_b" }, "geometry": { "type": "Polygon", "coordinates": [ [ [ 30.374013, 59.974172999998657 ], [ 30.373752, 59.974261999998653 ], [ 30.373991, 59.974441999998668 ], [ 30.374255, 59.974352999998686 ], [ 30.374013, 59.974172999998657 ] ] ] } },
{ "type": "Feature", "properties": { "height": 5.0, "match_type": "matched", "height_source": "source_b" }, "geometry": { "type": "Polygon", "coordinates": [ [ [ 30.373880972407665, 59.97501711480048 ], [ 30.373983728131225, 59.974983249169433 ], [ 30.373845355915385, 59.974877771845108 ], [ 30.37374259859352, 59.974911637334458 ], [ 30.373880972407665, 59.97501711480048 ] ] ] } },
{ "type": "Feature", "properties": { "height": 5.0, "match_type": "matched", "height_source": "source_b" }, "geometry": { "type": "Polygon", "coordinates": [ [ [ 30.373664758754426, 59.974720336621267 ], [ 30.373533002159949, 59.974763750555923 ], [ 30.373687194142438, 59.974881313086144 ], [ 30.373818951010374, 59.974837898999951 ], [ 30.373664758754426, 59.974720336621267 ] ] ] } },
{ "type": "Feature", "properties": { "height": 4.6, "match_type": "only_a", "height_source": "ml_predicted" }, "geometry": { "type": "Polygon", "coordinates": [ [ [ 30.37388, 59.97479 ], [ 30.37406, 59.97495 ], [ 30.374, 59.97497 ], [ 30.37405, 59.975 ], [ 30.37417, 59.97496 ], [ 30.37388, 59.97479 ] ] ] } },
{ "type": "Feature", "properties": { "height": 4.5, "match_type": "matched", "height_source": "source_b" }, "geometry": { "type": "Polygon", "coordinates": [ [ [ 30.373785, 59.969544999998654 ], [ 30.373394, 59.969652999998665 ], [ 30.373496, 59.969746999998655 ], [ 30.373888, 59.969638999998658 ], [ 30.373785, 59.969544999998654 ] ] ] } },
{ "type": "Feature", "properties": { "height": 4.5, "match_type": "matched", "height_source": "source_b" }, "geometry": { "type": "Polygon", "coordinates": [ [ [ 30.374667, 59.967037999998652 ], [ 30.373968, 59.967174999998662 ], [ 30.374106, 59.967353999998672 ], [ 30.374806, 59.967217999998667 ], [ 30.374758, 59.96715599999866 ], [ 30.374908, 59.967124999998667 ], [ 30.374844, 59.967046999998665 ], [ 30.374698, 59.967077999998658 ], [ 30.374667, 59.967037999998652 ] ] ] } },
{ "type": "Feature", "properties": { "height": 6.0, "match_type": "matched", "height_source": "source_b" }, "geometry": { "type": "Polygon", "coordinates": [ [ [ 30.374067993037638, 59.973916694526096 ], [ 30.374217220928262, 59.973867217735886 ], [ 30.374118201132156, 59.973792180939625 ], [ 30.373968971647876, 59.973841657584011 ], [ 30.374067993037638, 59.973916694526096 ] ] ] } },
{ "type": "Feature", "properties": { "height": 8.0, "match_type": "matched", "height_source": "source_b" }, "geometry": { "type": "Polygon", "coordinates": [ [ [ 30.37392, 59.969272999998651 ], [ 30.373998, 59.969374999998657 ], [ 30.374457, 59.96928899999866 ], [ 30.374333, 59.969136999998675 ], [ 30.373925, 59.969209999998668 ], [ 30.373966, 59.969263999998653 ], [ 30.37392, 59.969272999998651 ] ] ] } },
{ "type": "Feature", "properties": { "height": 8.0, "match_type": "matched", "height_source": "source_b" }, "geometry": { "type": "Polygon", "coordinates": [ [ [ 30.37392, 59.969272999998651 ], [ 30.373002, 59.969453999998663 ], [ 30.37308, 59.969555999998676 ], [ 30.373998, 59.969374999998657 ], [ 30.37392, 59.969272999998651 ] ] ] } },
{ "type": "Feature", "properties": { "height": 7.0, "match_type": "only_a", "height_source": "ml_predicted" }, "geometry": { "type": "Polygon", "coordinates": [ [ [ 30.37399, 59.97641 ], [ 30.37406, 59.97646 ], [ 30.3741, 59.97644 ], [ 30.37404, 59.9764 ], [ 30.37399, 59.97641 ] ] ] } },
{ "type": "Feature", "properties": { "height": 5.0, "match_type": "only_a", "height_source": "ml_predicted" }, "geometry": { "type": "Polygon", "coordinates": [ [ [ 30.374, 59.97521 ], [ 30.37396, 59.97517 ], [ 30.37386, 59.97519 ], [ 30.3739, 59.97523 ], [ 30.374, 59.97521 ] ] ] } },
{ "type": "Feature", "properties": { "height": 4.8, "match_type": "only_a", "height_source": "ml_predicted" }, "geometry": { "type": "Polygon", "coordinates": [ [ [ 30.37404, 59.97459 ], [ 30.37415, 59.97456 ], [ 30.3741, 59.97451 ], [ 30.37399, 59.97454 ], [ 30.37404, 59.97459 ] ] ] } },
{ "type": "Feature", "properties": { "height": 8.0, "match_type": "matched", "height_source": "source_b" }, "geometry": { "type": "Polygon", "coordinates": [ [ [ 30.373949, 59.970901999998667 ], [ 30.373625, 59.970962999998662 ], [ 30.373553, 59.970976999998648 ], [ 30.37375, 59.971234999998657 ], [ 30.374146, 59.971158999998664 ], [ 30.373949, 59.970901999998667 ] ] ] } },
{ "type": "Feature", "properties": { "height": 5.7, "match_type": "only_a", "height_source": "ml_predicted" }, "geometry": { "type": "Polygon", "coordinates": [ [ [ 30.37423, 59.96502 ], [ 30.37417, 59.96503 ], [ 30.3743, 59.96506 ], [ 30.37423, 59.96502 ] ] ] } },
{ "type": "Feature", "properties": { "height": 8.0, "match_type": "matched", "height_source": "source_b" }, "geometry": { "type": "Polygon", "coordinates": [ [ [ 30.374557, 59.964833999998653 ], [ 30.374203, 59.965009999998664 ], [ 30.374385, 59.965104999998672 ], [ 30.374734, 59.964929999998667 ], [ 30.374557, 59.964833999998653 ] ] ] } },
{ "type": "Feature", "properties": { "height": 22.0, "match_type": "matched", "height_source": "source_b" }, "geometry": { "type": "Polygon", "coordinates": [ [ [ 30.374326, 59.970839999998674 ], [ 30.374158, 59.970887999998659 ], [ 30.374136, 59.970965999998654 ], [ 30.37431, 59.971038999998662 ], [ 30.374507, 59.970981999998664 ], [ 30.374495, 59.970885999998664 ], [ 30.374326, 59.970839999998674 ] ] ] } },
{ "type": "Feature", "properties": { "height": 6.2, "match_type": "only_a", "height_source": "ml_predicted" }, "geometry": { "type": "Polygon", "coordinates": [ [ [ 30.3743, 59.96473 ], [ 30.37437, 59.9647 ], [ 30.3743, 59.96466 ], [ 30.37423, 59.96469 ], [ 30.3743, 59.96473 ] ] ] } },
{ "type": "Feature", "properties": { "height": 4.0, "match_type": "matched", "height_source": "source_b" }, "geometry": { "type": "Polygon", "coordinates": [ [ [ 30.373792, 59.965216999998681 ], [ 30.373728, 59.965494999998675 ], [ 30.374424, 59.965534999998667 ], [ 30.374485, 59.965258999998667 ], [ 30.373792, 59.965216999998681 ] ] ] } },
{ "type": "Feature", "properties": { "height": 4.5, "match_type": "matched", "height_source": "source_b" }, "geometry": { "type": "Polygon", "coordinates": [ [ [ 30.374256, 59.976040999998666 ], [ 30.374362, 59.976115999998648 ], [ 30.374513, 59.976062999998668 ], [ 30.374407, 59.975986999998661 ], [ 30.374256, 59.976040999998666 ] ] ] } },
{ "type": "Feature", "properties": { "height": 5.0, "match_type": "only_a", "height_source": "ml_predicted" }, "geometry": { "type": "Polygon", "coordinates": [ [ [ 30.37455, 59.97385 ], [ 30.37447, 59.97388 ], [ 30.37456, 59.97395 ], [ 30.37465, 59.97392 ], [ 30.37455, 59.97385 ] ] ] } },
{ "type": "Feature", "properties": { "height": 12.0, "match_type": "matched", "height_source": "source_b" }, "geometry": { "type": "Polygon", "coordinates": [ [ [ 30.375033, 59.974554999998674 ], [ 30.375335, 59.974456999998637 ], [ 30.374616, 59.973912999998653 ], [ 30.374328, 59.97400499999867 ], [ 30.375033, 59.974554999998674 ] ] ] } },
{ "type": "Feature", "properties": { "height": 4.0, "match_type": "matched", "height_source": "source_b" }, "geometry": { "type": "Polygon", "coordinates": [ [ [ 30.376059, 59.968818999998675 ], [ 30.375095, 59.968994999998685 ], [ 30.374649, 59.969087999998671 ], [ 30.374752, 59.969222999998678 ], [ 30.376145, 59.968931999998659 ], [ 30.376059, 59.968818999998675 ] ] ] } },
{ "type": "Feature", "properties": { "height": 22.0, "match_type": "matched", "height_source": "source_b" }, "geometry": { "type": "Polygon", "coordinates": [ [ [ 30.374838, 59.970740999998668 ], [ 30.374671, 59.970788999998689 ], [ 30.374663, 59.970885999998664 ], [ 30.374862, 59.970939999998663 ], [ 30.375033, 59.970864999998682 ], [ 30.374982, 59.970770999998656 ], [ 30.374838, 59.970740999998668 ] ] ] } },
{ "type": "Feature", "properties": { "height": 7.8, "match_type": "only_a", "height_source": "ml_predicted" }, "geometry": { "type": "Polygon", "coordinates": [ [ [ 30.37479, 59.96494 ], [ 30.37512, 59.96479 ], [ 30.37493, 59.96468 ], [ 30.37459, 59.96484 ], [ 30.37479, 59.96494 ] ] ] } },
{ "type": "Feature", "properties": { "height": 4.6, "match_type": "only_a", "height_source": "ml_predicted" }, "geometry": { "type": "Polygon", "coordinates": [ [ [ 30.37488, 59.96538 ], [ 30.37491, 59.9653 ], [ 30.37479, 59.96529 ], [ 30.37476, 59.96537 ], [ 30.37488, 59.96538 ] ] ] } },
{ "type": "Feature", "properties": { "height": 5.6, "match_type": "only_a", "height_source": "ml_predicted" }, "geometry": { "type": "Polygon", "coordinates": [ [ [ 30.37492, 59.96351 ], [ 30.37482, 59.96349 ], [ 30.37479, 59.96353 ], [ 30.37489, 59.96355 ], [ 30.37492, 59.96351 ] ] ] } },
{ "type": "Feature", "properties": { "height": 4.9, "match_type": "only_a", "height_source": "ml_predicted" }, "geometry": { "type": "Polygon", "coordinates": [ [ [ 30.37495, 59.97261 ], [ 30.3748, 59.9725 ], [ 30.37451, 59.9726 ], [ 30.37466, 59.97271 ], [ 30.37495, 59.97261 ] ] ] } },
{ "type": "Feature", "properties": { "height": 22.0, "match_type": "matched", "height_source": "source_b" }, "geometry": { "type": "Polygon", "coordinates": [ [ [ 30.37532, 59.970641999998669 ], [ 30.375153, 59.970688999998664 ], [ 30.375145, 59.970785999998668 ], [ 30.375344, 59.97083999999866 ], [ 30.375515, 59.970764999998657 ], [ 30.375464, 59.97067199999865 ], [ 30.37532, 59.970641999998669 ] ] ] } },
{ "type": "Feature", "properties": { "height": 8.0, "match_type": "matched", "height_source": "source_b" }, "geometry": { "type": "Polygon", "coordinates": [ [ [ 30.374494, 59.963797999998668 ], [ 30.374194, 59.963943999998648 ], [ 30.374294, 59.963992999998659 ], [ 30.374589, 59.963848999998667 ], [ 30.374494, 59.963797999998668 ] ] ] } },
{ "type": "Feature", "properties": { "height": 8.0, "match_type": "matched", "height_source": "source_b" }, "geometry": { "type": "Polygon", "coordinates": [ [ [ 30.375058, 59.963509999998649 ], [ 30.374521, 59.963776999998657 ], [ 30.374627, 59.963827999998657 ], [ 30.375146, 59.963562999998651 ], [ 30.375058, 59.963509999998649 ] ] ] } },
{ "type": "Feature", "properties": { "height": 10.0, "match_type": "matched", "height_source": "source_b" }, "geometry": { "type": "Polygon", "coordinates": [ [ [ 30.37507187225652, 59.97156117065461 ], [ 30.37512007562675, 59.971629081250782 ], [ 30.375326868279156, 59.97159219698213 ], [ 30.375278662674571, 59.971524287320108 ], [ 30.37507187225652, 59.97156117065461 ] ] ] } },
{ "type": "Feature", "properties": { "height": 6.6, "match_type": "matched", "height_source": "source_b" }, "geometry": { "type": "Polygon", "coordinates": [ [ [ 30.37692, 59.976171999998648 ], [ 30.376739, 59.976036999998655 ], [ 30.376379, 59.976158999998674 ], [ 30.376562, 59.976293999998674 ], [ 30.37692, 59.976171999998648 ] ] ] } },
{ "type": "Feature", "properties": { "height": 6.6, "match_type": "matched", "height_source": "source_b" }, "geometry": { "type": "Polygon", "coordinates": [ [ [ 30.377372, 59.976505999998665 ], [ 30.377185, 59.976366999998675 ], [ 30.376825, 59.976489999998662 ], [ 30.377011, 59.976628999998653 ], [ 30.377372, 59.976505999998665 ] ] ] } },
{ "type": "Feature", "properties": { "height": 9.9, "match_type": "matched", "height_source": "source_b" }, "geometry": { "type": "Polygon", "coordinates": [ [ [ 30.377724, 59.976903999998669 ], [ 30.377824, 59.97697399999867 ], [ 30.37794, 59.976968999998661 ], [ 30.378222, 59.976869999998691 ], [ 30.376372, 59.975502999998689 ], [ 30.376103, 59.975606999998632 ], [ 30.376171, 59.975617999998661 ], [ 30.377827, 59.976841999998669 ], [ 30.377724, 59.976903999998669 ] ] ] } },
{ "type": "Feature", "properties": { "height": 6.6, "match_type": "matched", "height_source": "source_b" }, "geometry": { "type": "Polygon", "coordinates": [ [ [ 30.376121, 59.975584999998688 ], [ 30.376267, 59.975537999998679 ], [ 30.376147, 59.975448999998669 ], [ 30.376005, 59.975496999998668 ], [ 30.376121, 59.975584999998688 ] ] ] } },
{ "type": "Feature", "properties": { "height": 9.9, "match_type": "matched", "height_source": "source_b" }, "geometry": { "type": "Polygon", "coordinates": [ [ [ 30.375302, 59.975738999998647 ], [ 30.376484, 59.975339999998667 ], [ 30.376253, 59.97517399999866 ], [ 30.375081, 59.975570999998652 ], [ 30.375302, 59.975738999998647 ] ] ] } },
{ "type": "Feature", "properties": { "height": 4.5, "match_type": "matched", "height_source": "source_b" }, "geometry": { "type": "Polygon", "coordinates": [ [ [ 30.375328, 59.972397999998662 ], [ 30.375193, 59.972447999998657 ], [ 30.375251, 59.972487999998656 ], [ 30.375388, 59.972437999998661 ], [ 30.375328, 59.972397999998662 ] ] ] } },
{ "type": "Feature", "properties": { "height": 8.0, "match_type": "matched", "height_source": "source_b" }, "geometry": { "type": "Polygon", "coordinates": [ [ [ 30.375679, 59.964317999998663 ], [ 30.375297, 59.96449099999866 ], [ 30.374867, 59.964651999998658 ], [ 30.375061, 59.964760999998681 ], [ 30.375654, 59.964494999998664 ], [ 30.37558, 59.964452999998663 ], [ 30.375768, 59.964367999998657 ], [ 30.375679, 59.964317999998663 ] ] ] } },
{ "type": "Feature", "properties": { "height": 12.0, "match_type": "matched", "height_source": "source_b" }, "geometry": { "type": "Polygon", "coordinates": [ [ [ 30.375182, 59.963810999998643 ], [ 30.373771, 59.964485999998665 ], [ 30.373905, 59.964559999998656 ], [ 30.373835, 59.964593999998648 ], [ 30.373918, 59.96463899999867 ], [ 30.375397, 59.963933999998659 ], [ 30.375182, 59.963810999998643 ] ] ] } },
{ "type": "Feature", "properties": { "height": 12.0, "match_type": "matched", "height_source": "source_b" }, "geometry": { "type": "Polygon", "coordinates": [ [ [ 30.375335, 59.974456999998637 ], [ 30.375033, 59.974554999998674 ], [ 30.374344, 59.974779999998681 ], [ 30.374527, 59.974922999998675 ], [ 30.375515, 59.97459599999867 ], [ 30.375335, 59.974456999998637 ] ] ] } },
{ "type": "Feature", "properties": { "height": 7.1, "match_type": "only_a", "height_source": "ml_predicted" }, "geometry": { "type": "Polygon", "coordinates": [ [ [ 30.37571, 59.96504 ], [ 30.37557, 59.96502 ], [ 30.37528, 59.96487 ], [ 30.37507, 59.96497 ], [ 30.37545, 59.96517 ], [ 30.37571, 59.96504 ] ] ] } },
{ "type": "Feature", "properties": { "height": 8.0, "match_type": "matched", "height_source": "source_b" }, "geometry": { "type": "Polygon", "coordinates": [ [ [ 30.375996, 59.965168999998681 ], [ 30.375877, 59.965455999998646 ], [ 30.376205, 59.965491999998662 ], [ 30.376324, 59.965202999998652 ], [ 30.375996, 59.965168999998681 ] ] ] } },
{ "type": "Feature", "properties": { "height": 12.0, "match_type": "matched", "height_source": "source_b" }, "geometry": { "type": "Polygon", "coordinates": [ [ [ 30.376804, 59.964400999998674 ], [ 30.376621, 59.964482999998651 ], [ 30.376483, 59.964403999998673 ], [ 30.375834, 59.964696999998672 ], [ 30.376057, 59.964818999998649 ], [ 30.376264, 59.964728999998648 ], [ 30.376466, 59.964752999998652 ], [ 30.376563, 59.964790999998662 ], [ 30.376537, 59.964834999998672 ], [ 30.376615, 59.964845999998666 ], [ 30.376159, 59.964818999998656 ], [ 30.376099, 59.964933999998657 ], [ 30.375912, 59.965049999998683 ], [ 30.376717, 59.965084999998666 ], [ 30.376823, 59.964832999998663 ], [ 30.376691, 59.964816999998661 ], [ 30.376722, 59.964749999998681 ], [ 30.376835, 59.964739999998677 ], [ 30.376735, 59.96472799999863 ], [ 30.376785, 59.964620999998665 ], [ 30.376547, 59.964596999998662 ], [ 30.376918, 59.964461999998633 ], [ 30.376804, 59.964400999998674 ] ] ] } },
{ "type": "Feature", "properties": { "height": 8.0, "match_type": "matched", "height_source": "source_b" }, "geometry": { "type": "Polygon", "coordinates": [ [ [ 30.375369, 59.965538999998643 ], [ 30.375335, 59.965675999998666 ], [ 30.376131, 59.965729999998636 ], [ 30.376172, 59.965595999998662 ], [ 30.375369, 59.965538999998643 ] ] ] } },
{ "type": "Feature", "properties": { "height": 5.1, "match_type": "only_a", "height_source": "ml_predicted" }, "geometry": { "type": "Polygon", "coordinates": [ [ [ 30.37619, 59.97588 ], [ 30.3761, 59.97591 ], [ 30.37622, 59.97589 ], [ 30.37619, 59.97588 ] ] ] } },
{ "type": "Feature", "properties": { "height": 4.5, "match_type": "matched", "height_source": "source_b" }, "geometry": { "type": "Polygon", "coordinates": [ [ [ 30.376453, 59.964000999998646 ], [ 30.376278, 59.964080999998664 ], [ 30.376318, 59.964103999998656 ], [ 30.376494, 59.964022999998669 ], [ 30.376453, 59.964000999998646 ] ] ] } },
{ "type": "Feature", "properties": { "height": 4.5, "match_type": "matched", "height_source": "source_b" }, "geometry": { "type": "Polygon", "coordinates": [ [ [ 30.376354, 59.964164999998644 ], [ 30.376227, 59.964218999998664 ], [ 30.376375, 59.964305999998665 ], [ 30.376501, 59.964251999998659 ], [ 30.376354, 59.964164999998644 ] ] ] } },
{ "type": "Feature", "properties": { "height": 8.0, "match_type": "matched", "height_source": "source_b" }, "geometry": { "type": "Polygon", "coordinates": [ [ [ 30.376164, 59.96407199999868 ], [ 30.375746, 59.964285999998665 ], [ 30.375876, 59.96434999999866 ], [ 30.376293, 59.964137999998677 ], [ 30.376164, 59.96407199999868 ] ] ] } },
{ "type": "Feature", "properties": { "height": 8.0, "match_type": "matched", "height_source": "source_b" }, "geometry": { "type": "Polygon", "coordinates": [ [ [ 30.376285, 59.963504999998655 ], [ 30.375694, 59.963787999998651 ], [ 30.37588, 59.963891999998658 ], [ 30.376478, 59.963608999998655 ], [ 30.376285, 59.963504999998655 ] ] ] } },
{ "type": "Feature", "properties": { "height": 6.0, "match_type": "matched", "height_source": "source_b" }, "geometry": { "type": "Polygon", "coordinates": [ [ [ 30.377238466809967, 59.970497970183807 ], [ 30.377149472656001, 59.970389806956931 ], [ 30.376418180600421, 59.970541006320374 ], [ 30.376507172819547, 59.970649169128052 ], [ 30.377238466809967, 59.970497970183807 ] ] ] } },
{ "type": "Feature", "properties": { "height": 16.0, "match_type": "matched", "height_source": "source_b" }, "geometry": { "type": "Polygon", "coordinates": [ [ [ 30.37562, 59.97255499999865 ], [ 30.37536, 59.972641999998665 ], [ 30.375309, 59.972604999998673 ], [ 30.375228, 59.972631999998647 ], [ 30.375282, 59.972671999998667 ], [ 30.375105, 59.972731999998636 ], [ 30.37627, 59.973599999998662 ], [ 30.376456, 59.973536999998643 ], [ 30.376493, 59.973564999998665 ], [ 30.376798, 59.973424999998656 ], [ 30.376357, 59.973095999998648 ], [ 30.376427, 59.973071999998673 ], [ 30.376364, 59.973024999998664 ], [ 30.376293, 59.973048999998696 ], [ 30.37612, 59.972918999998654 ], [ 30.376191, 59.972894999998644 ], [ 30.376125, 59.972846999998659 ], [ 30.376046, 59.97287299999865 ], [ 30.37562, 59.97255499999865 ] ] ] } },
{ "type": "Feature", "properties": { "height": 28.0, "match_type": "matched", "height_source": "source_b" }, "geometry": { "type": "Polygon", "coordinates": [ [ [ 30.377025, 59.96896099999865 ], [ 30.374731, 59.969414999998662 ], [ 30.374934, 59.96967299999865 ], [ 30.375002, 59.96965799999866 ], [ 30.374909, 59.969535999998648 ], [ 30.376438, 59.969268999998661 ], [ 30.37651, 59.969364999998668 ], [ 30.376211, 59.969421999998666 ], [ 30.376402, 59.969670999998634 ], [ 30.376452, 59.969660999998666 ], [ 30.376547, 59.969778999998667 ], [ 30.377525, 59.969584999998652 ], [ 30.377468, 59.969512999998685 ], [ 30.377336, 59.969537999998664 ], [ 30.377257, 59.969430999998636 ], [ 30.377383, 59.969407999998651 ], [ 30.377025, 59.96896099999865 ] ], [ [ 30.375227, 59.969448999998669 ], [ 30.375179, 59.969388999998678 ], [ 30.376914, 59.969041999998666 ], [ 30.376961, 59.969102999998661 ], [ 30.375227, 59.969448999998669 ] ] ] } },
{ "type": "Feature", "properties": { "height": 31.5, "match_type": "matched", "height_source": "source_b" }, "geometry": { "type": "Polygon", "coordinates": [ [ [ 30.378779, 59.968565999998638 ], [ 30.376993, 59.968919999998668 ], [ 30.377383, 59.969407999998651 ], [ 30.377257, 59.969430999998636 ], [ 30.377336, 59.969537999998664 ], [ 30.377833, 59.969440999998668 ], [ 30.378078, 59.969729999998663 ], [ 30.379462, 59.96942699999866 ], [ 30.379341, 59.969272999998665 ], [ 30.378168, 59.969525999998673 ], [ 30.378088, 59.969432999998659 ], [ 30.379266, 59.969178999998661 ], [ 30.378779, 59.968565999998638 ] ] ] } },
{ "type": "Feature", "properties": { "height": 35.0, "match_type": "matched", "height_source": "source_b" }, "geometry": { "type": "Polygon", "coordinates": [ [ [ 30.375328, 59.969740999998656 ], [ 30.376271, 59.969562999998665 ], [ 30.376209, 59.969479999998669 ], [ 30.375266, 59.96965899999865 ], [ 30.375328, 59.969740999998656 ] ] ] } },
{ "type": "Feature", "properties": { "height": 31.5, "match_type": "matched", "height_source": "source_b" }, "geometry": { "type": "Polygon", "coordinates": [ [ [ 30.375227, 59.969448999998669 ], [ 30.376961, 59.969102999998661 ], [ 30.376914, 59.969041999998666 ], [ 30.375179, 59.969388999998678 ], [ 30.375227, 59.969448999998669 ] ] ] } },
{ "type": "Feature", "properties": { "height": 24.5, "match_type": "matched", "height_source": "source_b" }, "geometry": { "type": "Polygon", "coordinates": [ [ [ 30.377679, 59.969471999998646 ], [ 30.377966, 59.969836999998655 ], [ 30.378136, 59.969802999998656 ], [ 30.377833, 59.969440999998668 ], [ 30.377679, 59.969471999998646 ] ] ] } },
{ "type": "Feature", "properties": { "height": 31.5, "match_type": "matched", "height_source": "source_b" }, "geometry": { "type": "Polygon", "coordinates": [ [ [ 30.375075, 59.969641999998672 ], [ 30.375291, 59.969894999998679 ], [ 30.376402, 59.969670999998634 ], [ 30.376211, 59.969421999998666 ], [ 30.37651, 59.969364999998668 ], [ 30.376438, 59.969268999998661 ], [ 30.374909, 59.969535999998648 ], [ 30.375002, 59.96965799999866 ], [ 30.375075, 59.969641999998672 ] ], [ [ 30.375328, 59.969740999998656 ], [ 30.375266, 59.96965899999865 ], [ 30.376209, 59.969479999998669 ], [ 30.376271, 59.969562999998665 ], [ 30.375328, 59.969740999998656 ] ] ] } },
{ "type": "Feature", "properties": { "height": 24.5, "match_type": "matched", "height_source": "source_b" }, "geometry": { "type": "Polygon", "coordinates": [ [ [ 30.374934, 59.96967299999865 ], [ 30.375181, 59.969986999998646 ], [ 30.376505, 59.969724999998654 ], [ 30.376452, 59.969660999998666 ], [ 30.375291, 59.969894999998679 ], [ 30.375075, 59.969641999998672 ], [ 30.374934, 59.96967299999865 ] ] ] } },
{ "type": "Feature", "properties": { "height": 35.0, "match_type": "matched", "height_source": "source_b" }, "geometry": { "type": "Polygon", "coordinates": [ [ [ 30.379341, 59.969272999998665 ], [ 30.379266, 59.969178999998661 ], [ 30.378088, 59.969432999998659 ], [ 30.378168, 59.969525999998673 ], [ 30.379341, 59.969272999998665 ] ] ] } },
{ "type": "Feature", "properties": { "height": 4.5, "match_type": "matched", "height_source": "source_b" }, "geometry": { "type": "Polygon", "coordinates": [ [ [ 30.376624, 59.968670999998672 ], [ 30.376489, 59.968698999998672 ], [ 30.376599, 59.968833999998644 ], [ 30.37668, 59.968816999998666 ], [ 30.376624, 59.968670999998672 ] ] ] } },
{ "type": "Feature", "properties": { "height": 4.3, "match_type": "only_a", "height_source": "ml_predicted" }, "geometry": { "type": "Polygon", "coordinates": [ [ [ 30.37654, 59.96557 ], [ 30.37657, 59.96546 ], [ 30.3764, 59.96544 ], [ 30.37636, 59.96555 ], [ 30.37654, 59.96557 ] ] ] } },
{ "type": "Feature", "properties": { "height": 4.5, "match_type": "matched", "height_source": "source_b" }, "geometry": { "type": "Polygon", "coordinates": [ [ [ 30.376815, 59.963116999998668 ], [ 30.376511, 59.963259999998662 ], [ 30.376641, 59.963330999998668 ], [ 30.376508, 59.963392999998682 ], [ 30.376711, 59.963506999998664 ], [ 30.376844, 59.963438999998644 ], [ 30.376694, 59.963359999998652 ], [ 30.376996, 59.96321699999865 ], [ 30.376815, 59.963116999998668 ] ] ] } },
{ "type": "Feature", "properties": { "height": 12.0, "match_type": "matched", "height_source": "source_b" }, "geometry": { "type": "Polygon", "coordinates": [ [ [ 30.376432, 59.969918999998647 ], [ 30.376218, 59.969962999998671 ], [ 30.374839, 59.970248999998667 ], [ 30.374992, 59.97045699999866 ], [ 30.376598, 59.970128999998664 ], [ 30.376432, 59.969918999998647 ] ] ] } },
{ "type": "Feature", "properties": { "height": 8.0, "match_type": "matched", "height_source": "source_b" }, "geometry": { "type": "Polygon", "coordinates": [ [ [ 30.376631, 59.965635999998668 ], [ 30.376595, 59.965763999998629 ], [ 30.376944, 59.965787999998675 ], [ 30.376981, 59.965660999998669 ], [ 30.376631, 59.965635999998668 ] ] ] } },
{ "type": "Feature", "properties": { "height": 4.5, "match_type": "matched", "height_source": "source_b" }, "geometry": { "type": "Polygon", "coordinates": [ [ [ 30.376589, 59.963562999998651 ], [ 30.376554, 59.963578999998688 ], [ 30.376655, 59.963599999998671 ], [ 30.376589, 59.963562999998651 ] ] ] } },
{ "type": "Feature", "properties": { "height": 8.0, "match_type": "matched", "height_source": "source_b" }, "geometry": { "type": "Polygon", "coordinates": [ [ [ 30.376881, 59.970028999998689 ], [ 30.376659, 59.970074999998666 ], [ 30.376774, 59.97021499999866 ], [ 30.376993, 59.97016899999867 ], [ 30.376881, 59.970028999998689 ] ] ] } },
{ "type": "Feature", "properties": { "height": 4.5, "match_type": "matched", "height_source": "source_b" }, "geometry": { "type": "Polygon", "coordinates": [ [ [ 30.37653, 59.965100999998668 ], [ 30.376495, 59.965213999998653 ], [ 30.376655, 59.965226999998684 ], [ 30.376674, 59.965164999998642 ], [ 30.37653, 59.965100999998668 ] ] ] } },
{ "type": "Feature", "properties": { "height": 4.4, "match_type": "only_a", "height_source": "ml_predicted" }, "geometry": { "type": "Polygon", "coordinates": [ [ [ 30.37679, 59.96413 ], [ 30.37662, 59.96421 ], [ 30.37671, 59.96425 ], [ 30.37687, 59.96417 ], [ 30.37679, 59.96413 ] ] ] } },
{ "type": "Feature", "properties": { "height": 16.0, "match_type": "matched", "height_source": "source_b" }, "geometry": { "type": "Polygon", "coordinates": [ [ [ 30.376412, 59.968044999998682 ], [ 30.376497, 59.968161999998642 ], [ 30.377166, 59.96803499999865 ], [ 30.377117, 59.96796799999867 ], [ 30.376412, 59.968044999998682 ] ] ] } },
{ "type": "Feature", "properties": { "height": 14.0, "match_type": "matched", "height_source": "source_b" }, "geometry": { "type": "Polygon", "coordinates": [ [ [ 30.376780999236349, 59.967705000394623 ], [ 30.37724300058991, 59.967741000260723 ], [ 30.377376000614621, 59.967279999803132 ], [ 30.376915999978316, 59.967251000010059 ], [ 30.376780999236349, 59.967705000394623 ] ] ] } },
{ "type": "Feature", "properties": { "height": 8.0, "match_type": "matched", "height_source": "source_b" }, "geometry": { "type": "Polygon", "coordinates": [ [ [ 30.376917, 59.965046999998656 ], [ 30.376864, 59.965235999998676 ], [ 30.376979, 59.965246999998634 ], [ 30.376938, 59.965348999998668 ], [ 30.377058, 59.965359999998661 ], [ 30.37712, 59.965193999998675 ], [ 30.377003, 59.965182999998675 ], [ 30.377043, 59.965055999998654 ], [ 30.376917, 59.965046999998656 ] ] ] } },
{ "type": "Feature", "properties": { "height": 8.0, "match_type": "matched", "height_source": "source_b" }, "geometry": { "type": "Polygon", "coordinates": [ [ [ 30.376904, 59.963797999998683 ], [ 30.376639, 59.963921999998647 ], [ 30.376866, 59.964047999998648 ], [ 30.377133, 59.963923999998684 ], [ 30.376904, 59.963797999998683 ] ] ] } },
{ "type": "Feature", "properties": { "height": 4.5, "match_type": "matched", "height_source": "source_b" }, "geometry": { "type": "Polygon", "coordinates": [ [ [ 30.377111, 59.973800999998666 ], [ 30.376958, 59.973879999998672 ], [ 30.377053, 59.973925999998642 ], [ 30.377206, 59.973845999998666 ], [ 30.377111, 59.973800999998666 ] ] ] } },
{ "type": "Feature", "properties": { "height": 4.5, "match_type": "matched", "height_source": "source_b" }, "geometry": { "type": "Polygon", "coordinates": [ [ [ 30.377258, 59.964704999998652 ], [ 30.377145, 59.96504799999866 ], [ 30.377267, 59.965058999998668 ], [ 30.377377, 59.964714999998655 ], [ 30.377258, 59.964704999998652 ] ] ] } },
{ "type": "Feature", "properties": { "height": 4.5, "match_type": "matched", "height_source": "source_b" }, "geometry": { "type": "Polygon", "coordinates": [ [ [ 30.377467, 59.969934999998635 ], [ 30.377351, 59.969955999998668 ], [ 30.377429, 59.970063999998651 ], [ 30.377545, 59.970041999998685 ], [ 30.377467, 59.969934999998635 ] ] ] } },
{ "type": "Feature", "properties": { "height": 4.5, "match_type": "matched", "height_source": "source_b" }, "geometry": { "type": "Polygon", "coordinates": [ [ [ 30.377288, 59.965289999998653 ], [ 30.377141, 59.965690999998671 ], [ 30.377263, 59.965702999998669 ], [ 30.37741, 59.965300999998654 ], [ 30.377288, 59.965289999998653 ] ] ] } },
{ "type": "Feature", "properties": { "height": 12.0, "match_type": "only_a", "height_source": "ml_predicted" }, "geometry": { "type": "Polygon", "coordinates": [ [ [ 30.37754, 59.96675 ], [ 30.37708, 59.96672 ], [ 30.37698, 59.96723 ], [ 30.37741, 59.96726 ], [ 30.37754, 59.96675 ] ] ] } },
{ "type": "Feature", "properties": { "height": 9.9, "match_type": "matched", "height_source": "source_b" }, "geometry": { "type": "Polygon", "coordinates": [ [ [ 30.377554, 59.964322999998672 ], [ 30.377395, 59.964932999998638 ], [ 30.377343, 59.965200999998657 ], [ 30.377436, 59.965204999998662 ], [ 30.377665, 59.964328999998656 ], [ 30.377554, 59.964322999998672 ] ] ] } },
{ "type": "Feature", "properties": { "height": 4.5, "match_type": "matched", "height_source": "source_b" }, "geometry": { "type": "Polygon", "coordinates": [ [ [ 30.378219, 59.963469999998665 ], [ 30.377418, 59.963811999998669 ], [ 30.377355, 59.963837999998646 ], [ 30.377428, 59.963882999998674 ], [ 30.378264, 59.96349999999866 ], [ 30.378219, 59.963469999998665 ] ] ] } },
{ "type": "Feature", "properties": { "height": 6.1, "match_type": "only_a", "height_source": "ml_predicted" }, "geometry": { "type": "Polygon", "coordinates": [ [ [ 30.37754, 59.96577 ], [ 30.37745, 59.96576 ], [ 30.37743, 59.96581 ], [ 30.37751, 59.96584 ], [ 30.37754, 59.96577 ] ] ] } },
{ "type": "Feature", "properties": { "height": 9.9, "match_type": "matched", "height_source": "source_b" }, "geometry": { "type": "Polygon", "coordinates": [ [ [ 30.377741, 59.970212999998651 ], [ 30.377577, 59.970245999998653 ], [ 30.377685, 59.970380999998653 ], [ 30.377848, 59.970347999998651 ], [ 30.377741, 59.970212999998651 ] ] ] } },
{ "type": "Feature", "properties": { "height": 6.2, "match_type": "only_a", "height_source": "ml_predicted" }, "geometry": { "type": "Polygon", "coordinates": [ [ [ 30.37743, 59.97624 ], [ 30.37758, 59.97623 ], [ 30.37735, 59.9761 ], [ 30.37733, 59.97616 ], [ 30.37743, 59.97624 ] ] ] } },
{ "type": "Feature", "properties": { "height": 8.0, "match_type": "matched", "height_source": "source_b" }, "geometry": { "type": "Polygon", "coordinates": [ [ [ 30.377319, 59.96308099999866 ], [ 30.377092, 59.963186999998655 ], [ 30.37728, 59.963288999998667 ], [ 30.377507, 59.963183999998641 ], [ 30.377319, 59.96308099999866 ] ] ] } },
{ "type": "Feature", "properties": { "height": 4.5, "match_type": "matched", "height_source": "source_b" }, "geometry": { "type": "Polygon", "coordinates": [ [ [ 30.377309, 59.964181999998672 ], [ 30.377134, 59.964263999998643 ], [ 30.377403, 59.964357999998668 ], [ 30.377527, 59.96429999999868 ], [ 30.377309, 59.964181999998672 ] ] ] } },
{ "type": "Feature", "properties": { "height": 6.6, "match_type": "only_a", "height_source": "ml_predicted" }, "geometry": { "type": "Polygon", "coordinates": [ [ [ 30.3776, 59.96745 ], [ 30.37754, 59.96748 ], [ 30.37767, 59.96748 ], [ 30.3776, 59.96745 ] ] ] } },
{ "type": "Feature", "properties": { "height": 12.9, "match_type": "only_a", "height_source": "ml_predicted" }, "geometry": { "type": "Polygon", "coordinates": [ [ [ 30.37771, 59.96615 ], [ 30.37753, 59.9668 ], [ 30.37769, 59.96681 ], [ 30.37751, 59.96745 ], [ 30.37783, 59.96748 ], [ 30.37819, 59.96618 ], [ 30.37771, 59.96615 ] ] ] } },
{ "type": "Feature", "properties": { "height": 4.5, "match_type": "only_a", "height_source": "ml_predicted" }, "geometry": { "type": "Polygon", "coordinates": [ [ [ 30.37784, 59.9735 ], [ 30.37797, 59.97357 ], [ 30.37809, 59.97354 ], [ 30.37805, 59.97352 ], [ 30.3781, 59.9735 ], [ 30.37798, 59.97343 ], [ 30.37784, 59.9735 ] ] ] } },
{ "type": "Feature", "properties": { "height": 4.6, "match_type": "only_a", "height_source": "ml_predicted" }, "geometry": { "type": "Polygon", "coordinates": [ [ [ 30.37785, 59.96355 ], [ 30.37805, 59.96347 ], [ 30.37799, 59.96343 ], [ 30.37779, 59.96351 ], [ 30.37785, 59.96355 ] ] ] } },
{ "type": "Feature", "properties": { "height": 4.5, "match_type": "matched", "height_source": "source_b" }, "geometry": { "type": "Polygon", "coordinates": [ [ [ 30.377797, 59.963340999998664 ], [ 30.377055, 59.963652999998651 ], [ 30.377135, 59.96370099999865 ], [ 30.377876, 59.963388999998656 ], [ 30.377797, 59.963340999998664 ] ] ] } },
{ "type": "Feature", "properties": { "height": 20.0, "match_type": "matched", "height_source": "source_b" }, "geometry": { "type": "Polygon", "coordinates": [ [ [ 30.378115, 59.966307999998669 ], [ 30.378001, 59.966782999998664 ], [ 30.378119, 59.966786999998668 ], [ 30.378111, 59.966833999998663 ], [ 30.377989, 59.966828999998654 ], [ 30.377908, 59.967167999998672 ], [ 30.379632, 59.967271999998637 ], [ 30.379839, 59.966411999998648 ], [ 30.378115, 59.966307999998669 ] ] ] } },
{ "type": "Feature", "properties": { "height": 21.0, "match_type": "matched", "height_source": "source_b" }, "geometry": { "type": "Polygon", "coordinates": [ [ [ 30.378001, 59.966782999998664 ], [ 30.377989, 59.966828999998654 ], [ 30.378111, 59.966833999998663 ], [ 30.378119, 59.966786999998668 ], [ 30.378001, 59.966782999998664 ] ] ] } },
{ "type": "Feature", "properties": { "height": 4.0, "match_type": "matched", "height_source": "source_b" }, "geometry": { "type": "Polygon", "coordinates": [ [ [ 30.378189, 59.963140999998664 ], [ 30.377995, 59.963239999998649 ], [ 30.378274, 59.963481999998663 ], [ 30.37837, 59.963449999998666 ], [ 30.378153, 59.963242999998663 ], [ 30.378265, 59.963191999998649 ], [ 30.378189, 59.963140999998664 ] ] ] } },
{ "type": "Feature", "properties": { "height": 12.0, "match_type": "matched", "height_source": "source_b" }, "geometry": { "type": "Polygon", "coordinates": [ [ [ 30.377718, 59.965321999998665 ], [ 30.377662, 59.965522999998655 ], [ 30.377569, 59.965515999998665 ], [ 30.377541, 59.965613999998645 ], [ 30.377635, 59.965619999998658 ], [ 30.37761, 59.965706999998687 ], [ 30.377923, 59.965727999998663 ], [ 30.378028, 59.965341999998664 ], [ 30.377718, 59.965321999998665 ] ] ] } },
{ "type": "Feature", "properties": { "height": 12.0, "match_type": "matched", "height_source": "source_b" }, "geometry": { "type": "Polygon", "coordinates": [ [ [ 30.378074, 59.964122999998665 ], [ 30.378824, 59.964172999998659 ], [ 30.378912, 59.963795999998673 ], [ 30.378189, 59.963742999998651 ], [ 30.378074, 59.964122999998665 ] ] ] } },
{ "type": "Feature", "properties": { "height": 8.0, "match_type": "matched", "height_source": "source_b" }, "geometry": { "type": "Polygon", "coordinates": [ [ [ 30.377783, 59.964835999998634 ], [ 30.377719, 59.96508299999865 ], [ 30.378098, 59.965110999998657 ], [ 30.378164, 59.964859999998659 ], [ 30.377783, 59.964835999998634 ] ] ] } },
{ "type": "Feature", "properties": { "height": 4.5, "match_type": "matched", "height_source": "source_b" }, "geometry": { "type": "Polygon", "coordinates": [ [ [ 30.378569, 59.970243999998672 ], [ 30.378234, 59.970315999998661 ], [ 30.378317, 59.970412999998665 ], [ 30.378652, 59.970340999998662 ], [ 30.378569, 59.970243999998672 ] ] ] } },
{ "type": "Feature", "properties": { "height": 4.5, "match_type": "matched", "height_source": "source_b" }, "geometry": { "type": "Polygon", "coordinates": [ [ [ 30.378113, 59.972099999998655 ], [ 30.378011, 59.972113999998648 ], [ 30.378225, 59.97250999999865 ], [ 30.378689, 59.972315999998649 ], [ 30.378624, 59.97227499999866 ], [ 30.378293, 59.972439999998642 ], [ 30.378113, 59.972099999998655 ] ] ] } },
{ "type": "Feature", "properties": { "height": 12.0, "match_type": "matched", "height_source": "source_b" }, "geometry": { "type": "Polygon", "coordinates": [ [ [ 30.379033, 59.964906999998654 ], [ 30.37881, 59.965788999998665 ], [ 30.379384, 59.965822999998643 ], [ 30.379635, 59.964946999998631 ], [ 30.379033, 59.964906999998654 ] ] ] } },
{ "type": "Feature", "properties": { "height": 12.0, "match_type": "matched", "height_source": "source_b" }, "geometry": { "type": "Polygon", "coordinates": [ [ [ 30.37881, 59.965788999998665 ], [ 30.379033, 59.964906999998654 ], [ 30.378474, 59.96486899999865 ], [ 30.378237, 59.965748999998674 ], [ 30.37881, 59.965788999998665 ] ] ] } },
{ "type": "Feature", "properties": { "height": 4.5, "match_type": "matched", "height_source": "source_b" }, "geometry": { "type": "Polygon", "coordinates": [ [ [ 30.378544, 59.963192999998668 ], [ 30.378456, 59.963212999998667 ], [ 30.37852, 59.963284999998649 ], [ 30.378609, 59.963263999998652 ], [ 30.378544, 59.963192999998668 ] ] ] } },
{ "type": "Feature", "properties": { "height": 8.0, "match_type": "matched", "height_source": "source_b" }, "geometry": { "type": "Polygon", "coordinates": [ [ [ 30.378324, 59.964138999998667 ], [ 30.378255, 59.964416999998662 ], [ 30.378675, 59.964440999998665 ], [ 30.378744, 59.96416699999866 ], [ 30.378324, 59.964138999998667 ] ] ] } },
{ "type": "Feature", "properties": { "height": 4.4, "match_type": "only_a", "height_source": "ml_predicted" }, "geometry": { "type": "Polygon", "coordinates": [ [ [ 30.37869, 59.97484 ], [ 30.37873, 59.97487 ], [ 30.37881, 59.97484 ], [ 30.37877, 59.97481 ], [ 30.37869, 59.97484 ] ] ] } },
{ "type": "Feature", "properties": { "height": 9.9, "match_type": "matched", "height_source": "source_b" }, "geometry": { "type": "Polygon", "coordinates": [ [ [ 30.378998, 59.963037999998662 ], [ 30.378651, 59.963156999998652 ], [ 30.378731, 59.963217999998662 ], [ 30.379079, 59.963098999998664 ], [ 30.378998, 59.963037999998662 ] ] ] } },
{ "type": "Feature", "properties": { "height": 4.5, "match_type": "matched", "height_source": "source_b" }, "geometry": { "type": "Polygon", "coordinates": [ [ [ 30.378141, 59.967304999998667 ], [ 30.378082, 59.967418999998671 ], [ 30.378685, 59.967497999998663 ], [ 30.378744, 59.967382999998655 ], [ 30.378141, 59.967304999998667 ] ] ] } },
{ "type": "Feature", "properties": { "height": 4.5, "match_type": "matched", "height_source": "source_b" }, "geometry": { "type": "Polygon", "coordinates": [ [ [ 30.378769, 59.971776999998667 ], [ 30.378618, 59.971804999998675 ], [ 30.378699, 59.971912999998672 ], [ 30.378849, 59.971884999998657 ], [ 30.378769, 59.971776999998667 ] ] ] } },
{ "type": "Feature", "properties": { "height": 4.5, "match_type": "matched", "height_source": "source_b" }, "geometry": { "type": "Polygon", "coordinates": [ [ [ 30.378739, 59.967644999998676 ], [ 30.377785, 59.96793099999865 ], [ 30.377865, 59.967996999998668 ], [ 30.378818, 59.96771199999867 ], [ 30.378739, 59.967644999998676 ] ] ] } },
{ "type": "Feature", "properties": { "height": 4.0, "match_type": "only_a", "height_source": "ml_predicted" }, "geometry": { "type": "Polygon", "coordinates": [ [ [ 30.37883, 59.96772 ], [ 30.3792, 59.96761 ], [ 30.37909, 59.96753 ], [ 30.37901, 59.96755 ], [ 30.37904, 59.96757 ], [ 30.37876, 59.96766 ], [ 30.37883, 59.96772 ] ] ] } },
{ "type": "Feature", "properties": { "height": 4.2, "match_type": "only_a", "height_source": "ml_predicted" }, "geometry": { "type": "Polygon", "coordinates": [ [ [ 30.37901, 59.97369 ], [ 30.37889, 59.9736 ], [ 30.37885, 59.97362 ], [ 30.37897, 59.9737 ], [ 30.37901, 59.97369 ] ] ] } },
{ "type": "Feature", "properties": { "height": 8.0, "match_type": "matched", "height_source": "source_b" }, "geometry": { "type": "Polygon", "coordinates": [ [ [ 30.377469, 59.971989999998669 ], [ 30.377516, 59.972082999998676 ], [ 30.377763, 59.972052999998652 ], [ 30.377718, 59.971960999998657 ], [ 30.377469, 59.971989999998669 ] ] ] } },
{ "type": "Feature", "properties": { "height": 8.0, "match_type": "matched", "height_source": "source_b" }, "geometry": { "type": "Polygon", "coordinates": [ [ [ 30.377516, 59.972082999998676 ], [ 30.377469, 59.971989999998669 ], [ 30.377088, 59.972022999998671 ], [ 30.37718, 59.972128999998674 ], [ 30.377516, 59.972082999998676 ] ] ] } },
{ "type": "Feature", "properties": { "height": 20.0, "match_type": "matched", "height_source": "source_b" }, "geometry": { "type": "Polygon", "coordinates": [ [ [ 30.377545, 59.972798999998673 ], [ 30.377686, 59.973038999998657 ], [ 30.378028, 59.973238999998671 ], [ 30.37828, 59.973165999998663 ], [ 30.379314, 59.972637999998646 ], [ 30.379034, 59.97250199999867 ], [ 30.37797, 59.973022999998655 ], [ 30.377851, 59.972962999998657 ], [ 30.37776, 59.972811999998648 ], [ 30.377908, 59.972791999998655 ], [ 30.377883, 59.97274799999866 ], [ 30.377545, 59.972798999998673 ] ] ] } },
{ "type": "Feature", "properties": { "height": 20.0, "match_type": "matched", "height_source": "source_b" }, "geometry": { "type": "Polygon", "coordinates": [ [ [ 30.377545, 59.972798999998673 ], [ 30.377867, 59.972750999998645 ], [ 30.377549, 59.972135999998649 ], [ 30.377221, 59.972179999998666 ], [ 30.377545, 59.972798999998673 ] ] ] } },
{ "type": "Feature", "properties": { "height": 8.0, "match_type": "matched", "height_source": "source_b" }, "geometry": { "type": "Polygon", "coordinates": [ [ [ 30.377123, 59.971998999998668 ], [ 30.377321, 59.971973999998667 ], [ 30.377143, 59.971643999998662 ], [ 30.376952, 59.97166999999866 ], [ 30.377123, 59.971998999998668 ] ] ] } },
{ "type": "Feature", "properties": { "height": 4.5, "match_type": "matched", "height_source": "source_b" }, "geometry": { "type": "Polygon", "coordinates": [ [ [ 30.379266, 59.976151999998635 ], [ 30.379136, 59.976197999998668 ], [ 30.37986, 59.976700999998684 ], [ 30.379987, 59.97665599999867 ], [ 30.379266, 59.976151999998635 ] ] ] } },
{ "type": "Feature", "properties": { "height": 4.5, "match_type": "matched", "height_source": "source_b" }, "geometry": { "type": "Polygon", "coordinates": [ [ [ 30.379156, 59.965900999998652 ], [ 30.379131, 59.965975999998669 ], [ 30.379354, 59.965993999998673 ], [ 30.379378, 59.965918999998671 ], [ 30.379156, 59.965900999998652 ] ] ] } },
{ "type": "Feature", "properties": { "height": 4.6, "match_type": "only_a", "height_source": "ml_predicted" }, "geometry": { "type": "Polygon", "coordinates": [ [ [ 30.37924, 59.97421 ], [ 30.37929, 59.97428 ], [ 30.3795, 59.97424 ], [ 30.37945, 59.97417 ], [ 30.37924, 59.97421 ] ] ] } },
{ "type": "Feature", "properties": { "height": 4.5, "match_type": "matched", "height_source": "source_b" }, "geometry": { "type": "Polygon", "coordinates": [ [ [ 30.379934, 59.967363999998682 ], [ 30.379226, 59.967534999998662 ], [ 30.379147, 59.967450999998661 ], [ 30.379039, 59.967476999998674 ], [ 30.379166, 59.967609999998636 ], [ 30.37998, 59.967412999998665 ], [ 30.379934, 59.967363999998682 ] ] ] } },
{ "type": "Feature", "properties": { "height": 4.5, "match_type": "matched", "height_source": "source_b" }, "geometry": { "type": "Polygon", "coordinates": [ [ [ 30.379211, 59.973376999998685 ], [ 30.379011, 59.973490999998646 ], [ 30.379231, 59.973587999998678 ], [ 30.379304, 59.973546999998653 ], [ 30.379252, 59.973523999998662 ], [ 30.379379, 59.973450999998668 ], [ 30.379211, 59.973376999998685 ] ] ] } },
{ "type": "Feature", "properties": { "height": 4.3, "match_type": "only_a", "height_source": "ml_predicted" }, "geometry": { "type": "Polygon", "coordinates": [ [ [ 30.37938, 59.97339 ], [ 30.37931, 59.97335 ], [ 30.37925, 59.97338 ], [ 30.37932, 59.97342 ], [ 30.37938, 59.97339 ] ] ] } },
{ "type": "Feature", "properties": { "height": 8.0, "match_type": "matched", "height_source": "source_b" }, "geometry": { "type": "Polygon", "coordinates": [ [ [ 30.378235, 59.969698999998656 ], [ 30.37838, 59.969882999998667 ], [ 30.37952, 59.96965799999866 ], [ 30.379359, 59.969451999998647 ], [ 30.378235, 59.969698999998656 ] ] ] } },
{ "type": "Feature", "properties": { "height": 7.9, "match_type": "only_a", "height_source": "ml_predicted" }, "geometry": { "type": "Polygon", "coordinates": [ [ [ 30.37945, 59.96998 ], [ 30.37935, 59.96996 ], [ 30.37925, 59.97003 ], [ 30.37939, 59.97008 ], [ 30.37946, 59.97005 ], [ 30.37945, 59.96998 ] ] ] } },
{ "type": "Feature", "properties": { "height": 6.3, "match_type": "only_a", "height_source": "ml_predicted" }, "geometry": { "type": "Polygon", "coordinates": [ [ [ 30.37949, 59.97387 ], [ 30.37965, 59.97411 ], [ 30.37972, 59.9741 ], [ 30.37977, 59.97415 ], [ 30.38009, 59.9741 ], [ 30.37989, 59.97381 ], [ 30.37949, 59.97387 ] ] ] } },
{ "type": "Feature", "properties": { "height": 4.3, "match_type": "only_a", "height_source": "ml_predicted" }, "geometry": { "type": "Polygon", "coordinates": [ [ [ 30.37949, 59.97427 ], [ 30.37928, 59.97431 ], [ 30.37932, 59.97435 ], [ 30.37952, 59.97431 ], [ 30.37949, 59.97427 ] ] ] } },
{ "type": "Feature", "properties": { "height": 4.2, "match_type": "only_a", "height_source": "ml_predicted" }, "geometry": { "type": "Polygon", "coordinates": [ [ [ 30.37954, 59.97434 ], [ 30.37933, 59.97438 ], [ 30.37937, 59.97442 ], [ 30.37957, 59.97438 ], [ 30.37954, 59.97434 ] ] ] } },
{ "type": "Feature", "properties": { "height": 4.5, "match_type": "matched", "height_source": "source_b" }, "geometry": { "type": "Polygon", "coordinates": [ [ [ 30.379783, 59.969398999998674 ], [ 30.379549, 59.969452999998673 ], [ 30.379716, 59.969635999998673 ], [ 30.379804, 59.969615999998659 ], [ 30.379847, 59.96966299999864 ], [ 30.379993, 59.969628999998655 ], [ 30.379783, 59.969398999998674 ] ] ] } },
{ "type": "Feature", "properties": { "height": 4.5, "match_type": "matched", "height_source": "source_b" }, "geometry": { "type": "Polygon", "coordinates": [ [ [ 30.379411, 59.970965999998654 ], [ 30.379304, 59.970978999998664 ], [ 30.379412, 59.971191999998666 ], [ 30.379519, 59.971174999998667 ], [ 30.379483, 59.971097999998662 ], [ 30.379541, 59.971089999998647 ], [ 30.379411, 59.970965999998654 ] ] ] } },
{ "type": "Feature", "properties": { "height": 4.5, "match_type": "only_a", "height_source": "ml_predicted" }, "geometry": { "type": "Polygon", "coordinates": [ [ [ 30.3796, 59.97441 ], [ 30.37939, 59.97445 ], [ 30.37944, 59.9745 ], [ 30.37964, 59.97446 ], [ 30.3796, 59.97441 ] ] ] } },
{ "type": "Feature", "properties": { "height": 4.5, "match_type": "only_a", "height_source": "ml_predicted" }, "geometry": { "type": "Polygon", "coordinates": [ [ [ 30.37966, 59.97385 ], [ 30.37964, 59.97382 ], [ 30.37978, 59.9738 ], [ 30.37974, 59.97375 ], [ 30.37944, 59.9738 ], [ 30.37949, 59.97387 ], [ 30.37966, 59.97385 ] ] ] } },
{ "type": "Feature", "properties": { "height": 4.5, "match_type": "matched", "height_source": "source_b" }, "geometry": { "type": "Polygon", "coordinates": [ [ [ 30.379306, 59.964520999998662 ], [ 30.379278, 59.964643999998657 ], [ 30.379535, 59.964660999998671 ], [ 30.379503, 59.964803999998665 ], [ 30.379643, 59.964813999998661 ], [ 30.379706, 59.964574999998689 ], [ 30.379306, 59.964520999998662 ] ] ] } },
{ "type": "Feature", "properties": { "height": 5.6, "match_type": "only_a", "height_source": "ml_predicted" }, "geometry": { "type": "Polygon", "coordinates": [ [ [ 30.37985, 59.97318 ], [ 30.3797, 59.97316 ], [ 30.3798, 59.97321 ], [ 30.37985, 59.97318 ] ] ] } },
{ "type": "Feature", "properties": { "height": 4.0, "match_type": "matched", "height_source": "source_b" }, "geometry": { "type": "Polygon", "coordinates": [ [ [ 30.380322, 59.974328999998669 ], [ 30.380745, 59.974260999998663 ], [ 30.380125, 59.973396999998656 ], [ 30.379617, 59.973513999998666 ], [ 30.379656, 59.973571999998661 ], [ 30.379766, 59.973560999998647 ], [ 30.380322, 59.974328999998669 ] ] ] } },
{ "type": "Feature", "properties": { "height": 4.5, "match_type": "matched", "height_source": "source_b" }, "geometry": { "type": "Polygon", "coordinates": [ [ [ 30.379979, 59.966673999998655 ], [ 30.379875, 59.967040999998638 ], [ 30.379739, 59.967031999998682 ], [ 30.379723, 59.967086999998685 ], [ 30.379791, 59.967091999998651 ], [ 30.379748, 59.967243999998644 ], [ 30.3802, 59.967275999998641 ], [ 30.380363, 59.966701999998662 ], [ 30.379979, 59.966673999998655 ] ] ] } },
{ "type": "Feature", "properties": { "height": 4.5, "match_type": "matched", "height_source": "source_b" }, "geometry": { "type": "Polygon", "coordinates": [ [ [ 30.379813, 59.965963999998642 ], [ 30.379802, 59.96602299999865 ], [ 30.380016, 59.966032999998674 ], [ 30.380027, 59.965972999998655 ], [ 30.379813, 59.965963999998642 ] ] ] } },
{ "type": "Feature", "properties": { "height": 15.0, "match_type": "matched", "height_source": "source_b" }, "geometry": { "type": "Polygon", "coordinates": [ [ [ 30.379404, 59.963074999998682 ], [ 30.379178, 59.963128999998645 ], [ 30.379921, 59.963904999998661 ], [ 30.380141, 59.963851999998674 ], [ 30.379404, 59.963074999998682 ] ] ] } },
{ "type": "Feature", "properties": { "height": 8.0, "match_type": "matched", "height_source": "source_b" }, "geometry": { "type": "Polygon", "coordinates": [ [ [ 30.380306, 59.973058999998642 ], [ 30.379891, 59.973248999998681 ], [ 30.379868, 59.973304999998653 ], [ 30.380073, 59.973360999998647 ], [ 30.380496, 59.973159999998678 ], [ 30.380306, 59.973058999998642 ] ] ] } },
{ "type": "Feature", "properties": { "height": 4.2, "match_type": "only_a", "height_source": "ml_predicted" }, "geometry": { "type": "Polygon", "coordinates": [ [ [ 30.37997, 59.9768 ], [ 30.38012, 59.97676 ], [ 30.37997, 59.97666 ], [ 30.37984, 59.97671 ], [ 30.37997, 59.9768 ] ] ] } },
{ "type": "Feature", "properties": { "height": 4.6, "match_type": "only_a", "height_source": "ml_predicted" }, "geometry": { "type": "Polygon", "coordinates": [ [ [ 30.37998, 59.97427 ], [ 30.38018, 59.97424 ], [ 30.38009, 59.9741 ], [ 30.37988, 59.97413 ], [ 30.37998, 59.97427 ] ] ] } },
{ "type": "Feature", "properties": { "height": 8.0, "match_type": "matched", "height_source": "source_b" }, "geometry": { "type": "Polygon", "coordinates": [ [ [ 30.379959, 59.964978999998671 ], [ 30.379897, 59.965191999998659 ], [ 30.380219, 59.965263999998662 ], [ 30.38031, 59.965004999998641 ], [ 30.379959, 59.964978999998671 ] ] ] } },
{ "type": "Feature", "properties": { "height": 4.5, "match_type": "matched", "height_source": "source_b" }, "geometry": { "type": "Polygon", "coordinates": [ [ [ 30.380643, 59.972646999998659 ], [ 30.380044, 59.972942999998658 ], [ 30.38016, 59.973002999998663 ], [ 30.380759, 59.972705999998652 ], [ 30.380643, 59.972646999998659 ] ] ] } },
{ "type": "Feature", "properties": { "height": 12.0, "match_type": "matched", "height_source": "source_b" }, "geometry": { "type": "Polygon", "coordinates": [ [ [ 30.379882, 59.965312999998638 ], [ 30.379734, 59.965850999998665 ], [ 30.380056, 59.965870999998671 ], [ 30.380207, 59.965333999998663 ], [ 30.379882, 59.965312999998638 ] ] ] } },
{ "type": "Feature", "properties": { "height": 4.5, "match_type": "matched", "height_source": "source_b" }, "geometry": { "type": "Polygon", "coordinates": [ [ [ 30.380447, 59.975570999998652 ], [ 30.378996, 59.976083999998657 ], [ 30.379112, 59.976165999998663 ], [ 30.380563, 59.975652999998651 ], [ 30.380447, 59.975570999998652 ] ] ] } },
{ "type": "Feature", "properties": { "height": 4.4, "match_type": "only_a", "height_source": "ml_predicted" }, "geometry": { "type": "Polygon", "coordinates": [ [ [ 30.3802, 59.97167 ], [ 30.38028, 59.97163 ], [ 30.38017, 59.97166 ], [ 30.3802, 59.97167 ] ] ] } },
{ "type": "Feature", "properties": { "height": 4.5, "match_type": "matched", "height_source": "source_b" }, "geometry": { "type": "Polygon", "coordinates": [ [ [ 30.38047, 59.975037999998662 ], [ 30.380242, 59.975080999998653 ], [ 30.38043, 59.975335999998677 ], [ 30.380658, 59.975293999998669 ], [ 30.38047, 59.975037999998662 ] ] ] } },
{ "type": "Feature", "properties": { "height": 15.0, "match_type": "matched", "height_source": "source_b" }, "geometry": { "type": "Polygon", "coordinates": [ [ [ 30.380442, 59.964237999998652 ], [ 30.380178, 59.964296999998659 ], [ 30.380256, 59.964385999998655 ], [ 30.380216, 59.964398999998679 ], [ 30.3803, 59.964435999998656 ], [ 30.380399, 59.964607999998641 ], [ 30.38044, 59.964598999998678 ], [ 30.380531, 59.964697999998648 ], [ 30.380794, 59.96463999999866 ], [ 30.380442, 59.964237999998652 ] ] ] } },
{ "type": "Feature", "properties": { "height": 3.4, "match_type": "only_a", "height_source": "ml_predicted" }, "geometry": { "type": "Polygon", "coordinates": [ [ [ 30.38031, 59.97208 ], [ 30.38036, 59.97205 ], [ 30.38021, 59.97198 ], [ 30.38016, 59.972 ], [ 30.38031, 59.97208 ] ] ] } },
{ "type": "Feature", "properties": { "height": 12.0, "match_type": "matched", "height_source": "source_b" }, "geometry": { "type": "Polygon", "coordinates": [ [ [ 30.380821, 59.971463999998676 ], [ 30.380582, 59.971581999998655 ], [ 30.380495, 59.97153799999866 ], [ 30.380143, 59.971713999998656 ], [ 30.380282, 59.971783999998657 ], [ 30.380385, 59.971731999998639 ], [ 30.38058, 59.971829999998647 ], [ 30.381066, 59.971587999998668 ], [ 30.380821, 59.971463999998676 ] ] ] } },
{ "type": "Feature", "properties": { "height": 4.4, "match_type": "only_a", "height_source": "ml_predicted" }, "geometry": { "type": "Polygon", "coordinates": [ [ [ 30.38034, 59.97535 ], [ 30.38015, 59.97538 ], [ 30.38018, 59.97543 ], [ 30.38037, 59.9754 ], [ 30.38034, 59.97535 ] ] ] } },
{ "type": "Feature", "properties": { "height": 4.5, "match_type": "matched", "height_source": "source_b" }, "geometry": { "type": "Polygon", "coordinates": [ [ [ 30.380348, 59.975807999998651 ], [ 30.38014, 59.975876999998654 ], [ 30.381398, 59.976800999998659 ], [ 30.381621, 59.976740999998675 ], [ 30.380348, 59.975807999998651 ] ] ] } },
{ "type": "Feature", "properties": { "height": 4.5, "match_type": "matched", "height_source": "source_b" }, "geometry": { "type": "Polygon", "coordinates": [ [ [ 30.379979, 59.967774999998667 ], [ 30.379657, 59.967870999998652 ], [ 30.379747, 59.967946999998659 ], [ 30.379795, 59.967932999998666 ], [ 30.380177, 59.96825799999867 ], [ 30.380407, 59.968189999998664 ], [ 30.380015, 59.967856999998645 ], [ 30.38006, 59.967843999998664 ], [ 30.379979, 59.967774999998667 ] ] ] } },
{ "type": "Feature", "properties": { "height": 8.0, "match_type": "matched", "height_source": "source_b" }, "geometry": { "type": "Polygon", "coordinates": [ [ [ 30.38118, 59.972617999998668 ], [ 30.380397, 59.972997999998633 ], [ 30.380569, 59.973087999998661 ], [ 30.381352, 59.972706999998664 ], [ 30.38118, 59.972617999998668 ] ] ] } },
{ "type": "Feature", "properties": { "height": 9.9, "match_type": "matched", "height_source": "source_b" }, "geometry": { "type": "Polygon", "coordinates": [ [ [ 30.380311, 59.970690999998673 ], [ 30.380087, 59.970721999998666 ], [ 30.380283, 59.971101999998652 ], [ 30.380509, 59.971069999998655 ], [ 30.380311, 59.970690999998673 ] ] ] } },
{ "type": "Feature", "properties": { "height": 4.5, "match_type": "matched", "height_source": "source_b" }, "geometry": { "type": "Polygon", "coordinates": [ [ [ 30.380553, 59.965620999998649 ], [ 30.380353, 59.96569799999866 ], [ 30.380423, 59.965743999998665 ], [ 30.380623, 59.965666999998668 ], [ 30.380553, 59.965620999998649 ] ] ] } },
{ "type": "Feature", "properties": { "height": 13.2, "match_type": "matched", "height_source": "source_b" }, "geometry": { "type": "Polygon", "coordinates": [ [ [ 30.380067, 59.963867999998662 ], [ 30.379921, 59.963904999998661 ], [ 30.380115, 59.964143999998662 ], [ 30.380206, 59.964181999998672 ], [ 30.380513, 59.964104999998661 ], [ 30.380301, 59.963892999998649 ], [ 30.380134, 59.963934999998649 ], [ 30.380067, 59.963867999998662 ] ] ] } },
{ "type": "Feature", "properties": { "height": 9.9, "match_type": "matched", "height_source": "source_b" }, "geometry": { "type": "Polygon", "coordinates": [ [ [ 30.380686, 59.970746999998667 ], [ 30.380538, 59.970818999998656 ], [ 30.380995, 59.971047999998667 ], [ 30.381143, 59.970973999998634 ], [ 30.380686, 59.970746999998667 ] ] ] } },
{ "type": "Feature", "properties": { "height": 4.5, "match_type": "matched", "height_source": "source_b" }, "geometry": { "type": "Polygon", "coordinates": [ [ [ 30.380562, 59.975777999998655 ], [ 30.380494, 59.975797999998662 ], [ 30.380767, 59.976010999998664 ], [ 30.381098, 59.975944999998667 ], [ 30.381052, 59.975885999998667 ], [ 30.38076, 59.97594399999867 ], [ 30.380562, 59.975777999998655 ] ] ] } },
{ "type": "Feature", "properties": { "height": 12.0, "match_type": "matched", "height_source": "source_b" }, "geometry": { "type": "Polygon", "coordinates": [ [ [ 30.381441, 59.963379999998665 ], [ 30.381252, 59.963166999998656 ], [ 30.381073, 59.963210999998658 ], [ 30.381123, 59.963264999998657 ], [ 30.380692, 59.963369999998669 ], [ 30.380628, 59.963243999998667 ], [ 30.380336, 59.963304999998648 ], [ 30.38058, 59.963607999998679 ], [ 30.380874, 59.963536999998666 ], [ 30.380773, 59.963457999998674 ], [ 30.38121, 59.963352999998662 ], [ 30.381268, 59.963418999998673 ], [ 30.381441, 59.963379999998665 ] ] ] } },
{ "type": "Feature", "properties": { "height": 4.5, "match_type": "matched", "height_source": "source_b" }, "geometry": { "type": "Polygon", "coordinates": [ [ [ 30.38074, 59.974983999998678 ], [ 30.380571, 59.975012999998661 ], [ 30.380738, 59.975257999998661 ], [ 30.380908, 59.975229999998668 ], [ 30.38074, 59.974983999998678 ] ] ] } },
{ "type": "Feature", "properties": { "height": 4.5, "match_type": "matched", "height_source": "source_b" }, "geometry": { "type": "Polygon", "coordinates": [ [ [ 30.380868, 59.964979999998661 ], [ 30.380677, 59.965044999998646 ], [ 30.380732, 59.965086999998647 ], [ 30.380917, 59.965020999998671 ], [ 30.380868, 59.964979999998661 ] ] ] } },
{ "type": "Feature", "properties": { "height": 4.5, "match_type": "matched", "height_source": "source_b" }, "geometry": { "type": "Polygon", "coordinates": [ [ [ 30.380736, 59.97259899999866 ], [ 30.38067, 59.972633999998671 ], [ 30.380788, 59.972689999998671 ], [ 30.380854, 59.972654999998674 ], [ 30.380736, 59.97259899999866 ] ] ] } },
{ "type": "Feature", "properties": { "height": 12.0, "match_type": "matched", "height_source": "source_b" }, "geometry": { "type": "Polygon", "coordinates": [ [ [ 30.38146, 59.975135999998649 ], [ 30.382783, 59.974905999998668 ], [ 30.381975, 59.973628999998674 ], [ 30.380679, 59.97385399999866 ], [ 30.380729, 59.973930999998672 ], [ 30.380531, 59.973962999998648 ], [ 30.380745, 59.974260999998663 ], [ 30.380847, 59.974246999998648 ], [ 30.38146, 59.975135999998649 ] ] ] } },
{ "type": "Feature", "properties": { "height": 15.0, "match_type": "matched", "height_source": "source_b" }, "geometry": { "type": "Polygon", "coordinates": [ [ [ 30.380971, 59.964640999998664 ], [ 30.380695, 59.96471199999867 ], [ 30.380968, 59.964980999998666 ], [ 30.381242, 59.964910999998693 ], [ 30.380971, 59.964640999998664 ] ] ] } },
{ "type": "Feature", "properties": { "height": 4.0, "match_type": "matched", "height_source": "source_b" }, "geometry": { "type": "Polygon", "coordinates": [ [ [ 30.38077, 59.970335999998667 ], [ 30.380332, 59.97044199999867 ], [ 30.380421, 59.970532999998667 ], [ 30.380738, 59.970630999998647 ], [ 30.380995, 59.970567999998671 ], [ 30.38077, 59.970335999998667 ] ] ] } },
{ "type": "Feature", "properties": { "height": 4.5, "match_type": "matched", "height_source": "source_b" }, "geometry": { "type": "Polygon", "coordinates": [ [ [ 30.380805, 59.967598999998643 ], [ 30.380481, 59.967684999998681 ], [ 30.380565, 59.967766999998659 ], [ 30.380889, 59.967679999998651 ], [ 30.380805, 59.967598999998643 ] ] ] } },
{ "type": "Feature", "properties": { "height": 12.0, "match_type": "matched", "height_source": "source_b" }, "geometry": { "type": "Polygon", "coordinates": [ [ [ 30.381158, 59.966853999998662 ], [ 30.380838, 59.966847999998663 ], [ 30.38083, 59.966948999998671 ], [ 30.381151, 59.966932999998647 ], [ 30.381158, 59.966853999998662 ] ] ] } },
{ "type": "Feature", "properties": { "height": 12.0, "match_type": "matched", "height_source": "source_b" }, "geometry": { "type": "Polygon", "coordinates": [ [ [ 30.381887, 59.975752999998662 ], [ 30.380847, 59.974246999998648 ], [ 30.379847, 59.97441299999867 ], [ 30.380234, 59.974950999998661 ], [ 30.380734, 59.974865999998642 ], [ 30.381301, 59.975647999998664 ], [ 30.381428, 59.97562899999869 ], [ 30.381488, 59.975731999998665 ], [ 30.381646, 59.975703999998657 ], [ 30.381716, 59.975788999998663 ], [ 30.381887, 59.975752999998662 ] ] ] } },
{ "type": "Feature", "properties": { "height": 4.5, "match_type": "matched", "height_source": "source_b" }, "geometry": { "type": "Polygon", "coordinates": [ [ [ 30.38094, 59.965636999998651 ], [ 30.380811, 59.965671999998662 ], [ 30.380917, 59.965772999998663 ], [ 30.381047, 59.965738999998685 ], [ 30.38094, 59.965636999998651 ] ] ] } },
{ "type": "Feature", "properties": { "height": 12.0, "match_type": "matched", "height_source": "source_b" }, "geometry": { "type": "Polygon", "coordinates": [ [ [ 30.380852, 59.973095999998627 ], [ 30.380241, 59.973401999998664 ], [ 30.380859, 59.973710999998666 ], [ 30.381468, 59.97339799999866 ], [ 30.380852, 59.973095999998627 ] ] ] } },
{ "type": "Feature", "properties": { "height": 4.5, "match_type": "matched", "height_source": "source_b" }, "geometry": { "type": "Polygon", "coordinates": [ [ [ 30.381182, 59.972375999998668 ], [ 30.38079, 59.972577999998663 ], [ 30.380877, 59.972619999998663 ], [ 30.381124, 59.972491999998667 ], [ 30.381196, 59.972526999998657 ], [ 30.38134, 59.972452999998652 ], [ 30.381182, 59.972375999998668 ] ] ] } },
{ "type": "Feature", "properties": { "height": 4.5, "match_type": "matched", "height_source": "source_b" }, "geometry": { "type": "Polygon", "coordinates": [ [ [ 30.381916, 59.966977999998662 ], [ 30.380927, 59.967220999998666 ], [ 30.380985, 59.967280999998671 ], [ 30.381975, 59.967038999998657 ], [ 30.381916, 59.966977999998662 ] ] ] } },
{ "type": "Feature", "properties": { "height": 9.9, "match_type": "matched", "height_source": "source_b" }, "geometry": { "type": "Polygon", "coordinates": [ [ [ 30.381418, 59.964178999998659 ], [ 30.38116, 59.964238999998678 ], [ 30.381272, 59.964364999998672 ], [ 30.381526, 59.964304999998674 ], [ 30.381418, 59.964178999998659 ] ] ] } },
{ "type": "Feature", "properties": { "height": 15.0, "match_type": "matched", "height_source": "source_b" }, "geometry": { "type": "Polygon", "coordinates": [ [ [ 30.38116, 59.964238999998678 ], [ 30.381418, 59.964178999998659 ], [ 30.381167, 59.963899999998667 ], [ 30.3809, 59.963958999998667 ], [ 30.38116, 59.964238999998678 ] ] ] } },
{ "type": "Feature", "properties": { "height": 20.0, "match_type": "matched", "height_source": "source_b" }, "geometry": { "type": "Polygon", "coordinates": [ [ [ 30.381, 59.966417999998647 ], [ 30.380935, 59.96662699999866 ], [ 30.38117, 59.966643999998645 ], [ 30.381191, 59.966572999998675 ], [ 30.381467, 59.966594999998648 ], [ 30.381446, 59.966666999998665 ], [ 30.381695, 59.966682999998639 ], [ 30.381759, 59.966471999998667 ], [ 30.381, 59.966417999998647 ] ] ] } },
{ "type": "Feature", "properties": { "height": 8.0, "match_type": "matched", "height_source": "source_b" }, "geometry": { "type": "Polygon", "coordinates": [ [ [ 30.38147, 59.971209999998649 ], [ 30.381225, 59.971266999998662 ], [ 30.381512, 59.971567999998655 ], [ 30.381757, 59.971510999998642 ], [ 30.38147, 59.971209999998649 ] ] ] } },
{ "type": "Feature", "properties": { "height": 4.5, "match_type": "matched", "height_source": "source_b" }, "geometry": { "type": "Polygon", "coordinates": [ [ [ 30.381126, 59.975612999998667 ], [ 30.380588, 59.975721999998669 ], [ 30.380742, 59.97591299999867 ], [ 30.38128, 59.975803999998647 ], [ 30.381126, 59.975612999998667 ] ] ] } },
{ "type": "Feature", "properties": { "height": 12.0, "match_type": "matched", "height_source": "source_b" }, "geometry": { "type": "Polygon", "coordinates": [ [ [ 30.381334, 59.972874999998666 ], [ 30.381179, 59.97297299999866 ], [ 30.381328, 59.973044999998677 ], [ 30.381234, 59.973092999998656 ], [ 30.381811, 59.973374999998676 ], [ 30.382078, 59.973237999998638 ], [ 30.381334, 59.972874999998666 ] ] ] } },
{ "type": "Feature", "properties": { "height": 4.1, "match_type": "only_a", "height_source": "ml_predicted" }, "geometry": { "type": "Polygon", "coordinates": [ [ [ 30.38132, 59.97578 ], [ 30.38125, 59.9758 ], [ 30.38135, 59.97582 ], [ 30.38132, 59.97578 ] ] ] } },
{ "type": "Feature", "properties": { "height": 18.0, "match_type": "matched", "height_source": "source_b" }, "geometry": { "type": "Polygon", "coordinates": [ [ [ 30.381593, 59.965709999998673 ], [ 30.381123, 59.965815999998647 ], [ 30.381233, 59.965938999998663 ], [ 30.381702, 59.965832999998661 ], [ 30.381593, 59.965709999998673 ] ] ] } },
{ "type": "Feature", "properties": { "height": 4.5, "match_type": "matched", "height_source": "source_b" }, "geometry": { "type": "Polygon", "coordinates": [ [ [ 30.381243, 59.967981999998671 ], [ 30.381083, 59.968026999998649 ], [ 30.38119, 59.968122999998641 ], [ 30.381349, 59.968077999998656 ], [ 30.381243, 59.967981999998671 ] ] ] } },
{ "type": "Feature", "properties": { "height": 3.9, "match_type": "only_a", "height_source": "ml_predicted" }, "geometry": { "type": "Polygon", "coordinates": [ [ [ 30.38139, 59.9668 ], [ 30.38141, 59.96675 ], [ 30.38129, 59.96674 ], [ 30.38128, 59.96679 ], [ 30.38139, 59.9668 ] ] ] } },
{ "type": "Feature", "properties": { "height": 8.0, "match_type": "matched", "height_source": "source_b" }, "geometry": { "type": "Polygon", "coordinates": [ [ [ 30.381378, 59.963309999998636 ], [ 30.381441, 59.963379999998665 ], [ 30.381607, 59.963339999998659 ], [ 30.381545, 59.963271999998675 ], [ 30.381378, 59.963309999998636 ] ] ] } },
{ "type": "Feature", "properties": { "height": 4.5, "match_type": "matched", "height_source": "source_b" }, "geometry": { "type": "Polygon", "coordinates": [ [ [ 30.381291, 59.96831699999867 ], [ 30.381125, 59.968367999998662 ], [ 30.381228, 59.968452999998661 ], [ 30.381393, 59.968401999998669 ], [ 30.381291, 59.96831699999867 ] ] ] } },
{ "type": "Feature", "properties": { "height": 15.0, "match_type": "matched", "height_source": "source_b" }, "geometry": { "type": "Polygon", "coordinates": [ [ [ 30.381787, 59.970208999998661 ], [ 30.381992, 59.970159999998643 ], [ 30.380829, 59.968935999998664 ], [ 30.380624, 59.968985999998658 ], [ 30.381787, 59.970208999998661 ] ] ] } },
{ "type": "Feature", "properties": { "height": 4.2, "match_type": "only_a", "height_source": "ml_predicted" }, "geometry": { "type": "Polygon", "coordinates": [ [ [ 30.38162, 59.97674 ], [ 30.38152, 59.97678 ], [ 30.3816, 59.97683 ], [ 30.3817, 59.9768 ], [ 30.38162, 59.97674 ] ] ] } },
{ "type": "Feature", "properties": { "height": 15.0, "match_type": "matched", "height_source": "source_b" }, "geometry": { "type": "Polygon", "coordinates": [ [ [ 30.381985, 59.964375999998666 ], [ 30.382036, 59.96442999999865 ], [ 30.38264, 59.964282999998652 ], [ 30.382589, 59.964229999998686 ], [ 30.381985, 59.964375999998666 ] ] ] } },
{ "type": "Feature", "properties": { "height": 15.0, "match_type": "matched", "height_source": "source_b" }, "geometry": { "type": "Polygon", "coordinates": [ [ [ 30.382745, 59.96407499999868 ], [ 30.382595, 59.96410699999867 ], [ 30.382879, 59.964423999998637 ], [ 30.383016, 59.96439299999868 ], [ 30.382745, 59.96407499999868 ] ] ] } },
{ "type": "Feature", "properties": { "height": 13.2, "match_type": "matched", "height_source": "source_b" }, "geometry": { "type": "Polygon", "coordinates": [ [ [ 30.382649, 59.964169999998674 ], [ 30.381523, 59.964409999998679 ], [ 30.381933, 59.964892999998661 ], [ 30.383544, 59.964530999998651 ], [ 30.383496, 59.964473999998667 ], [ 30.383571, 59.964457999998658 ], [ 30.38344, 59.964302999998665 ], [ 30.382055, 59.964609999998657 ], [ 30.381968, 59.964511999998656 ], [ 30.38279, 59.964328999998656 ], [ 30.382649, 59.964169999998674 ] ], [ [ 30.382221, 59.96475799999866 ], [ 30.382133, 59.96466399999867 ], [ 30.383304, 59.964390999998649 ], [ 30.383392, 59.964485999998665 ], [ 30.382221, 59.96475799999866 ] ], [ [ 30.381985, 59.964375999998666 ], [ 30.382589, 59.964229999998686 ], [ 30.38264, 59.964282999998652 ], [ 30.382036, 59.96442999999865 ], [ 30.381985, 59.964375999998666 ] ] ] } },
{ "type": "Feature", "properties": { "height": 15.0, "match_type": "matched", "height_source": "source_b" }, "geometry": { "type": "Polygon", "coordinates": [ [ [ 30.382327, 59.96608499999865 ], [ 30.380804, 59.965958999998648 ], [ 30.380772, 59.966068999998662 ], [ 30.382294, 59.966181999998689 ], [ 30.382327, 59.96608499999865 ] ] ] } },
{ "type": "Feature", "properties": { "height": 15.0, "match_type": "matched", "height_source": "source_b" }, "geometry": { "type": "Polygon", "coordinates": [ [ [ 30.381987, 59.966051999998662 ], [ 30.382327, 59.96608499999865 ], [ 30.381893, 59.965612999998669 ], [ 30.381653, 59.965669999998667 ], [ 30.381987, 59.966051999998662 ] ] ] } },
{ "type": "Feature", "properties": { "height": 3.9, "match_type": "only_a", "height_source": "ml_predicted" }, "geometry": { "type": "Polygon", "coordinates": [ [ [ 30.38168, 59.96683 ], [ 30.3817, 59.96677 ], [ 30.38143, 59.96675 ], [ 30.38141, 59.96681 ], [ 30.38168, 59.96683 ] ] ] } },
{ "type": "Feature", "properties": { "height": 4.4, "match_type": "only_a", "height_source": "ml_predicted" }, "geometry": { "type": "Polygon", "coordinates": [ [ [ 30.3817, 59.9768 ], [ 30.38164, 59.97682 ], [ 30.38172, 59.97682 ], [ 30.3817, 59.9768 ] ] ] } },
{ "type": "Feature", "properties": { "height": 9.9, "match_type": "matched", "height_source": "source_b" }, "geometry": { "type": "Polygon", "coordinates": [ [ [ 30.381794, 59.968560999998658 ], [ 30.380866, 59.968829999998668 ], [ 30.380987, 59.968934999998659 ], [ 30.381915, 59.968666999998668 ], [ 30.381794, 59.968560999998658 ] ] ] } },
{ "type": "Feature", "properties": { "height": 15.0, "match_type": "matched", "height_source": "source_b" }, "geometry": { "type": "Polygon", "coordinates": [ [ [ 30.381992, 59.970159999998643 ], [ 30.381787, 59.970208999998661 ], [ 30.382519, 59.970937999998682 ], [ 30.38271, 59.970882999998665 ], [ 30.381992, 59.970159999998643 ] ] ] } },
{ "type": "Feature", "properties": { "height": 8.0, "match_type": "matched", "height_source": "source_b" }, "geometry": { "type": "Polygon", "coordinates": [ [ [ 30.381764, 59.972712999998663 ], [ 30.381549, 59.972820999998675 ], [ 30.382088, 59.973091999998701 ], [ 30.382298, 59.972984999998673 ], [ 30.381764, 59.972712999998663 ] ] ] } },
{ "type": "Feature", "properties": { "height": 4.5, "match_type": "matched", "height_source": "source_b" }, "geometry": { "type": "Polygon", "coordinates": [ [ [ 30.382083, 59.963082999998676 ], [ 30.381811, 59.963143999998664 ], [ 30.381932, 59.963279999998669 ], [ 30.382203, 59.963218999998681 ], [ 30.382083, 59.963082999998676 ] ] ] } },
{ "type": "Feature", "properties": { "height": 4.5, "match_type": "matched", "height_source": "source_b" }, "geometry": { "type": "Polygon", "coordinates": [ [ [ 30.3815, 59.975802999998656 ], [ 30.381327, 59.975856999998669 ], [ 30.381714, 59.976169999998682 ], [ 30.381885, 59.976116999998652 ], [ 30.3815, 59.975802999998656 ] ] ] } },
{ "type": "Feature", "properties": { "height": 4.5, "match_type": "matched", "height_source": "source_b" }, "geometry": { "type": "Polygon", "coordinates": [ [ [ 30.381751, 59.966841999998678 ], [ 30.38077, 59.967049999998665 ], [ 30.38091, 59.967156999998664 ], [ 30.381935, 59.966940999998641 ], [ 30.381872, 59.966866999998651 ], [ 30.381787, 59.966884999998662 ], [ 30.381751, 59.966841999998678 ] ] ] } },
{ "type": "Feature", "properties": { "height": 12.0, "match_type": "matched", "height_source": "source_b" }, "geometry": { "type": "Polygon", "coordinates": [ [ [ 30.38146, 59.975135999998649 ], [ 30.381979, 59.975884999998662 ], [ 30.382789, 59.975743999998663 ], [ 30.382705, 59.975620999998661 ], [ 30.382804, 59.975603999998661 ], [ 30.382759, 59.975528999998666 ], [ 30.382841, 59.975512999998664 ], [ 30.382689, 59.975282999998676 ], [ 30.382999, 59.975223999998654 ], [ 30.382783, 59.974905999998668 ], [ 30.38146, 59.975135999998649 ] ] ] } },
{ "type": "Feature", "properties": { "height": 4.0, "match_type": "matched", "height_source": "source_b" }, "geometry": { "type": "Polygon", "coordinates": [ [ [ 30.382055, 59.967605999998661 ], [ 30.38241, 59.967508999998657 ], [ 30.382091, 59.967219999998676 ], [ 30.381736, 59.967317999998656 ], [ 30.382055, 59.967605999998661 ] ] ] } },
{ "type": "Feature", "properties": { "height": 4.0, "match_type": "matched", "height_source": "source_b" }, "geometry": { "type": "Polygon", "coordinates": [ [ [ 30.382217, 59.966725999998665 ], [ 30.382016, 59.966771999998656 ], [ 30.382073, 59.966833999998663 ], [ 30.382272, 59.966787999998658 ], [ 30.382217, 59.966725999998665 ] ] ] } },
{ "type": "Feature", "properties": { "height": 12.0, "match_type": "matched", "height_source": "source_b" }, "geometry": { "type": "Polygon", "coordinates": [ [ [ 30.381621, 59.97263999999867 ], [ 30.382073, 59.972870999998662 ], [ 30.382891, 59.972468999998668 ], [ 30.382451, 59.972234999998655 ], [ 30.381621, 59.97263999999867 ] ] ] } },
{ "type": "Feature", "properties": { "height": 4.5, "match_type": "matched", "height_source": "source_b" }, "geometry": { "type": "Polygon", "coordinates": [ [ [ 30.3819, 59.976579999998648 ], [ 30.381735, 59.976616999998654 ], [ 30.38196, 59.976864999998654 ], [ 30.382126, 59.976826999998657 ], [ 30.3819, 59.976579999998648 ] ] ] } },
{ "type": "Feature", "properties": { "height": 5.0, "match_type": "matched", "height_source": "source_b" }, "geometry": { "type": "Polygon", "coordinates": [ [ [ 30.38216697990579, 59.97680571440619 ], [ 30.382185722806689, 59.976840000788101 ], [ 30.382428596629961, 59.976806650002125 ], [ 30.382409851776039, 59.976772362720475 ], [ 30.38216697990579, 59.97680571440619 ] ] ] } },
{ "type": "Feature", "properties": { "height": 6.0, "match_type": "matched", "height_source": "source_b" }, "geometry": { "type": "Polygon", "coordinates": [ [ [ 30.382145388091232, 59.976726683400052 ], [ 30.382442888084267, 59.976664934606667 ], [ 30.382079578429085, 59.976174858411071 ], [ 30.381774781211103, 59.976224764394068 ], [ 30.382145388091232, 59.976726683400052 ] ] ] } },
{ "type": "Feature", "properties": { "height": 15.0, "match_type": "matched", "height_source": "source_b" }, "geometry": { "type": "Polygon", "coordinates": [ [ [ 30.382221, 59.96475799999866 ], [ 30.383392, 59.964485999998665 ], [ 30.383304, 59.964390999998649 ], [ 30.382133, 59.96466399999867 ], [ 30.382221, 59.96475799999866 ] ] ] } },
{ "type": "Feature", "properties": { "height": 15.0, "match_type": "matched", "height_source": "source_b" }, "geometry": { "type": "Polygon", "coordinates": [ [ [ 30.382688, 59.963246999998653 ], [ 30.382866, 59.963445999998633 ], [ 30.382977, 59.963420999998675 ], [ 30.382791, 59.963220999998647 ], [ 30.382688, 59.963246999998653 ] ] ] } },
{ "type": "Feature", "properties": { "height": 13.2, "match_type": "matched", "height_source": "source_b" }, "geometry": { "type": "Polygon", "coordinates": [ [ [ 30.382866, 59.963445999998633 ], [ 30.382688, 59.963246999998653 ], [ 30.381113, 59.963597999998655 ], [ 30.381476, 59.963993999998642 ], [ 30.382856, 59.963684999998655 ], [ 30.382686, 59.963484999998663 ], [ 30.382866, 59.963445999998633 ] ], [ [ 30.381506, 59.963902999998652 ], [ 30.381433, 59.963820999998653 ], [ 30.382619, 59.963558999998654 ], [ 30.382691, 59.96364099999866 ], [ 30.381506, 59.963902999998652 ] ] ] } },
{ "type": "Feature", "properties": { "height": 15.0, "match_type": "matched", "height_source": "source_b" }, "geometry": { "type": "Polygon", "coordinates": [ [ [ 30.381506, 59.963902999998652 ], [ 30.382691, 59.96364099999866 ], [ 30.382619, 59.963558999998654 ], [ 30.381433, 59.963820999998653 ], [ 30.381506, 59.963902999998652 ] ] ] } },
{ "type": "Feature", "properties": { "height": 4.5, "match_type": "matched", "height_source": "source_b" }, "geometry": { "type": "Polygon", "coordinates": [ [ [ 30.382383, 59.973602999998668 ], [ 30.382251, 59.97363799999868 ], [ 30.382312, 59.973695999998661 ], [ 30.382445, 59.973659999998652 ], [ 30.382383, 59.973602999998668 ] ] ] } },
{ "type": "Feature", "properties": { "height": 6.3, "match_type": "only_a", "height_source": "ml_predicted" }, "geometry": { "type": "Polygon", "coordinates": [ [ [ 30.38226, 59.97697 ], [ 30.38226, 59.97703 ], [ 30.38231, 59.97703 ], [ 30.38231, 59.97697 ], [ 30.38226, 59.97697 ] ] ] } },
{ "type": "Feature", "properties": { "height": 20.0, "match_type": "matched", "height_source": "source_b" }, "geometry": { "type": "Polygon", "coordinates": [ [ [ 30.381621, 59.97263999999867 ], [ 30.382496, 59.972212999998675 ], [ 30.382455, 59.972150999998668 ], [ 30.382938, 59.971922999998654 ], [ 30.383163, 59.972012999998668 ], [ 30.383354, 59.971887999998671 ], [ 30.38295, 59.971731999998639 ], [ 30.381382, 59.972500999998651 ], [ 30.381621, 59.97263999999867 ] ] ] } },
{ "type": "Feature", "properties": { "height": 4.5, "match_type": "matched", "height_source": "source_b" }, "geometry": { "type": "Polygon", "coordinates": [ [ [ 30.382456, 59.967363999998668 ], [ 30.382323, 59.967390999998663 ], [ 30.382375, 59.96745699999866 ], [ 30.382509, 59.967429999998664 ], [ 30.382456, 59.967363999998668 ] ] ] } },
{ "type": "Feature", "properties": { "height": 4.0, "match_type": "matched", "height_source": "source_b" }, "geometry": { "type": "Polygon", "coordinates": [ [ [ 30.382768, 59.967807999998648 ], [ 30.38241, 59.967508999998657 ], [ 30.382201, 59.967570999998649 ], [ 30.382551, 59.96787399999868 ], [ 30.382768, 59.967807999998648 ] ] ] } },
{ "type": "Feature", "properties": { "height": 4.5, "match_type": "matched", "height_source": "source_b" }, "geometry": { "type": "Polygon", "coordinates": [ [ [ 30.382032, 59.963395999998653 ], [ 30.382539, 59.963279999998669 ], [ 30.382474, 59.963201999998638 ], [ 30.381968, 59.963322999998674 ], [ 30.382032, 59.963395999998653 ] ] ] } },
{ "type": "Feature", "properties": { "height": 15.0, "match_type": "matched", "height_source": "source_b" }, "geometry": { "type": "Polygon", "coordinates": [ [ [ 30.382081, 59.968678999998652 ], [ 30.381891, 59.968728999998675 ], [ 30.382508, 59.969321999998655 ], [ 30.382697, 59.969272999998651 ], [ 30.382081, 59.968678999998652 ] ] ] } },
{ "type": "Feature", "properties": { "height": 20.0, "match_type": "matched", "height_source": "source_b" }, "geometry": { "type": "Polygon", "coordinates": [ [ [ 30.382696, 59.966512999998649 ], [ 30.382478, 59.966563999998634 ], [ 30.382453, 59.966569999998661 ], [ 30.382579, 59.96671299999867 ], [ 30.38282, 59.966655999998657 ], [ 30.382696, 59.966512999998649 ] ] ] } },
{ "type": "Feature", "properties": { "height": 5.2, "match_type": "only_a", "height_source": "ml_predicted" }, "geometry": { "type": "Polygon", "coordinates": [ [ [ 30.38252, 59.96716 ], [ 30.38249, 59.96712 ], [ 30.38208, 59.96722 ], [ 30.38213, 59.96725 ], [ 30.38252, 59.96716 ] ] ] } },
{ "type": "Feature", "properties": { "height": 6.6, "match_type": "matched", "height_source": "source_b" }, "geometry": { "type": "Polygon", "coordinates": [ [ [ 30.381933, 59.964892999998661 ], [ 30.381997, 59.964967999998663 ], [ 30.382517, 59.964856999998659 ], [ 30.382595, 59.964949999998666 ], [ 30.383496, 59.96475799999866 ], [ 30.38334, 59.96457399999867 ], [ 30.381933, 59.964892999998661 ] ] ] } },
{ "type": "Feature", "properties": { "height": 4.5, "match_type": "matched", "height_source": "source_b" }, "geometry": { "type": "Polygon", "coordinates": [ [ [ 30.382596, 59.973684999998675 ], [ 30.382353, 59.973740999998647 ], [ 30.382413, 59.973805999998675 ], [ 30.382672, 59.973767999998664 ], [ 30.382596, 59.973684999998675 ] ] ] } },
{ "type": "Feature", "properties": { "height": 5.4, "match_type": "only_a", "height_source": "ml_predicted" }, "geometry": { "type": "Polygon", "coordinates": [ [ [ 30.38268, 59.96327 ], [ 30.38258, 59.96315 ], [ 30.38246, 59.96318 ], [ 30.38257, 59.9633 ], [ 30.38268, 59.96327 ] ] ] } },
{ "type": "Feature", "properties": { "height": 6.4, "match_type": "only_a", "height_source": "ml_predicted" }, "geometry": { "type": "Polygon", "coordinates": [ [ [ 30.38268, 59.96501 ], [ 30.38273, 59.965 ], [ 30.38266, 59.96498 ], [ 30.38268, 59.96501 ] ] ] } },
{ "type": "Feature", "properties": { "height": 12.0, "match_type": "matched", "height_source": "source_b" }, "geometry": { "type": "Polygon", "coordinates": [ [ [ 30.382598, 59.973135999998632 ], [ 30.382021, 59.973416999998676 ], [ 30.382326, 59.973572999998645 ], [ 30.382542, 59.973496999998673 ], [ 30.382708, 59.973415999998672 ], [ 30.382626, 59.973373999998657 ], [ 30.382806, 59.973285999998666 ], [ 30.382598, 59.973135999998632 ] ] ] } },
{ "type": "Feature", "properties": { "height": 6.0, "match_type": "matched", "height_source": "source_b" }, "geometry": { "type": "Polygon", "coordinates": [ [ [ 30.383043945193204, 59.976220087946189 ], [ 30.382856573592786, 59.976194800903777 ], [ 30.382580528280684, 59.976708615891077 ], [ 30.382767902554125, 59.97673390334149 ], [ 30.383043945193204, 59.976220087946189 ] ] ] } },
{ "type": "Feature", "properties": { "height": 4.0, "match_type": "matched", "height_source": "source_b" }, "geometry": { "type": "Polygon", "coordinates": [ [ [ 30.382618, 59.975904999998662 ], [ 30.382092, 59.975995999998695 ], [ 30.382207, 59.976160999998648 ], [ 30.382731, 59.976069999998671 ], [ 30.382618, 59.975904999998662 ] ] ] } },
{ "type": "Feature", "properties": { "height": 15.0, "match_type": "matched", "height_source": "source_b" }, "geometry": { "type": "Polygon", "coordinates": [ [ [ 30.381806, 59.969173999998638 ], [ 30.381604, 59.969224999998637 ], [ 30.38275, 59.970376999998678 ], [ 30.382952, 59.970326999998647 ], [ 30.381806, 59.969173999998638 ] ] ] } },
{ "type": "Feature", "properties": { "height": 12.0, "match_type": "matched", "height_source": "source_b" }, "geometry": { "type": "Polygon", "coordinates": [ [ [ 30.382478, 59.966563999998634 ], [ 30.382696, 59.966512999998649 ], [ 30.382525, 59.966336999998646 ], [ 30.382085, 59.966303999998651 ], [ 30.382054, 59.966435999998652 ], [ 30.382403, 59.966459999998669 ], [ 30.382478, 59.966563999998634 ] ] ] } },
{ "type": "Feature", "properties": { "height": 16.0, "match_type": "matched", "height_source": "source_b" }, "geometry": { "type": "Polygon", "coordinates": [ [ [ 30.382671, 59.967727999998672 ], [ 30.382768, 59.967807999998648 ], [ 30.383456, 59.967626999998664 ], [ 30.382948, 59.967088999998666 ], [ 30.382702, 59.967146999998668 ], [ 30.382819, 59.967270999998647 ], [ 30.382972, 59.96723299999865 ], [ 30.383033, 59.967303999998663 ], [ 30.382882, 59.967336999998665 ], [ 30.383144, 59.967621999998663 ], [ 30.382671, 59.967727999998672 ] ] ] } },
{ "type": "Feature", "properties": { "height": 7.2, "match_type": "only_a", "height_source": "ml_predicted" }, "geometry": { "type": "Polygon", "coordinates": [ [ [ 30.3828, 59.97269 ], [ 30.38276, 59.97274 ], [ 30.38315, 59.97279 ], [ 30.38318, 59.97273 ], [ 30.3828, 59.97269 ] ] ] } },
{ "type": "Feature", "properties": { "height": 4.1, "match_type": "only_a", "height_source": "ml_predicted" }, "geometry": { "type": "Polygon", "coordinates": [ [ [ 30.38282, 59.96323 ], [ 30.38275, 59.96314 ], [ 30.3826, 59.96317 ], [ 30.38267, 59.96326 ], [ 30.38282, 59.96323 ] ] ] } },
{ "type": "Feature", "properties": { "height": 20.0, "match_type": "matched", "height_source": "source_b" }, "geometry": { "type": "Polygon", "coordinates": [ [ [ 30.382972, 59.96723299999865 ], [ 30.382739, 59.967289999998648 ], [ 30.382801, 59.967355999998667 ], [ 30.383033, 59.967303999998663 ], [ 30.382972, 59.96723299999865 ] ] ] } },
{ "type": "Feature", "properties": { "height": 12.0, "match_type": "matched", "height_source": "source_b" }, "geometry": { "type": "Polygon", "coordinates": [ [ [ 30.382875, 59.967666999998649 ], [ 30.382693, 59.967516999998665 ], [ 30.382492, 59.967576999998649 ], [ 30.382671, 59.967727999998672 ], [ 30.382875, 59.967666999998649 ] ] ] } },
{ "type": "Feature", "properties": { "height": 4.9, "match_type": "only_a", "height_source": "ml_predicted" }, "geometry": { "type": "Polygon", "coordinates": [ [ [ 30.38287, 59.97206 ], [ 30.38269, 59.97214 ], [ 30.38278, 59.97218 ], [ 30.38295, 59.9721 ], [ 30.38287, 59.97206 ] ] ] } },
{ "type": "Feature", "properties": { "height": 7.7, "match_type": "only_a", "height_source": "ml_predicted" }, "geometry": { "type": "Polygon", "coordinates": [ [ [ 30.38294, 59.96531 ], [ 30.38313, 59.96552 ], [ 30.38326, 59.96549 ], [ 30.38317, 59.96549 ], [ 30.38301, 59.96531 ], [ 30.38294, 59.96531 ] ] ] } },
{ "type": "Feature", "properties": { "height": 4.2, "match_type": "only_a", "height_source": "ml_predicted" }, "geometry": { "type": "Polygon", "coordinates": [ [ [ 30.38295, 59.97051 ], [ 30.38309, 59.97052 ], [ 30.3831, 59.97049 ], [ 30.38297, 59.97047 ], [ 30.38295, 59.97051 ] ] ] } },
{ "type": "Feature", "properties": { "height": 9.9, "match_type": "matched", "height_source": "source_b" }, "geometry": { "type": "Polygon", "coordinates": [ [ [ 30.382718, 59.969434999998668 ], [ 30.38267, 59.969382999998665 ], [ 30.38253, 59.969415999998681 ], [ 30.382648, 59.969541999998654 ], [ 30.382824, 59.969608999998655 ], [ 30.382917, 59.969587999998659 ], [ 30.382886, 59.969553999998652 ], [ 30.382989, 59.969508999998666 ], [ 30.383513, 59.969413999998658 ], [ 30.383551, 59.969454999998668 ], [ 30.383644, 59.969432999998659 ], [ 30.383479, 59.969255999998687 ], [ 30.382718, 59.969434999998668 ] ] ] } },
{ "type": "Feature", "properties": { "height": 4.7, "match_type": "only_a", "height_source": "ml_predicted" }, "geometry": { "type": "Polygon", "coordinates": [ [ [ 30.38297, 59.97358 ], [ 30.38282, 59.97352 ], [ 30.38265, 59.97364 ], [ 30.38281, 59.9737 ], [ 30.38297, 59.97358 ] ] ] } },
{ "type": "Feature", "properties": { "height": 4.5, "match_type": "only_a", "height_source": "ml_predicted" }, "geometry": { "type": "Polygon", "coordinates": [ [ [ 30.38298, 59.97506 ], [ 30.3831, 59.97504 ], [ 30.38306, 59.97498 ], [ 30.38295, 59.97501 ], [ 30.38298, 59.97506 ] ] ] } },
{ "type": "Feature", "properties": { "height": 4.5, "match_type": "matched", "height_source": "source_b" }, "geometry": { "type": "Polygon", "coordinates": [ [ [ 30.38294, 59.971001999998677 ], [ 30.382716, 59.97110999999866 ], [ 30.382801, 59.971155999998665 ], [ 30.383023, 59.971045999998665 ], [ 30.38294, 59.971001999998677 ] ] ] } },
{ "type": "Feature", "properties": { "height": 4.5, "match_type": "matched", "height_source": "source_b" }, "geometry": { "type": "Polygon", "coordinates": [ [ [ 30.383364, 59.965909999998658 ], [ 30.383259, 59.965935999998649 ], [ 30.383104, 59.965973999998681 ], [ 30.383154, 59.966027999998666 ], [ 30.383418, 59.965962999998681 ], [ 30.383364, 59.965909999998658 ] ] ] } },
{ "type": "Feature", "properties": { "height": 12.0, "match_type": "matched", "height_source": "source_b" }, "geometry": { "type": "Polygon", "coordinates": [ [ [ 30.382511, 59.973037999998667 ], [ 30.382902, 59.973090999998668 ], [ 30.383062, 59.972767999998666 ], [ 30.382659, 59.972715999998648 ], [ 30.382511, 59.973037999998667 ] ] ] } },
{ "type": "Feature", "properties": { "height": 15.0, "match_type": "matched", "height_source": "source_b" }, "geometry": { "type": "Polygon", "coordinates": [ [ [ 30.382676, 59.968520999998653 ], [ 30.382468, 59.968574999998637 ], [ 30.383116, 59.96920199999866 ], [ 30.383324, 59.969147999998661 ], [ 30.382676, 59.968520999998653 ] ] ] } },
{ "type": "Feature", "properties": { "height": 4.7, "match_type": "only_a", "height_source": "ml_predicted" }, "geometry": { "type": "Polygon", "coordinates": [ [ [ 30.38314, 59.9749 ], [ 30.38326, 59.97491 ], [ 30.38328, 59.97487 ], [ 30.38316, 59.97486 ], [ 30.38314, 59.9749 ] ] ] } },
{ "type": "Feature", "properties": { "height": 8.2, "match_type": "only_a", "height_source": "ml_predicted" }, "geometry": { "type": "Polygon", "coordinates": [ [ [ 30.38316, 59.96528 ], [ 30.38313, 59.96525 ], [ 30.38324, 59.96523 ], [ 30.38302, 59.96526 ], [ 30.38306, 59.9653 ], [ 30.38316, 59.96528 ] ] ] } },
{ "type": "Feature", "properties": { "height": 4.5, "match_type": "matched", "height_source": "source_b" }, "geometry": { "type": "Polygon", "coordinates": [ [ [ 30.383215, 59.974889999998659 ], [ 30.383189, 59.974954999998651 ], [ 30.383339, 59.97496999999867 ], [ 30.383365, 59.974904999998664 ], [ 30.383215, 59.974889999998659 ] ] ] } },
{ "type": "Feature", "properties": { "height": 4.5, "match_type": "matched", "height_source": "source_b" }, "geometry": { "type": "Polygon", "coordinates": [ [ [ 30.383068, 59.97443099999866 ], [ 30.382918, 59.974457999998656 ], [ 30.38302, 59.974594999998665 ], [ 30.383167, 59.974566999998665 ], [ 30.383068, 59.97443099999866 ] ] ] } },
{ "type": "Feature", "properties": { "height": 8.0, "match_type": "matched", "height_source": "source_b" }, "geometry": { "type": "Polygon", "coordinates": [ [ [ 30.38308, 59.973544999998659 ], [ 30.382468, 59.973909999998661 ], [ 30.382864, 59.974435999998654 ], [ 30.383212, 59.974364999998684 ], [ 30.383142, 59.974261999998653 ], [ 30.383264, 59.974250999998674 ], [ 30.383044, 59.97395699999867 ], [ 30.383566, 59.973618999998649 ], [ 30.38308, 59.973544999998659 ] ] ] } },
{ "type": "Feature", "properties": { "height": 9.9, "match_type": "matched", "height_source": "source_b" }, "geometry": { "type": "Polygon", "coordinates": [ [ [ 30.383039, 59.966030999998665 ], [ 30.382795, 59.966083999998645 ], [ 30.382977, 59.966286999998658 ], [ 30.383221, 59.966231999998648 ], [ 30.383039, 59.966030999998665 ] ] ] } },
{ "type": "Feature", "properties": { "height": 6.3, "match_type": "only_a", "height_source": "ml_predicted" }, "geometry": { "type": "Polygon", "coordinates": [ [ [ 30.38327, 59.9757 ], [ 30.3833, 59.97563 ], [ 30.38321, 59.97562 ], [ 30.38318, 59.97569 ], [ 30.38327, 59.9757 ] ] ] } },
{ "type": "Feature", "properties": { "height": 5.7, "match_type": "only_a", "height_source": "ml_predicted" }, "geometry": { "type": "Polygon", "coordinates": [ [ [ 30.38328, 59.97054 ], [ 30.38321, 59.97054 ], [ 30.38319, 59.97058 ], [ 30.38326, 59.97058 ], [ 30.38328, 59.97054 ] ] ] } },
{ "type": "Feature", "properties": { "height": 7.4, "match_type": "only_a", "height_source": "ml_predicted" }, "geometry": { "type": "Polygon", "coordinates": [ [ [ 30.38328, 59.97551 ], [ 30.3833, 59.97543 ], [ 30.38323, 59.97543 ], [ 30.38321, 59.9755 ], [ 30.38328, 59.97551 ] ] ] } },
{ "type": "Feature", "properties": { "height": 14.3, "match_type": "only_a", "height_source": "ml_predicted" }, "geometry": { "type": "Polygon", "coordinates": [ [ [ 30.38391, 59.96509 ], [ 30.38301, 59.96531 ], [ 30.38317, 59.96549 ], [ 30.38325, 59.96547 ], [ 30.3833, 59.96557 ], [ 30.38367, 59.96549 ], [ 30.38349, 59.96537 ], [ 30.38339, 59.96537 ], [ 30.38405, 59.96525 ], [ 30.38391, 59.96509 ] ] ] } },
{ "type": "Feature", "properties": { "height": 4.5, "match_type": "matched", "height_source": "source_b" }, "geometry": { "type": "Polygon", "coordinates": [ [ [ 30.382726, 59.969589999998654 ], [ 30.383082, 59.969969999998661 ], [ 30.383239, 59.969932999998676 ], [ 30.382917, 59.969587999998659 ], [ 30.382726, 59.969589999998654 ] ] ] } },
{ "type": "Feature", "properties": { "height": 8.0, "match_type": "matched", "height_source": "source_b" }, "geometry": { "type": "Polygon", "coordinates": [ [ [ 30.383036, 59.972135999998663 ], [ 30.382881, 59.972230999998665 ], [ 30.383147, 59.972338999998676 ], [ 30.3833, 59.972243999998653 ], [ 30.383036, 59.972135999998663 ] ] ] } },
{ "type": "Feature", "properties": { "height": 5.5, "match_type": "only_a", "height_source": "ml_predicted" }, "geometry": { "type": "Polygon", "coordinates": [ [ [ 30.38335, 59.97513 ], [ 30.38348, 59.97515 ], [ 30.38349, 59.97512 ], [ 30.38336, 59.9751 ], [ 30.38335, 59.97513 ] ] ] } },
{ "type": "Feature", "properties": { "height": 4.7, "match_type": "only_a", "height_source": "ml_predicted" }, "geometry": { "type": "Polygon", "coordinates": [ [ [ 30.38336, 59.97509 ], [ 30.3835, 59.9751 ], [ 30.38356, 59.97494 ], [ 30.38342, 59.97492 ], [ 30.38336, 59.97509 ] ] ] } },
{ "type": "Feature", "properties": { "height": 15.0, "match_type": "matched", "height_source": "source_b" }, "geometry": { "type": "Polygon", "coordinates": [ [ [ 30.38336, 59.968090999998658 ], [ 30.382454, 59.96835499999866 ], [ 30.382578, 59.968461999998659 ], [ 30.383485, 59.968197999998651 ], [ 30.38336, 59.968090999998658 ] ] ] } },
{ "type": "Feature", "properties": { "height": 5.4, "match_type": "only_a", "height_source": "ml_predicted" }, "geometry": { "type": "Polygon", "coordinates": [ [ [ 30.38347, 59.97244 ], [ 30.38339, 59.9724 ], [ 30.38336, 59.97242 ], [ 30.38344, 59.97246 ], [ 30.38347, 59.97244 ] ] ] } },
{ "type": "Feature", "properties": { "height": 4.9, "match_type": "only_a", "height_source": "ml_predicted" }, "geometry": { "type": "Polygon", "coordinates": [ [ [ 30.38347, 59.97247 ], [ 30.38332, 59.9724 ], [ 30.38329, 59.97241 ], [ 30.38344, 59.97249 ], [ 30.38347, 59.97247 ] ] ] } },
{ "type": "Feature", "properties": { "height": 8.0, "match_type": "matched", "height_source": "source_b" }, "geometry": { "type": "Polygon", "coordinates": [ [ [ 30.383754, 59.972213999998651 ], [ 30.383937, 59.972286999998659 ], [ 30.384055, 59.972208999998671 ], [ 30.383875, 59.97213899999867 ], [ 30.383754, 59.972213999998651 ] ] ] } },
{ "type": "Feature", "properties": { "height": 8.0, "match_type": "matched", "height_source": "source_b" }, "geometry": { "type": "Polygon", "coordinates": [ [ [ 30.383674, 59.97226099999866 ], [ 30.383818, 59.972175999998655 ], [ 30.383411, 59.972002999998665 ], [ 30.38327, 59.972090999998663 ], [ 30.383674, 59.97226099999866 ] ] ] } },
{ "type": "Feature", "properties": { "height": 12.0, "match_type": "matched", "height_source": "source_b" }, "geometry": { "type": "Polygon", "coordinates": [ [ [ 30.382902, 59.973090999998668 ], [ 30.383842, 59.973215999998665 ], [ 30.383919, 59.973053999998648 ], [ 30.382979, 59.972934999998664 ], [ 30.382902, 59.973090999998668 ] ] ] } },
{ "type": "Feature", "properties": { "height": 8.0, "match_type": "matched", "height_source": "source_b" }, "geometry": { "type": "Polygon", "coordinates": [ [ [ 30.383581, 59.973180999998682 ], [ 30.382781, 59.973073999998668 ], [ 30.382754, 59.973135999998647 ], [ 30.382869, 59.973148999998656 ], [ 30.382846, 59.973186999998667 ], [ 30.383439, 59.97326299999866 ], [ 30.383459, 59.973226999998673 ], [ 30.383551, 59.973236999998662 ], [ 30.383581, 59.973180999998682 ] ] ] } },
{ "type": "Feature", "properties": { "height": 4.0, "match_type": "only_a", "height_source": "ml_predicted" }, "geometry": { "type": "Polygon", "coordinates": [ [ [ 30.38356, 59.96878 ], [ 30.38367, 59.96876 ], [ 30.38359, 59.96873 ], [ 30.38356, 59.96878 ] ] ] } },
{ "type": "Feature", "properties": { "height": 9.9, "match_type": "matched", "height_source": "source_b" }, "geometry": { "type": "Polygon", "coordinates": [ [ [ 30.383342, 59.974298999998666 ], [ 30.383142, 59.97483599999866 ], [ 30.383366, 59.974856999998671 ], [ 30.383569, 59.97432399999866 ], [ 30.383342, 59.974298999998666 ] ] ] } },
{ "type": "Feature", "properties": { "height": 4.5, "match_type": "matched", "height_source": "source_b" }, "geometry": { "type": "Polygon", "coordinates": [ [ [ 30.383523, 59.966399999998664 ], [ 30.383335, 59.966455999998679 ], [ 30.383403, 59.966518999998641 ], [ 30.3836, 59.966465999998654 ], [ 30.383523, 59.966399999998664 ] ] ] } },
{ "type": "Feature", "properties": { "height": 4.5, "match_type": "matched", "height_source": "source_b" }, "geometry": { "type": "Polygon", "coordinates": [ [ [ 30.383523, 59.966399999998664 ], [ 30.383557, 59.966428999998641 ], [ 30.384059, 59.966254999998661 ], [ 30.384023, 59.966228999998648 ], [ 30.383523, 59.966399999998664 ] ] ] } },
{ "type": "Feature", "properties": { "height": 6.4, "match_type": "only_a", "height_source": "ml_predicted" }, "geometry": { "type": "Polygon", "coordinates": [ [ [ 30.38369, 59.96512 ], [ 30.38324, 59.96523 ], [ 30.38313, 59.96525 ], [ 30.38316, 59.96528 ], [ 30.38331, 59.96525 ], [ 30.38369, 59.96512 ] ] ] } },
{ "type": "Feature", "properties": { "height": 12.0, "match_type": "matched", "height_source": "source_b" }, "geometry": { "type": "Polygon", "coordinates": [ [ [ 30.384525, 59.966673999998655 ], [ 30.383743, 59.966869999998636 ], [ 30.383637, 59.966768999998656 ], [ 30.383463, 59.966828999998654 ], [ 30.38368, 59.967069999998664 ], [ 30.383885, 59.967021999998657 ], [ 30.383824, 59.966964999998673 ], [ 30.384631, 59.966768999998671 ], [ 30.384525, 59.966673999998655 ] ] ] } },
{ "type": "Feature", "properties": { "height": 5.9, "match_type": "only_a", "height_source": "ml_predicted" }, "geometry": { "type": "Polygon", "coordinates": [ [ [ 30.38369, 59.97435 ], [ 30.38383, 59.97437 ], [ 30.38385, 59.97432 ], [ 30.38371, 59.97431 ], [ 30.38369, 59.97435 ] ] ] } },
{ "type": "Feature", "properties": { "height": 5.8, "match_type": "only_a", "height_source": "ml_predicted" }, "geometry": { "type": "Polygon", "coordinates": [ [ [ 30.38377, 59.96713 ], [ 30.38395, 59.96709 ], [ 30.3839, 59.96704 ], [ 30.38371, 59.96708 ], [ 30.38377, 59.96713 ] ] ] } },
{ "type": "Feature", "properties": { "height": 15.0, "match_type": "matched", "height_source": "source_b" }, "geometry": { "type": "Polygon", "coordinates": [ [ [ 30.384469, 59.970706999998662 ], [ 30.383601, 59.971122999998649 ], [ 30.383589, 59.97115499999866 ], [ 30.383767, 59.971204999998669 ], [ 30.384609, 59.970787999998663 ], [ 30.384469, 59.970706999998662 ] ] ] } },
{ "type": "Feature", "properties": { "height": 27.0, "match_type": "matched", "height_source": "source_b" }, "geometry": { "type": "Polygon", "coordinates": [ [ [ 30.384424, 59.963650999998634 ], [ 30.384056, 59.963239999998635 ], [ 30.38343, 59.963380999998662 ], [ 30.383577, 59.963544999998661 ], [ 30.383861, 59.963480999998644 ], [ 30.384068, 59.963712999998663 ], [ 30.383983, 59.963947999998659 ], [ 30.384373, 59.963963999998647 ], [ 30.384424, 59.963650999998634 ] ] ] } },
{ "type": "Feature", "properties": { "height": 15.0, "match_type": "matched", "height_source": "source_b" }, "geometry": { "type": "Polygon", "coordinates": [ [ [ 30.383705, 59.965495999998652 ], [ 30.383464, 59.965550999998655 ], [ 30.383881, 59.966013999998651 ], [ 30.384116, 59.965959999998667 ], [ 30.383705, 59.965495999998652 ] ] ] } },
{ "type": "Feature", "properties": { "height": 4.4, "match_type": "only_a", "height_source": "ml_predicted" }, "geometry": { "type": "Polygon", "coordinates": [ [ [ 30.38392, 59.97325 ], [ 30.38367, 59.97321 ], [ 30.38365, 59.97326 ], [ 30.38398, 59.97331 ], [ 30.3841, 59.97308 ], [ 30.38402, 59.97307 ], [ 30.38392, 59.97325 ] ] ] } },
{ "type": "Feature", "properties": { "height": 4.0, "match_type": "matched", "height_source": "source_b" }, "geometry": { "type": "Polygon", "coordinates": [ [ [ 30.383304, 59.97333999999865 ], [ 30.383201, 59.973528999998656 ], [ 30.383905, 59.973626999998636 ], [ 30.38401, 59.973437999998666 ], [ 30.383304, 59.97333999999865 ] ] ] } },
{ "type": "Feature", "properties": { "height": 4.5, "match_type": "matched", "height_source": "source_b" }, "geometry": { "type": "Polygon", "coordinates": [ [ [ 30.383629, 59.973601999998671 ], [ 30.383605, 59.973644999998648 ], [ 30.383907, 59.973685999998672 ], [ 30.383931, 59.973642999998667 ], [ 30.383629, 59.973601999998671 ] ] ] } },
{ "type": "Feature", "properties": { "height": 13.7, "match_type": "only_a", "height_source": "ml_predicted" }, "geometry": { "type": "Polygon", "coordinates": [ [ [ 30.38397, 59.96372 ], [ 30.38391, 59.96369 ], [ 30.3839, 59.96371 ], [ 30.38397, 59.96372 ] ] ] } },
{ "type": "Feature", "properties": { "height": 15.0, "match_type": "matched", "height_source": "source_b" }, "geometry": { "type": "Polygon", "coordinates": [ [ [ 30.384489, 59.976259999998668 ], [ 30.384053, 59.976208999998661 ], [ 30.384101, 59.976107999998653 ], [ 30.38418, 59.976114999998657 ], [ 30.384217, 59.976031999998632 ], [ 30.383971, 59.976004999998665 ], [ 30.383949, 59.976060999998687 ], [ 30.383884, 59.976053999998655 ], [ 30.383762, 59.976347999998644 ], [ 30.383807, 59.976353999998672 ], [ 30.383787, 59.976405999998661 ], [ 30.383687, 59.976394999998639 ], [ 30.383451, 59.976973999998684 ], [ 30.383707, 59.977001999998663 ], [ 30.383985, 59.976350999998658 ], [ 30.384424, 59.976402999998633 ], [ 30.384489, 59.976259999998668 ] ] ] } },
{ "type": "Feature", "properties": { "height": 9.9, "match_type": "matched", "height_source": "source_b" }, "geometry": { "type": "Polygon", "coordinates": [ [ [ 30.384507, 59.976218999998657 ], [ 30.384408, 59.976437999998687 ], [ 30.384638, 59.976465999998666 ], [ 30.384745, 59.976246999998665 ], [ 30.384507, 59.976218999998657 ] ] ] } },
{ "type": "Feature", "properties": { "height": 8.0, "match_type": "matched", "height_source": "source_b" }, "geometry": { "type": "Polygon", "coordinates": [ [ [ 30.384045, 59.967491999998671 ], [ 30.384112, 59.967568999998669 ], [ 30.384255, 59.967594999998681 ], [ 30.384819, 59.967432999998664 ], [ 30.384693, 59.967317999998677 ], [ 30.384045, 59.967491999998671 ] ] ] } },
{ "type": "Feature", "properties": { "height": 15.0, "match_type": "matched", "height_source": "source_b" }, "geometry": { "type": "Polygon", "coordinates": [ [ [ 30.38379, 59.968103999998668 ], [ 30.383602, 59.968146999998666 ], [ 30.384246, 59.968850999998658 ], [ 30.384433, 59.968807999998653 ], [ 30.38379, 59.968103999998668 ] ] ] } },
{ "type": "Feature", "properties": { "height": 9.0, "match_type": "matched", "height_source": "source_b" }, "geometry": { "type": "Polygon", "coordinates": [ [ [ 30.384139272691144, 59.973375751756031 ], [ 30.384094450808188, 59.973464842940224 ], [ 30.384261902977936, 59.973486009642869 ], [ 30.384306724442531, 59.973396918399224 ], [ 30.384139272691144, 59.973375751756031 ] ] ] } },
{ "type": "Feature", "properties": { "height": 20.0, "match_type": "matched", "height_source": "source_b" }, "geometry": { "type": "Polygon", "coordinates": [ [ [ 30.384045, 59.967491999998671 ], [ 30.384266, 59.967431999998645 ], [ 30.384182, 59.967314999998656 ], [ 30.384583, 59.967219999998676 ], [ 30.38445, 59.967101999998654 ], [ 30.383813, 59.967234999998659 ], [ 30.384045, 59.967491999998671 ] ] ] } },
{ "type": "Feature", "properties": { "height": 15.0, "match_type": "matched", "height_source": "source_b" }, "geometry": { "type": "Polygon", "coordinates": [ [ [ 30.384344, 59.969827999998657 ], [ 30.38318, 59.970336999998672 ], [ 30.383329, 59.970422999998668 ], [ 30.384493, 59.969913999998681 ], [ 30.384344, 59.969827999998657 ] ] ] } },
{ "type": "Feature", "properties": { "height": 3.9, "match_type": "only_a", "height_source": "ml_predicted" }, "geometry": { "type": "Polygon", "coordinates": [ [ [ 30.38432, 59.97611 ], [ 30.38447, 59.97612 ], [ 30.38448, 59.97608 ], [ 30.38433, 59.97607 ], [ 30.38432, 59.97611 ] ] ] } },
{ "type": "Feature", "properties": { "height": 8.0, "match_type": "matched", "height_source": "source_b" }, "geometry": { "type": "Polygon", "coordinates": [ [ [ 30.38444, 59.966507999998647 ], [ 30.383925, 59.966676999998654 ], [ 30.384013, 59.966741999998654 ], [ 30.38431, 59.966649999998658 ], [ 30.384275, 59.96662699999866 ], [ 30.38451, 59.966555999998654 ], [ 30.38444, 59.966507999998647 ] ] ] } },
{ "type": "Feature", "properties": { "height": 6.7, "match_type": "only_a", "height_source": "ml_predicted" }, "geometry": { "type": "Polygon", "coordinates": [ [ [ 30.38436, 59.9671 ], [ 30.3843, 59.96704 ], [ 30.3838, 59.96717 ], [ 30.38385, 59.96723 ], [ 30.38436, 59.9671 ] ] ] } },
{ "type": "Feature", "properties": { "height": 15.0, "match_type": "matched", "height_source": "source_b" }, "geometry": { "type": "Polygon", "coordinates": [ [ [ 30.383711, 59.968771999998665 ], [ 30.38351, 59.968816999998666 ], [ 30.384387, 59.969770999998673 ], [ 30.384588, 59.969723999998678 ], [ 30.383711, 59.968771999998665 ] ] ] } },
{ "type": "Feature", "properties": { "height": 6.1, "match_type": "only_a", "height_source": "ml_predicted" }, "geometry": { "type": "Polygon", "coordinates": [ [ [ 30.38439, 59.96884 ], [ 30.38444, 59.9689 ], [ 30.38452, 59.96888 ], [ 30.38446, 59.96882 ], [ 30.38439, 59.96884 ] ] ] } },
{ "type": "Feature", "properties": { "height": 4.2, "match_type": "only_a", "height_source": "ml_predicted" }, "geometry": { "type": "Polygon", "coordinates": [ [ [ 30.3844, 59.97307 ], [ 30.38442, 59.97302 ], [ 30.38428, 59.97301 ], [ 30.38426, 59.97305 ], [ 30.3844, 59.97307 ] ] ] } },
{ "type": "Feature", "properties": { "height": 4.5, "match_type": "matched", "height_source": "source_b" }, "geometry": { "type": "Polygon", "coordinates": [ [ [ 30.384064, 59.972670999998648 ], [ 30.384038, 59.972739999998666 ], [ 30.384176, 59.972752999998669 ], [ 30.384135, 59.972860999998666 ], [ 30.384277, 59.972874999998666 ], [ 30.384243, 59.97296599999865 ], [ 30.384408, 59.972980999998668 ], [ 30.384485, 59.972773999998651 ], [ 30.384331, 59.972758999998668 ], [ 30.384354, 59.972697999998658 ], [ 30.384064, 59.972670999998648 ] ] ] } },
{ "type": "Feature", "properties": { "height": 8.0, "match_type": "matched", "height_source": "source_b" }, "geometry": { "type": "Polygon", "coordinates": [ [ [ 30.38445, 59.967101999998654 ], [ 30.384523, 59.967166999998639 ], [ 30.384661, 59.967130999998666 ], [ 30.384585, 59.967064999998669 ], [ 30.38445, 59.967101999998654 ] ] ] } },
{ "type": "Feature", "properties": { "height": 6.2, "match_type": "only_a", "height_source": "ml_predicted" }, "geometry": { "type": "Polygon", "coordinates": [ [ [ 30.38454, 59.9686 ], [ 30.3846, 59.96859 ], [ 30.38454, 59.96852 ], [ 30.38448, 59.96854 ], [ 30.38454, 59.9686 ] ] ] } },
{ "type": "Feature", "properties": { "height": 6.1, "match_type": "only_a", "height_source": "ml_predicted" }, "geometry": { "type": "Polygon", "coordinates": [ [ [ 30.38456, 59.96903 ], [ 30.38464, 59.96901 ], [ 30.38459, 59.96895 ], [ 30.38449, 59.96897 ], [ 30.38456, 59.96903 ] ] ] } },
{ "type": "Feature", "properties": { "height": 9.9, "match_type": "matched", "height_source": "source_b" }, "geometry": { "type": "Polygon", "coordinates": [ [ [ 30.384392, 59.976552999998667 ], [ 30.384288, 59.976781999998636 ], [ 30.384576, 59.976815999998657 ], [ 30.384676, 59.976582999998662 ], [ 30.384392, 59.976552999998667 ] ] ] } },
{ "type": "Feature", "properties": { "height": 8.0, "match_type": "matched", "height_source": "source_b" }, "geometry": { "type": "Polygon", "coordinates": [ [ [ 30.384046, 59.972398999998696 ], [ 30.384032, 59.972431999998662 ], [ 30.383727, 59.972398999998696 ], [ 30.383671, 59.972532999998663 ], [ 30.384574, 59.972627999998672 ], [ 30.38463, 59.972495999998657 ], [ 30.384046, 59.972398999998696 ] ] ] } },
{ "type": "Feature", "properties": { "height": 15.0, "match_type": "matched", "height_source": "source_b" }, "geometry": { "type": "Polygon", "coordinates": [ [ [ 30.38505, 59.969666999998658 ], [ 30.385245, 59.969620999998661 ], [ 30.384817, 59.96914399999865 ], [ 30.384622, 59.969199999998679 ], [ 30.38505, 59.969666999998658 ] ] ] } },
{ "type": "Feature", "properties": { "height": 15.0, "match_type": "matched", "height_source": "source_b" }, "geometry": { "type": "Polygon", "coordinates": [ [ [ 30.384572, 59.969211999998649 ], [ 30.384776, 59.969165999998673 ], [ 30.384661, 59.969028999998692 ], [ 30.384452, 59.969076999998677 ], [ 30.384572, 59.969211999998649 ] ] ] } },
{ "type": "Feature", "properties": { "height": 8.0, "match_type": "matched", "height_source": "source_b" }, "geometry": { "type": "Polygon", "coordinates": [ [ [ 30.384792, 59.966519999998667 ], [ 30.384521, 59.966587999998659 ], [ 30.384667, 59.966729999998655 ], [ 30.384769, 59.966701999998648 ], [ 30.384729, 59.966660999998638 ], [ 30.384897, 59.96661999999867 ], [ 30.384792, 59.966519999998667 ] ] ] } },
{ "type": "Feature", "properties": { "height": 8.0, "match_type": "matched", "height_source": "source_b" }, "geometry": { "type": "Polygon", "coordinates": [ [ [ 30.385261, 59.966704999998662 ], [ 30.385087, 59.966737999998664 ], [ 30.385272, 59.966906999998656 ], [ 30.385435, 59.966861999998656 ], [ 30.385261, 59.966704999998662 ] ] ] } },
{ "type": "Feature", "properties": { "height": 20.0, "match_type": "matched", "height_source": "source_b" }, "geometry": { "type": "Polygon", "coordinates": [ [ [ 30.385695, 59.966584999998666 ], [ 30.385793, 59.966558999998654 ], [ 30.385759, 59.966526999998671 ], [ 30.385661, 59.966552999998655 ], [ 30.385695, 59.966584999998666 ] ] ] } },
{ "type": "Feature", "properties": { "height": 20.0, "match_type": "matched", "height_source": "source_b" }, "geometry": { "type": "Polygon", "coordinates": [ [ [ 30.386142, 59.966352999998669 ], [ 30.386219, 59.966332999998663 ], [ 30.386144, 59.96625799999866 ], [ 30.386066, 59.966276999998676 ], [ 30.386142, 59.966352999998669 ] ] ] } },
{ "type": "Feature", "properties": { "height": 21.0, "match_type": "matched", "height_source": "source_b" }, "geometry": { "type": "Polygon", "coordinates": [ [ [ 30.386628, 59.966621999998651 ], [ 30.386542, 59.966646999998673 ], [ 30.386616, 59.966705999998652 ], [ 30.386699, 59.966679999998675 ], [ 30.386628, 59.966621999998651 ] ] ] } },
{ "type": "Feature", "properties": { "height": 16.0, "match_type": "matched", "height_source": "source_b" }, "geometry": { "type": "Polygon", "coordinates": [ [ [ 30.386071, 59.966787999998658 ], [ 30.385727, 59.966455999998644 ], [ 30.385555, 59.966498999998663 ], [ 30.38565, 59.96659299999866 ], [ 30.385261, 59.966704999998662 ], [ 30.385423, 59.966850999998663 ], [ 30.385802, 59.966742999998672 ], [ 30.385898, 59.966838999998657 ], [ 30.386071, 59.966787999998658 ] ], [ [ 30.385695, 59.966584999998666 ], [ 30.385661, 59.966552999998655 ], [ 30.385759, 59.966526999998671 ], [ 30.385793, 59.966558999998654 ], [ 30.385695, 59.966584999998666 ] ], [ [ 30.385946, 59.966743999998648 ], [ 30.385885, 59.966762999998664 ], [ 30.385827, 59.966714999998665 ], [ 30.385888, 59.966696999998632 ], [ 30.385946, 59.966743999998648 ] ] ] } },
{ "type": "Feature", "properties": { "height": 20.0, "match_type": "matched", "height_source": "source_b" }, "geometry": { "type": "Polygon", "coordinates": [ [ [ 30.385262, 59.967027999998663 ], [ 30.385445, 59.967184999998651 ], [ 30.38749, 59.96657399999868 ], [ 30.38727, 59.966423999998668 ], [ 30.387117, 59.966468999998646 ], [ 30.387277, 59.966537999998664 ], [ 30.3871, 59.966600999998654 ], [ 30.38702, 59.966544999998661 ], [ 30.386616, 59.966705999998652 ], [ 30.386542, 59.966646999998673 ], [ 30.38574, 59.966885999998667 ], [ 30.385813, 59.966938999998668 ], [ 30.385736, 59.966965999998649 ], [ 30.385659, 59.966909999998684 ], [ 30.385262, 59.967027999998663 ] ] ] } },
{ "type": "Feature", "properties": { "height": 8.0, "match_type": "matched", "height_source": "source_b" }, "geometry": { "type": "Polygon", "coordinates": [ [ [ 30.385992, 59.966684999998655 ], [ 30.385968, 59.96669399999864 ], [ 30.386038, 59.966728999998679 ], [ 30.385992, 59.966684999998655 ] ] ] } },
{ "type": "Feature", "properties": { "height": 20.0, "match_type": "matched", "height_source": "source_b" }, "geometry": { "type": "Polygon", "coordinates": [ [ [ 30.385946, 59.966743999998648 ], [ 30.385888, 59.966696999998632 ], [ 30.385827, 59.966714999998665 ], [ 30.385885, 59.966762999998664 ], [ 30.385946, 59.966743999998648 ] ] ] } },
{ "type": "Feature", "properties": { "height": 16.0, "match_type": "matched", "height_source": "source_b" }, "geometry": { "type": "Polygon", "coordinates": [ [ [ 30.384792, 59.966519999998667 ], [ 30.384897, 59.96661999999867 ], [ 30.384729, 59.966660999998638 ], [ 30.384763, 59.966694999998673 ], [ 30.386142, 59.966352999998669 ], [ 30.386066, 59.966276999998676 ], [ 30.386144, 59.96625799999866 ], [ 30.386219, 59.966332999998663 ], [ 30.386753, 59.966151999998651 ], [ 30.386863, 59.966250999998657 ], [ 30.386763, 59.966278999998671 ], [ 30.386948, 59.96643699999867 ], [ 30.387049, 59.966411999998662 ], [ 30.387117, 59.966468999998646 ], [ 30.38727, 59.966423999998668 ], [ 30.38679, 59.965983999998663 ], [ 30.384795, 59.966478999998657 ], [ 30.384829, 59.966509999998664 ], [ 30.384792, 59.966519999998667 ] ] ] } },
{ "type": "Feature", "properties": { "height": 21.0, "match_type": "matched", "height_source": "source_b" }, "geometry": { "type": "Polygon", "coordinates": [ [ [ 30.38574, 59.966885999998667 ], [ 30.385659, 59.966909999998684 ], [ 30.385736, 59.966965999998649 ], [ 30.385813, 59.966938999998668 ], [ 30.38574, 59.966885999998667 ] ] ] } },
{ "type": "Feature", "properties": { "height": 5.7, "match_type": "only_a", "height_source": "ml_predicted" }, "geometry": { "type": "Polygon", "coordinates": [ [ [ 30.38472, 59.96491 ], [ 30.38462, 59.96481 ], [ 30.38443, 59.96485 ], [ 30.38453, 59.96495 ], [ 30.38472, 59.96491 ] ] ] } },
{ "type": "Feature", "properties": { "height": 15.0, "match_type": "matched", "height_source": "source_b" }, "geometry": { "type": "Polygon", "coordinates": [ [ [ 30.383397, 59.97144499999866 ], [ 30.383231, 59.971535999998665 ], [ 30.384536, 59.972029999998647 ], [ 30.38486, 59.972058999998659 ], [ 30.385006, 59.971739999998668 ], [ 30.384772, 59.971711999998661 ], [ 30.384641, 59.971925999998668 ], [ 30.383397, 59.97144499999866 ] ] ] } },
{ "type": "Feature", "properties": { "height": 15.0, "match_type": "matched", "height_source": "source_b" }, "geometry": { "type": "Polygon", "coordinates": [ [ [ 30.383641, 59.971263999998662 ], [ 30.383485, 59.971183999998658 ], [ 30.383015, 59.971422999998651 ], [ 30.383187, 59.971510999998642 ], [ 30.383641, 59.971263999998662 ] ] ] } },
{ "type": "Feature", "properties": { "height": 4.0, "match_type": "matched", "height_source": "source_b" }, "geometry": { "type": "Polygon", "coordinates": [ [ [ 30.38476, 59.964488999998665 ], [ 30.384729, 59.964645999998652 ], [ 30.385076, 59.964659999998652 ], [ 30.385105, 59.964505999998657 ], [ 30.38476, 59.964488999998665 ] ] ] } },
{ "type": "Feature", "properties": { "height": 4.4, "match_type": "only_a", "height_source": "ml_predicted" }, "geometry": { "type": "Polygon", "coordinates": [ [ [ 30.38486, 59.96508 ], [ 30.38474, 59.96496 ], [ 30.38463, 59.96498 ], [ 30.38475, 59.96511 ], [ 30.38486, 59.96508 ] ] ] } },
{ "type": "Feature", "properties": { "height": 15.0, "match_type": "matched", "height_source": "source_b" }, "geometry": { "type": "Polygon", "coordinates": [ [ [ 30.384408, 59.974611999998679 ], [ 30.384703, 59.974748999998674 ], [ 30.385739, 59.974583999998671 ], [ 30.385665, 59.974467999998659 ], [ 30.384727, 59.974617999998664 ], [ 30.384641, 59.974584999998676 ], [ 30.384408, 59.974611999998679 ] ] ] } },
{ "type": "Feature", "properties": { "height": 15.0, "match_type": "matched", "height_source": "source_b" }, "geometry": { "type": "Polygon", "coordinates": [ [ [ 30.384408, 59.974611999998679 ], [ 30.384641, 59.974584999998676 ], [ 30.384859, 59.974095999998646 ], [ 30.384642, 59.974073999998652 ], [ 30.384408, 59.974611999998679 ] ] ] } },
{ "type": "Feature", "properties": { "height": 8.0, "match_type": "matched", "height_source": "source_b" }, "geometry": { "type": "Polygon", "coordinates": [ [ [ 30.385115, 59.967071999998659 ], [ 30.385243, 59.967033999998662 ], [ 30.384945, 59.966788999998649 ], [ 30.384424, 59.966923999998663 ], [ 30.384541, 59.967028999998647 ], [ 30.384941, 59.966921999998682 ], [ 30.385115, 59.967071999998659 ] ] ] } },
{ "type": "Feature", "properties": { "height": 8.0, "match_type": "matched", "height_source": "source_b" }, "geometry": { "type": "Polygon", "coordinates": [ [ [ 30.384781, 59.96696499999868 ], [ 30.384713, 59.966982999998656 ], [ 30.384818, 59.966999999998656 ], [ 30.384781, 59.96696499999868 ] ] ] } },
{ "type": "Feature", "properties": { "height": 4.6, "match_type": "only_a", "height_source": "ml_predicted" }, "geometry": { "type": "Polygon", "coordinates": [ [ [ 30.38494, 59.97576 ], [ 30.3853, 59.97572 ], [ 30.38527, 59.97565 ], [ 30.38491, 59.97568 ], [ 30.38494, 59.97576 ] ] ] } },
{ "type": "Feature", "properties": { "height": 4.5, "match_type": "matched", "height_source": "source_b" }, "geometry": { "type": "Polygon", "coordinates": [ [ [ 30.384927, 59.965256999998658 ], [ 30.384362, 59.965375999998635 ], [ 30.384419, 59.965443999998662 ], [ 30.384312, 59.965465999998656 ], [ 30.384426, 59.965601999998647 ], [ 30.384776, 59.965527999998635 ], [ 30.384869, 59.96563999999865 ], [ 30.384997, 59.965613999998659 ], [ 30.384884, 59.965478999998659 ], [ 30.385078, 59.965437999998649 ], [ 30.384927, 59.965256999998658 ] ] ] } },
{ "type": "Feature", "properties": { "height": 3.6, "match_type": "only_a", "height_source": "ml_predicted" }, "geometry": { "type": "Polygon", "coordinates": [ [ [ 30.38502, 59.97676 ], [ 30.38504, 59.9768 ], [ 30.38514, 59.97679 ], [ 30.38511, 59.97674 ], [ 30.38502, 59.97676 ] ] ] } },
{ "type": "Feature", "properties": { "height": 15.0, "match_type": "matched", "height_source": "source_b" }, "geometry": { "type": "Polygon", "coordinates": [ [ [ 30.384954, 59.971075999998668 ], [ 30.384718, 59.971577999998651 ], [ 30.384945, 59.971602999998666 ], [ 30.385177, 59.971100999998654 ], [ 30.384954, 59.971075999998668 ] ] ] } },
{ "type": "Feature", "properties": { "height": 15.0, "match_type": "matched", "height_source": "source_b" }, "geometry": { "type": "Polygon", "coordinates": [ [ [ 30.3849, 59.970048999998639 ], [ 30.383071, 59.970942999998663 ], [ 30.383219, 59.971026999998678 ], [ 30.385057, 59.970122999998665 ], [ 30.3849, 59.970048999998639 ] ] ] } },
{ "type": "Feature", "properties": { "height": 9.9, "match_type": "matched", "height_source": "source_b" }, "geometry": { "type": "Polygon", "coordinates": [ [ [ 30.3849, 59.970048999998639 ], [ 30.385057, 59.970122999998665 ], [ 30.38545, 59.96993499999865 ], [ 30.385416, 59.969912999998662 ], [ 30.385469, 59.969847999998656 ], [ 30.385263, 59.969616999998649 ], [ 30.38505, 59.969666999998658 ], [ 30.385163, 59.96981199999864 ], [ 30.385101, 59.969851999998689 ], [ 30.385122, 59.969913999998681 ], [ 30.3849, 59.970048999998639 ] ] ] } },
{ "type": "Feature", "properties": { "height": 3.4, "match_type": "only_a", "height_source": "ml_predicted" }, "geometry": { "type": "Polygon", "coordinates": [ [ [ 30.38506, 59.97666 ], [ 30.38517, 59.97664 ], [ 30.38514, 59.97659 ], [ 30.38503, 59.97661 ], [ 30.38506, 59.97666 ] ] ] } },
{ "type": "Feature", "properties": { "height": 4.5, "match_type": "matched", "height_source": "source_b" }, "geometry": { "type": "Polygon", "coordinates": [ [ [ 30.385015, 59.976887999998681 ], [ 30.384756, 59.976934999998655 ], [ 30.384812, 59.977010999998647 ], [ 30.38507, 59.976964999998657 ], [ 30.385015, 59.976887999998681 ] ] ] } },
{ "type": "Feature", "properties": { "height": 24.0, "match_type": "matched", "height_source": "source_b" }, "geometry": { "type": "Polygon", "coordinates": [ [ [ 30.385194, 59.970799999998647 ], [ 30.385155, 59.970895999998667 ], [ 30.385065, 59.970885999998679 ], [ 30.385022, 59.970984999998663 ], [ 30.385314, 59.971015999998649 ], [ 30.385357, 59.97091699999865 ], [ 30.385443, 59.970925999998649 ], [ 30.385484, 59.970830999998668 ], [ 30.385194, 59.970799999998647 ] ] ] } },
{ "type": "Feature", "properties": { "height": 7.0, "match_type": "only_a", "height_source": "ml_predicted" }, "geometry": { "type": "Polygon", "coordinates": [ [ [ 30.38509, 59.9756 ], [ 30.38515, 59.97558 ], [ 30.38514, 59.97556 ], [ 30.38507, 59.97555 ], [ 30.38509, 59.9756 ] ] ] } },
{ "type": "Feature", "properties": { "height": 12.0, "match_type": "matched", "height_source": "source_b" }, "geometry": { "type": "Polygon", "coordinates": [ [ [ 30.38476, 59.964488999998665 ], [ 30.385105, 59.964505999998657 ], [ 30.385218, 59.963829999998651 ], [ 30.38488, 59.963813999998663 ], [ 30.38476, 59.964488999998665 ] ] ] } },
{ "type": "Feature", "properties": { "height": 9.9, "match_type": "matched", "height_source": "source_b" }, "geometry": { "type": "Polygon", "coordinates": [ [ [ 30.385636, 59.968764999998662 ], [ 30.385412, 59.968524999998642 ], [ 30.385161, 59.968585999998666 ], [ 30.385385, 59.968826999998669 ], [ 30.385636, 59.968764999998662 ] ] ] } },
{ "type": "Feature", "properties": { "height": 8.0, "match_type": "matched", "height_source": "source_b" }, "geometry": { "type": "Polygon", "coordinates": [ [ [ 30.385445, 59.967184999998651 ], [ 30.385262, 59.967027999998663 ], [ 30.385115, 59.967071999998659 ], [ 30.385287, 59.967230999998655 ], [ 30.385445, 59.967184999998651 ] ] ] } },
{ "type": "Feature", "properties": { "height": 54.0, "match_type": "matched", "height_source": "source_b" }, "geometry": { "type": "Polygon", "coordinates": [ [ [ 30.38557, 59.976291999998644 ], [ 30.385526, 59.976215999998658 ], [ 30.385245, 59.976254999998659 ], [ 30.385306, 59.976359999998671 ], [ 30.38557, 59.976291999998644 ] ] ] } },
{ "type": "Feature", "properties": { "height": 51.0, "match_type": "matched", "height_source": "source_b" }, "geometry": { "type": "Polygon", "coordinates": [ [ [ 30.386906, 59.976197999998668 ], [ 30.386844, 59.976090999998675 ], [ 30.386637, 59.976126999998662 ], [ 30.386654, 59.976151999998663 ], [ 30.386551, 59.976169999998696 ], [ 30.386588, 59.976233999998684 ], [ 30.386424, 59.976256999998654 ], [ 30.386517, 59.976411999998682 ], [ 30.386702, 59.976384999998658 ], [ 30.386635, 59.976267999998662 ], [ 30.386909, 59.97622799999867 ], [ 30.386976, 59.976343999998655 ], [ 30.387085, 59.976327999998674 ], [ 30.387047, 59.976176999998671 ], [ 30.386906, 59.976197999998668 ] ] ] } },
{ "type": "Feature", "properties": { "height": 51.0, "match_type": "matched", "height_source": "source_b" }, "geometry": { "type": "Polygon", "coordinates": [ [ [ 30.386313, 59.976272999998685 ], [ 30.385875, 59.976336999998665 ], [ 30.386023, 59.976483999998663 ], [ 30.386336, 59.976438999998692 ], [ 30.38629, 59.976342999998664 ], [ 30.386343, 59.976335999998675 ], [ 30.386313, 59.976272999998685 ] ] ] } },
{ "type": "Feature", "properties": { "height": 54.0, "match_type": "matched", "height_source": "source_b" }, "geometry": { "type": "Polygon", "coordinates": [ [ [ 30.386844, 59.976090999998675 ], [ 30.386804, 59.976022999998648 ], [ 30.386498, 59.976076999998661 ], [ 30.386551, 59.976169999998696 ], [ 30.386844, 59.976090999998675 ] ] ] } },
{ "type": "Feature", "properties": { "height": 51.0, "match_type": "matched", "height_source": "source_b" }, "geometry": { "type": "Polygon", "coordinates": [ [ [ 30.386804, 59.976022999998648 ], [ 30.386679, 59.97580599999867 ], [ 30.386393, 59.975893999998647 ], [ 30.386498, 59.976076999998661 ], [ 30.386804, 59.976022999998648 ] ] ] } },
{ "type": "Feature", "properties": { "height": 51.0, "match_type": "matched", "height_source": "source_b" }, "geometry": { "type": "Polygon", "coordinates": [ [ [ 30.386653, 59.975760999998684 ], [ 30.386557, 59.975595999998674 ], [ 30.386274, 59.975686999998644 ], [ 30.386326, 59.975776999998665 ], [ 30.386653, 59.975760999998684 ] ] ] } },
{ "type": "Feature", "properties": { "height": 54.0, "match_type": "matched", "height_source": "source_b" }, "geometry": { "type": "Polygon", "coordinates": [ [ [ 30.386679, 59.97580599999867 ], [ 30.386653, 59.975760999998684 ], [ 30.38656, 59.97577799999867 ], [ 30.386533, 59.975738999998654 ], [ 30.386326, 59.975776999998665 ], [ 30.386393, 59.975893999998647 ], [ 30.386679, 59.97580599999867 ] ] ] } },
{ "type": "Feature", "properties": { "height": 54.0, "match_type": "matched", "height_source": "source_b" }, "geometry": { "type": "Polygon", "coordinates": [ [ [ 30.386557, 59.975595999998674 ], [ 30.386532, 59.975550999998667 ], [ 30.386413, 59.975565999998658 ], [ 30.386397, 59.97553199999868 ], [ 30.3862, 59.975556999998673 ], [ 30.386274, 59.975686999998644 ], [ 30.386557, 59.975595999998674 ] ] ] } },
{ "type": "Feature", "properties": { "height": 51.0, "match_type": "matched", "height_source": "source_b" }, "geometry": { "type": "Polygon", "coordinates": [ [ [ 30.385734, 59.976356999998657 ], [ 30.385617, 59.97637399999865 ], [ 30.38557, 59.976291999998644 ], [ 30.385306, 59.976359999998671 ], [ 30.38536, 59.976452999998656 ], [ 30.385631, 59.976412999998679 ], [ 30.3857, 59.976530999998687 ], [ 30.385825, 59.976512999998661 ], [ 30.385734, 59.976356999998657 ] ] ] } },
{ "type": "Feature", "properties": { "height": 51.0, "match_type": "matched", "height_source": "source_b" }, "geometry": { "type": "Polygon", "coordinates": [ [ [ 30.386532, 59.975550999998667 ], [ 30.386462, 59.975429999998681 ], [ 30.386156, 59.975480999998695 ], [ 30.3862, 59.975556999998673 ], [ 30.386532, 59.975550999998667 ] ] ] } },
{ "type": "Feature", "properties": { "height": 54.0, "match_type": "matched", "height_source": "source_b" }, "geometry": { "type": "Polygon", "coordinates": [ [ [ 30.386424, 59.976256999998654 ], [ 30.386313, 59.976272999998685 ], [ 30.386343, 59.976335999998675 ], [ 30.38629, 59.976342999998664 ], [ 30.386336, 59.976438999998692 ], [ 30.386517, 59.976411999998682 ], [ 30.386424, 59.976256999998654 ] ] ] } },
{ "type": "Feature", "properties": { "height": 51.0, "match_type": "matched", "height_source": "source_b" }, "geometry": { "type": "Polygon", "coordinates": [ [ [ 30.385526, 59.976215999998658 ], [ 30.385453, 59.976089999998671 ], [ 30.385173, 59.976130999998666 ], [ 30.385245, 59.976254999998659 ], [ 30.385526, 59.976215999998658 ] ] ] } },
{ "type": "Feature", "properties": { "height": 54.0, "match_type": "matched", "height_source": "source_b" }, "geometry": { "type": "Polygon", "coordinates": [ [ [ 30.385875, 59.976336999998665 ], [ 30.385734, 59.976356999998657 ], [ 30.385825, 59.976512999998661 ], [ 30.386023, 59.976483999998663 ], [ 30.385875, 59.976336999998665 ] ] ] } },
{ "type": "Feature", "properties": { "height": 9.9, "match_type": "matched", "height_source": "source_b" }, "geometry": { "type": "Polygon", "coordinates": [ [ [ 30.38524, 59.972645999998655 ], [ 30.384993, 59.97320799999865 ], [ 30.385787, 59.973326999998662 ], [ 30.385837, 59.973213999998663 ], [ 30.385253, 59.973143999998648 ], [ 30.385287, 59.973066999998679 ], [ 30.385338, 59.973071999998673 ], [ 30.385469, 59.972769999998647 ], [ 30.385993, 59.97282899999869 ], [ 30.386045, 59.972709999998663 ], [ 30.38524, 59.972645999998655 ] ] ] } },
{ "type": "Feature", "properties": { "height": 4.5, "match_type": "matched", "height_source": "source_b" }, "geometry": { "type": "Polygon", "coordinates": [ [ [ 30.385758, 59.975632999998659 ], [ 30.385281, 59.975700999998644 ], [ 30.385333, 59.975790999998672 ], [ 30.385809, 59.975721999998669 ], [ 30.385758, 59.975632999998659 ] ] ] } },
{ "type": "Feature", "properties": { "height": 6.7, "match_type": "only_a", "height_source": "ml_predicted" }, "geometry": { "type": "Polygon", "coordinates": [ [ [ 30.38551, 59.96827 ], [ 30.38557, 59.96834 ], [ 30.3858, 59.96829 ], [ 30.38573, 59.9682 ], [ 30.38551, 59.96827 ] ] ] } },
{ "type": "Feature", "properties": { "height": 15.0, "match_type": "matched", "height_source": "source_b" }, "geometry": { "type": "Polygon", "coordinates": [ [ [ 30.385271, 59.970513999998673 ], [ 30.385003, 59.970421999998663 ], [ 30.384527, 59.970677999998642 ], [ 30.384711, 59.970730999998665 ], [ 30.38503, 59.970571999998661 ], [ 30.385166, 59.970612999998671 ], [ 30.385271, 59.970513999998673 ] ] ] } },
{ "type": "Feature", "properties": { "height": 15.0, "match_type": "matched", "height_source": "source_b" }, "geometry": { "type": "Polygon", "coordinates": [ [ [ 30.385166, 59.970612999998671 ], [ 30.385499, 59.970686999998669 ], [ 30.385554, 59.970569999998666 ], [ 30.385271, 59.970513999998673 ], [ 30.385166, 59.970612999998671 ] ] ] } },
{ "type": "Feature", "properties": { "height": 15.0, "match_type": "matched", "height_source": "source_b" }, "geometry": { "type": "Polygon", "coordinates": [ [ [ 30.385194, 59.970799999998647 ], [ 30.385433, 59.970825999998645 ], [ 30.385499, 59.970686999998669 ], [ 30.385288, 59.970649999998649 ], [ 30.385194, 59.970799999998647 ] ] ] } },
{ "type": "Feature", "properties": { "height": 15.0, "match_type": "matched", "height_source": "source_b" }, "geometry": { "type": "Polygon", "coordinates": [ [ [ 30.385158, 59.973453999998654 ], [ 30.384961, 59.973899999998665 ], [ 30.385525, 59.973958999998658 ], [ 30.385581, 59.973831999998673 ], [ 30.385257, 59.973791999998681 ], [ 30.385428, 59.973484999998675 ], [ 30.385158, 59.973453999998654 ] ] ] } },
{ "type": "Feature", "properties": { "height": 24.0, "match_type": "matched", "height_source": "source_b" }, "geometry": { "type": "Polygon", "coordinates": [ [ [ 30.387219, 59.971636999998658 ], [ 30.38641, 59.971748999998709 ], [ 30.385741, 59.971735999998657 ], [ 30.385606, 59.972051999998655 ], [ 30.385956, 59.972094999998674 ], [ 30.38598, 59.971907999998663 ], [ 30.386374, 59.971911999998667 ], [ 30.38639, 59.97198599999868 ], [ 30.386744, 59.971954999998673 ], [ 30.386715, 59.971881999998658 ], [ 30.38707, 59.971836999998658 ], [ 30.387163, 59.971937999998651 ], [ 30.387108, 59.971948999998673 ], [ 30.387163, 59.972004999998653 ], [ 30.387483, 59.971923999998658 ], [ 30.387219, 59.971636999998658 ] ] ] } },
{ "type": "Feature", "properties": { "height": 4.6, "match_type": "only_a", "height_source": "ml_predicted" }, "geometry": { "type": "Polygon", "coordinates": [ [ [ 30.38568, 59.97379 ], [ 30.38569, 59.97377 ], [ 30.38558, 59.97378 ], [ 30.38568, 59.97379 ] ] ] } },
{ "type": "Feature", "properties": { "height": 4.5, "match_type": "matched", "height_source": "source_b" }, "geometry": { "type": "Polygon", "coordinates": [ [ [ 30.385668, 59.97291499999865 ], [ 30.385635, 59.972990999998672 ], [ 30.385839, 59.97301299999868 ], [ 30.385871, 59.972936999998687 ], [ 30.385668, 59.97291499999865 ] ] ] } },
{ "type": "Feature", "properties": { "height": 4.5, "match_type": "matched", "height_source": "source_b" }, "geometry": { "type": "Polygon", "coordinates": [ [ [ 30.38575, 59.973530999998665 ], [ 30.385627, 59.973758999998665 ], [ 30.385707, 59.97376999999868 ], [ 30.385831, 59.973541999998673 ], [ 30.38575, 59.973530999998665 ] ] ] } },
{ "type": "Feature", "properties": { "height": 4.5, "match_type": "matched", "height_source": "source_b" }, "geometry": { "type": "Polygon", "coordinates": [ [ [ 30.385915, 59.972190999998624 ], [ 30.385888, 59.972263999998667 ], [ 30.385476, 59.972224999998659 ], [ 30.385418, 59.972376999998673 ], [ 30.386173, 59.972448999998662 ], [ 30.386257, 59.972223999998654 ], [ 30.385915, 59.972190999998624 ] ] ] } },
{ "type": "Feature", "properties": { "height": 4.5, "match_type": "matched", "height_source": "source_b" }, "geometry": { "type": "Polygon", "coordinates": [ [ [ 30.385771, 59.973800999998666 ], [ 30.385751, 59.973976999998648 ], [ 30.385902, 59.973965999998669 ], [ 30.385946, 59.973805999998675 ], [ 30.385771, 59.973800999998666 ] ] ] } },
{ "type": "Feature", "properties": { "height": 4.5, "match_type": "matched", "height_source": "source_b" }, "geometry": { "type": "Polygon", "coordinates": [ [ [ 30.385751, 59.962999999998665 ], [ 30.385514, 59.962995999998654 ], [ 30.385502, 59.963142999998674 ], [ 30.385739, 59.963147999998668 ], [ 30.385751, 59.962999999998665 ] ] ] } },
{ "type": "Feature", "properties": { "height": 4.4, "match_type": "only_a", "height_source": "ml_predicted" }, "geometry": { "type": "Polygon", "coordinates": [ [ [ 30.38571, 59.97354 ], [ 30.38582, 59.97352 ], [ 30.38572, 59.9735 ], [ 30.38571, 59.97354 ] ] ] } },
{ "type": "Feature", "properties": { "height": 15.0, "match_type": "matched", "height_source": "source_b" }, "geometry": { "type": "Polygon", "coordinates": [ [ [ 30.38655, 59.970970999998649 ], [ 30.385915, 59.971003999998665 ], [ 30.38596, 59.971216999998667 ], [ 30.385796, 59.971224999998647 ], [ 30.385842, 59.971439999998665 ], [ 30.386184, 59.971421999998675 ], [ 30.386195, 59.971473999998651 ], [ 30.386785, 59.971397999998665 ], [ 30.386739, 59.971182999998668 ], [ 30.386597, 59.971190999998662 ], [ 30.38655, 59.970970999998649 ] ] ] } },
{ "type": "Feature", "properties": { "height": 4.1, "match_type": "only_a", "height_source": "ml_predicted" }, "geometry": { "type": "Polygon", "coordinates": [ [ [ 30.38591, 59.97403 ], [ 30.38603, 59.97404 ], [ 30.38605, 59.974 ], [ 30.38593, 59.97398 ], [ 30.38591, 59.97403 ] ] ] } },
{ "type": "Feature", "properties": { "height": 4.1, "match_type": "only_a", "height_source": "ml_predicted" }, "geometry": { "type": "Polygon", "coordinates": [ [ [ 30.38594, 59.97522 ], [ 30.38615, 59.97518 ], [ 30.38611, 59.97514 ], [ 30.38591, 59.97517 ], [ 30.38594, 59.97522 ] ] ] } },
{ "type": "Feature", "properties": { "height": 4.5, "match_type": "matched", "height_source": "source_b" }, "geometry": { "type": "Polygon", "coordinates": [ [ [ 30.385764, 59.965800999998649 ], [ 30.385664, 59.965826999998662 ], [ 30.385717, 59.96592599999866 ], [ 30.385898, 59.965878999998651 ], [ 30.385764, 59.965800999998649 ] ] ] } },
{ "type": "Feature", "properties": { "height": 4.5, "match_type": "matched", "height_source": "source_b" }, "geometry": { "type": "Polygon", "coordinates": [ [ [ 30.385636, 59.968764999998662 ], [ 30.385688, 59.968818999998675 ], [ 30.385994, 59.968746999998672 ], [ 30.385948, 59.968692999998687 ], [ 30.385636, 59.968764999998662 ] ] ] } },
{ "type": "Feature", "properties": { "height": 6.1, "match_type": "only_a", "height_source": "ml_predicted" }, "geometry": { "type": "Polygon", "coordinates": [ [ [ 30.38604, 59.97528 ], [ 30.38613, 59.97527 ], [ 30.38602, 59.97525 ], [ 30.38604, 59.97528 ] ] ] } },
{ "type": "Feature", "properties": { "height": 12.0, "match_type": "matched", "height_source": "source_b" }, "geometry": { "type": "Polygon", "coordinates": [ [ [ 30.386985, 59.965311999998661 ], [ 30.387196, 59.964255999998635 ], [ 30.386244, 59.964213999998648 ], [ 30.386047, 59.965217999998671 ], [ 30.386694, 59.965244999998667 ], [ 30.386687, 59.965295999998659 ], [ 30.386985, 59.965311999998661 ] ] ] } },
{ "type": "Feature", "properties": { "height": 4.0, "match_type": "matched", "height_source": "source_b" }, "geometry": { "type": "Polygon", "coordinates": [ [ [ 30.386244, 59.964213999998648 ], [ 30.387391, 59.964239999998661 ], [ 30.387407, 59.964126999998633 ], [ 30.386269, 59.96407999999866 ], [ 30.386244, 59.964213999998648 ] ] ] } },
{ "type": "Feature", "properties": { "height": 6.0, "match_type": "only_a", "height_source": "ml_predicted" }, "geometry": { "type": "Polygon", "coordinates": [ [ [ 30.38607, 59.97541 ], [ 30.38602, 59.97532 ], [ 30.38576, 59.97536 ], [ 30.38581, 59.97545 ], [ 30.38607, 59.97541 ] ] ] } },
{ "type": "Feature", "properties": { "height": 4.5, "match_type": "matched", "height_source": "source_b" }, "geometry": { "type": "Polygon", "coordinates": [ [ [ 30.385805, 59.964366999998667 ], [ 30.385694, 59.965012999998663 ], [ 30.385889, 59.965020999998671 ], [ 30.385984, 59.964373999998642 ], [ 30.385805, 59.964366999998667 ] ] ] } },
{ "type": "Feature", "properties": { "height": 6.6, "match_type": "matched", "height_source": "source_b" }, "geometry": { "type": "Polygon", "coordinates": [ [ [ 30.386151, 59.975003999998663 ], [ 30.38607, 59.974913999998677 ], [ 30.385939, 59.974911999998682 ], [ 30.386025, 59.975027999998673 ], [ 30.386151, 59.975003999998663 ] ] ] } },
{ "type": "Feature", "properties": { "height": 4.6, "match_type": "only_a", "height_source": "ml_predicted" }, "geometry": { "type": "Polygon", "coordinates": [ [ [ 30.38615, 59.97527 ], [ 30.38626, 59.97526 ], [ 30.38624, 59.97522 ], [ 30.38613, 59.97523 ], [ 30.38615, 59.97527 ] ] ] } },
{ "type": "Feature", "properties": { "height": 8.0, "match_type": "matched", "height_source": "source_b" }, "geometry": { "type": "Polygon", "coordinates": [ [ [ 30.386201, 59.962945999998659 ], [ 30.386147, 59.963336999998653 ], [ 30.386367, 59.963349999998663 ], [ 30.386341, 59.963398999998638 ], [ 30.387565, 59.963455999998651 ], [ 30.387671, 59.963004999998688 ], [ 30.386201, 59.962945999998659 ] ] ] } },
{ "type": "Feature", "properties": { "height": 13.2, "match_type": "matched", "height_source": "source_b" }, "geometry": { "type": "Polygon", "coordinates": [ [ [ 30.384196, 59.975917999998678 ], [ 30.384316, 59.975558999998668 ], [ 30.384796, 59.975462999998662 ], [ 30.385407, 59.975178999998647 ], [ 30.386175, 59.975036999998665 ], [ 30.386151, 59.975003999998663 ], [ 30.386025, 59.975027999998673 ], [ 30.385939, 59.974911999998682 ], [ 30.385123, 59.975063999998689 ], [ 30.385189, 59.97515299999867 ], [ 30.384676, 59.975375999998647 ], [ 30.384293, 59.975452999998673 ], [ 30.384073, 59.975434999998662 ], [ 30.384034, 59.975550999998667 ], [ 30.384083, 59.975554999998664 ], [ 30.383983, 59.97585199999866 ], [ 30.384196, 59.975917999998678 ] ] ] } },
{ "type": "Feature", "properties": { "height": 6.6, "match_type": "matched", "height_source": "source_b" }, "geometry": { "type": "Polygon", "coordinates": [ [ [ 30.384196, 59.975917999998678 ], [ 30.3846, 59.975951999998671 ], [ 30.384744, 59.975940999998656 ], [ 30.384766, 59.975876999998668 ], [ 30.384236, 59.975797999998676 ], [ 30.384196, 59.975917999998678 ] ] ] } },
{ "type": "Feature", "properties": { "height": 6.2, "match_type": "only_a", "height_source": "ml_predicted" }, "geometry": { "type": "Polygon", "coordinates": [ [ [ 30.38624, 59.97538 ], [ 30.38645, 59.97535 ], [ 30.38641, 59.97528 ], [ 30.3862, 59.97532 ], [ 30.38624, 59.97538 ] ] ] } },
{ "type": "Feature", "properties": { "height": 9.9, "match_type": "matched", "height_source": "source_b" }, "geometry": { "type": "Polygon", "coordinates": [ [ [ 30.386897, 59.97380499999867 ], [ 30.386194, 59.973919999998678 ], [ 30.386258, 59.974027999998675 ], [ 30.38696, 59.973906999998654 ], [ 30.386897, 59.97380499999867 ] ] ] } },
{ "type": "Feature", "properties": { "height": 5.6, "match_type": "only_a", "height_source": "ml_predicted" }, "geometry": { "type": "Polygon", "coordinates": [ [ [ 30.38631, 59.97516 ], [ 30.38628, 59.97512 ], [ 30.38618, 59.97514 ], [ 30.38621, 59.97518 ], [ 30.38631, 59.97516 ] ] ] } },
{ "type": "Feature", "properties": { "height": 12.0, "match_type": "matched", "height_source": "source_b" }, "geometry": { "type": "Polygon", "coordinates": [ [ [ 30.386269, 59.96407999999866 ], [ 30.387454, 59.96412899999865 ], [ 30.387483, 59.963961999998638 ], [ 30.386347, 59.963914999998657 ], [ 30.386337, 59.963962999998657 ], [ 30.38629, 59.963962999998643 ], [ 30.386269, 59.96407999999866 ] ] ] } },
{ "type": "Feature", "properties": { "height": 4.5, "match_type": "matched", "height_source": "source_b" }, "geometry": { "type": "Polygon", "coordinates": [ [ [ 30.385845, 59.968286999998668 ], [ 30.38563, 59.968353999998669 ], [ 30.386033, 59.968704999998671 ], [ 30.386395, 59.968601999998668 ], [ 30.386314, 59.968528999998647 ], [ 30.386167, 59.968573999998661 ], [ 30.385845, 59.968286999998668 ] ] ] } },
{ "type": "Feature", "properties": { "height": 8.0, "match_type": "matched", "height_source": "source_b" }, "geometry": { "type": "Polygon", "coordinates": [ [ [ 30.386297, 59.966449999998673 ], [ 30.386256, 59.966486999998651 ], [ 30.385998, 59.966527999998661 ], [ 30.386104, 59.966627999998664 ], [ 30.386401, 59.966551999998664 ], [ 30.386297, 59.966449999998673 ] ] ] } },
{ "type": "Feature", "properties": { "height": 4.5, "match_type": "only_a", "height_source": "ml_predicted" }, "geometry": { "type": "Polygon", "coordinates": [ [ [ 30.38653, 59.97238 ], [ 30.38655, 59.97232 ], [ 30.38643, 59.97231 ], [ 30.38641, 59.97237 ], [ 30.38653, 59.97238 ] ] ] } },
{ "type": "Feature", "properties": { "height": 4.5, "match_type": "matched", "height_source": "source_b" }, "geometry": { "type": "Polygon", "coordinates": [ [ [ 30.386702, 59.97483799999867 ], [ 30.386615, 59.974851999998648 ], [ 30.386708, 59.974990999998667 ], [ 30.386785, 59.974977999998679 ], [ 30.386702, 59.97483799999867 ] ] ] } },
{ "type": "Feature", "properties": { "height": 9.9, "match_type": "matched", "height_source": "source_b" }, "geometry": { "type": "Polygon", "coordinates": [ [ [ 30.386615, 59.974851999998648 ], [ 30.386392, 59.97488699999866 ], [ 30.386588, 59.975203999998655 ], [ 30.38682, 59.975166999998663 ], [ 30.386615, 59.974851999998648 ] ] ] } },
{ "type": "Feature", "properties": { "height": 6.4, "match_type": "only_a", "height_source": "ml_predicted" }, "geometry": { "type": "Polygon", "coordinates": [ [ [ 30.38674, 59.9753 ], [ 30.38684, 59.97528 ], [ 30.38681, 59.97524 ], [ 30.38671, 59.97525 ], [ 30.38674, 59.9753 ] ] ] } },
{ "type": "Feature", "properties": { "height": 5.4, "match_type": "only_a", "height_source": "ml_predicted" }, "geometry": { "type": "Polygon", "coordinates": [ [ [ 30.38692, 59.9721 ], [ 30.38684, 59.97212 ], [ 30.38695, 59.97214 ], [ 30.38692, 59.9721 ] ] ] } },
{ "type": "Feature", "properties": { "height": 15.0, "match_type": "matched", "height_source": "source_b" }, "geometry": { "type": "Polygon", "coordinates": [ [ [ 30.386736, 59.972571999998664 ], [ 30.386516, 59.972620999998654 ], [ 30.386908, 59.973059999998647 ], [ 30.387123, 59.97301299999868 ], [ 30.386736, 59.972571999998664 ] ] ] } },
{ "type": "Feature", "properties": { "height": 4.5, "match_type": "matched", "height_source": "source_b" }, "geometry": { "type": "Polygon", "coordinates": [ [ [ 30.386833, 59.972116999998647 ], [ 30.386561, 59.972173999998667 ], [ 30.386668, 59.972301999998642 ], [ 30.386941, 59.972244999998672 ], [ 30.386833, 59.972116999998647 ] ] ] } },
{ "type": "Feature", "properties": { "height": 15.0, "match_type": "matched", "height_source": "source_b" }, "geometry": { "type": "Polygon", "coordinates": [ [ [ 30.386966, 59.970831999998666 ], [ 30.387181, 59.970779999998655 ], [ 30.387073, 59.970765999998662 ], [ 30.387018, 59.970674999998657 ], [ 30.387075, 59.970656999998667 ], [ 30.386958, 59.970554999998654 ], [ 30.386803, 59.970627999998676 ], [ 30.386966, 59.970831999998666 ] ] ] } },
{ "type": "Feature", "properties": { "height": 15.0, "match_type": "matched", "height_source": "source_b" }, "geometry": { "type": "Polygon", "coordinates": [ [ [ 30.387335, 59.974179999998661 ], [ 30.386097, 59.974391999998659 ], [ 30.386178, 59.974502999998656 ], [ 30.38741, 59.974290999998679 ], [ 30.387335, 59.974179999998661 ] ] ] } },
{ "type": "Feature", "properties": { "height": 4.5, "match_type": "only_b", "height_source": "source_b" }, "geometry": { "type": "Polygon", "coordinates": [ [ [ 30.373217, 59.969700999998651 ], [ 30.373129, 59.969723999998649 ], [ 30.373223, 59.969815999998659 ], [ 30.373311, 59.96979399999865 ], [ 30.373217, 59.969700999998651 ] ] ] } },
{ "type": "Feature", "properties": { "height": 9.9, "match_type": "only_b", "height_source": "source_b" }, "geometry": { "type": "Polygon", "coordinates": [ [ [ 30.373628, 59.970275999998655 ], [ 30.373372, 59.969952999998654 ], [ 30.373151, 59.96999799999864 ], [ 30.373315, 59.970204999998685 ], [ 30.373385, 59.970191999998647 ], [ 30.373477, 59.970305999998651 ], [ 30.373628, 59.970275999998655 ] ] ] } },
{ "type": "Feature", "properties": { "height": 4.5, "match_type": "only_b", "height_source": "source_b" }, "geometry": { "type": "Polygon", "coordinates": [ [ [ 30.373557, 59.97018699999866 ], [ 30.373606, 59.970248999998653 ], [ 30.374042, 59.970159999998657 ], [ 30.373993, 59.970098999998669 ], [ 30.373557, 59.97018699999866 ] ] ] } },
{ "type": "Feature", "properties": { "height": 4.5, "match_type": "only_b", "height_source": "source_b" }, "geometry": { "type": "Polygon", "coordinates": [ [ [ 30.37471, 59.973560999998647 ], [ 30.374546, 59.973625999998674 ], [ 30.374905, 59.973856999998659 ], [ 30.375069, 59.973791999998681 ], [ 30.37471, 59.973560999998647 ] ] ] } },
{ "type": "Feature", "properties": { "height": 8.0, "match_type": "matched", "height_source": "source_b" }, "geometry": { "type": "Polygon", "coordinates": [ [ [ 30.374908, 59.963419999998635 ], [ 30.3751, 59.963534999998657 ], [ 30.37536, 59.963424999998665 ], [ 30.375168, 59.963308999998667 ], [ 30.374908, 59.963419999998635 ] ] ] } },
{ "type": "Feature", "properties": { "height": 6.0, "match_type": "only_b", "height_source": "source_b" }, "geometry": { "type": "Polygon", "coordinates": [ [ [ 30.375818, 59.97044199999867 ], [ 30.37573, 59.97040799999867 ], [ 30.37572, 59.970436999998661 ], [ 30.375818, 59.97044199999867 ] ] ] } },
{ "type": "Feature", "properties": { "height": 4.5, "match_type": "only_b", "height_source": "source_b" }, "geometry": { "type": "Polygon", "coordinates": [ [ [ 30.375842, 59.963903999998628 ], [ 30.375591, 59.96401699999867 ], [ 30.375648, 59.964048999998667 ], [ 30.375899, 59.963935999998675 ], [ 30.375842, 59.963903999998628 ] ] ] } },
{ "type": "Feature", "properties": { "height": 9.0, "match_type": "only_b", "height_source": "source_b" }, "geometry": { "type": "Polygon", "coordinates": [ [ [ 30.375925, 59.970343999998633 ], [ 30.375852, 59.970394999998646 ], [ 30.375995, 59.970401999998671 ], [ 30.375989, 59.970358999998666 ], [ 30.375925, 59.970343999998633 ] ] ] } },
{ "type": "Feature", "properties": { "height": 9.0, "match_type": "only_b", "height_source": "source_b" }, "geometry": { "type": "Polygon", "coordinates": [ [ [ 30.376106, 59.970312999998669 ], [ 30.376032, 59.970363999998661 ], [ 30.376175, 59.970370999998664 ], [ 30.376168, 59.970327999998659 ], [ 30.376106, 59.970312999998669 ] ] ] } },
{ "type": "Feature", "properties": { "height": 8.0, "match_type": "matched", "height_source": "source_b" }, "geometry": { "type": "Polygon", "coordinates": [ [ [ 30.37615, 59.970568999998662 ], [ 30.375525, 59.970689999998655 ], [ 30.375601, 59.97079499999866 ], [ 30.376222, 59.970674999998657 ], [ 30.37615, 59.970568999998662 ] ] ] } },
{ "type": "Feature", "properties": { "height": 9.0, "match_type": "only_b", "height_source": "source_b" }, "geometry": { "type": "Polygon", "coordinates": [ [ [ 30.37632, 59.970288999998672 ], [ 30.376246, 59.970339999998671 ], [ 30.376389, 59.970346999998647 ], [ 30.376382, 59.97030399999867 ], [ 30.37632, 59.970288999998672 ] ] ] } },
{ "type": "Feature", "properties": { "height": 9.0, "match_type": "only_b", "height_source": "source_b" }, "geometry": { "type": "Polygon", "coordinates": [ [ [ 30.376491, 59.970255999998656 ], [ 30.376418, 59.970306999998655 ], [ 30.37656, 59.970313999998659 ], [ 30.376554, 59.970270999998675 ], [ 30.376491, 59.970255999998656 ] ] ] } },
{ "type": "Feature", "properties": { "height": 9.0, "match_type": "only_b", "height_source": "source_b" }, "geometry": { "type": "Polygon", "coordinates": [ [ [ 30.376675, 59.970219999998641 ], [ 30.376602, 59.970271999998658 ], [ 30.376745, 59.970278999998655 ], [ 30.376739, 59.97023599999865 ], [ 30.376675, 59.970219999998641 ] ] ] } },
{ "type": "Feature", "properties": { "height": 4.5, "match_type": "only_b", "height_source": "source_b" }, "geometry": { "type": "Polygon", "coordinates": [ [ [ 30.376717, 59.963042999998656 ], [ 30.376639, 59.963079999998662 ], [ 30.376704, 59.963114999998666 ], [ 30.376783, 59.96307699999867 ], [ 30.376717, 59.963042999998656 ] ] ] } },
{ "type": "Feature", "properties": { "height": 8.0, "match_type": "only_b", "height_source": "source_b" }, "geometry": { "type": "Polygon", "coordinates": [ [ [ 30.377892, 59.971404999998647 ], [ 30.37771, 59.971428999998665 ], [ 30.377747, 59.971511999998661 ], [ 30.377936, 59.971489999998674 ], [ 30.377892, 59.971404999998647 ] ] ] } },
{ "type": "Feature", "properties": { "height": 9.0, "match_type": "only_b", "height_source": "source_b" }, "geometry": { "type": "Polygon", "coordinates": [ [ [ 30.378073, 59.969879999998668 ], [ 30.378, 59.969930999998653 ], [ 30.378143, 59.969937999998656 ], [ 30.378136, 59.969894999998679 ], [ 30.378073, 59.969879999998668 ] ] ] } },
{ "type": "Feature", "properties": { "height": 9.0, "match_type": "only_b", "height_source": "source_b" }, "geometry": { "type": "Polygon", "coordinates": [ [ [ 30.378148, 59.969969999998661 ], [ 30.378075, 59.970020999998681 ], [ 30.378218, 59.970027999998656 ], [ 30.378211, 59.969984999998665 ], [ 30.378148, 59.969969999998661 ] ] ] } },
{ "type": "Feature", "properties": { "height": 9.0, "match_type": "only_b", "height_source": "source_b" }, "geometry": { "type": "Polygon", "coordinates": [ [ [ 30.378246, 59.970092999998649 ], [ 30.378173, 59.970142999998679 ], [ 30.378316, 59.970149999998654 ], [ 30.37831, 59.970107999998682 ], [ 30.378246, 59.970092999998649 ] ] ] } },
{ "type": "Feature", "properties": { "height": 9.0, "match_type": "only_b", "height_source": "source_b" }, "geometry": { "type": "Polygon", "coordinates": [ [ [ 30.378432, 59.970085999998673 ], [ 30.378359, 59.970136999998672 ], [ 30.378502, 59.970142999998664 ], [ 30.378495, 59.970100999998664 ], [ 30.378432, 59.970085999998673 ] ] ] } },
{ "type": "Feature", "properties": { "height": 4.5, "match_type": "only_b", "height_source": "source_b" }, "geometry": { "type": "Polygon", "coordinates": [ [ [ 30.381053, 59.976004999998651 ], [ 30.380836, 59.97608399999865 ], [ 30.381593, 59.976629999998657 ], [ 30.381719, 59.976599999998662 ], [ 30.38158, 59.97646099999865 ], [ 30.381627, 59.976445999998653 ], [ 30.381053, 59.976004999998651 ] ] ] } },
{ "type": "Feature", "properties": { "height": 9.9, "match_type": "only_b", "height_source": "source_b" }, "geometry": { "type": "Polygon", "coordinates": [ [ [ 30.381254, 59.965336999998634 ], [ 30.381023, 59.965396999998653 ], [ 30.381116, 59.965485999998634 ], [ 30.381347, 59.965425999998651 ], [ 30.381254, 59.965336999998634 ] ] ] } },
{ "type": "Feature", "properties": { "height": 4.5, "match_type": "only_b", "height_source": "source_b" }, "geometry": { "type": "Polygon", "coordinates": [ [ [ 30.381388, 59.975957999998649 ], [ 30.381287, 59.975981999998638 ], [ 30.381747, 59.976475999998655 ], [ 30.381847, 59.976451999998666 ], [ 30.381388, 59.975957999998649 ] ] ] } },
{ "type": "Feature", "properties": { "height": 8.0, "match_type": "matched", "height_source": "source_b" }, "geometry": { "type": "Polygon", "coordinates": [ [ [ 30.382167894252724, 59.976867690540203 ], [ 30.382230463591952, 59.976982165978235 ], [ 30.382461622327948, 59.97695042889567 ], [ 30.382399052315417, 59.97683595266485 ], [ 30.382167894252724, 59.976867690540203 ] ] ] } },
{ "type": "Feature", "properties": { "height": 4.5, "match_type": "only_b", "height_source": "source_b" }, "geometry": { "type": "Polygon", "coordinates": [ [ [ 30.382681, 59.973492999998655 ], [ 30.382597, 59.973530999998651 ], [ 30.382689, 59.973580999998646 ], [ 30.382773, 59.973544999998687 ], [ 30.382681, 59.973492999998655 ] ] ] } },
{ "type": "Feature", "properties": { "height": 5.0, "match_type": "only_b", "height_source": "source_b" }, "geometry": { "type": "Polygon", "coordinates": [ [ [ 30.383977380855775, 59.974116736412924 ], [ 30.383997311664764, 59.974072158731616 ], [ 30.383897869352889, 59.974060988268356 ], [ 30.383877938417715, 59.974105565933904 ], [ 30.383977380855775, 59.974116736412924 ] ] ] } },
{ "type": "Feature", "properties": { "height": 4.5, "match_type": "only_b", "height_source": "source_b" }, "geometry": { "type": "Polygon", "coordinates": [ [ [ 30.386039, 59.965815999998647 ], [ 30.38596, 59.96583699999865 ], [ 30.386059, 59.965940999998665 ], [ 30.386139, 59.965919999998675 ], [ 30.386039, 59.965815999998647 ] ] ] } },
{ "type": "Feature", "properties": { "height": 8.0, "match_type": "only_b", "height_source": "source_b" }, "geometry": { "type": "Polygon", "coordinates": [ [ [ 30.386075, 59.963581999998638 ], [ 30.386057, 59.963731999998657 ], [ 30.38621, 59.963735999998654 ], [ 30.386231, 59.963585999998671 ], [ 30.386075, 59.963581999998638 ] ] ] } }
]
}
