{
"type": "FeatureCollection",
"name": "moskovskiy",
"crs": { "type": "name", "properties": { "name": "urn:ogc:def:crs:OGC:1.3:CRS84" } },
"features": [
{ "type": "Feature", "properties": { "height": 57.0, "match_type": "matched", "height_source": "source_b" }, "geometry": { "type": "Polygon", "coordinates": [ [ [ 30.314035, 59.885100999998635 ], [ 30.314172, 59.885097999998621 ], [ 30.314166, 59.885026999998622 ], [ 30.314028, 59.885029999998658 ], [ 30.314035, 59.885100999998635 ] ] ] } },
{ "type": "Feature", "properties": { "height": 60.0, "match_type": "matched", "height_source": "source_b" }, "geometry": { "type": "Polygon", "coordinates": [ [ [ 30.314148, 59.888435999998642 ], [ 30.314276, 59.888437999998608 ], [ 30.31428, 59.888366999998624 ], [ 30.314152, 59.888364999998629 ], [ 30.314148, 59.888435999998642 ] ] ] } },
{ "type": "Feature", "properties": { "height": 4.5, "match_type": "matched", "height_source": "source_b" }, "geometry": { "type": "Polygon", "coordinates": [ [ [ 30.314327, 59.895703999998638 ], [ 30.313782, 59.895701999998629 ], [ 30.313783, 59.895836999998643 ], [ 30.314325, 59.895836999998657 ], [ 30.314327, 59.895703999998638 ] ] ] } },
{ "type": "Feature", "properties": { "height": 81.2, "match_type": "matched", "height_source": "source_b" }, "geometry": { "type": "Polygon", "coordinates": [ [ [ 30.313765, 59.892376999998639 ], [ 30.314197, 59.892472999998624 ], [ 30.314384, 59.892261999998652 ], [ 30.313953, 59.892164999998656 ], [ 30.313765, 59.892376999998639 ] ], [ [ 30.313871, 59.89236799999864 ], [ 30.313999, 59.892214999998622 ], [ 30.314254, 59.89226799999863 ], [ 30.314126, 59.892421999998639 ], [ 30.313871, 59.89236799999864 ] ] ] } },
{ "type": "Feature", "properties": { "height": 84.5, "match_type": "matched", "height_source": "source_b" }, "geometry": { "type": "Polygon", "coordinates": [ [ [ 30.313871, 59.89236799999864 ], [ 30.314126, 59.892421999998639 ], [ 30.314254, 59.89226799999863 ], [ 30.313999, 59.892214999998622 ], [ 30.313871, 59.89236799999864 ] ] ] } },
{ "type": "Feature", "properties": { "height": 12.0, "match_type": "matched", "height_source": "source_b" }, "geometry": { "type": "Polygon", "coordinates": [ [ [ 30.315937, 59.895455999998639 ], [ 30.313973, 59.895436999998623 ], [ 30.313968, 59.895568999998652 ], [ 30.315926, 59.895604999998639 ], [ 30.315937, 59.895455999998639 ] ] ] } },
{ "type": "Feature", "properties": { "height": 12.0, "match_type": "matched", "height_source": "source_b" }, "geometry": { "type": "Polygon", "coordinates": [ [ [ 30.316682, 59.895175999998621 ], [ 30.314003, 59.895148999998632 ], [ 30.313966, 59.895162999998611 ], [ 30.313963, 59.895306999998631 ], [ 30.316672, 59.895328999998632 ], [ 30.316682, 59.895175999998621 ] ] ] } },
{ "type": "Feature", "properties": { "height": 21.3, "match_type": "only_a", "height_source": "ml_predicted" }, "geometry": { "type": "Polygon", "coordinates": [ [ [ 30.31399, 59.88811 ], [ 30.31405, 59.88808 ], [ 30.31399, 59.88808 ], [ 30.31399, 59.88811 ] ] ] } },
{ "type": "Feature", "properties": { "height": 8.8, "match_type": "only_a", "height_source": "ml_predicted" }, "geometry": { "type": "Polygon", "coordinates": [ [ [ 30.3142, 59.89351 ], [ 30.3142, 59.89346 ], [ 30.31415, 59.89346 ], [ 30.31415, 59.89351 ], [ 30.3142, 59.89351 ] ] ] } },
{ "type": "Feature", "properties": { "height": 11.2, "match_type": "only_a", "height_source": "ml_predicted" }, "geometry": { "type": "Polygon", "coordinates": [ [ [ 30.31422, 59.88785 ], [ 30.31422, 59.8878 ], [ 30.31407, 59.8878 ], [ 30.31406, 59.88785 ], [ 30.31422, 59.88785 ] ] ] } },
{ "type": "Feature", "properties": { "height": 17.4, "match_type": "only_a", "height_source": "ml_predicted" }, "geometry": { "type": "Polygon", "coordinates": [ [ [ 30.31422, 59.888 ], [ 30.31423, 59.88789 ], [ 30.31389, 59.88791 ], [ 30.31389, 59.888 ], [ 30.31422, 59.888 ] ] ] } },
{ "type": "Feature", "properties": { "height": 28.1, "match_type": "only_a", "height_source": "ml_predicted" }, "geometry": { "type": "Polygon", "coordinates": [ [ [ 30.3142, 59.88536 ], [ 30.31427, 59.88533 ], [ 30.3142, 59.88533 ], [ 30.3142, 59.88536 ] ] ] } },
{ "type": "Feature", "properties": { "height": 14.6, "match_type": "only_a", "height_source": "ml_predicted" }, "geometry": { "type": "Polygon", "coordinates": [ [ [ 30.31428, 59.88638 ], [ 30.31428, 59.88642 ], [ 30.31439, 59.88643 ], [ 30.31439, 59.88639 ], [ 30.31428, 59.88638 ] ] ] } },
{ "type": "Feature", "properties": { "height": 19.6, "match_type": "only_a", "height_source": "ml_predicted" }, "geometry": { "type": "Polygon", "coordinates": [ [ [ 30.31411, 59.89259 ], [ 30.3143, 59.89257 ], [ 30.31411, 59.89257 ], [ 30.31411, 59.89259 ] ] ] } },
{ "type": "Feature", "properties": { "height": 4.5, "match_type": "matched", "height_source": "source_b" }, "geometry": { "type": "Polygon", "coordinates": [ [ [ 30.314177, 59.887229999998631 ], [ 30.314266, 59.887231999998626 ], [ 30.314275, 59.887133999998618 ], [ 30.314186, 59.887131999998637 ], [ 30.314177, 59.887229999998631 ] ] ] } },
{ "type": "Feature", "properties": { "height": 9.9, "match_type": "matched", "height_source": "source_b" }, "geometry": { "type": "Polygon", "coordinates": [ [ [ 30.315041, 59.893558999998639 ], [ 30.314487, 59.893554999998649 ], [ 30.314488, 59.893638999998615 ], [ 30.314304, 59.893638999998629 ], [ 30.314302, 59.893847999998641 ], [ 30.314523, 59.893847999998655 ], [ 30.314519, 59.893674999998645 ], [ 30.315032, 59.893677999998644 ], [ 30.315034, 59.893851999998631 ], [ 30.315241, 59.893852999998622 ], [ 30.31524, 59.893634999998639 ], [ 30.31504, 59.893634999998639 ], [ 30.315041, 59.893558999998639 ] ] ] } },
{ "type": "Feature", "properties": { "height": 4.5, "match_type": "matched", "height_source": "source_b" }, "geometry": { "type": "Polygon", "coordinates": [ [ [ 30.314057, 59.891162999998606 ], [ 30.313839, 59.891395999998636 ], [ 30.314074, 59.89145199999863 ], [ 30.314293, 59.891217999998624 ], [ 30.314057, 59.891162999998606 ] ] ] } },
{ "type": "Feature", "properties": { "height": 8.7, "match_type": "only_a", "height_source": "ml_predicted" }, "geometry": { "type": "Polygon", "coordinates": [ [ [ 30.31443, 59.89053 ], [ 30.31438, 59.89056 ], [ 30.31443, 59.89056 ], [ 30.31443, 59.89053 ] ] ] } },
{ "type": "Feature", "properties": { "height": 9.7, "match_type": "only_a", "height_source": "ml_predicted" }, "geometry": { "type": "Polygon", "coordinates": [ [ [ 30.31448, 59.89391 ], [ 30.31443, 59.89394 ], [ 30.31448, 59.89394 ], [ 30.31448, 59.89391 ] ] ] } },
{ "type": "Feature", "properties": { "height": 60.0, "match_type": "matched", "height_source": "source_b" }, "geometry": { "type": "Polygon", "coordinates": [ [ [ 30.314496, 59.887826999998623 ], [ 30.314635, 59.887830999998613 ], [ 30.314642, 59.887762999998635 ], [ 30.314503, 59.887758999998645 ], [ 30.314496, 59.887826999998623 ] ] ] } },
{ "type": "Feature", "properties": { "height": 60.0, "match_type": "matched", "height_source": "source_b" }, "geometry": { "type": "Polygon", "coordinates": [ [ [ 30.314473, 59.888047999998633 ], [ 30.314645, 59.888051999998638 ], [ 30.314653, 59.887977999998625 ], [ 30.31448, 59.887973999998607 ], [ 30.314473, 59.888047999998633 ] ] ] } },
{ "type": "Feature", "properties": { "height": 57.0, "match_type": "matched", "height_source": "source_b" }, "geometry": { "type": "Polygon", "coordinates": [ [ [ 30.313758, 59.887441999998629 ], [ 30.313742, 59.887618999998615 ], [ 30.313876, 59.887621999998629 ], [ 30.313884, 59.88753099999861 ], [ 30.314045, 59.887534999998643 ], [ 30.314037, 59.887625999998619 ], [ 30.314516, 59.887635999998629 ], [ 30.314503, 59.887758999998645 ], [ 30.314642, 59.887762999998635 ], [ 30.314635, 59.887830999998613 ], [ 30.314496, 59.887826999998623 ], [ 30.31448, 59.887973999998607 ], [ 30.314653, 59.887977999998625 ], [ 30.314645, 59.888051999998638 ], [ 30.314473, 59.888047999998633 ], [ 30.314465, 59.888117999998641 ], [ 30.314742, 59.888123999998655 ], [ 30.314802, 59.887464999998642 ], [ 30.313758, 59.887441999998629 ] ] ] } },
{ "type": "Feature", "properties": { "height": 7.1, "match_type": "only_a", "height_source": "ml_predicted" }, "geometry": { "type": "Polygon", "coordinates": [ [ [ 30.31449, 59.89482 ], [ 30.31449, 59.89489 ], [ 30.31463, 59.89489 ], [ 30.31463, 59.89482 ], [ 30.31449, 59.89482 ] ] ] } },
{ "type": "Feature", "properties": { "height": 20.0, "match_type": "matched", "height_source": "source_b" }, "geometry": { "type": "Polygon", "coordinates": [ [ [ 30.314378, 59.889759999998645 ], [ 30.316166, 59.889780999998642 ], [ 30.316175, 59.889551999998623 ], [ 30.31601, 59.889550999998647 ], [ 30.316009, 59.889593999998638 ], [ 30.314772, 59.889573999998639 ], [ 30.314785, 59.889162999998639 ], [ 30.31489, 59.889164999998634 ], [ 30.314893, 59.889076999998615 ], [ 30.314789, 59.889075999998624 ], [ 30.314797, 59.88886699999864 ], [ 30.315268, 59.888900999998633 ], [ 30.315273, 59.888695999998625 ], [ 30.314894, 59.88868999999864 ], [ 30.314892, 59.888754999998632 ], [ 30.314465, 59.888749999998637 ], [ 30.314378, 59.889759999998645 ] ] ] } },
{ "type": "Feature", "properties": { "height": 4.5, "match_type": "matched", "height_source": "source_b" }, "geometry": { "type": "Polygon", "coordinates": [ [ [ 30.314574, 59.884532999998612 ], [ 30.314888, 59.88453699999863 ], [ 30.314896, 59.884333999998638 ], [ 30.314582, 59.884329999998641 ], [ 30.314574, 59.884532999998612 ] ] ] } },
{ "type": "Feature", "properties": { "height": 57.0, "match_type": "matched", "height_source": "source_b" }, "geometry": { "type": "Polygon", "coordinates": [ [ [ 30.314575, 59.885972999998607 ], [ 30.314712, 59.88596999999865 ], [ 30.314706, 59.885898999998645 ], [ 30.314568, 59.885901999998623 ], [ 30.314575, 59.885972999998607 ] ] ] } },
{ "type": "Feature", "properties": { "height": 54.0, "match_type": "matched", "height_source": "source_b" }, "geometry": { "type": "Polygon", "coordinates": [ [ [ 30.313853, 59.885977999998644 ], [ 30.314886, 59.885986999998636 ], [ 30.314909, 59.885361999998622 ], [ 30.314429, 59.885356999998614 ], [ 30.314424, 59.885480999998663 ], [ 30.314543, 59.885509999998611 ], [ 30.31453, 59.885848999998629 ], [ 30.313858, 59.88584299999863 ], [ 30.313853, 59.885977999998644 ] ], [ [ 30.314564, 59.885508999998642 ], [ 30.314466, 59.885455999998641 ], [ 30.314587, 59.885399999998604 ], [ 30.314684, 59.885453999998603 ], [ 30.314564, 59.885508999998642 ] ], [ [ 30.314072, 59.885961999998642 ], [ 30.314066, 59.885890999998644 ], [ 30.314204, 59.885887999998651 ], [ 30.31421, 59.885958999998628 ], [ 30.314072, 59.885961999998642 ] ], [ [ 30.314575, 59.885972999998607 ], [ 30.314568, 59.885901999998623 ], [ 30.314706, 59.885898999998645 ], [ 30.314712, 59.88596999999865 ], [ 30.314575, 59.885972999998607 ] ], [ [ 30.314584, 59.885710999998629 ], [ 30.314578, 59.885639999998617 ], [ 30.314715, 59.885636999998638 ], [ 30.314722, 59.885707999998615 ], [ 30.314584, 59.885710999998629 ] ] ] } },
{ "type": "Feature", "properties": { "height": 57.0, "match_type": "matched", "height_source": "source_b" }, "geometry": { "type": "Polygon", "coordinates": [ [ [ 30.314584, 59.885710999998629 ], [ 30.314722, 59.885707999998615 ], [ 30.314715, 59.885636999998638 ], [ 30.314578, 59.885639999998617 ], [ 30.314584, 59.885710999998629 ] ] ] } },
{ "type": "Feature", "properties": { "height": 57.0, "match_type": "matched", "height_source": "source_b" }, "geometry": { "type": "Polygon", "coordinates": [ [ [ 30.314564, 59.885508999998642 ], [ 30.314684, 59.885453999998603 ], [ 30.314587, 59.885399999998604 ], [ 30.314466, 59.885455999998641 ], [ 30.314564, 59.885508999998642 ] ] ] } },
{ "type": "Feature", "properties": { "height": 57.0, "match_type": "matched", "height_source": "source_b" }, "geometry": { "type": "Polygon", "coordinates": [ [ [ 30.314072, 59.885961999998642 ], [ 30.31421, 59.885958999998628 ], [ 30.314204, 59.885887999998651 ], [ 30.314066, 59.885890999998644 ], [ 30.314072, 59.885961999998642 ] ] ] } },
{ "type": "Feature", "properties": { "height": 4.9, "match_type": "only_a", "height_source": "ml_predicted" }, "geometry": { "type": "Polygon", "coordinates": [ [ [ 30.31464, 59.8917 ], [ 30.3147, 59.89163 ], [ 30.31461, 59.89161 ], [ 30.31456, 59.89168 ], [ 30.31464, 59.8917 ] ] ] } },
{ "type": "Feature", "properties": { "height": 84.5, "match_type": "matched", "height_source": "source_b" }, "geometry": { "type": "Polygon", "coordinates": [ [ [ 30.314523, 59.892096999998628 ], [ 30.314772, 59.892155999998643 ], [ 30.314909, 59.892010999998639 ], [ 30.31466, 59.891951999998639 ], [ 30.314523, 59.892096999998628 ] ] ] } },
{ "type": "Feature", "properties": { "height": 81.2, "match_type": "matched", "height_source": "source_b" }, "geometry": { "type": "Polygon", "coordinates": [ [ [ 30.3144, 59.892110999998629 ], [ 30.314832, 59.892207999998604 ], [ 30.315019, 59.891996999998646 ], [ 30.314588, 59.891899999998635 ], [ 30.3144, 59.892110999998629 ] ], [ [ 30.314523, 59.892096999998628 ], [ 30.31466, 59.891951999998639 ], [ 30.314909, 59.892010999998639 ], [ 30.314772, 59.892155999998643 ], [ 30.314523, 59.892096999998628 ] ] ] } },
{ "type": "Feature", "properties": { "height": 5.1, "match_type": "only_a", "height_source": "ml_predicted" }, "geometry": { "type": "Polygon", "coordinates": [ [ [ 30.31467, 59.89069 ], [ 30.31463, 59.89072 ], [ 30.31472, 59.8907 ], [ 30.31467, 59.89069 ] ] ] } },
{ "type": "Feature", "properties": { "height": 4.0, "match_type": "matched", "height_source": "source_b" }, "geometry": { "type": "Polygon", "coordinates": [ [ [ 30.314905, 59.891148999998642 ], [ 30.314715, 59.891081999998633 ], [ 30.31464, 59.891136999998643 ], [ 30.31484, 59.891200999998631 ], [ 30.314905, 59.891148999998642 ] ] ] } },
{ "type": "Feature", "properties": { "height": 12.0, "match_type": "matched", "height_source": "source_b" }, "geometry": { "type": "Polygon", "coordinates": [ [ [ 30.314715, 59.891081999998633 ], [ 30.315657, 59.89138699999863 ], [ 30.315835, 59.891245999998631 ], [ 30.314444, 59.890790999998636 ], [ 30.314188, 59.890993999998628 ], [ 30.31464, 59.891136999998643 ], [ 30.314715, 59.891081999998633 ] ] ] } },
{ "type": "Feature", "properties": { "height": 4.5, "match_type": "matched", "height_source": "source_b" }, "geometry": { "type": "Polygon", "coordinates": [ [ [ 30.316418, 59.887174999998628 ], [ 30.316578, 59.887174999998642 ], [ 30.316578, 59.887104999998641 ], [ 30.316418, 59.887104999998634 ], [ 30.316418, 59.887174999998628 ] ] ] } },
{ "type": "Feature", "properties": { "height": 15.0, "match_type": "matched", "height_source": "source_b" }, "geometry": { "type": "Polygon", "coordinates": [ [ [ 30.314796649039025, 59.887101920056089 ], [ 30.314797856130664, 59.887295440800614 ], [ 30.31704758956257, 59.887291878992194 ], [ 30.31704636945565, 59.887098357281658 ], [ 30.314796649039025, 59.887101920056089 ] ] ] } },
{ "type": "Feature", "properties": { "height": 5.8, "match_type": "only_a", "height_source": "ml_predicted" }, "geometry": { "type": "Polygon", "coordinates": [ [ [ 30.31488, 59.89075 ], [ 30.3147, 59.89071 ], [ 30.31467, 59.89075 ], [ 30.31478, 59.8908 ], [ 30.31488, 59.89075 ] ] ] } },
{ "type": "Feature", "properties": { "height": 10.4, "match_type": "only_a", "height_source": "ml_predicted" }, "geometry": { "type": "Polygon", "coordinates": [ [ [ 30.3149, 59.89345 ], [ 30.31485, 59.89348 ], [ 30.3149, 59.89348 ], [ 30.3149, 59.89345 ] ] ] } },
{ "type": "Feature", "properties": { "height": 3.9, "match_type": "only_a", "height_source": "ml_predicted" }, "geometry": { "type": "Polygon", "coordinates": [ [ [ 30.31487, 59.88522 ], [ 30.31488, 59.88504 ], [ 30.31478, 59.88504 ], [ 30.31478, 59.88522 ], [ 30.31487, 59.88522 ] ] ] } },
{ "type": "Feature", "properties": { "height": 9.0, "match_type": "only_a", "height_source": "ml_predicted" }, "geometry": { "type": "Polygon", "coordinates": [ [ [ 30.31494, 59.88922 ], [ 30.31497, 59.88916 ], [ 30.31482, 59.88916 ], [ 30.31484, 59.88922 ], [ 30.31494, 59.88922 ] ] ] } },
{ "type": "Feature", "properties": { "height": 13.2, "match_type": "matched", "height_source": "source_b" }, "geometry": { "type": "Polygon", "coordinates": [ [ [ 30.313804, 59.884716999998631 ], [ 30.314888, 59.884720999998635 ], [ 30.314891, 59.88455399999863 ], [ 30.313807, 59.884548999998614 ], [ 30.313804, 59.884716999998631 ] ] ] } },
{ "type": "Feature", "properties": { "height": 4.5, "match_type": "matched", "height_source": "source_b" }, "geometry": { "type": "Polygon", "coordinates": [ [ [ 30.315273, 59.883949999998634 ], [ 30.314975, 59.883995999998639 ], [ 30.314968, 59.884117999998637 ], [ 30.315271, 59.884122999998631 ], [ 30.315273, 59.883949999998634 ] ] ] } },
{ "type": "Feature", "properties": { "height": 12.6, "match_type": "only_a", "height_source": "ml_predicted" }, "geometry": { "type": "Polygon", "coordinates": [ [ [ 30.31498, 59.88846 ], [ 30.31498, 59.88837 ], [ 30.31488, 59.88837 ], [ 30.31488, 59.88846 ], [ 30.31498, 59.88846 ] ] ] } },
{ "type": "Feature", "properties": { "height": 4.5, "match_type": "matched", "height_source": "source_b" }, "geometry": { "type": "Polygon", "coordinates": [ [ [ 30.314752, 59.89172099999864 ], [ 30.314708, 59.891765999998626 ], [ 30.314875, 59.891805999998631 ], [ 30.314918, 59.891761999998636 ], [ 30.314752, 59.89172099999864 ] ] ] } },
{ "type": "Feature", "properties": { "height": 4.5, "match_type": "matched", "height_source": "source_b" }, "geometry": { "type": "Polygon", "coordinates": [ [ [ 30.314661, 59.891311999998635 ], [ 30.314548, 59.891412999998629 ], [ 30.314821, 59.891488999998636 ], [ 30.314934, 59.891389999998644 ], [ 30.314661, 59.891311999998635 ] ] ] } },
{ "type": "Feature", "properties": { "height": 4.5, "match_type": "matched", "height_source": "source_b" }, "geometry": { "type": "Polygon", "coordinates": [ [ [ 30.314965, 59.89121099999862 ], [ 30.314873, 59.891290999998645 ], [ 30.314812, 59.891272999998634 ], [ 30.314757, 59.891321999998667 ], [ 30.31496, 59.891379999998613 ], [ 30.31506, 59.891237999998637 ], [ 30.314965, 59.89121099999862 ] ] ] } },
{ "type": "Feature", "properties": { "height": 27.0, "match_type": "matched", "height_source": "source_b" }, "geometry": { "type": "Polygon", "coordinates": [ [ [ 30.314546, 59.892541999998627 ], [ 30.315006, 59.892640999998626 ], [ 30.315151, 59.892472999998624 ], [ 30.314974, 59.892433999998623 ], [ 30.315191, 59.892181999998641 ], [ 30.315017, 59.892143999998645 ], [ 30.314956, 59.892214999998608 ], [ 30.314846, 59.89219099999864 ], [ 30.314546, 59.892541999998627 ] ] ] } },
{ "type": "Feature", "properties": { "height": 16.5, "match_type": "only_a", "height_source": "ml_predicted" }, "geometry": { "type": "Polygon", "coordinates": [ [ [ 30.31532, 59.88805 ], [ 30.31512, 59.88808 ], [ 30.31532, 59.88808 ], [ 30.31532, 59.88805 ] ] ] } },
{ "type": "Feature", "properties": { "height": 14.1, "match_type": "only_a", "height_source": "ml_predicted" }, "geometry": { "type": "Polygon", "coordinates": [ [ [ 30.31513, 59.88792 ], [ 30.31523, 59.88792 ], [ 30.31523, 59.88788 ], [ 30.31513, 59.88788 ], [ 30.31513, 59.88792 ] ] ] } },
{ "type": "Feature", "properties": { "height": 16.4, "match_type": "only_a", "height_source": "ml_predicted" }, "geometry": { "type": "Polygon", "coordinates": [ [ [ 30.31513, 59.88797 ], [ 30.31523, 59.88797 ], [ 30.31523, 59.88793 ], [ 30.31513, 59.88793 ], [ 30.31513, 59.88797 ] ] ] } },
{ "type": "Feature", "properties": { "height": 4.5, "match_type": "matched", "height_source": "source_b" }, "geometry": { "type": "Polygon", "coordinates": [ [ [ 30.315059, 59.891467999998646 ], [ 30.314955, 59.891770999998634 ], [ 30.315084, 59.891782999998632 ], [ 30.315187, 59.89147899999864 ], [ 30.315059, 59.891467999998646 ] ] ] } },
{ "type": "Feature", "properties": { "height": 22.5, "match_type": "only_a", "height_source": "ml_predicted" }, "geometry": { "type": "Polygon", "coordinates": [ [ [ 30.31522, 59.88848 ], [ 30.31515, 59.88844 ], [ 30.31522, 59.88844 ], [ 30.31527, 59.88832 ], [ 30.31508, 59.88831 ], [ 30.31508, 59.88847 ], [ 30.31519, 59.88851 ], [ 30.31522, 59.88848 ] ] ] } },
{ "type": "Feature", "properties": { "height": 14.2, "match_type": "only_a", "height_source": "ml_predicted" }, "geometry": { "type": "Polygon", "coordinates": [ [ [ 30.31523, 59.88771 ], [ 30.31523, 59.88767 ], [ 30.31513, 59.88767 ], [ 30.31513, 59.88771 ], [ 30.31523, 59.88771 ] ] ] } },
{ "type": "Feature", "properties": { "height": 13.6, "match_type": "only_a", "height_source": "ml_predicted" }, "geometry": { "type": "Polygon", "coordinates": [ [ [ 30.31523, 59.88776 ], [ 30.31523, 59.88772 ], [ 30.31513, 59.88772 ], [ 30.31513, 59.88776 ], [ 30.31523, 59.88776 ] ] ] } },
{ "type": "Feature", "properties": { "height": 4.5, "match_type": "matched", "height_source": "source_b" }, "geometry": { "type": "Polygon", "coordinates": [ [ [ 30.31554, 59.88449599999862 ], [ 30.315402, 59.884493999998639 ], [ 30.315402, 59.884616999998656 ], [ 30.315256, 59.884614999998618 ], [ 30.315236, 59.884939999998636 ], [ 30.31552, 59.884942999998657 ], [ 30.31554, 59.88449599999862 ] ] ] } },
{ "type": "Feature", "properties": { "height": 13.2, "match_type": "matched", "height_source": "source_b" }, "geometry": { "type": "Polygon", "coordinates": [ [ [ 30.316993, 59.883868999998619 ], [ 30.31528, 59.88384499999863 ], [ 30.315271, 59.884122999998631 ], [ 30.315558, 59.88412799999864 ], [ 30.31552, 59.884942999998657 ], [ 30.315561, 59.884943999998612 ], [ 30.315555, 59.88505099999864 ], [ 30.316441, 59.885064999998619 ], [ 30.316448, 59.884938999998631 ], [ 30.316929, 59.884946999998633 ], [ 30.316993, 59.883868999998619 ] ] ] } },
{ "type": "Feature", "properties": { "height": 12.3, "match_type": "only_a", "height_source": "ml_predicted" }, "geometry": { "type": "Polygon", "coordinates": [ [ [ 30.3153, 59.88917 ], [ 30.3153, 59.88922 ], [ 30.31534, 59.88922 ], [ 30.31534, 59.88917 ], [ 30.3153, 59.88917 ] ] ] } },
{ "type": "Feature", "properties": { "height": 4.5, "match_type": "matched", "height_source": "source_b" }, "geometry": { "type": "Polygon", "coordinates": [ [ [ 30.314927, 59.890785999998634 ], [ 30.314884, 59.890816999998655 ], [ 30.315053, 59.890876999998639 ], [ 30.315096, 59.890845999998653 ], [ 30.314927, 59.890785999998634 ] ] ] } },
{ "type": "Feature", "properties": { "height": 6.6, "match_type": "only_a", "height_source": "ml_predicted" }, "geometry": { "type": "Polygon", "coordinates": [ [ [ 30.31532, 59.89184 ], [ 30.31528, 59.89183 ], [ 30.31525, 59.89187 ], [ 30.31529, 59.89187 ], [ 30.31532, 59.89184 ] ] ] } },
{ "type": "Feature", "properties": { "height": 4.0, "match_type": "matched", "height_source": "source_b" }, "geometry": { "type": "Polygon", "coordinates": [ [ [ 30.315167, 59.895712999998636 ], [ 30.314418, 59.895936999998632 ], [ 30.314545, 59.896029999998639 ], [ 30.315283, 59.895808999998636 ], [ 30.315167, 59.895712999998636 ] ] ] } },
{ "type": "Feature", "properties": { "height": 4.5, "match_type": "matched", "height_source": "source_b" }, "geometry": { "type": "Polygon", "coordinates": [ [ [ 30.314721, 59.893363999998634 ], [ 30.315316, 59.89335099999866 ], [ 30.315304, 59.893205999998621 ], [ 30.314709, 59.893218999998645 ], [ 30.314721, 59.893363999998634 ] ] ] } },
{ "type": "Feature", "properties": { "height": 20.0, "match_type": "matched", "height_source": "source_b" }, "geometry": { "type": "Polygon", "coordinates": [ [ [ 30.317007, 59.894661999998625 ], [ 30.316658, 59.89465899999864 ], [ 30.316655, 59.894900999998619 ], [ 30.313842, 59.894882999998636 ], [ 30.31384, 59.895089999998653 ], [ 30.317079, 59.895109999998631 ], [ 30.317081, 59.894957999998653 ], [ 30.317004, 59.894955999998658 ], [ 30.317007, 59.894661999998625 ] ] ] } },
{ "type": "Feature", "properties": { "height": 6.6, "match_type": "matched", "height_source": "source_b" }, "geometry": { "type": "Polygon", "coordinates": [ [ [ 30.315289, 59.884122999998631 ], [ 30.315273, 59.88438499999863 ], [ 30.315547, 59.884388999998642 ], [ 30.315558, 59.88412799999864 ], [ 30.315289, 59.884122999998631 ] ] ] } },
{ "type": "Feature", "properties": { "height": 4.2, "match_type": "only_a", "height_source": "ml_predicted" }, "geometry": { "type": "Polygon", "coordinates": [ [ [ 30.31536, 59.89128 ], [ 30.31531, 59.89132 ], [ 30.31544, 59.89136 ], [ 30.31549, 59.89132 ], [ 30.31536, 59.89128 ] ] ] } },
{ "type": "Feature", "properties": { "height": 9.9, "match_type": "only_a", "height_source": "ml_predicted" }, "geometry": { "type": "Polygon", "coordinates": [ [ [ 30.31537, 59.88753 ], [ 30.31537, 59.88748 ], [ 30.31529, 59.88748 ], [ 30.31529, 59.88753 ], [ 30.31537, 59.88753 ] ] ] } },
{ "type": "Feature", "properties": { "height": 4.0, "match_type": "matched", "height_source": "source_b" }, "geometry": { "type": "Polygon", "coordinates": [ [ [ 30.315156, 59.89023099999865 ], [ 30.315153, 59.890160999998642 ], [ 30.31499, 59.890159999998623 ], [ 30.314988, 59.890228999998634 ], [ 30.315156, 59.89023099999865 ] ] ] } },
{ "type": "Feature", "properties": { "height": 12.0, "match_type": "matched", "height_source": "source_b" }, "geometry": { "type": "Polygon", "coordinates": [ [ [ 30.315153, 59.89007499999866 ], [ 30.315158, 59.890299999998646 ], [ 30.315312, 59.890299999998632 ], [ 30.315308, 59.890075999998636 ], [ 30.315153, 59.89007499999866 ] ] ] } },
{ "type": "Feature", "properties": { "height": 12.0, "match_type": "matched", "height_source": "source_b" }, "geometry": { "type": "Polygon", "coordinates": [ [ [ 30.314861, 59.890159999998652 ], [ 30.315153, 59.890160999998642 ], [ 30.315153, 59.89007499999866 ], [ 30.315556, 59.890032999998645 ], [ 30.315717, 59.889946999998635 ], [ 30.31572, 59.889864999998629 ], [ 30.31536, 59.889856999998663 ], [ 30.315364, 59.889772999998634 ], [ 30.315245, 59.889770999998639 ], [ 30.315238, 59.889854999998626 ], [ 30.314415, 59.88985099999865 ], [ 30.314398, 59.890066999998623 ], [ 30.314747, 59.890072999998623 ], [ 30.314749, 59.890019999998628 ], [ 30.314864, 59.890019999998628 ], [ 30.314861, 59.890159999998652 ] ] ] } },
{ "type": "Feature", "properties": { "height": 12.0, "match_type": "matched", "height_source": "source_b" }, "geometry": { "type": "Polygon", "coordinates": [ [ [ 30.314939, 59.889482999998634 ], [ 30.315685, 59.889491999998604 ], [ 30.315697, 59.889315999998637 ], [ 30.314945, 59.889309999998645 ], [ 30.314939, 59.889482999998634 ] ] ] } },
{ "type": "Feature", "properties": { "height": 4.0, "match_type": "matched", "height_source": "source_b" }, "geometry": { "type": "Polygon", "coordinates": [ [ [ 30.315116, 59.889576999998646 ], [ 30.315352, 59.889578999998619 ], [ 30.315354, 59.889487999998643 ], [ 30.315117, 59.889484999998643 ], [ 30.315116, 59.889576999998646 ] ] ] } },
{ "type": "Feature", "properties": { "height": 5.4, "match_type": "only_a", "height_source": "ml_predicted" }, "geometry": { "type": "Polygon", "coordinates": [ [ [ 30.31543, 59.89226 ], [ 30.31545, 59.89223 ], [ 30.31538, 59.89224 ], [ 30.31543, 59.89226 ] ] ] } },
{ "type": "Feature", "properties": { "height": 9.9, "match_type": "matched", "height_source": "source_b" }, "geometry": { "type": "Polygon", "coordinates": [ [ [ 30.315113, 59.89446299999863 ], [ 30.314942, 59.894459999998645 ], [ 30.314935, 59.894624999998648 ], [ 30.314448, 59.894616999998625 ], [ 30.314455, 59.894450999998632 ], [ 30.314286, 59.894448999998652 ], [ 30.314279, 59.894611999998659 ], [ 30.313981, 59.894607999998627 ], [ 30.313978, 59.89469099999863 ], [ 30.315395, 59.894710999998644 ], [ 30.315398, 59.894631999998637 ], [ 30.315105, 59.894627999998633 ], [ 30.315113, 59.89446299999863 ] ] ] } },
{ "type": "Feature", "properties": { "height": 11.5, "match_type": "only_a", "height_source": "ml_predicted" }, "geometry": { "type": "Polygon", "coordinates": [ [ [ 30.31544, 59.89422 ], [ 30.31545, 59.89417 ], [ 30.31538, 59.89416 ], [ 30.31538, 59.89422 ], [ 30.31544, 59.89422 ] ] ] } },
{ "type": "Feature", "properties": { "height": 4.9, "match_type": "only_a", "height_source": "ml_predicted" }, "geometry": { "type": "Polygon", "coordinates": [ [ [ 30.31545, 59.89462 ], [ 30.31545, 59.89449 ], [ 30.31519, 59.89448 ], [ 30.31518, 59.89462 ], [ 30.31545, 59.89462 ] ] ] } },
{ "type": "Feature", "properties": { "height": 9.1, "match_type": "only_a", "height_source": "ml_predicted" }, "geometry": { "type": "Polygon", "coordinates": [ [ [ 30.31547, 59.88753 ], [ 30.31547, 59.88748 ], [ 30.31539, 59.88748 ], [ 30.31539, 59.88753 ], [ 30.31547, 59.88753 ] ] ] } },
{ "type": "Feature", "properties": { "height": 4.5, "match_type": "matched", "height_source": "source_b" }, "geometry": { "type": "Polygon", "coordinates": [ [ [ 30.315459, 59.892686999998645 ], [ 30.315452, 59.892736999998611 ], [ 30.316043, 59.892757999998643 ], [ 30.31605, 59.892708999998639 ], [ 30.315459, 59.892686999998645 ] ] ] } },
{ "type": "Feature", "properties": { "height": 8.8, "match_type": "only_a", "height_source": "ml_predicted" }, "geometry": { "type": "Polygon", "coordinates": [ [ [ 30.31551, 59.88792 ], [ 30.3156, 59.88792 ], [ 30.31561, 59.88788 ], [ 30.31551, 59.88788 ], [ 30.31551, 59.88792 ] ] ] } },
{ "type": "Feature", "properties": { "height": 10.3, "match_type": "only_a", "height_source": "ml_predicted" }, "geometry": { "type": "Polygon", "coordinates": [ [ [ 30.31555, 59.88818 ], [ 30.31555, 59.88814 ], [ 30.31545, 59.88814 ], [ 30.31545, 59.88818 ], [ 30.31555, 59.88818 ] ] ] } },
{ "type": "Feature", "properties": { "height": 4.5, "match_type": "matched", "height_source": "source_b" }, "geometry": { "type": "Polygon", "coordinates": [ [ [ 30.315422, 59.895885999998647 ], [ 30.315099, 59.895974999998629 ], [ 30.315173, 59.896039999998642 ], [ 30.315494, 59.895950999998625 ], [ 30.315422, 59.895885999998647 ] ] ] } },
{ "type": "Feature", "properties": { "height": 4.5, "match_type": "matched", "height_source": "source_b" }, "geometry": { "type": "Polygon", "coordinates": [ [ [ 30.316448039586415, 59.886964000907639 ], [ 30.316459357571407, 59.88659474633139 ], [ 30.314394730332271, 59.886578745407704 ], [ 30.314383389374282, 59.886948000547079 ], [ 30.316448039586415, 59.886964000907639 ] ] ] } },
{ "type": "Feature", "properties": { "height": 9.0, "match_type": "only_a", "height_source": "ml_predicted" }, "geometry": { "type": "Polygon", "coordinates": [ [ [ 30.31557, 59.88709 ], [ 30.3158, 59.88709 ], [ 30.3158, 59.88693 ], [ 30.31557, 59.88693 ], [ 30.31557, 59.88709 ] ] ] } },
{ "type": "Feature", "properties": { "height": 12.0, "match_type": "matched", "height_source": "source_b" }, "geometry": { "type": "Polygon", "coordinates": [ [ [ 30.315576, 59.891563999998631 ], [ 30.31532, 59.891561999998636 ], [ 30.315317, 59.891788999998639 ], [ 30.315569, 59.891790999998612 ], [ 30.315576, 59.891563999998631 ] ] ] } },
{ "type": "Feature", "properties": { "height": 9.4, "match_type": "only_a", "height_source": "ml_predicted" }, "geometry": { "type": "Polygon", "coordinates": [ [ [ 30.31568, 59.88774 ], [ 30.31578, 59.88774 ], [ 30.31578, 59.8877 ], [ 30.31568, 59.8877 ], [ 30.31568, 59.88774 ] ] ] } },
{ "type": "Feature", "properties": { "height": 9.1, "match_type": "only_a", "height_source": "ml_predicted" }, "geometry": { "type": "Polygon", "coordinates": [ [ [ 30.31568, 59.88779 ], [ 30.31578, 59.88779 ], [ 30.31578, 59.88775 ], [ 30.31568, 59.88775 ], [ 30.31568, 59.88779 ] ] ] } },
{ "type": "Feature", "properties": { "height": 4.5, "match_type": "matched", "height_source": "source_b" }, "geometry": { "type": "Polygon", "coordinates": [ [ [ 30.315236, 59.891856999998645 ], [ 30.315204, 59.891893999998636 ], [ 30.315439, 59.891944999998636 ], [ 30.315471, 59.891907999998644 ], [ 30.315236, 59.891856999998645 ] ] ] } },
{ "type": "Feature", "properties": { "height": 4.0, "match_type": "matched", "height_source": "source_b" }, "geometry": { "type": "Polygon", "coordinates": [ [ [ 30.315848, 59.89577699999866 ], [ 30.315461, 59.895894999998646 ], [ 30.315561, 59.895974999998629 ], [ 30.315972, 59.895878999998629 ], [ 30.315848, 59.89577699999866 ] ] ] } },
{ "type": "Feature", "properties": { "height": 4.5, "match_type": "matched", "height_source": "source_b" }, "geometry": { "type": "Polygon", "coordinates": [ [ [ 30.316041, 59.893603999998639 ], [ 30.316036, 59.893734999998635 ], [ 30.316225, 59.893738999998632 ], [ 30.316231, 59.893606999998617 ], [ 30.316041, 59.893603999998639 ] ] ] } },
{ "type": "Feature", "properties": { "height": 78.0, "match_type": "matched", "height_source": "source_b" }, "geometry": { "type": "Polygon", "coordinates": [ [ [ 30.315706, 59.893636999998634 ], [ 30.315793, 59.893637999998639 ], [ 30.315797, 59.893574999998627 ], [ 30.31571, 59.893573999998623 ], [ 30.315706, 59.893636999998634 ] ] ] } },
{ "type": "Feature", "properties": { "height": 74.8, "match_type": "matched", "height_source": "source_b" }, "geometry": { "type": "Polygon", "coordinates": [ [ [ 30.316033, 59.89378199999863 ], [ 30.316049, 59.893418999998651 ], [ 30.315664, 59.893412999998638 ], [ 30.315649, 59.893776999998629 ], [ 30.316033, 59.89378199999863 ] ], [ [ 30.315891, 59.893637999998639 ], [ 30.315895, 59.893573999998615 ], [ 30.315982, 59.893575999998632 ], [ 30.315978, 59.893638999998643 ], [ 30.315891, 59.893637999998639 ] ], [ [ 30.315706, 59.893636999998634 ], [ 30.31571, 59.893573999998623 ], [ 30.315797, 59.893574999998627 ], [ 30.315793, 59.893637999998639 ], [ 30.315706, 59.893636999998634 ] ] ] } },
{ "type": "Feature", "properties": { "height": 78.0, "match_type": "matched", "height_source": "source_b" }, "geometry": { "type": "Polygon", "coordinates": [ [ [ 30.315891, 59.893637999998639 ], [ 30.315978, 59.893638999998643 ], [ 30.315982, 59.893575999998632 ], [ 30.315895, 59.893573999998615 ], [ 30.315891, 59.893637999998639 ] ] ] } },
{ "type": "Feature", "properties": { "height": 4.0, "match_type": "matched", "height_source": "source_b" }, "geometry": { "type": "Polygon", "coordinates": [ [ [ 30.315122, 59.891006999998638 ], [ 30.315303, 59.891065999998631 ], [ 30.31535, 59.891028999998653 ], [ 30.315881, 59.891197999998617 ], [ 30.315953, 59.891141999998631 ], [ 30.315239, 59.890914999998635 ], [ 30.315122, 59.891006999998638 ] ] ] } },
{ "type": "Feature", "properties": { "height": 6.8, "match_type": "only_a", "height_source": "ml_predicted" }, "geometry": { "type": "Polygon", "coordinates": [ [ [ 30.31579, 59.88752 ], [ 30.31579, 59.88748 ], [ 30.31569, 59.88748 ], [ 30.31569, 59.88752 ], [ 30.31579, 59.88752 ] ] ] } },
{ "type": "Feature", "properties": { "height": 12.0, "match_type": "matched", "height_source": "source_b" }, "geometry": { "type": "Polygon", "coordinates": [ [ [ 30.316899, 59.89157799999866 ], [ 30.315711, 59.891563999998631 ], [ 30.315707, 59.891741999998636 ], [ 30.316893, 59.891755999998651 ], [ 30.316899, 59.89157799999866 ] ] ] } },
{ "type": "Feature", "properties": { "height": 3.8, "match_type": "only_a", "height_source": "ml_predicted" }, "geometry": { "type": "Polygon", "coordinates": [ [ [ 30.31585, 59.89318 ], [ 30.31594, 59.89318 ], [ 30.31595, 59.89313 ], [ 30.31585, 59.89313 ], [ 30.31585, 59.89318 ] ] ] } },
{ "type": "Feature", "properties": { "height": 9.9, "match_type": "matched", "height_source": "source_b" }, "geometry": { "type": "Polygon", "coordinates": [ [ [ 30.315874, 59.888114999998628 ], [ 30.317032, 59.888124999998631 ], [ 30.317039, 59.887913999998638 ], [ 30.316939, 59.887913999998624 ], [ 30.31694, 59.887880999998636 ], [ 30.317032, 59.88788199999864 ], [ 30.317038, 59.88767799999863 ], [ 30.316661, 59.887478999998635 ], [ 30.316053, 59.88747399999864 ], [ 30.31605, 59.887562999998622 ], [ 30.316331, 59.887564999998645 ], [ 30.316507, 59.887676999998625 ], [ 30.316326, 59.887745999998621 ], [ 30.316028, 59.887742999998636 ], [ 30.316024, 59.887870999998604 ], [ 30.316526, 59.887874999998637 ], [ 30.316522, 59.888008999998632 ], [ 30.31622, 59.888006999998623 ], [ 30.316221, 59.887951999998634 ], [ 30.315896, 59.887917999998642 ], [ 30.315874, 59.888114999998628 ] ] ] } },
{ "type": "Feature", "properties": { "height": 12.0, "match_type": "matched", "height_source": "source_b" }, "geometry": { "type": "Polygon", "coordinates": [ [ [ 30.315717, 59.890467999998634 ], [ 30.315728, 59.890256999998627 ], [ 30.315829, 59.890256999998655 ], [ 30.315836, 59.89009099999862 ], [ 30.315705, 59.890087999998649 ], [ 30.315717, 59.889946999998635 ], [ 30.315556, 59.890032999998645 ], [ 30.315442, 59.890031999998641 ], [ 30.315454, 59.890461999998649 ], [ 30.315717, 59.890467999998634 ] ] ] } },
{ "type": "Feature", "properties": { "height": 4.0, "match_type": "matched", "height_source": "source_b" }, "geometry": { "type": "Polygon", "coordinates": [ [ [ 30.315836, 59.89009099999862 ], [ 30.315837, 59.890027999998622 ], [ 30.315708, 59.890027999998651 ], [ 30.315705, 59.890087999998649 ], [ 30.315836, 59.89009099999862 ] ] ] } },
{ "type": "Feature", "properties": { "height": 4.0, "match_type": "matched", "height_source": "source_b" }, "geometry": { "type": "Polygon", "coordinates": [ [ [ 30.315823, 59.890464999998635 ], [ 30.315829, 59.890256999998655 ], [ 30.315728, 59.890256999998627 ], [ 30.315717, 59.890467999998634 ], [ 30.315823, 59.890464999998635 ] ] ] } },
{ "type": "Feature", "properties": { "height": 6.4, "match_type": "only_a", "height_source": "ml_predicted" }, "geometry": { "type": "Polygon", "coordinates": [ [ [ 30.31594, 59.89443 ], [ 30.31594, 59.89437 ], [ 30.31558, 59.89437 ], [ 30.31558, 59.89443 ], [ 30.31594, 59.89443 ] ] ] } },
{ "type": "Feature", "properties": { "height": 5.7, "match_type": "only_a", "height_source": "ml_predicted" }, "geometry": { "type": "Polygon", "coordinates": [ [ [ 30.31599, 59.88824 ], [ 30.31599, 59.88821 ], [ 30.31593, 59.88823 ], [ 30.31599, 59.88824 ] ] ] } },
{ "type": "Feature", "properties": { "height": 4.5, "match_type": "matched", "height_source": "source_b" }, "geometry": { "type": "Polygon", "coordinates": [ [ [ 30.315864, 59.892421999998625 ], [ 30.315658, 59.892457999998626 ], [ 30.315741, 59.892573999998653 ], [ 30.315949, 59.892537999998652 ], [ 30.315864, 59.892421999998625 ] ] ] } },
{ "type": "Feature", "properties": { "height": 12.0, "match_type": "matched", "height_source": "source_b" }, "geometry": { "type": "Polygon", "coordinates": [ [ [ 30.316294, 59.895718999998621 ], [ 30.316021, 59.895786999998613 ], [ 30.316004, 59.895985999998636 ], [ 30.316301, 59.895987999998617 ], [ 30.31631, 59.895790999998624 ], [ 30.31647, 59.895793999998652 ], [ 30.316474, 59.895730999998634 ], [ 30.316294, 59.895718999998621 ] ] ] } },
{ "type": "Feature", "properties": { "height": 4.5, "match_type": "matched", "height_source": "source_b" }, "geometry": { "type": "Polygon", "coordinates": [ [ [ 30.316265, 59.893521999998626 ], [ 30.316267, 59.893442999998655 ], [ 30.316048, 59.893439999998627 ], [ 30.316045, 59.893518999998641 ], [ 30.316265, 59.893521999998626 ] ] ] } },
{ "type": "Feature", "properties": { "height": 6.6, "match_type": "matched", "height_source": "source_b" }, "geometry": { "type": "Polygon", "coordinates": [ [ [ 30.316156, 59.892421999998639 ], [ 30.316086, 59.892385999998638 ], [ 30.316016, 59.892421999998639 ], [ 30.316086, 59.892456999998622 ], [ 30.316156, 59.892421999998639 ] ] ] } },
{ "type": "Feature", "properties": { "height": 12.0, "match_type": "matched", "height_source": "source_b" }, "geometry": { "type": "Polygon", "coordinates": [ [ [ 30.316322, 59.890582999998628 ], [ 30.316334, 59.890308999998631 ], [ 30.316184, 59.890308999998616 ], [ 30.3162, 59.88982199999861 ], [ 30.315843, 59.889819999998643 ], [ 30.315821, 59.890572999998639 ], [ 30.316322, 59.890582999998628 ] ] ] } },
{ "type": "Feature", "properties": { "height": 9.9, "match_type": "matched", "height_source": "source_b" }, "geometry": { "type": "Polygon", "coordinates": [ [ [ 30.31682, 59.894292999998655 ], [ 30.316133, 59.894288999998651 ], [ 30.31613, 59.894428999998645 ], [ 30.316817, 59.894400999998638 ], [ 30.31682, 59.894292999998655 ] ] ] } },
{ "type": "Feature", "properties": { "height": 4.0, "match_type": "matched", "height_source": "source_b" }, "geometry": { "type": "Polygon", "coordinates": [ [ [ 30.316255, 59.888778999998635 ], [ 30.316255, 59.888861999998646 ], [ 30.316349, 59.888862999998622 ], [ 30.31635, 59.888748999998619 ], [ 30.316255, 59.888778999998635 ] ] ] } },
{ "type": "Feature", "properties": { "height": 12.0, "match_type": "matched", "height_source": "source_b" }, "geometry": { "type": "Polygon", "coordinates": [ [ [ 30.316251, 59.888920999998639 ], [ 30.316255, 59.888778999998635 ], [ 30.315271, 59.888759999998634 ], [ 30.315268, 59.888900999998633 ], [ 30.316251, 59.888920999998639 ] ] ] } },
{ "type": "Feature", "properties": { "height": 9.9, "match_type": "matched", "height_source": "source_b" }, "geometry": { "type": "Polygon", "coordinates": [ [ [ 30.3182, 59.894012999998644 ], [ 30.318694, 59.893980999998647 ], [ 30.318678, 59.893895999998641 ], [ 30.318783, 59.89390299999863 ], [ 30.318808, 59.893804999998636 ], [ 30.318588, 59.893790999998657 ], [ 30.318587, 59.893692999998635 ], [ 30.318695, 59.893688999998609 ], [ 30.318695, 59.893647999998628 ], [ 30.317839, 59.893686999998643 ], [ 30.317836, 59.893910999998646 ], [ 30.31822, 59.893935999998632 ], [ 30.3182, 59.894012999998644 ] ] ] } },
{ "type": "Feature", "properties": { "height": 18.0, "match_type": "matched", "height_source": "source_b" }, "geometry": { "type": "Polygon", "coordinates": [ [ [ 30.317836, 59.893958999998631 ], [ 30.317846, 59.893089999998644 ], [ 30.317479, 59.893083999998645 ], [ 30.317461, 59.893313999998639 ], [ 30.317738, 59.893317999998672 ], [ 30.317732, 59.89348999999865 ], [ 30.317637, 59.893487999998626 ], [ 30.317637, 59.893593999998643 ], [ 30.317735, 59.893593999998657 ], [ 30.317721, 59.89395999999865 ], [ 30.317836, 59.893958999998631 ] ] ] } },
{ "type": "Feature", "properties": { "height": 24.0, "match_type": "matched", "height_source": "source_b" }, "geometry": { "type": "Polygon", "coordinates": [ [ [ 30.317437, 59.893592999998639 ], [ 30.317637, 59.893593999998643 ], [ 30.317637, 59.893487999998626 ], [ 30.317438, 59.893503999998629 ], [ 30.317437, 59.893592999998639 ] ] ] } },
{ "type": "Feature", "properties": { "height": 42.0, "match_type": "matched", "height_source": "source_b" }, "geometry": { "type": "Polygon", "coordinates": [ [ [ 30.316265, 59.89348699999865 ], [ 30.317732, 59.89348999999865 ], [ 30.317738, 59.893317999998672 ], [ 30.316273, 59.893295999998656 ], [ 30.316265, 59.89348699999865 ] ] ] } },
{ "type": "Feature", "properties": { "height": 4.5, "match_type": "matched", "height_source": "source_b" }, "geometry": { "type": "Polygon", "coordinates": [ [ [ 30.316142, 59.891155999998631 ], [ 30.316091, 59.891197999998631 ], [ 30.31597, 59.891204999998635 ], [ 30.316161, 59.891262999998624 ], [ 30.316252, 59.891188999998633 ], [ 30.316142, 59.891155999998631 ] ] ] } },
{ "type": "Feature", "properties": { "height": 4.5, "match_type": "matched", "height_source": "source_b" }, "geometry": { "type": "Polygon", "coordinates": [ [ [ 30.316348, 59.892615999998654 ], [ 30.316327, 59.89273899999862 ], [ 30.316709, 59.892757999998643 ], [ 30.316732, 59.892633999998637 ], [ 30.316348, 59.892615999998654 ] ] ] } },
{ "type": "Feature", "properties": { "height": 4.0, "match_type": "matched", "height_source": "source_b" }, "geometry": { "type": "Polygon", "coordinates": [ [ [ 30.315621, 59.891847999998646 ], [ 30.315528, 59.891955999998643 ], [ 30.316228, 59.892108999998619 ], [ 30.316321, 59.89200199999862 ], [ 30.315621, 59.891847999998646 ] ] ] } },
{ "type": "Feature", "properties": { "height": 4.5, "match_type": "matched", "height_source": "source_b" }, "geometry": { "type": "Polygon", "coordinates": [ [ [ 30.316267, 59.885116999998644 ], [ 30.316301, 59.885247999998619 ], [ 30.316524, 59.885233999998611 ], [ 30.31651, 59.885178999998637 ], [ 30.316685, 59.885215999998614 ], [ 30.316674, 59.885173999998656 ], [ 30.316752, 59.885168999998598 ], [ 30.31673, 59.885086999998627 ], [ 30.316267, 59.885116999998644 ] ] ] } },
{ "type": "Feature", "properties": { "height": 4.0, "match_type": "matched", "height_source": "source_b" }, "geometry": { "type": "Polygon", "coordinates": [ [ [ 30.316471, 59.889041999998646 ], [ 30.316437, 59.889438999998625 ], [ 30.316661, 59.889444999998638 ], [ 30.316668, 59.889363999998643 ], [ 30.31673, 59.889365999998653 ], [ 30.316758, 59.88904999999864 ], [ 30.316471, 59.889041999998646 ] ] ] } },
{ "type": "Feature", "properties": { "height": 33.0, "match_type": "matched", "height_source": "source_b" }, "geometry": { "type": "Polygon", "coordinates": [ [ [ 30.316208, 59.892789999998641 ], [ 30.316181, 59.892893999998634 ], [ 30.316439, 59.892911999998631 ], [ 30.316508, 59.892869999998638 ], [ 30.316467, 59.892807999998602 ], [ 30.316208, 59.892789999998641 ] ] ] } },
{ "type": "Feature", "properties": { "height": 24.0, "match_type": "matched", "height_source": "source_b" }, "geometry": { "type": "Polygon", "coordinates": [ [ [ 30.316439, 59.892911999998631 ], [ 30.316701, 59.89292999999865 ], [ 30.31677, 59.892871999998633 ], [ 30.316726, 59.892825999998621 ], [ 30.316467, 59.892807999998602 ], [ 30.316508, 59.892869999998638 ], [ 30.316439, 59.892911999998631 ] ] ] } },
{ "type": "Feature", "properties": { "height": 20.0, "match_type": "matched", "height_source": "source_b" }, "geometry": { "type": "Polygon", "coordinates": [ [ [ 30.317069, 59.89028099999863 ], [ 30.317016, 59.890725999998637 ], [ 30.316576, 59.890914999998621 ], [ 30.316239, 59.890759999998643 ], [ 30.316285, 59.890723999998627 ], [ 30.316161, 59.890682999998646 ], [ 30.316074, 59.890750999998644 ], [ 30.315697, 59.890632999998637 ], [ 30.31573, 59.890608999998634 ], [ 30.315656, 59.890582999998628 ], [ 30.31518, 59.890465999998639 ], [ 30.315223, 59.890429999998638 ], [ 30.314753, 59.890270999998634 ], [ 30.314747, 59.890072999998623 ], [ 30.314398, 59.890066999998623 ], [ 30.314399, 59.890418999998658 ], [ 30.31477, 59.890539999998637 ], [ 30.314728, 59.890572999998632 ], [ 30.314845, 59.89061099999865 ], [ 30.3149, 59.890573999998644 ], [ 30.315746, 59.890847999998634 ], [ 30.31571, 59.890873999998611 ], [ 30.316571, 59.89111699999863 ], [ 30.317364, 59.89083999999864 ], [ 30.317414, 59.89028399999863 ], [ 30.317069, 59.89028099999863 ] ] ] } },
{ "type": "Feature", "properties": { "height": 4.5, "match_type": "matched", "height_source": "source_b" }, "geometry": { "type": "Polygon", "coordinates": [ [ [ 30.315816, 59.892139999998641 ], [ 30.315699, 59.892255999998632 ], [ 30.315859, 59.892295999998638 ], [ 30.315991, 59.892263999998626 ], [ 30.316468, 59.892384999998633 ], [ 30.316531, 59.892321999998636 ], [ 30.315816, 59.892139999998641 ] ] ] } },
{ "type": "Feature", "properties": { "height": 11.9, "match_type": "only_a", "height_source": "ml_predicted" }, "geometry": { "type": "Polygon", "coordinates": [ [ [ 30.31661, 59.89366 ], [ 30.31661, 59.89367 ], [ 30.31698, 59.89367 ], [ 30.31661, 59.89366 ] ] ] } },
{ "type": "Feature", "properties": { "height": 39.0, "match_type": "matched", "height_source": "source_b" }, "geometry": { "type": "Polygon", "coordinates": [ [ [ 30.315534, 59.888478999998618 ], [ 30.316602, 59.888506999998626 ], [ 30.316611, 59.888352999998645 ], [ 30.315549, 59.888325999998635 ], [ 30.315534, 59.888478999998618 ] ] ] } },
{ "type": "Feature", "properties": { "height": 9.9, "match_type": "matched", "height_source": "source_b" }, "geometry": { "type": "Polygon", "coordinates": [ [ [ 30.317346, 59.892528999998639 ], [ 30.31719, 59.892683999998646 ], [ 30.318014, 59.89284399999864 ], [ 30.318135, 59.892712999998658 ], [ 30.317346, 59.892528999998639 ] ] ] } },
{ "type": "Feature", "properties": { "height": 9.9, "match_type": "matched", "height_source": "source_b" }, "geometry": { "type": "Polygon", "coordinates": [ [ [ 30.31723, 59.892641999998652 ], [ 30.317346, 59.892528999998639 ], [ 30.316645, 59.892365999998617 ], [ 30.316544, 59.892472999998624 ], [ 30.31723, 59.892641999998652 ] ] ] } },
{ "type": "Feature", "properties": { "height": 20.4, "match_type": "only_a", "height_source": "ml_predicted" }, "geometry": { "type": "Polygon", "coordinates": [ [ [ 30.31646, 59.89382 ], [ 30.31711, 59.89386 ], [ 30.31712, 59.89368 ], [ 30.31646, 59.8937 ], [ 30.31646, 59.89382 ] ] ] } },
{ "type": "Feature", "properties": { "height": 7.1, "match_type": "only_a", "height_source": "ml_predicted" }, "geometry": { "type": "Polygon", "coordinates": [ [ [ 30.31673, 59.89385 ], [ 30.31698, 59.89387 ], [ 30.31698, 59.89385 ], [ 30.31673, 59.89385 ] ] ] } },
{ "type": "Feature", "properties": { "height": 9.9, "match_type": "matched", "height_source": "source_b" }, "geometry": { "type": "Polygon", "coordinates": [ [ [ 30.315722, 59.885403999998623 ], [ 30.315706, 59.885828999998651 ], [ 30.31684, 59.885839999998645 ], [ 30.316856, 59.885408999998631 ], [ 30.316634, 59.885406999998636 ], [ 30.316621, 59.885732999998652 ], [ 30.315905, 59.885725999998634 ], [ 30.315909, 59.885620999998629 ], [ 30.315808, 59.885619999998639 ], [ 30.315817, 59.885403999998637 ], [ 30.315722, 59.885403999998623 ] ] ] } },
{ "type": "Feature", "properties": { "height": 4.5, "match_type": "only_a", "height_source": "ml_predicted" }, "geometry": { "type": "Polygon", "coordinates": [ [ [ 30.31682, 59.8915 ], [ 30.31682, 59.89143 ], [ 30.31669, 59.89143 ], [ 30.31668, 59.8915 ], [ 30.31682, 59.8915 ] ] ] } },
{ "type": "Feature", "properties": { "height": 39.0, "match_type": "matched", "height_source": "source_b" }, "geometry": { "type": "Polygon", "coordinates": [ [ [ 30.316602, 59.888506999998626 ], [ 30.317468, 59.888528999998627 ], [ 30.31751, 59.888119999998651 ], [ 30.317257, 59.888113999998637 ], [ 30.317231, 59.888368999998633 ], [ 30.316611, 59.888352999998645 ], [ 30.316602, 59.888506999998626 ] ] ] } },
{ "type": "Feature", "properties": { "height": 4.0, "match_type": "matched", "height_source": "source_b" }, "geometry": { "type": "Polygon", "coordinates": [ [ [ 30.317036, 59.895489999998645 ], [ 30.316795, 59.895532999998636 ], [ 30.316801, 59.895618999998646 ], [ 30.316238, 59.895624999998645 ], [ 30.316246, 59.895680999998646 ], [ 30.317085, 59.895685999998634 ], [ 30.317091, 59.895557999998658 ], [ 30.317036, 59.895489999998645 ] ] ] } },
{ "type": "Feature", "properties": { "height": 21.0, "match_type": "matched", "height_source": "source_b" }, "geometry": { "type": "Polygon", "coordinates": [ [ [ 30.317348, 59.895547999998634 ], [ 30.31741, 59.895638999998638 ], [ 30.317868, 59.895586999998649 ], [ 30.317892, 59.895621999998632 ], [ 30.318505, 59.895524999998628 ], [ 30.318448, 59.895438999998646 ], [ 30.318687, 59.895396999998646 ], [ 30.318639, 59.895321999998643 ], [ 30.317348, 59.895547999998634 ] ] ] } },
{ "type": "Feature", "properties": { "height": 12.0, "match_type": "matched", "height_source": "source_b" }, "geometry": { "type": "Polygon", "coordinates": [ [ [ 30.31741, 59.895638999998638 ], [ 30.317213, 59.895455999998639 ], [ 30.317036, 59.895489999998645 ], [ 30.317153, 59.895635999998646 ], [ 30.31741, 59.895638999998638 ] ] ] } },
{ "type": "Feature", "properties": { "height": 20.0, "match_type": "matched", "height_source": "source_b" }, "geometry": { "type": "Polygon", "coordinates": [ [ [ 30.316669, 59.890669999998629 ], [ 30.316665, 59.890712999998634 ], [ 30.316859, 59.890715999998633 ], [ 30.316865, 59.890573999998637 ], [ 30.316775, 59.890574999998627 ], [ 30.316802, 59.889588999998644 ], [ 30.316367, 59.889584999998625 ], [ 30.316319, 59.890633999998627 ], [ 30.316669, 59.890669999998629 ] ] ] } },
{ "type": "Feature", "properties": { "height": 4.0, "match_type": "matched", "height_source": "source_b" }, "geometry": { "type": "Polygon", "coordinates": [ [ [ 30.316319, 59.890664999998634 ], [ 30.316669, 59.890640999998631 ], [ 30.316319, 59.890633999998627 ], [ 30.316319, 59.890664999998634 ] ] ] } },
{ "type": "Feature", "properties": { "height": 36.0, "match_type": "matched", "height_source": "source_b" }, "geometry": { "type": "Polygon", "coordinates": [ [ [ 30.316459, 59.893301999998634 ], [ 30.316804, 59.89330799999864 ], [ 30.316814, 59.892966999998642 ], [ 30.316258, 59.892974999998636 ], [ 30.316249, 59.893124999998633 ], [ 30.316469, 59.893129999998635 ], [ 30.316459, 59.893301999998634 ] ] ] } },
{ "type": "Feature", "properties": { "height": 18.0, "match_type": "matched", "height_source": "source_b" }, "geometry": { "type": "Polygon", "coordinates": [ [ [ 30.316701, 59.89292999999865 ], [ 30.317009, 59.892948999998623 ], [ 30.317078, 59.892890999998649 ], [ 30.317034, 59.892844999998644 ], [ 30.316726, 59.892825999998621 ], [ 30.31677, 59.892871999998633 ], [ 30.316701, 59.89292999999865 ] ] ] } },
{ "type": "Feature", "properties": { "height": 6.5, "match_type": "only_a", "height_source": "ml_predicted" }, "geometry": { "type": "Polygon", "coordinates": [ [ [ 30.31699, 59.89459 ], [ 30.31709, 59.8946 ], [ 30.31715, 59.89424 ], [ 30.31699, 59.89423 ], [ 30.31699, 59.89459 ] ] ] } },
{ "type": "Feature", "properties": { "height": 4.0, "match_type": "matched", "height_source": "source_b" }, "geometry": { "type": "Polygon", "coordinates": [ [ [ 30.316493, 59.888749999998645 ], [ 30.316484, 59.888858999998632 ], [ 30.316951, 59.888817999998636 ], [ 30.316956, 59.888761999998628 ], [ 30.316493, 59.888749999998645 ] ] ] } },
{ "type": "Feature", "properties": { "height": 12.0, "match_type": "matched", "height_source": "source_b" }, "geometry": { "type": "Polygon", "coordinates": [ [ [ 30.31738, 59.889837999998626 ], [ 30.317045, 59.889830999998622 ], [ 30.317021, 59.890213999998608 ], [ 30.317357, 59.890220999998611 ], [ 30.31738, 59.889837999998626 ] ] ] } },
{ "type": "Feature", "properties": { "height": 12.0, "match_type": "matched", "height_source": "source_b" }, "geometry": { "type": "Polygon", "coordinates": [ [ [ 30.317282, 59.891057999998623 ], [ 30.317289, 59.890995999998609 ], [ 30.317104, 59.89097099999865 ], [ 30.316929, 59.891138999998631 ], [ 30.316742, 59.891088999998637 ], [ 30.316541, 59.891277999998628 ], [ 30.316971, 59.891365999998619 ], [ 30.317033, 59.891303999998648 ], [ 30.316983, 59.891286999998641 ], [ 30.317236, 59.891045999998646 ], [ 30.317282, 59.891057999998623 ] ] ] } },
{ "type": "Feature", "properties": { "height": 4.0, "match_type": "matched", "height_source": "source_b" }, "geometry": { "type": "Polygon", "coordinates": [ [ [ 30.317319, 59.89106799999864 ], [ 30.317236, 59.891045999998646 ], [ 30.316983, 59.891286999998641 ], [ 30.317066, 59.89130799999861 ], [ 30.317319, 59.89106799999864 ] ] ] } },
{ "type": "Feature", "properties": { "height": 4.0, "match_type": "only_a", "height_source": "ml_predicted" }, "geometry": { "type": "Polygon", "coordinates": [ [ [ 30.3171, 59.89222 ], [ 30.31722, 59.89223 ], [ 30.31723, 59.89217 ], [ 30.31711, 59.89217 ], [ 30.3171, 59.89222 ] ] ] } },
{ "type": "Feature", "properties": { "height": 13.2, "match_type": "matched", "height_source": "source_b" }, "geometry": { "type": "Polygon", "coordinates": [ [ [ 30.317009, 59.892948999998623 ], [ 30.317346, 59.892971999998622 ], [ 30.317414, 59.892913999998626 ], [ 30.317371, 59.892867999998607 ], [ 30.317034, 59.892844999998644 ], [ 30.317078, 59.892890999998649 ], [ 30.317009, 59.892948999998623 ] ] ] } },
{ "type": "Feature", "properties": { "height": 4.0, "match_type": "matched", "height_source": "source_b" }, "geometry": { "type": "Polygon", "coordinates": [ [ [ 30.317513, 59.888862999998608 ], [ 30.317477, 59.889455999998617 ], [ 30.317567, 59.889459999998643 ], [ 30.317606, 59.888866999998655 ], [ 30.317513, 59.888862999998608 ] ] ] } },
{ "type": "Feature", "properties": { "height": 20.0, "match_type": "matched", "height_source": "source_b" }, "geometry": { "type": "Polygon", "coordinates": [ [ [ 30.317473, 59.889517999998645 ], [ 30.317521, 59.888730999998636 ], [ 30.317109, 59.888724999998637 ], [ 30.317056, 59.889512999998608 ], [ 30.317473, 59.889517999998645 ] ] ] } },
{ "type": "Feature", "properties": { "height": 8.6, "match_type": "only_a", "height_source": "ml_predicted" }, "geometry": { "type": "Polygon", "coordinates": [ [ [ 30.31711, 59.89383 ], [ 30.31714, 59.89368 ], [ 30.31712, 59.89368 ], [ 30.31711, 59.89383 ] ] ] } },
{ "type": "Feature", "properties": { "height": 6.6, "match_type": "only_a", "height_source": "ml_predicted" }, "geometry": { "type": "Polygon", "coordinates": [ [ [ 30.31716, 59.88676 ], [ 30.31716, 59.8867 ], [ 30.31707, 59.8867 ], [ 30.31707, 59.88676 ], [ 30.31716, 59.88676 ] ] ] } },
{ "type": "Feature", "properties": { "height": 4.1, "match_type": "only_a", "height_source": "ml_predicted" }, "geometry": { "type": "Polygon", "coordinates": [ [ [ 30.31719, 59.89133 ], [ 30.31745, 59.89109 ], [ 30.31736, 59.89107 ], [ 30.31713, 59.8913 ], [ 30.31719, 59.89133 ] ] ] } },
{ "type": "Feature", "properties": { "height": 4.5, "match_type": "matched", "height_source": "source_b" }, "geometry": { "type": "Polygon", "coordinates": [ [ [ 30.316982, 59.892702999998626 ], [ 30.31695, 59.892754999998658 ], [ 30.317121, 59.89278199999864 ], [ 30.317154, 59.89272999999865 ], [ 30.316982, 59.892702999998626 ] ] ] } },
{ "type": "Feature", "properties": { "height": 5.2, "match_type": "only_a", "height_source": "ml_predicted" }, "geometry": { "type": "Polygon", "coordinates": [ [ [ 30.31726, 59.8855 ], [ 30.31726, 59.88545 ], [ 30.31717, 59.88545 ], [ 30.31716, 59.8855 ], [ 30.31726, 59.8855 ] ] ] } },
{ "type": "Feature", "properties": { "height": 9.9, "match_type": "matched", "height_source": "source_b" }, "geometry": { "type": "Polygon", "coordinates": [ [ [ 30.31722, 59.893993999998642 ], [ 30.317007, 59.89399299999863 ], [ 30.317006, 59.894072999998642 ], [ 30.31722, 59.894074999998637 ], [ 30.31722, 59.893993999998642 ] ] ] } },
{ "type": "Feature", "properties": { "height": 4.0, "match_type": "only_a", "height_source": "ml_predicted" }, "geometry": { "type": "Polygon", "coordinates": [ [ [ 30.31735, 59.88543 ], [ 30.31735, 59.88539 ], [ 30.31716, 59.88538 ], [ 30.31715, 59.88543 ], [ 30.31735, 59.88543 ] ] ] } },
{ "type": "Feature", "properties": { "height": 4.5, "match_type": "matched", "height_source": "source_b" }, "geometry": { "type": "Polygon", "coordinates": [ [ [ 30.317331, 59.884833999998634 ], [ 30.317081, 59.884835999998614 ], [ 30.317094, 59.885266999998656 ], [ 30.31732, 59.885264999998647 ], [ 30.317318, 59.885211999998653 ], [ 30.317428, 59.885211999998653 ], [ 30.31742, 59.884894999998593 ], [ 30.317333, 59.884895999998641 ], [ 30.317331, 59.884833999998634 ] ] ] } },
{ "type": "Feature", "properties": { "height": 27.0, "match_type": "matched", "height_source": "source_b" }, "geometry": { "type": "Polygon", "coordinates": [ [ [ 30.316811, 59.893008999998642 ], [ 30.316812, 59.89316699999862 ], [ 30.317319, 59.89317199999865 ], [ 30.317438, 59.893096999998619 ], [ 30.317338, 59.89302399999864 ], [ 30.316811, 59.893008999998642 ] ] ] } },
{ "type": "Feature", "properties": { "height": 4.5, "match_type": "matched", "height_source": "source_b" }, "geometry": { "type": "Polygon", "coordinates": [ [ [ 30.317358, 59.894582999998619 ], [ 30.317355, 59.894630999998633 ], [ 30.317485, 59.894633999998653 ], [ 30.317489, 59.894584999998642 ], [ 30.317358, 59.894582999998619 ] ] ] } },
{ "type": "Feature", "properties": { "height": 7.3, "match_type": "only_a", "height_source": "ml_predicted" }, "geometry": { "type": "Polygon", "coordinates": [ [ [ 30.31735, 59.88479 ], [ 30.31742, 59.88476 ], [ 30.31734, 59.88477 ], [ 30.31735, 59.88479 ] ] ] } },
{ "type": "Feature", "properties": { "height": 4.5, "match_type": "matched", "height_source": "source_b" }, "geometry": { "type": "Polygon", "coordinates": [ [ [ 30.317411, 59.891368999998619 ], [ 30.317313, 59.891367999998643 ], [ 30.317311, 59.891436999998625 ], [ 30.31741, 59.891437999998629 ], [ 30.317411, 59.891368999998619 ] ] ] } },
{ "type": "Feature", "properties": { "height": 9.1, "match_type": "only_a", "height_source": "ml_predicted" }, "geometry": { "type": "Polygon", "coordinates": [ [ [ 30.31746, 59.89428 ], [ 30.31746, 59.89432 ], [ 30.31753, 59.89432 ], [ 30.31753, 59.89428 ], [ 30.31746, 59.89428 ] ] ] } },
{ "type": "Feature", "properties": { "height": 36.0, "match_type": "matched", "height_source": "source_b" }, "geometry": { "type": "Polygon", "coordinates": [ [ [ 30.31772, 59.894006999998645 ], [ 30.317735, 59.893593999998657 ], [ 30.317383, 59.893591999998634 ], [ 30.31738, 59.894004999998621 ], [ 30.31772, 59.894006999998645 ] ] ] } },
{ "type": "Feature", "properties": { "height": 9.9, "match_type": "matched", "height_source": "source_b" }, "geometry": { "type": "Polygon", "coordinates": [ [ [ 30.317479, 59.887550999998624 ], [ 30.317476, 59.88762999999863 ], [ 30.31798, 59.887638999998629 ], [ 30.317986, 59.887562999998607 ], [ 30.317479, 59.887550999998624 ] ] ] } },
{ "type": "Feature", "properties": { "height": 3.5, "match_type": "only_a", "height_source": "ml_predicted" }, "geometry": { "type": "Polygon", "coordinates": [ [ [ 30.31751, 59.88526 ], [ 30.31757, 59.88526 ], [ 30.31758, 59.88521 ], [ 30.31751, 59.88521 ], [ 30.31751, 59.88526 ] ] ] } },
{ "type": "Feature", "properties": { "height": 15.0, "match_type": "matched", "height_source": "source_b" }, "geometry": { "type": "Polygon", "coordinates": [ [ [ 30.317486, 59.887463999998637 ], [ 30.317512, 59.88699999999865 ], [ 30.317205, 59.886989999998647 ], [ 30.317194, 59.887106999998629 ], [ 30.31738, 59.88711099999864 ], [ 30.317363, 59.887309999998642 ], [ 30.317194, 59.887307999998647 ], [ 30.317174, 59.887460999998638 ], [ 30.317486, 59.887463999998637 ] ] ] } },
{ "type": "Feature", "properties": { "height": 15.0, "match_type": "matched", "height_source": "source_b" }, "geometry": { "type": "Polygon", "coordinates": [ [ [ 30.317479, 59.887550999998624 ], [ 30.317169, 59.887530999998596 ], [ 30.317163, 59.887593999998629 ], [ 30.317476, 59.88762999999863 ], [ 30.317479, 59.887550999998624 ] ] ] } },
{ "type": "Feature", "properties": { "height": 3.8, "match_type": "only_a", "height_source": "ml_predicted" }, "geometry": { "type": "Polygon", "coordinates": [ [ [ 30.31755, 59.8861 ], [ 30.31761, 59.88613 ], [ 30.31768, 59.8861 ], [ 30.31761, 59.88606 ], [ 30.31755, 59.8861 ] ] ] } },
{ "type": "Feature", "properties": { "height": 4.0, "match_type": "matched", "height_source": "source_b" }, "geometry": { "type": "Polygon", "coordinates": [ [ [ 30.317678, 59.891616999998632 ], [ 30.317681, 59.891544999998629 ], [ 30.317522, 59.89154199999863 ], [ 30.31752, 59.891614999998637 ], [ 30.317678, 59.891616999998632 ] ] ] } },
{ "type": "Feature", "properties": { "height": 12.0, "match_type": "matched", "height_source": "source_b" }, "geometry": { "type": "Polygon", "coordinates": [ [ [ 30.31801, 59.888847999998639 ], [ 30.318017, 59.888738999998644 ], [ 30.317521, 59.888730999998636 ], [ 30.317515, 59.888832999998634 ], [ 30.31801, 59.888847999998639 ] ] ] } },
{ "type": "Feature", "properties": { "height": 4.0, "match_type": "matched", "height_source": "source_b" }, "geometry": { "type": "Polygon", "coordinates": [ [ [ 30.316659, 59.895923999998644 ], [ 30.316658, 59.895963999998621 ], [ 30.317017, 59.895967999998625 ], [ 30.317018, 59.895931999998638 ], [ 30.316659, 59.895923999998644 ] ] ] } },
{ "type": "Feature", "properties": { "height": 12.0, "match_type": "matched", "height_source": "source_b" }, "geometry": { "type": "Polygon", "coordinates": [ [ [ 30.316659, 59.895923999998644 ], [ 30.317453, 59.895891999998646 ], [ 30.317455, 59.895833999998644 ], [ 30.317604, 59.895835999998624 ], [ 30.317605, 59.89578299999863 ], [ 30.316665, 59.895770999998646 ], [ 30.316659, 59.895923999998644 ] ] ] } },
{ "type": "Feature", "properties": { "height": 4.5, "match_type": "matched", "height_source": "source_b" }, "geometry": { "type": "Polygon", "coordinates": [ [ [ 30.317502, 59.887180999998627 ], [ 30.317495, 59.88729699999864 ], [ 30.317614, 59.887297999998644 ], [ 30.317616, 59.887183999998641 ], [ 30.317502, 59.887180999998627 ] ] ] } },
{ "type": "Feature", "properties": { "height": 8.3, "match_type": "only_a", "height_source": "ml_predicted" }, "geometry": { "type": "Polygon", "coordinates": [ [ [ 30.31766, 59.88588 ], [ 30.31766, 59.88583 ], [ 30.3174, 59.88583 ], [ 30.3174, 59.88588 ], [ 30.31766, 59.88588 ] ] ] } },
{ "type": "Feature", "properties": { "height": 4.0, "match_type": "matched", "height_source": "source_b" }, "geometry": { "type": "Polygon", "coordinates": [ [ [ 30.317965, 59.891662999998637 ], [ 30.317962, 59.891793999998633 ], [ 30.318081, 59.891793999998633 ], [ 30.318092, 59.891664999998625 ], [ 30.317965, 59.891662999998637 ] ] ] } },
{ "type": "Feature", "properties": { "height": 12.0, "match_type": "matched", "height_source": "source_b" }, "geometry": { "type": "Polygon", "coordinates": [ [ [ 30.31796, 59.89190399999864 ], [ 30.317972, 59.89131299999864 ], [ 30.318169, 59.89131299999864 ], [ 30.318175, 59.891100999998642 ], [ 30.317694, 59.891100999998642 ], [ 30.317675, 59.891785999998632 ], [ 30.317576, 59.891785999998618 ], [ 30.31757, 59.89190199999863 ], [ 30.31796, 59.89190399999864 ] ] ] } },
{ "type": "Feature", "properties": { "height": 7.0, "match_type": "only_a", "height_source": "ml_predicted" }, "geometry": { "type": "Polygon", "coordinates": [ [ [ 30.31779, 59.89459 ], [ 30.31772, 59.89462 ], [ 30.31779, 59.89462 ], [ 30.31779, 59.89459 ] ] ] } },
{ "type": "Feature", "properties": { "height": 6.0, "match_type": "only_a", "height_source": "ml_predicted" }, "geometry": { "type": "Polygon", "coordinates": [ [ [ 30.31775, 59.88949 ], [ 30.31774, 59.88972 ], [ 30.31781, 59.88972 ], [ 30.31782, 59.8895 ], [ 30.31775, 59.88949 ] ] ] } },
{ "type": "Feature", "properties": { "height": 4.0, "match_type": "matched", "height_source": "source_b" }, "geometry": { "type": "Polygon", "coordinates": [ [ [ 30.317711, 59.889230999998631 ], [ 30.317686, 59.889463999998632 ], [ 30.31802, 59.8894739999986 ], [ 30.318046, 59.889240999998641 ], [ 30.317711, 59.889230999998631 ] ] ] } },
{ "type": "Feature", "properties": { "height": 13.2, "match_type": "matched", "height_source": "source_b" }, "geometry": { "type": "Polygon", "coordinates": [ [ [ 30.317845, 59.8931239999986 ], [ 30.317845, 59.893267999998599 ], [ 30.318454, 59.893270999998634 ], [ 30.318448, 59.893126999998643 ], [ 30.317845, 59.8931239999986 ] ] ] } },
{ "type": "Feature", "properties": { "height": 6.6, "match_type": "matched", "height_source": "source_b" }, "geometry": { "type": "Polygon", "coordinates": [ [ [ 30.31827, 59.893126999998643 ], [ 30.318448, 59.893126999998643 ], [ 30.318449, 59.892972999998626 ], [ 30.31827, 59.892972999998626 ], [ 30.31827, 59.893126999998643 ] ] ] } },
{ "type": "Feature", "properties": { "height": 7.4, "match_type": "only_a", "height_source": "ml_predicted" }, "geometry": { "type": "Polygon", "coordinates": [ [ [ 30.31774, 59.88459 ], [ 30.3178, 59.88456 ], [ 30.31773, 59.88457 ], [ 30.31774, 59.88459 ] ] ] } },
{ "type": "Feature", "properties": { "height": 4.1, "match_type": "only_a", "height_source": "ml_predicted" }, "geometry": { "type": "Polygon", "coordinates": [ [ [ 30.31782, 59.88641 ], [ 30.31783, 59.88636 ], [ 30.31771, 59.88635 ], [ 30.3177, 59.8864 ], [ 30.31782, 59.88641 ] ] ] } },
{ "type": "Feature", "properties": { "height": 6.3, "match_type": "only_a", "height_source": "ml_predicted" }, "geometry": { "type": "Polygon", "coordinates": [ [ [ 30.31782, 59.88924 ], [ 30.31798, 59.88924 ], [ 30.31798, 59.8892 ], [ 30.31782, 59.8892 ], [ 30.31782, 59.88924 ] ] ] } },
{ "type": "Feature", "properties": { "height": 4.5, "match_type": "matched", "height_source": "source_b" }, "geometry": { "type": "Polygon", "coordinates": [ [ [ 30.317648, 59.894334999998634 ], [ 30.317823, 59.894336999998629 ], [ 30.31782, 59.894300999998649 ], [ 30.317651, 59.894296999998623 ], [ 30.317648, 59.894334999998634 ] ] ] } },
{ "type": "Feature", "properties": { "height": 9.9, "match_type": "matched", "height_source": "source_b" }, "geometry": { "type": "Polygon", "coordinates": [ [ [ 30.317801, 59.894595999998621 ], [ 30.31781, 59.894505999998636 ], [ 30.317395, 59.894495999998632 ], [ 30.317403, 59.894400999998638 ], [ 30.317818, 59.894407999998641 ], [ 30.317823, 59.894336999998629 ], [ 30.317156, 59.894326999998626 ], [ 30.317139, 59.894576999998648 ], [ 30.317801, 59.894595999998621 ] ] ] } },
{ "type": "Feature", "properties": { "height": 6.4, "match_type": "only_a", "height_source": "ml_predicted" }, "geometry": { "type": "Polygon", "coordinates": [ [ [ 30.31786, 59.89097 ], [ 30.31786, 59.89102 ], [ 30.318, 59.89102 ], [ 30.318, 59.89097 ], [ 30.31786, 59.89097 ] ] ] } },
{ "type": "Feature", "properties": { "height": 6.6, "match_type": "matched", "height_source": "source_b" }, "geometry": { "type": "Polygon", "coordinates": [ [ [ 30.318401, 59.888132999998639 ], [ 30.317967, 59.888123999998641 ], [ 30.317994, 59.887920999998641 ], [ 30.317863, 59.887916999998637 ], [ 30.317829, 59.888177999998653 ], [ 30.318393, 59.888195999998658 ], [ 30.318401, 59.888132999998639 ] ] ] } },
{ "type": "Feature", "properties": { "height": 9.7, "match_type": "only_a", "height_source": "ml_predicted" }, "geometry": { "type": "Polygon", "coordinates": [ [ [ 30.3179, 59.88821 ], [ 30.31844, 59.88822 ], [ 30.31844, 59.88821 ], [ 30.3179, 59.88821 ] ] ] } },
{ "type": "Feature", "properties": { "height": 9.5, "match_type": "only_a", "height_source": "ml_predicted" }, "geometry": { "type": "Polygon", "coordinates": [ [ [ 30.31778, 59.89401 ], [ 30.31791, 59.89398 ], [ 30.31823, 59.89401 ], [ 30.31825, 59.89396 ], [ 30.31778, 59.89396 ], [ 30.31778, 59.89401 ] ] ] } },
{ "type": "Feature", "properties": { "height": 6.6, "match_type": "only_a", "height_source": "ml_predicted" }, "geometry": { "type": "Polygon", "coordinates": [ [ [ 30.31792, 59.88485 ], [ 30.31793, 59.8848 ], [ 30.31788, 59.8848 ], [ 30.31787, 59.88485 ], [ 30.31792, 59.88485 ] ] ] } },
{ "type": "Feature", "properties": { "height": 4.0, "match_type": "matched", "height_source": "source_b" }, "geometry": { "type": "Polygon", "coordinates": [ [ [ 30.317836, 59.895221999998626 ], [ 30.317601, 59.895248999998621 ], [ 30.317638, 59.895326999998638 ], [ 30.317874, 59.895300999998625 ], [ 30.317836, 59.895221999998626 ] ] ] } },
{ "type": "Feature", "properties": { "height": 4.5, "match_type": "matched", "height_source": "source_b" }, "geometry": { "type": "Polygon", "coordinates": [ [ [ 30.317943, 59.886453999998643 ], [ 30.317678, 59.88645499999862 ], [ 30.317682, 59.886594999998628 ], [ 30.317947, 59.886592999998626 ], [ 30.317943, 59.886453999998643 ] ] ] } },
{ "type": "Feature", "properties": { "height": 7.5, "match_type": "only_a", "height_source": "ml_predicted" }, "geometry": { "type": "Polygon", "coordinates": [ [ [ 30.31799, 59.88781 ], [ 30.31799, 59.88776 ], [ 30.31789, 59.88776 ], [ 30.31789, 59.88781 ], [ 30.31799, 59.88781 ] ] ] } },
{ "type": "Feature", "properties": { "height": 9.9, "match_type": "matched", "height_source": "source_b" }, "geometry": { "type": "Polygon", "coordinates": [ [ [ 30.317997, 59.887196999998615 ], [ 30.317732, 59.887195999998632 ], [ 30.317728, 59.887387999998644 ], [ 30.317993, 59.887389999998639 ], [ 30.317997, 59.887196999998615 ] ] ] } },
{ "type": "Feature", "properties": { "height": 4.0, "match_type": "matched", "height_source": "source_b" }, "geometry": { "type": "Polygon", "coordinates": [ [ [ 30.317925, 59.892175999998621 ], [ 30.317603, 59.892212999998627 ], [ 30.317599, 59.892292999998624 ], [ 30.31771, 59.892347999998641 ], [ 30.317911, 59.892351999998617 ], [ 30.317914, 59.892274999998627 ], [ 30.317845, 59.892272999998646 ], [ 30.317847, 59.892232999998626 ], [ 30.317922, 59.892233999998645 ], [ 30.317925, 59.892175999998621 ] ] ] } },
{ "type": "Feature", "properties": { "height": 9.9, "match_type": "matched", "height_source": "source_b" }, "geometry": { "type": "Polygon", "coordinates": [ [ [ 30.317512, 59.88699999999865 ], [ 30.317505, 59.887110999998633 ], [ 30.318002, 59.887118999998648 ], [ 30.318013, 59.886978999998618 ], [ 30.317512, 59.88699999999865 ] ] ] } },
{ "type": "Feature", "properties": { "height": 4.5, "match_type": "matched", "height_source": "source_b" }, "geometry": { "type": "Polygon", "coordinates": [ [ [ 30.318015, 59.89098199999863 ], [ 30.318011, 59.891024999998621 ], [ 30.318132, 59.891028999998639 ], [ 30.318137, 59.890984999998643 ], [ 30.318015, 59.89098199999863 ] ] ] } },
{ "type": "Feature", "properties": { "height": 4.5, "match_type": "matched", "height_source": "source_b" }, "geometry": { "type": "Polygon", "coordinates": [ [ [ 30.317923, 59.893479999998632 ], [ 30.318009, 59.893479999998632 ], [ 30.318009, 59.893392999998646 ], [ 30.317923, 59.893392999998674 ], [ 30.317923, 59.893479999998632 ] ] ] } },
{ "type": "Feature", "properties": { "height": 12.0, "match_type": "matched", "height_source": "source_b" }, "geometry": { "type": "Polygon", "coordinates": [ [ [ 30.3183, 59.890151999998643 ], [ 30.318312, 59.890025999998642 ], [ 30.318017, 59.890018999998638 ], [ 30.318031, 59.889827999998623 ], [ 30.317691, 59.889820999998605 ], [ 30.317667, 59.890137999998629 ], [ 30.3183, 59.890151999998643 ] ] ] } },
{ "type": "Feature", "properties": { "height": 4.5, "match_type": "matched", "height_source": "source_b" }, "geometry": { "type": "Polygon", "coordinates": [ [ [ 30.317892, 59.888451999998615 ], [ 30.31806, 59.888450999998646 ], [ 30.318058, 59.888348999998641 ], [ 30.31789, 59.888349999998646 ], [ 30.317892, 59.888451999998615 ] ] ] } },
{ "type": "Feature", "properties": { "height": 13.2, "match_type": "matched", "height_source": "source_b" }, "geometry": { "type": "Polygon", "coordinates": [ [ [ 30.318088, 59.888126999998626 ], [ 30.31904, 59.888144999998623 ], [ 30.319062, 59.887866999998643 ], [ 30.318746, 59.887862999998639 ], [ 30.318731, 59.888052999998642 ], [ 30.318373, 59.888045999998653 ], [ 30.318386, 59.887870999998633 ], [ 30.318108, 59.887864999998619 ], [ 30.318088, 59.888126999998626 ] ] ] } },
{ "type": "Feature", "properties": { "height": 6.6, "match_type": "only_a", "height_source": "ml_predicted" }, "geometry": { "type": "Polygon", "coordinates": [ [ [ 30.31815, 59.8864 ], [ 30.31812, 59.88648 ], [ 30.31815, 59.88648 ], [ 30.31815, 59.8864 ] ] ] } },
{ "type": "Feature", "properties": { "height": 9.9, "match_type": "matched", "height_source": "source_b" }, "geometry": { "type": "Polygon", "coordinates": [ [ [ 30.318128, 59.88547999999863 ], [ 30.317521, 59.885470999998631 ], [ 30.317384, 59.885562999998612 ], [ 30.317519, 59.885650999998646 ], [ 30.318118, 59.885665999998629 ], [ 30.318128, 59.88547999999863 ] ] ] } },
{ "type": "Feature", "properties": { "height": 9.9, "match_type": "matched", "height_source": "source_b" }, "geometry": { "type": "Polygon", "coordinates": [ [ [ 30.318738, 59.886378999998627 ], [ 30.318142, 59.886370999998633 ], [ 30.318142, 59.886452999998639 ], [ 30.318739, 59.886456999998629 ], [ 30.318738, 59.886378999998627 ] ] ] } },
{ "type": "Feature", "properties": { "height": 6.7, "match_type": "only_a", "height_source": "ml_predicted" }, "geometry": { "type": "Polygon", "coordinates": [ [ [ 30.31815, 59.89102 ], [ 30.31826, 59.89101 ], [ 30.31826, 59.89097 ], [ 30.31815, 59.89097 ], [ 30.31815, 59.89102 ] ] ] } },
{ "type": "Feature", "properties": { "height": 27.0, "match_type": "matched", "height_source": "source_b" }, "geometry": { "type": "Polygon", "coordinates": [ [ [ 30.318956, 59.884568999998628 ], [ 30.319184, 59.884570999998623 ], [ 30.319186, 59.884505999998623 ], [ 30.318959, 59.884503999998643 ], [ 30.318956, 59.884568999998628 ] ] ] } },
{ "type": "Feature", "properties": { "height": 18.0, "match_type": "matched", "height_source": "source_b" }, "geometry": { "type": "Polygon", "coordinates": [ [ [ 30.318869, 59.886380999998657 ], [ 30.319124, 59.886386999998656 ], [ 30.319153, 59.885612999998649 ], [ 30.318875, 59.88560999999865 ], [ 30.318869, 59.886380999998657 ] ] ] } },
{ "type": "Feature", "properties": { "height": 24.0, "match_type": "matched", "height_source": "source_b" }, "geometry": { "type": "Polygon", "coordinates": [ [ [ 30.318181, 59.884620999998646 ], [ 30.318383, 59.88473699999863 ], [ 30.318703, 59.88476099999864 ], [ 30.318975, 59.884672999998621 ], [ 30.31906, 59.884569999998597 ], [ 30.318956, 59.884568999998628 ], [ 30.318959, 59.884503999998643 ], [ 30.31906, 59.884503999998643 ], [ 30.318878, 59.884348999998636 ], [ 30.318489, 59.884311999998644 ], [ 30.318188, 59.884439999998641 ], [ 30.318146, 59.884534999998621 ], [ 30.318181, 59.884620999998646 ] ], [ [ 30.318842, 59.884526999998641 ], [ 30.318774, 59.884607999998643 ], [ 30.318612, 59.884641999998635 ], [ 30.318449, 59.884607999998629 ], [ 30.318382, 59.884526999998627 ], [ 30.318449, 59.884444999998649 ], [ 30.318612, 59.884410999998643 ], [ 30.318774, 59.884444999998635 ], [ 30.318842, 59.884526999998641 ] ] ] } },
{ "type": "Feature", "properties": { "height": 13.2, "match_type": "matched", "height_source": "source_b" }, "geometry": { "type": "Polygon", "coordinates": [ [ [ 30.318872, 59.885680999998634 ], [ 30.318875, 59.88560999999865 ], [ 30.31898, 59.88561099999864 ], [ 30.318979, 59.885558999998622 ], [ 30.318364, 59.885549999998631 ], [ 30.318418, 59.884745999998643 ], [ 30.318249, 59.884680999998636 ], [ 30.318134, 59.884575999998631 ], [ 30.318118, 59.885665999998629 ], [ 30.318872, 59.885680999998634 ] ] ] } },
{ "type": "Feature", "properties": { "height": 27.0, "match_type": "matched", "height_source": "source_b" }, "geometry": { "type": "Polygon", "coordinates": [ [ [ 30.318842, 59.884526999998641 ], [ 30.318774, 59.884444999998635 ], [ 30.318612, 59.884410999998643 ], [ 30.318449, 59.884444999998649 ], [ 30.318382, 59.884526999998627 ], [ 30.318449, 59.884607999998629 ], [ 30.318612, 59.884641999998635 ], [ 30.318774, 59.884607999998643 ], [ 30.318842, 59.884526999998641 ] ] ] } },
{ "type": "Feature", "properties": { "height": 7.9, "match_type": "only_a", "height_source": "ml_predicted" }, "geometry": { "type": "Polygon", "coordinates": [ [ [ 30.31816, 59.89273 ], [ 30.31818, 59.89268 ], [ 30.3181, 59.8927 ], [ 30.31811, 59.89272 ], [ 30.31816, 59.89273 ] ] ] } },
{ "type": "Feature", "properties": { "height": 9.9, "match_type": "matched", "height_source": "source_b" }, "geometry": { "type": "Polygon", "coordinates": [ [ [ 30.317804, 59.894744999998622 ], [ 30.318207, 59.894720999998633 ], [ 30.318208, 59.894650999998632 ], [ 30.318092, 59.894610999998655 ], [ 30.31812, 59.894342999998649 ], [ 30.317823, 59.894336999998629 ], [ 30.317804, 59.894744999998622 ] ] ] } },
{ "type": "Feature", "properties": { "height": 9.9, "match_type": "matched", "height_source": "source_b" }, "geometry": { "type": "Polygon", "coordinates": [ [ [ 30.318112, 59.894750999998664 ], [ 30.317743, 59.894777999998638 ], [ 30.317433, 59.894678999998646 ], [ 30.31737, 59.894721999998637 ], [ 30.31774, 59.894845999998616 ], [ 30.318098, 59.894853999998624 ], [ 30.318112, 59.894750999998664 ] ] ] } },
{ "type": "Feature", "properties": { "height": 4.5, "match_type": "matched", "height_source": "source_b" }, "geometry": { "type": "Polygon", "coordinates": [ [ [ 30.318366, 59.889691999998632 ], [ 30.318177, 59.889687999998642 ], [ 30.318172, 59.889757999998636 ], [ 30.318361, 59.889762999998645 ], [ 30.318366, 59.889691999998632 ] ] ] } },
{ "type": "Feature", "properties": { "height": 4.8, "match_type": "only_a", "height_source": "ml_predicted" }, "geometry": { "type": "Polygon", "coordinates": [ [ [ 30.31829, 59.89102 ], [ 30.31838, 59.89102 ], [ 30.31839, 59.89082 ], [ 30.3183, 59.89081 ], [ 30.31829, 59.89102 ] ] ] } },
{ "type": "Feature", "properties": { "height": 13.2, "match_type": "matched", "height_source": "source_b" }, "geometry": { "type": "Polygon", "coordinates": [ [ [ 30.31908, 59.887625999998633 ], [ 30.319095, 59.887432999998644 ], [ 30.31828, 59.887397999998633 ], [ 30.318262, 59.887631999998639 ], [ 30.318495, 59.887635999998622 ], [ 30.318501, 59.887551999998628 ], [ 30.318832, 59.887558999998646 ], [ 30.318827, 59.887623999998624 ], [ 30.31908, 59.887625999998633 ] ] ] } },
{ "type": "Feature", "properties": { "height": 4.5, "match_type": "matched", "height_source": "source_b" }, "geometry": { "type": "Polygon", "coordinates": [ [ [ 30.318262, 59.887631999998639 ], [ 30.318278, 59.887423999998632 ], [ 30.318171, 59.887421999998615 ], [ 30.318155, 59.887629999998623 ], [ 30.318262, 59.887631999998639 ] ] ] } },
{ "type": "Feature", "properties": { "height": 7.1, "match_type": "only_a", "height_source": "ml_predicted" }, "geometry": { "type": "Polygon", "coordinates": [ [ [ 30.31834, 59.89051 ], [ 30.31832, 59.89081 ], [ 30.31842, 59.89082 ], [ 30.31845, 59.89051 ], [ 30.31834, 59.89051 ] ] ] } },
{ "type": "Feature", "properties": { "height": 4.0, "match_type": "matched", "height_source": "source_b" }, "geometry": { "type": "Polygon", "coordinates": [ [ [ 30.318284, 59.891464999998618 ], [ 30.318109, 59.891461999998647 ], [ 30.3181, 59.891635999998634 ], [ 30.318182, 59.891637999998629 ], [ 30.318177, 59.891714999998612 ], [ 30.318314, 59.891716999998636 ], [ 30.318284, 59.891464999998618 ] ] ] } },
{ "type": "Feature", "properties": { "height": 4.0, "match_type": "matched", "height_source": "source_b" }, "geometry": { "type": "Polygon", "coordinates": [ [ [ 30.318186, 59.890021999998616 ], [ 30.31839, 59.890027999998637 ], [ 30.318389, 59.88985599999863 ], [ 30.318185, 59.889853999998635 ], [ 30.318186, 59.890021999998616 ] ] ] } },
{ "type": "Feature", "properties": { "height": 6.6, "match_type": "only_a", "height_source": "ml_predicted" }, "geometry": { "type": "Polygon", "coordinates": [ [ [ 30.31846, 59.89493 ], [ 30.31837, 59.89495 ], [ 30.31846, 59.89495 ], [ 30.31846, 59.89493 ] ] ] } },
{ "type": "Feature", "properties": { "height": 13.2, "match_type": "matched", "height_source": "source_b" }, "geometry": { "type": "Polygon", "coordinates": [ [ [ 30.318796, 59.888633999998632 ], [ 30.318815, 59.888140999998633 ], [ 30.318453, 59.88813399999863 ], [ 30.318434, 59.888630999998632 ], [ 30.318796, 59.888633999998632 ] ] ] } },
{ "type": "Feature", "properties": { "height": 5.8, "match_type": "only_a", "height_source": "ml_predicted" }, "geometry": { "type": "Polygon", "coordinates": [ [ [ 30.31838, 59.89025 ], [ 30.3187, 59.89026 ], [ 30.3187, 59.89022 ], [ 30.31839, 59.89021 ], [ 30.31838, 59.89025 ] ] ] } },
{ "type": "Feature", "properties": { "height": 4.0, "match_type": "matched", "height_source": "source_b" }, "geometry": { "type": "Polygon", "coordinates": [ [ [ 30.318345, 59.891786999998658 ], [ 30.318165, 59.891784999998613 ], [ 30.318165, 59.891825999998623 ], [ 30.318101, 59.891825999998638 ], [ 30.318101, 59.892024999998632 ], [ 30.318283, 59.892025999998637 ], [ 30.318284, 59.891941999998636 ], [ 30.318342, 59.891941999998636 ], [ 30.318345, 59.891786999998658 ] ] ] } },
{ "type": "Feature", "properties": { "height": 7.6, "match_type": "only_a", "height_source": "ml_predicted" }, "geometry": { "type": "Polygon", "coordinates": [ [ [ 30.31836, 59.89117 ], [ 30.31843, 59.89115 ], [ 30.31836, 59.89114 ], [ 30.31836, 59.89117 ] ] ] } },
{ "type": "Feature", "properties": { "height": 4.0, "match_type": "matched", "height_source": "source_b" }, "geometry": { "type": "Polygon", "coordinates": [ [ [ 30.318523, 59.890210999998622 ], [ 30.318525, 59.890053999998635 ], [ 30.318312, 59.890025999998642 ], [ 30.318296, 59.890205999998642 ], [ 30.318523, 59.890210999998622 ] ] ] } },
{ "type": "Feature", "properties": { "height": 7.3, "match_type": "only_a", "height_source": "ml_predicted" }, "geometry": { "type": "Polygon", "coordinates": [ [ [ 30.31834, 59.89051 ], [ 30.31851, 59.89051 ], [ 30.31851, 59.89045 ], [ 30.31835, 59.89044 ], [ 30.31834, 59.89051 ] ] ] } },
{ "type": "Feature", "properties": { "height": 4.5, "match_type": "only_a", "height_source": "ml_predicted" }, "geometry": { "type": "Polygon", "coordinates": [ [ [ 30.3185, 59.89044 ], [ 30.3185, 59.89039 ], [ 30.31844, 59.89039 ], [ 30.31844, 59.89043 ], [ 30.3185, 59.89044 ] ] ] } },
{ "type": "Feature", "properties": { "height": 4.0, "match_type": "matched", "height_source": "source_b" }, "geometry": { "type": "Polygon", "coordinates": [ [ [ 30.318404, 59.895144999998642 ], [ 30.317868, 59.895222999998644 ], [ 30.317913, 59.89529899999863 ], [ 30.318449, 59.89522199999864 ], [ 30.318404, 59.895144999998642 ] ] ] } },
{ "type": "Feature", "properties": { "height": 20.0, "match_type": "matched", "height_source": "source_b" }, "geometry": { "type": "Polygon", "coordinates": [ [ [ 30.318017, 59.888738999998644 ], [ 30.318008, 59.888899999998657 ], [ 30.318543, 59.888912999998645 ], [ 30.318525, 59.889300999998625 ], [ 30.318858, 59.889305999998619 ], [ 30.318886, 59.888754999998618 ], [ 30.318017, 59.888738999998644 ] ] ] } },
{ "type": "Feature", "properties": { "height": 5.1, "match_type": "only_a", "height_source": "ml_predicted" }, "geometry": { "type": "Polygon", "coordinates": [ [ [ 30.31852, 59.89494 ], [ 30.31856, 59.89491 ], [ 30.31846, 59.89492 ], [ 30.31852, 59.89494 ] ] ] } },
{ "type": "Feature", "properties": { "height": 15.0, "match_type": "matched", "height_source": "source_b" }, "geometry": { "type": "Polygon", "coordinates": [ [ [ 30.318242, 59.886371999998644 ], [ 30.318492, 59.886375999998627 ], [ 30.31851, 59.885876999998608 ], [ 30.318262, 59.885873999998608 ], [ 30.318242, 59.886371999998644 ] ] ] } },
{ "type": "Feature", "properties": { "height": 12.0, "match_type": "matched", "height_source": "source_b" }, "geometry": { "type": "Polygon", "coordinates": [ [ [ 30.318513, 59.890651999998624 ], [ 30.318413, 59.890700999998629 ], [ 30.318391, 59.891015999998615 ], [ 30.318739, 59.891023999998644 ], [ 30.318765, 59.890660999998623 ], [ 30.318513, 59.890651999998624 ] ] ] } },
{ "type": "Feature", "properties": { "height": 4.5, "match_type": "matched", "height_source": "source_b" }, "geometry": { "type": "Polygon", "coordinates": [ [ [ 30.318811, 59.885882999998621 ], [ 30.318582, 59.885878999998646 ], [ 30.31858, 59.885936999998634 ], [ 30.318776, 59.885947999998635 ], [ 30.318811, 59.885882999998621 ] ] ] } },
{ "type": "Feature", "properties": { "height": 6.2, "match_type": "only_a", "height_source": "ml_predicted" }, "geometry": { "type": "Polygon", "coordinates": [ [ [ 30.31867, 59.89035 ], [ 30.31863, 59.8904 ], [ 30.31885, 59.8904 ], [ 30.31882, 59.89035 ], [ 30.31867, 59.89035 ] ] ] } },
{ "type": "Feature", "properties": { "height": 12.0, "match_type": "matched", "height_source": "source_b" }, "geometry": { "type": "Polygon", "coordinates": [ [ [ 30.318523, 59.890210999998622 ], [ 30.31878, 59.890215999998645 ], [ 30.318783, 59.890166999998641 ], [ 30.318851, 59.890168999998622 ], [ 30.318908, 59.889395999998605 ], [ 30.31858, 59.88938899999863 ], [ 30.318523, 59.890210999998622 ] ] ] } },
{ "type": "Feature", "properties": { "height": 12.0, "match_type": "matched", "height_source": "source_b" }, "geometry": { "type": "Polygon", "coordinates": [ [ [ 30.318536, 59.896114999998645 ], [ 30.318757, 59.896117999998637 ], [ 30.318758, 59.896041999998651 ], [ 30.318853, 59.896041999998651 ], [ 30.318855, 59.895801999998618 ], [ 30.318723, 59.895800999998627 ], [ 30.318715, 59.89596999999862 ], [ 30.318367, 59.89596199999864 ], [ 30.31836, 59.896035999998652 ], [ 30.318538, 59.896036999998657 ], [ 30.318536, 59.896114999998645 ] ] ] } },
{ "type": "Feature", "properties": { "height": 12.0, "match_type": "matched", "height_source": "source_b" }, "geometry": { "type": "Polygon", "coordinates": [ [ [ 30.318513, 59.890651999998624 ], [ 30.318765, 59.890660999998623 ], [ 30.318781, 59.890432999998609 ], [ 30.318528, 59.890425999998605 ], [ 30.318513, 59.890651999998624 ] ] ] } },
{ "type": "Feature", "properties": { "height": 6.3, "match_type": "only_a", "height_source": "ml_predicted" }, "geometry": { "type": "Polygon", "coordinates": [ [ [ 30.31879, 59.88768 ], [ 30.31886, 59.88758 ], [ 30.31853, 59.88758 ], [ 30.31851, 59.88767 ], [ 30.31879, 59.88768 ] ] ] } },
{ "type": "Feature", "properties": { "height": 15.0, "match_type": "matched", "height_source": "source_b" }, "geometry": { "type": "Polygon", "coordinates": [ [ [ 30.319062, 59.887866999998643 ], [ 30.31908, 59.887625999998633 ], [ 30.318764, 59.887621999998615 ], [ 30.318746, 59.887862999998639 ], [ 30.319062, 59.887866999998643 ] ] ] } },
{ "type": "Feature", "properties": { "height": 4.3, "match_type": "only_a", "height_source": "ml_predicted" }, "geometry": { "type": "Polygon", "coordinates": [ [ [ 30.31882, 59.8859 ], [ 30.31884, 59.88596 ], [ 30.31884, 59.8859 ], [ 30.31882, 59.8859 ] ] ] } },
{ "type": "Feature", "properties": { "height": 6.6, "match_type": "matched", "height_source": "source_b" }, "geometry": { "type": "Polygon", "coordinates": [ [ [ 30.318561, 59.886377999998622 ], [ 30.318781, 59.886378999998598 ], [ 30.318789, 59.88631299999863 ], [ 30.318566, 59.886310999998635 ], [ 30.318561, 59.886377999998622 ] ] ] } },
{ "type": "Feature", "properties": { "height": 18.0, "match_type": "matched", "height_source": "source_b" }, "geometry": { "type": "Polygon", "coordinates": [ [ [ 30.318869, 59.886380999998657 ], [ 30.318826, 59.886754999998644 ], [ 30.318205, 59.886739999998639 ], [ 30.318192, 59.88687199999864 ], [ 30.319099, 59.886883999998624 ], [ 30.319124, 59.886386999998656 ], [ 30.318869, 59.886380999998657 ] ] ] } },
{ "type": "Feature", "properties": { "height": 6.0, "match_type": "only_a", "height_source": "ml_predicted" }, "geometry": { "type": "Polygon", "coordinates": [ [ [ 30.3189, 59.89069 ], [ 30.31892, 59.89044 ], [ 30.3188, 59.89044 ], [ 30.31878, 59.89068 ], [ 30.3189, 59.89069 ] ] ] } },
{ "type": "Feature", "properties": { "height": 5.3, "match_type": "only_a", "height_source": "ml_predicted" }, "geometry": { "type": "Polygon", "coordinates": [ [ [ 30.31891, 59.89506 ], [ 30.31876, 59.89507 ], [ 30.31875, 59.89512 ], [ 30.31891, 59.89512 ], [ 30.31891, 59.89506 ] ] ] } },
{ "type": "Feature", "properties": { "height": 4.0, "match_type": "matched", "height_source": "source_b" }, "geometry": { "type": "Polygon", "coordinates": [ [ [ 30.318869, 59.895105999998641 ], [ 30.318684, 59.895101999998637 ], [ 30.318678, 59.89520799999864 ], [ 30.318861, 59.895209999998634 ], [ 30.318869, 59.895105999998641 ] ] ] } },
{ "type": "Feature", "properties": { "height": 20.0, "match_type": "matched", "height_source": "source_b" }, "geometry": { "type": "Polygon", "coordinates": [ [ [ 30.318639, 59.895321999998643 ], [ 30.318687, 59.895396999998646 ], [ 30.318568, 59.895417999998642 ], [ 30.318571, 59.895653999998657 ], [ 30.318864, 59.895653999998657 ], [ 30.318859, 59.895319999998634 ], [ 30.318639, 59.895321999998643 ] ] ] } },
{ "type": "Feature", "properties": { "height": 4.1, "match_type": "only_a", "height_source": "ml_predicted" }, "geometry": { "type": "Polygon", "coordinates": [ [ [ 30.31897, 59.88941 ], [ 30.31887, 59.88942 ], [ 30.31893, 59.88946 ], [ 30.31897, 59.88941 ] ] ] } },
{ "type": "Feature", "properties": { "height": 9.9, "match_type": "matched", "height_source": "source_b" }, "geometry": { "type": "Polygon", "coordinates": [ [ [ 30.320209, 59.89338699999864 ], [ 30.319769, 59.893353999998631 ], [ 30.319768, 59.89342899999864 ], [ 30.319677, 59.893451999998611 ], [ 30.319676, 59.893495999998621 ], [ 30.319764, 59.893521999998626 ], [ 30.319764, 59.893671999998631 ], [ 30.319681, 59.893682999998624 ], [ 30.319758, 59.893754999998627 ], [ 30.319757, 59.893831999998639 ], [ 30.320205, 59.893801999998637 ], [ 30.320205, 59.89372399999862 ], [ 30.320165, 59.89372399999862 ], [ 30.320166, 59.893464999998642 ], [ 30.320208, 59.893464999998642 ], [ 30.320209, 59.89338699999864 ] ] ] } },
{ "type": "Feature", "properties": { "height": 5.0, "match_type": "matched", "height_source": "source_b" }, "geometry": { "type": "Polygon", "coordinates": [ [ [ 30.319086999843968, 59.891443000241246 ], [ 30.319764999200569, 59.891452000308739 ], [ 30.319769999415996, 59.891364000272866 ], [ 30.319092000065407, 59.891355000206978 ], [ 30.319086999843968, 59.891443000241246 ] ] ] } },
{ "type": "Feature", "properties": { "height": 4.5, "match_type": "matched", "height_source": "source_b" }, "geometry": { "type": "Polygon", "coordinates": [ [ [ 30.319005, 59.891296999998644 ], [ 30.318997, 59.891387999998635 ], [ 30.319648, 59.891404999998613 ], [ 30.319654, 59.891313999998644 ], [ 30.319005, 59.891296999998644 ] ] ] } },
{ "type": "Feature", "properties": { "height": 9.9, "match_type": "matched", "height_source": "source_b" }, "geometry": { "type": "Polygon", "coordinates": [ [ [ 30.319876, 59.893046999998631 ], [ 30.31961, 59.893048999998634 ], [ 30.319607, 59.893242999998655 ], [ 30.319871, 59.893173999998638 ], [ 30.319876, 59.893046999998631 ] ] ] } },
{ "type": "Feature", "properties": { "height": 9.9, "match_type": "matched", "height_source": "source_b" }, "geometry": { "type": "Polygon", "coordinates": [ [ [ 30.31961, 59.893048999998634 ], [ 30.319876, 59.893046999998631 ], [ 30.319879, 59.892957999998622 ], [ 30.319611, 59.892863999998632 ], [ 30.31961, 59.893048999998634 ] ] ] } },
{ "type": "Feature", "properties": { "height": 33.0, "match_type": "matched", "height_source": "source_b" }, "geometry": { "type": "Polygon", "coordinates": [ [ [ 30.320093, 59.894635999998627 ], [ 30.320179, 59.894636999998646 ], [ 30.320181, 59.89459999999864 ], [ 30.320095, 59.894598999998635 ], [ 30.320093, 59.894635999998627 ] ] ] } },
{ "type": "Feature", "properties": { "height": 33.0, "match_type": "matched", "height_source": "source_b" }, "geometry": { "type": "Polygon", "coordinates": [ [ [ 30.321474, 59.893876999998625 ], [ 30.321546, 59.893911999998636 ], [ 30.321606, 59.893881999998634 ], [ 30.321534, 59.893846999998622 ], [ 30.321474, 59.893876999998625 ] ] ] } },
{ "type": "Feature", "properties": { "height": 33.0, "match_type": "matched", "height_source": "source_b" }, "geometry": { "type": "Polygon", "coordinates": [ [ [ 30.322856, 59.894478999998626 ], [ 30.322928, 59.894513999998637 ], [ 30.322988, 59.89448299999863 ], [ 30.322916, 59.894447999998661 ], [ 30.322856, 59.894478999998626 ] ] ] } },
{ "type": "Feature", "properties": { "height": 33.0, "match_type": "matched", "height_source": "source_b" }, "geometry": { "type": "Polygon", "coordinates": [ [ [ 30.320062, 59.895042999998644 ], [ 30.320148, 59.895043999998627 ], [ 30.320149, 59.895006999998643 ], [ 30.320063, 59.895005999998652 ], [ 30.320062, 59.895042999998644 ] ] ] } },
{ "type": "Feature", "properties": { "height": 33.0, "match_type": "matched", "height_source": "source_b" }, "geometry": { "type": "Polygon", "coordinates": [ [ [ 30.321937, 59.894078999998627 ], [ 30.322008, 59.894113999998638 ], [ 30.322068, 59.894082999998631 ], [ 30.321996, 59.894047999998641 ], [ 30.321937, 59.894078999998627 ] ] ] } },
{ "type": "Feature", "properties": { "height": 30.0, "match_type": "matched", "height_source": "source_b" }, "geometry": { "type": "Polygon", "coordinates": [ [ [ 30.320868, 59.89386599999866 ], [ 30.320977, 59.893947999998616 ], [ 30.321212, 59.893847999998627 ], [ 30.322982, 59.894605999998625 ], [ 30.323178, 59.894473999998645 ], [ 30.321147, 59.893647999998642 ], [ 30.321028, 59.893731999998643 ], [ 30.321063, 59.893749999998647 ], [ 30.321027, 59.893779999998635 ], [ 30.320868, 59.89386599999866 ] ], [ [ 30.322856, 59.894478999998626 ], [ 30.322916, 59.894447999998661 ], [ 30.322988, 59.89448299999863 ], [ 30.322928, 59.894513999998637 ], [ 30.322856, 59.894478999998626 ] ], [ [ 30.322594, 59.894363999998646 ], [ 30.322654, 59.894332999998653 ], [ 30.322726, 59.894367999998622 ], [ 30.322666, 59.894398999998629 ], [ 30.322594, 59.894363999998646 ] ], [ [ 30.322398, 59.894277999998621 ], [ 30.322458, 59.89424699999865 ], [ 30.322529, 59.89428199999864 ], [ 30.32247, 59.894312999998633 ], [ 30.322398, 59.894277999998621 ] ], [ [ 30.321937, 59.894078999998627 ], [ 30.321996, 59.894047999998641 ], [ 30.322068, 59.894082999998631 ], [ 30.322008, 59.894113999998638 ], [ 30.321937, 59.894078999998627 ] ], [ [ 30.321474, 59.893876999998625 ], [ 30.321534, 59.893846999998622 ], [ 30.321606, 59.893881999998634 ], [ 30.321546, 59.893911999998636 ], [ 30.321474, 59.893876999998625 ] ], [ [ 30.321132, 59.893873999998618 ], [ 30.321072, 59.893846999998637 ], [ 30.321173, 59.893850999998641 ], [ 30.321132, 59.893873999998618 ] ] ] } },
{ "type": "Feature", "properties": { "height": 30.0, "match_type": "matched", "height_source": "source_b" }, "geometry": { "type": "Polygon", "coordinates": [ [ [ 30.320868, 59.89386599999866 ], [ 30.320426, 59.893956999998636 ], [ 30.319974, 59.893903999998635 ], [ 30.319942, 59.894268999998623 ], [ 30.319977, 59.894311999998642 ], [ 30.319941, 59.894313999998651 ], [ 30.319907, 59.894775999998636 ], [ 30.319955, 59.894776999998626 ], [ 30.319955, 59.894820999998643 ], [ 30.319909, 59.894821999998612 ], [ 30.319889, 59.895136999998634 ], [ 30.320192, 59.89513699999862 ], [ 30.320222, 59.894033999998641 ], [ 30.32063, 59.894020999998638 ], [ 30.320977, 59.893947999998616 ], [ 30.320868, 59.89386599999866 ] ], [ [ 30.320118, 59.894048999998645 ], [ 30.32012, 59.894011999998625 ], [ 30.320206, 59.894011999998618 ], [ 30.320204, 59.894049999998614 ], [ 30.320118, 59.894048999998645 ] ], [ [ 30.320081, 59.894827999998647 ], [ 30.320082, 59.894789999998622 ], [ 30.320168, 59.894790999998627 ], [ 30.320167, 59.894827999998626 ], [ 30.320081, 59.894827999998647 ] ], [ [ 30.320093, 59.894635999998627 ], [ 30.320095, 59.894598999998635 ], [ 30.320181, 59.89459999999864 ], [ 30.320179, 59.894636999998646 ], [ 30.320093, 59.894635999998627 ] ], [ [ 30.320112, 59.89423299999865 ], [ 30.320113, 59.894195999998644 ], [ 30.320199, 59.894196999998634 ], [ 30.320198, 59.894233999998626 ], [ 30.320112, 59.89423299999865 ] ], [ [ 30.320062, 59.895042999998644 ], [ 30.320063, 59.895005999998652 ], [ 30.320149, 59.895006999998643 ], [ 30.320148, 59.895043999998627 ], [ 30.320062, 59.895042999998644 ] ], [ [ 30.320103, 59.894461999998612 ], [ 30.320104, 59.89442499999862 ], [ 30.32019, 59.894425999998624 ], [ 30.320188, 59.89446299999863 ], [ 30.320103, 59.894461999998612 ] ], [ [ 30.320699, 59.893964999998644 ], [ 30.32068, 59.893933999998637 ], [ 30.320755, 59.893956999998636 ], [ 30.320699, 59.893964999998644 ] ], [ [ 30.320536, 59.89399499999864 ], [ 30.320517, 59.893962999998635 ], [ 30.320592, 59.893985999998641 ], [ 30.320536, 59.89399499999864 ] ] ] } },
{ "type": "Feature", "properties": { "height": 33.0, "match_type": "matched", "height_source": "source_b" }, "geometry": { "type": "Polygon", "coordinates": [ [ [ 30.320081, 59.894827999998647 ], [ 30.320167, 59.894827999998626 ], [ 30.320168, 59.894790999998627 ], [ 30.320082, 59.894789999998622 ], [ 30.320081, 59.894827999998647 ] ] ] } },
{ "type": "Feature", "properties": { "height": 33.0, "match_type": "matched", "height_source": "source_b" }, "geometry": { "type": "Polygon", "coordinates": [ [ [ 30.320699, 59.893964999998644 ], [ 30.320755, 59.893956999998636 ], [ 30.32068, 59.893933999998637 ], [ 30.320699, 59.893964999998644 ] ] ] } },
{ "type": "Feature", "properties": { "height": 33.0, "match_type": "matched", "height_source": "source_b" }, "geometry": { "type": "Polygon", "coordinates": [ [ [ 30.320118, 59.894048999998645 ], [ 30.320204, 59.894049999998614 ], [ 30.320206, 59.894011999998618 ], [ 30.32012, 59.894011999998625 ], [ 30.320118, 59.894048999998645 ] ] ] } },
{ "type": "Feature", "properties": { "height": 33.0, "match_type": "matched", "height_source": "source_b" }, "geometry": { "type": "Polygon", "coordinates": [ [ [ 30.320103, 59.894461999998612 ], [ 30.320188, 59.89446299999863 ], [ 30.32019, 59.894425999998624 ], [ 30.320104, 59.89442499999862 ], [ 30.320103, 59.894461999998612 ] ] ] } },
{ "type": "Feature", "properties": { "height": 33.0, "match_type": "matched", "height_source": "source_b" }, "geometry": { "type": "Polygon", "coordinates": [ [ [ 30.322594, 59.894363999998646 ], [ 30.322666, 59.894398999998629 ], [ 30.322726, 59.894367999998622 ], [ 30.322654, 59.894332999998653 ], [ 30.322594, 59.894363999998646 ] ] ] } },
{ "type": "Feature", "properties": { "height": 33.0, "match_type": "matched", "height_source": "source_b" }, "geometry": { "type": "Polygon", "coordinates": [ [ [ 30.321132, 59.893873999998618 ], [ 30.321173, 59.893850999998641 ], [ 30.321072, 59.893846999998637 ], [ 30.321132, 59.893873999998618 ] ] ] } },
{ "type": "Feature", "properties": { "height": 33.0, "match_type": "matched", "height_source": "source_b" }, "geometry": { "type": "Polygon", "coordinates": [ [ [ 30.322398, 59.894277999998621 ], [ 30.32247, 59.894312999998633 ], [ 30.322529, 59.89428199999864 ], [ 30.322458, 59.89424699999865 ], [ 30.322398, 59.894277999998621 ] ] ] } },
{ "type": "Feature", "properties": { "height": 33.0, "match_type": "matched", "height_source": "source_b" }, "geometry": { "type": "Polygon", "coordinates": [ [ [ 30.320536, 59.89399499999864 ], [ 30.320592, 59.893985999998641 ], [ 30.320517, 59.893962999998635 ], [ 30.320536, 59.89399499999864 ] ] ] } },
{ "type": "Feature", "properties": { "height": 33.0, "match_type": "matched", "height_source": "source_b" }, "geometry": { "type": "Polygon", "coordinates": [ [ [ 30.320112, 59.89423299999865 ], [ 30.320198, 59.894233999998626 ], [ 30.320199, 59.894196999998634 ], [ 30.320113, 59.894195999998644 ], [ 30.320112, 59.89423299999865 ] ] ] } },
{ "type": "Feature", "properties": { "height": 4.3, "match_type": "only_a", "height_source": "ml_predicted" }, "geometry": { "type": "Polygon", "coordinates": [ [ [ 30.31996, 59.89296 ], [ 30.31999, 59.89304 ], [ 30.32006, 59.89299 ], [ 30.31996, 59.89296 ] ] ] } },
{ "type": "Feature", "properties": { "height": 13.7, "match_type": "only_a", "height_source": "ml_predicted" }, "geometry": { "type": "Polygon", "coordinates": [ [ [ 30.32002, 59.89525 ], [ 30.32002, 59.89529 ], [ 30.32019, 59.89529 ], [ 30.32019, 59.89525 ], [ 30.32002, 59.89525 ] ] ] } },
{ "type": "Feature", "properties": { "height": 13.4, "match_type": "only_a", "height_source": "ml_predicted" }, "geometry": { "type": "Polygon", "coordinates": [ [ [ 30.32002, 59.89525 ], [ 30.3202, 59.89525 ], [ 30.3202, 59.89518 ], [ 30.32002, 59.89518 ], [ 30.32002, 59.89525 ] ] ] } },
{ "type": "Feature", "properties": { "height": 8.8, "match_type": "only_a", "height_source": "ml_predicted" }, "geometry": { "type": "Polygon", "coordinates": [ [ [ 30.32002, 59.89602 ], [ 30.32007, 59.89602 ], [ 30.32007, 59.89598 ], [ 30.32002, 59.89598 ], [ 30.32002, 59.89602 ] ] ] } },
{ "type": "Feature", "properties": { "height": 10.9, "match_type": "only_a", "height_source": "ml_predicted" }, "geometry": { "type": "Polygon", "coordinates": [ [ [ 30.32005, 59.89035 ], [ 30.32004, 59.89046 ], [ 30.32022, 59.89046 ], [ 30.32025, 59.89035 ], [ 30.32005, 59.89035 ] ] ] } },
{ "type": "Feature", "properties": { "height": 18.0, "match_type": "matched", "height_source": "source_b" }, "geometry": { "type": "Polygon", "coordinates": [ [ [ 30.32003, 59.889858999998644 ], [ 30.320017, 59.889973999998638 ], [ 30.320053, 59.889976999998623 ], [ 30.319995, 59.890354999998635 ], [ 30.320205, 59.890354999998635 ], [ 30.32022, 59.889861999998629 ], [ 30.32003, 59.889858999998644 ] ] ] } },
{ "type": "Feature", "properties": { "height": 15.0, "match_type": "matched", "height_source": "source_b" }, "geometry": { "type": "Polygon", "coordinates": [ [ [ 30.32003, 59.889858999998644 ], [ 30.320262, 59.889863999998639 ], [ 30.32029, 59.889585999998623 ], [ 30.320049, 59.889581999998633 ], [ 30.32003, 59.889858999998644 ] ] ] } },
{ "type": "Feature", "properties": { "height": 15.0, "match_type": "matched", "height_source": "source_b" }, "geometry": { "type": "Polygon", "coordinates": [ [ [ 30.320049, 59.889581999998633 ], [ 30.320393, 59.889550999998647 ], [ 30.320358, 59.889315999998637 ], [ 30.320069, 59.889308999998633 ], [ 30.320049, 59.889581999998633 ] ] ] } },
{ "type": "Feature", "properties": { "height": 15.0, "match_type": "matched", "height_source": "source_b" }, "geometry": { "type": "Polygon", "coordinates": [ [ [ 30.32004, 59.895336999998648 ], [ 30.319724, 59.895332999998637 ], [ 30.319684, 59.895485999998641 ], [ 30.319702, 59.89578699999862 ], [ 30.320021, 59.895794999998643 ], [ 30.32003, 59.895551999998624 ], [ 30.320131, 59.895551999998638 ], [ 30.320136, 59.895504999998643 ], [ 30.320032, 59.89549899999863 ], [ 30.32004, 59.895336999998648 ] ] ] } },
{ "type": "Feature", "properties": { "height": 4.9, "match_type": "only_a", "height_source": "ml_predicted" }, "geometry": { "type": "Polygon", "coordinates": [ [ [ 30.32016, 59.89591 ], [ 30.32016, 59.89587 ], [ 30.32003, 59.89587 ], [ 30.32003, 59.89591 ], [ 30.32016, 59.89591 ] ] ] } },
{ "type": "Feature", "properties": { "height": 8.8, "match_type": "only_a", "height_source": "ml_predicted" }, "geometry": { "type": "Polygon", "coordinates": [ [ [ 30.3202, 59.89078 ], [ 30.32095, 59.89078 ], [ 30.32125, 59.89079 ], [ 30.32123, 59.89075 ], [ 30.32031, 59.89074 ], [ 30.3202, 59.89074 ], [ 30.3202, 59.89078 ] ] ] } },
{ "type": "Feature", "properties": { "height": 4.6, "match_type": "only_a", "height_source": "ml_predicted" }, "geometry": { "type": "Polygon", "coordinates": [ [ [ 30.32026, 59.8931 ], [ 30.3201, 59.89314 ], [ 30.32016, 59.8932 ], [ 30.32033, 59.89316 ], [ 30.32026, 59.8931 ] ] ] } },
{ "type": "Feature", "properties": { "height": 5.0, "match_type": "only_a", "height_source": "ml_predicted" }, "geometry": { "type": "Polygon", "coordinates": [ [ [ 30.32027, 59.88997 ], [ 30.32031, 59.88997 ], [ 30.32031, 59.88991 ], [ 30.32028, 59.88991 ], [ 30.32027, 59.88997 ] ] ] } },
{ "type": "Feature", "properties": { "height": 15.0, "match_type": "matched", "height_source": "source_b" }, "geometry": { "type": "Polygon", "coordinates": [ [ [ 30.32024, 59.887004999998631 ], [ 30.320566, 59.887009999998611 ], [ 30.320578, 59.886628999998621 ], [ 30.320968, 59.886627999998638 ], [ 30.320969, 59.886495999998644 ], [ 30.320572, 59.886493999998635 ], [ 30.320572, 59.886441999998645 ], [ 30.320291, 59.886438999998617 ], [ 30.32024, 59.887004999998631 ] ] ] } },
{ "type": "Feature", "properties": { "height": 20.0, "match_type": "matched", "height_source": "source_b" }, "geometry": { "type": "Polygon", "coordinates": [ [ [ 30.321255, 59.890479999998632 ], [ 30.32036, 59.890475999998628 ], [ 30.32036, 59.890426999998638 ], [ 30.320079, 59.890420999998625 ], [ 30.320061, 59.890688999998645 ], [ 30.321252, 59.890717999998628 ], [ 30.321255, 59.890479999998632 ] ] ] } },
{ "type": "Feature", "properties": { "height": 4.5, "match_type": "matched", "height_source": "source_b" }, "geometry": { "type": "Polygon", "coordinates": [ [ [ 30.320117, 59.893131999998644 ], [ 30.319982, 59.89317599999864 ], [ 30.32002, 59.893204999998645 ], [ 30.319855, 59.893258999998636 ], [ 30.319944, 59.893324999998647 ], [ 30.320243, 59.893225999998634 ], [ 30.320117, 59.893131999998644 ] ] ] } },
{ "type": "Feature", "properties": { "height": 18.0, "match_type": "matched", "height_source": "source_b" }, "geometry": { "type": "Polygon", "coordinates": [ [ [ 30.320291, 59.886438999998617 ], [ 30.320572, 59.886441999998645 ], [ 30.320573, 59.885889999998611 ], [ 30.320307, 59.885886999998611 ], [ 30.320291, 59.886438999998617 ] ] ] } },
{ "type": "Feature", "properties": { "height": 18.0, "match_type": "matched", "height_source": "source_b" }, "geometry": { "type": "Polygon", "coordinates": [ [ [ 30.320315, 59.885624999998619 ], [ 30.320585, 59.885628999998623 ], [ 30.320594, 59.885335999998645 ], [ 30.320333, 59.885327999998644 ], [ 30.320315, 59.885624999998619 ] ] ] } },
{ "type": "Feature", "properties": { "height": 18.0, "match_type": "matched", "height_source": "source_b" }, "geometry": { "type": "Polygon", "coordinates": [ [ [ 30.320307, 59.885886999998611 ], [ 30.320573, 59.885889999998611 ], [ 30.320585, 59.885628999998623 ], [ 30.320315, 59.885624999998619 ], [ 30.320307, 59.885886999998611 ] ] ] } },
{ "type": "Feature", "properties": { "height": 12.0, "match_type": "matched", "height_source": "source_b" }, "geometry": { "type": "Polygon", "coordinates": [ [ [ 30.320443, 59.890777999998626 ], [ 30.320315, 59.890778999998652 ], [ 30.320317, 59.89083499999861 ], [ 30.320097, 59.890834999998631 ], [ 30.320101, 59.891001999998636 ], [ 30.320168, 59.891001999998636 ], [ 30.32017, 59.891113999998645 ], [ 30.320451, 59.891114999998635 ], [ 30.320443, 59.890777999998626 ] ] ] } },
{ "type": "Feature", "properties": { "height": 7.7, "match_type": "only_a", "height_source": "ml_predicted" }, "geometry": { "type": "Polygon", "coordinates": [ [ [ 30.32044, 59.89086 ], [ 30.32056, 59.89087 ], [ 30.32056, 59.89082 ], [ 30.32043, 59.89082 ], [ 30.32044, 59.89086 ] ] ] } },
{ "type": "Feature", "properties": { "height": 6.6, "match_type": "only_a", "height_source": "ml_predicted" }, "geometry": { "type": "Polygon", "coordinates": [ [ [ 30.32048, 59.88939 ], [ 30.32048, 59.88944 ], [ 30.32104, 59.88945 ], [ 30.32104, 59.88937 ], [ 30.32039, 59.88936 ], [ 30.32048, 59.88939 ] ] ] } },
{ "type": "Feature", "properties": { "height": 18.0, "match_type": "matched", "height_source": "source_b" }, "geometry": { "type": "Polygon", "coordinates": [ [ [ 30.320156, 59.888097999998628 ], [ 30.320427, 59.888105999998636 ], [ 30.320433, 59.888059999998617 ], [ 30.320491, 59.888058999998641 ], [ 30.320496, 59.88789899999864 ], [ 30.320188, 59.887852999998614 ], [ 30.320156, 59.888097999998628 ] ] ] } },
{ "type": "Feature", "properties": { "height": 18.0, "match_type": "matched", "height_source": "source_b" }, "geometry": { "type": "Polygon", "coordinates": [ [ [ 30.320188, 59.887852999998614 ], [ 30.320484, 59.887828999998632 ], [ 30.320504, 59.887553999998637 ], [ 30.32021, 59.887547999998624 ], [ 30.320188, 59.887852999998614 ] ] ] } },
{ "type": "Feature", "properties": { "height": 15.0, "match_type": "matched", "height_source": "source_b" }, "geometry": { "type": "Polygon", "coordinates": [ [ [ 30.32021, 59.887547999998624 ], [ 30.320504, 59.887553999998637 ], [ 30.320514, 59.887356999998609 ], [ 30.3206, 59.887358999998632 ], [ 30.320606, 59.887239999998634 ], [ 30.320554, 59.887238999998651 ], [ 30.320566, 59.887009999998611 ], [ 30.32024, 59.887004999998631 ], [ 30.32021, 59.887547999998624 ] ] ] } },
{ "type": "Feature", "properties": { "height": 4.5, "match_type": "matched", "height_source": "source_b" }, "geometry": { "type": "Polygon", "coordinates": [ [ [ 30.320428, 59.895179999998625 ], [ 30.320511, 59.89517899999862 ], [ 30.320508, 59.894978999998635 ], [ 30.320424, 59.894978999998649 ], [ 30.320428, 59.895179999998625 ] ] ] } },
{ "type": "Feature", "properties": { "height": 6.2, "match_type": "only_a", "height_source": "ml_predicted" }, "geometry": { "type": "Polygon", "coordinates": [ [ [ 30.32057, 59.89096 ], [ 30.32057, 59.89087 ], [ 30.32044, 59.89086 ], [ 30.32043, 59.89097 ], [ 30.32057, 59.89096 ] ] ] } },
{ "type": "Feature", "properties": { "height": 9.7, "match_type": "only_a", "height_source": "ml_predicted" }, "geometry": { "type": "Polygon", "coordinates": [ [ [ 30.32057, 59.89097 ], [ 30.32057, 59.89102 ], [ 30.32065, 59.891 ], [ 30.32063, 59.89096 ], [ 30.32057, 59.89097 ] ] ] } },
{ "type": "Feature", "properties": { "height": 9.9, "match_type": "matched", "height_source": "source_b" }, "geometry": { "type": "Polygon", "coordinates": [ [ [ 30.32093, 59.895242999998636 ], [ 30.320525, 59.895235999998633 ], [ 30.320517, 59.895371999998638 ], [ 30.320922, 59.895378999998641 ], [ 30.32093, 59.895242999998636 ] ] ] } },
{ "type": "Feature", "properties": { "height": 15.0, "match_type": "matched", "height_source": "source_b" }, "geometry": { "type": "Polygon", "coordinates": [ [ [ 30.320573, 59.886804999998638 ], [ 30.320568, 59.88696299999863 ], [ 30.321276, 59.887014999998634 ], [ 30.321294, 59.886450999998651 ], [ 30.32097, 59.886445999998635 ], [ 30.320968, 59.886627999998638 ], [ 30.321036, 59.886628999998607 ], [ 30.321031, 59.886811999998656 ], [ 30.320573, 59.886804999998638 ] ] ] } },
{ "type": "Feature", "properties": { "height": 4.5, "match_type": "matched", "height_source": "source_b" }, "geometry": { "type": "Polygon", "coordinates": [ [ [ 30.320415, 59.893195999998646 ], [ 30.320255, 59.893299999998625 ], [ 30.32104, 59.893554999998649 ], [ 30.321157, 59.89347799999863 ], [ 30.320415, 59.893195999998646 ] ] ] } },
{ "type": "Feature", "properties": { "height": 9.2, "match_type": "only_a", "height_source": "ml_predicted" }, "geometry": { "type": "Polygon", "coordinates": [ [ [ 30.3206, 59.8954 ], [ 30.32067, 59.89538 ], [ 30.3206, 59.89538 ], [ 30.3206, 59.8954 ] ] ] } },
{ "type": "Feature", "properties": { "height": 18.0, "match_type": "matched", "height_source": "source_b" }, "geometry": { "type": "Polygon", "coordinates": [ [ [ 30.320386, 59.88532999999866 ], [ 30.320647, 59.885337999998626 ], [ 30.320695, 59.88485399999864 ], [ 30.321146, 59.884866999998621 ], [ 30.321164, 59.884710999998632 ], [ 30.32058, 59.884693999998639 ], [ 30.320438, 59.884788999998634 ], [ 30.320386, 59.88532999999866 ] ] ] } },
{ "type": "Feature", "properties": { "height": 15.0, "match_type": "matched", "height_source": "source_b" }, "geometry": { "type": "Polygon", "coordinates": [ [ [ 30.320131, 59.895551999998638 ], [ 30.32019, 59.895582999998631 ], [ 30.320187, 59.895659999998628 ], [ 30.320621, 59.895665999998656 ], [ 30.320628, 59.895583999998621 ], [ 30.320833, 59.895582999998631 ], [ 30.320841, 59.895485999998641 ], [ 30.32064, 59.895481999998623 ], [ 30.32065, 59.895403999998635 ], [ 30.3202, 59.895390999998646 ], [ 30.320131, 59.895551999998638 ] ] ] } },
{ "type": "Feature", "properties": { "height": 15.0, "match_type": "matched", "height_source": "source_b" }, "geometry": { "type": "Polygon", "coordinates": [ [ [ 30.320803, 59.887359999998637 ], [ 30.32078, 59.887549999998626 ], [ 30.32108, 59.887559999998622 ], [ 30.321103, 59.887369999998626 ], [ 30.320803, 59.887359999998637 ] ] ] } },
{ "type": "Feature", "properties": { "height": 12.0, "match_type": "matched", "height_source": "source_b" }, "geometry": { "type": "Polygon", "coordinates": [ [ [ 30.320862, 59.89112499999861 ], [ 30.321326, 59.891125999998643 ], [ 30.321332, 59.890924999998632 ], [ 30.322138, 59.890933999998673 ], [ 30.322142, 59.890776999998636 ], [ 30.320874, 59.890761999998624 ], [ 30.320862, 59.89112499999861 ] ] ] } },
{ "type": "Feature", "properties": { "height": 18.0, "match_type": "matched", "height_source": "source_b" }, "geometry": { "type": "Polygon", "coordinates": [ [ [ 30.32076901214668, 59.89111627040851 ], [ 30.321270485063895, 59.891105788494855 ], [ 30.321246632403358, 59.890818617397535 ], [ 30.320745160242886, 59.890829099177644 ], [ 30.32076901214668, 59.89111627040851 ] ] ] } },
{ "type": "Feature", "properties": { "height": 8.0, "match_type": "matched", "height_source": "source_b" }, "geometry": { "type": "Polygon", "coordinates": [ [ [ 30.320791, 59.889735999998642 ], [ 30.321001, 59.889736999998618 ], [ 30.321008, 59.889462999998628 ], [ 30.320798, 59.889460999998619 ], [ 30.320791, 59.889735999998642 ] ] ] } },
{ "type": "Feature", "properties": { "height": 5.1, "match_type": "only_a", "height_source": "ml_predicted" }, "geometry": { "type": "Polygon", "coordinates": [ [ [ 30.32084, 59.88976 ], [ 30.32104, 59.88977 ], [ 30.32104, 59.88963 ], [ 30.32102, 59.88975 ], [ 30.32084, 59.88976 ] ] ] } },
{ "type": "Feature", "properties": { "height": 7.1, "match_type": "only_a", "height_source": "ml_predicted" }, "geometry": { "type": "Polygon", "coordinates": [ [ [ 30.32085, 59.89496 ], [ 30.32085, 59.89488 ], [ 30.32076, 59.89488 ], [ 30.32076, 59.89496 ], [ 30.32085, 59.89496 ] ] ] } },
{ "type": "Feature", "properties": { "height": 20.0, "match_type": "matched", "height_source": "source_b" }, "geometry": { "type": "Polygon", "coordinates": [ [ [ 30.322514, 59.883973999998616 ], [ 30.322499, 59.884116999998646 ], [ 30.321564, 59.884088999998625 ], [ 30.321535, 59.884349999998641 ], [ 30.321083, 59.884335999998626 ], [ 30.32109, 59.884271999998653 ], [ 30.320967, 59.88426799999862 ], [ 30.32096, 59.884332999998612 ], [ 30.320852, 59.884329999998641 ], [ 30.320815, 59.884662999998632 ], [ 30.320989, 59.884667999998641 ], [ 30.320996, 59.884598999998623 ], [ 30.321893, 59.884667999998612 ], [ 30.321938, 59.884260999998631 ], [ 30.322683, 59.884283999998637 ], [ 30.322716, 59.883979999998616 ], [ 30.322514, 59.883973999998616 ] ] ] } },
{ "type": "Feature", "properties": { "height": 15.0, "match_type": "matched", "height_source": "source_b" }, "geometry": { "type": "Polygon", "coordinates": [ [ [ 30.320451, 59.888540999998625 ], [ 30.320441, 59.888662999998637 ], [ 30.320861, 59.888668999998643 ], [ 30.32087, 59.888550999998621 ], [ 30.320451, 59.888540999998625 ] ] ] } },
{ "type": "Feature", "properties": { "height": 15.0, "match_type": "matched", "height_source": "source_b" }, "geometry": { "type": "Polygon", "coordinates": [ [ [ 30.320441, 59.888662999998637 ], [ 30.320461, 59.888388999998632 ], [ 30.320412, 59.888381999998643 ], [ 30.320427, 59.888105999998636 ], [ 30.320156, 59.888097999998628 ], [ 30.320128, 59.888658999998633 ], [ 30.320441, 59.888662999998637 ] ] ] } },
{ "type": "Feature", "properties": { "height": 7.2, "match_type": "only_a", "height_source": "ml_predicted" }, "geometry": { "type": "Polygon", "coordinates": [ [ [ 30.32091, 59.8899 ], [ 30.32091, 59.88984 ], [ 30.32085, 59.88984 ], [ 30.32085, 59.8899 ], [ 30.32091, 59.8899 ] ] ] } },
{ "type": "Feature", "properties": { "height": 5.8, "match_type": "only_a", "height_source": "ml_predicted" }, "geometry": { "type": "Polygon", "coordinates": [ [ [ 30.32091, 59.89558 ], [ 30.32099, 59.89555 ], [ 30.32091, 59.89551 ], [ 30.32091, 59.89558 ] ] ] } },
{ "type": "Feature", "properties": { "height": 4.8, "match_type": "only_a", "height_source": "ml_predicted" }, "geometry": { "type": "Polygon", "coordinates": [ [ [ 30.32094, 59.88606 ], [ 30.32081, 59.88606 ], [ 30.32081, 59.88613 ], [ 30.32094, 59.88613 ], [ 30.32094, 59.88606 ] ] ] } },
{ "type": "Feature", "properties": { "height": 7.6, "match_type": "only_a", "height_source": "ml_predicted" }, "geometry": { "type": "Polygon", "coordinates": [ [ [ 30.32098, 59.89553 ], [ 30.32104, 59.89556 ], [ 30.32104, 59.89553 ], [ 30.32098, 59.89553 ] ] ] } },
{ "type": "Feature", "properties": { "height": 11.5, "match_type": "only_a", "height_source": "ml_predicted" }, "geometry": { "type": "Polygon", "coordinates": [ [ [ 30.32101, 59.88469 ], [ 30.3212, 59.8847 ], [ 30.3212, 59.88464 ], [ 30.32101, 59.88462 ], [ 30.32101, 59.88469 ] ] ] } },
{ "type": "Feature", "properties": { "height": 15.0, "match_type": "matched", "height_source": "source_b" }, "geometry": { "type": "Polygon", "coordinates": [ [ [ 30.320069, 59.889308999998633 ], [ 30.320895, 59.889332999998622 ], [ 30.320902, 59.889245999998636 ], [ 30.320357, 59.889232999998633 ], [ 30.320373, 59.888995999998627 ], [ 30.32009, 59.888989999998628 ], [ 30.320069, 59.889308999998633 ] ] ] } },
{ "type": "Feature", "properties": { "height": 15.0, "match_type": "matched", "height_source": "source_b" }, "geometry": { "type": "Polygon", "coordinates": [ [ [ 30.321201, 59.888912999998645 ], [ 30.321214, 59.888795999998635 ], [ 30.320382, 59.888788999998624 ], [ 30.320378, 59.888897999998647 ], [ 30.321201, 59.888912999998645 ] ] ] } },
{ "type": "Feature", "properties": { "height": 15.0, "match_type": "matched", "height_source": "source_b" }, "geometry": { "type": "Polygon", "coordinates": [ [ [ 30.32009, 59.888989999998628 ], [ 30.320373, 59.888995999998627 ], [ 30.320472, 59.888997999998637 ], [ 30.320468, 59.888956999998641 ], [ 30.320375, 59.888953999998641 ], [ 30.320382, 59.888788999998624 ], [ 30.320108, 59.888787999998634 ], [ 30.32009, 59.888989999998628 ] ] ] } },
{ "type": "Feature", "properties": { "height": 2.4, "match_type": "only_a", "height_source": "ml_predicted" }, "geometry": { "type": "Polygon", "coordinates": [ [ [ 30.32092, 59.89036 ], [ 30.32105, 59.89033 ], [ 30.32093, 59.89032 ], [ 30.32092, 59.89036 ] ] ] } },
{ "type": "Feature", "properties": { "height": 5.1, "match_type": "only_a", "height_source": "ml_predicted" }, "geometry": { "type": "Polygon", "coordinates": [ [ [ 30.32105, 59.89216 ], [ 30.32119, 59.89212 ], [ 30.32119, 59.8921 ], [ 30.32096, 59.8921 ], [ 30.32105, 59.89216 ] ] ] } },
{ "type": "Feature", "properties": { "height": 8.5, "match_type": "only_a", "height_source": "ml_predicted" }, "geometry": { "type": "Polygon", "coordinates": [ [ [ 30.32107, 59.88647 ], [ 30.32134, 59.88648 ], [ 30.32134, 59.88637 ], [ 30.32107, 59.88637 ], [ 30.32107, 59.88647 ] ] ] } },
{ "type": "Feature", "properties": { "height": 4.5, "match_type": "matched", "height_source": "source_b" }, "geometry": { "type": "Polygon", "coordinates": [ [ [ 30.320835, 59.894302999998629 ], [ 30.320679, 59.894336999998629 ], [ 30.320716, 59.894432999998635 ], [ 30.320914, 59.89438999999863 ], [ 30.320835, 59.894302999998629 ] ] ] } },
{ "type": "Feature", "properties": { "height": 8.8, "match_type": "only_a", "height_source": "ml_predicted" }, "geometry": { "type": "Polygon", "coordinates": [ [ [ 30.32113, 59.88985 ], [ 30.32113, 59.88979 ], [ 30.32108, 59.88979 ], [ 30.32108, 59.88985 ], [ 30.32113, 59.88985 ] ] ] } },
{ "type": "Feature", "properties": { "height": 4.5, "match_type": "matched", "height_source": "source_b" }, "geometry": { "type": "Polygon", "coordinates": [ [ [ 30.321218, 59.895321999998643 ], [ 30.32112, 59.895319999998634 ], [ 30.321114, 59.895392999998627 ], [ 30.321214, 59.895394999998622 ], [ 30.321218, 59.895321999998643 ] ] ] } },
{ "type": "Feature", "properties": { "height": 20.0, "match_type": "matched", "height_source": "source_b" }, "geometry": { "type": "Polygon", "coordinates": [ [ [ 30.321075, 59.892006999998628 ], [ 30.321101, 59.891452999998634 ], [ 30.320715, 59.891450999998654 ], [ 30.320706, 59.89200199999862 ], [ 30.321075, 59.892006999998628 ] ] ] } },
{ "type": "Feature", "properties": { "height": 20.0, "match_type": "matched", "height_source": "source_b" }, "geometry": { "type": "Polygon", "coordinates": [ [ [ 30.32131, 59.891455999998648 ], [ 30.321313, 59.891245999998645 ], [ 30.321091, 59.891240999998637 ], [ 30.321094, 59.891127999998638 ], [ 30.3205, 59.891119999998644 ], [ 30.320486, 59.891343999998639 ], [ 30.320719, 59.891346999998625 ], [ 30.320715, 59.891450999998654 ], [ 30.32131, 59.891455999998648 ] ] ] } },
{ "type": "Feature", "properties": { "height": 7.5, "match_type": "only_a", "height_source": "ml_predicted" }, "geometry": { "type": "Polygon", "coordinates": [ [ [ 30.32116, 59.88944 ], [ 30.32116, 59.88939 ], [ 30.3211, 59.88939 ], [ 30.3211, 59.88944 ], [ 30.32116, 59.88944 ] ] ] } },
{ "type": "Feature", "properties": { "height": 4.5, "match_type": "matched", "height_source": "source_b" }, "geometry": { "type": "Polygon", "coordinates": [ [ [ 30.320892, 59.894000999998632 ], [ 30.320646, 59.89406199999862 ], [ 30.320878, 59.894302999998629 ], [ 30.321116, 59.894249999998628 ], [ 30.320892, 59.894000999998632 ] ] ] } },
{ "type": "Feature", "properties": { "height": 18.0, "match_type": "matched", "height_source": "source_b" }, "geometry": { "type": "Polygon", "coordinates": [ [ [ 30.320985, 59.885352999998638 ], [ 30.320931, 59.885883999998626 ], [ 30.321214, 59.88589099999863 ], [ 30.321267, 59.885359999998641 ], [ 30.320985, 59.885352999998638 ] ] ] } },
{ "type": "Feature", "properties": { "height": 10.1, "match_type": "only_a", "height_source": "ml_predicted" }, "geometry": { "type": "Polygon", "coordinates": [ [ [ 30.3213, 59.88598 ], [ 30.3213, 59.88592 ], [ 30.32098, 59.88592 ], [ 30.32098, 59.88597 ], [ 30.3213, 59.88598 ] ] ] } },
{ "type": "Feature", "properties": { "height": 5.0, "match_type": "only_a", "height_source": "ml_predicted" }, "geometry": { "type": "Polygon", "coordinates": [ [ [ 30.3213, 59.89532 ], [ 30.32127, 59.89524 ], [ 30.32119, 59.89526 ], [ 30.32119, 59.89532 ], [ 30.3213, 59.89532 ] ] ] } },
{ "type": "Feature", "properties": { "height": 4.5, "match_type": "matched", "height_source": "source_b" }, "geometry": { "type": "Polygon", "coordinates": [ [ [ 30.321164, 59.888627999998647 ], [ 30.321158, 59.888686999998626 ], [ 30.321266, 59.888689999998626 ], [ 30.321272, 59.888630999998632 ], [ 30.321164, 59.888627999998647 ] ] ] } },
{ "type": "Feature", "properties": { "height": 9.3, "match_type": "only_a", "height_source": "ml_predicted" }, "geometry": { "type": "Polygon", "coordinates": [ [ [ 30.32134, 59.88647 ], [ 30.32153, 59.88647 ], [ 30.32153, 59.88639 ], [ 30.32134, 59.88639 ], [ 30.32134, 59.88647 ] ] ] } },
{ "type": "Feature", "properties": { "height": 27.0, "match_type": "matched", "height_source": "source_b" }, "geometry": { "type": "Polygon", "coordinates": [ [ [ 30.321307760740222, 59.890244958632728 ], [ 30.32131066986533, 59.890339830806731 ], [ 30.321664137516397, 59.890337970191155 ], [ 30.321661008150691, 59.889960136079175 ], [ 30.321015491378347, 59.889964913266446 ], [ 30.321007041369288, 59.890247515665529 ], [ 30.321307760740222, 59.890244958632728 ] ] ] } },
{ "type": "Feature", "properties": { "height": 2.8, "match_type": "only_a", "height_source": "ml_predicted" }, "geometry": { "type": "Polygon", "coordinates": [ [ [ 30.32148, 59.89399 ], [ 30.32126, 59.8941 ], [ 30.32136, 59.89414 ], [ 30.32156, 59.89403 ], [ 30.32148, 59.89399 ] ] ] } },
{ "type": "Feature", "properties": { "height": 4.0, "match_type": "matched", "height_source": "source_b" }, "geometry": { "type": "Polygon", "coordinates": [ [ [ 30.321255, 59.890479999998632 ], [ 30.321252, 59.890678999998642 ], [ 30.321851, 59.890686999998636 ], [ 30.321858, 59.890487999998648 ], [ 30.321255, 59.890479999998632 ] ] ] } },
{ "type": "Feature", "properties": { "height": 6.3, "match_type": "only_a", "height_source": "ml_predicted" }, "geometry": { "type": "Polygon", "coordinates": [ [ [ 30.32139, 59.89074 ], [ 30.32124, 59.89071 ], [ 30.32123, 59.89074 ], [ 30.32139, 59.89074 ] ] ] } },
{ "type": "Feature", "properties": { "height": 4.6, "match_type": "only_a", "height_source": "ml_predicted" }, "geometry": { "type": "Polygon", "coordinates": [ [ [ 30.32149, 59.88589 ], [ 30.32137, 59.88589 ], [ 30.32137, 59.88593 ], [ 30.32149, 59.88593 ], [ 30.32149, 59.88589 ] ] ] } },
{ "type": "Feature", "properties": { "height": 8.4, "match_type": "only_a", "height_source": "ml_predicted" }, "geometry": { "type": "Polygon", "coordinates": [ [ [ 30.32149, 59.88869 ], [ 30.32149, 59.88865 ], [ 30.32138, 59.88865 ], [ 30.32138, 59.88869 ], [ 30.32149, 59.88869 ] ] ] } },
{ "type": "Feature", "properties": { "height": 4.6, "match_type": "only_a", "height_source": "ml_predicted" }, "geometry": { "type": "Polygon", "coordinates": [ [ [ 30.32154, 59.89101 ], [ 30.32154, 59.89096 ], [ 30.32143, 59.89096 ], [ 30.32143, 59.891 ], [ 30.32154, 59.89101 ] ] ] } },
{ "type": "Feature", "properties": { "height": 33.0, "match_type": "matched", "height_source": "source_b" }, "geometry": { "type": "Polygon", "coordinates": [ [ [ 30.320921239656826, 59.894930577497313 ], [ 30.321337182706312, 59.894927841435184 ], [ 30.321328529150346, 59.894837552180839 ], [ 30.322613616950107, 59.894783951214272 ], [ 30.32277582587049, 59.894691731852376 ], [ 30.322462507233588, 59.894561131299639 ], [ 30.322009292649792, 59.894575983975038 ], [ 30.322258990789468, 59.894434428781238 ], [ 30.321989965184869, 59.894322289951035 ], [ 30.321557955182161, 59.894568725208103 ], [ 30.321557955540591, 59.894627615402435 ], [ 30.321291412148781, 59.894626023336635 ], [ 30.321278718370262, 59.894497102137088 ], [ 30.321759067491922, 59.89422604366176 ], [ 30.321497987463911, 59.89411721792149 ], [ 30.320867930793721, 59.89449133405909 ], [ 30.320921239656826, 59.894930577497313 ] ] ] } },
{ "type": "Feature", "properties": { "height": 15.0, "match_type": "matched", "height_source": "source_b" }, "geometry": { "type": "Polygon", "coordinates": [ [ [ 30.321462, 59.888509999998639 ], [ 30.321492, 59.888130999998644 ], [ 30.321205, 59.888123999998641 ], [ 30.321173, 59.888502999998622 ], [ 30.321462, 59.888509999998639 ] ] ] } },
{ "type": "Feature", "properties": { "height": 13.2, "match_type": "matched", "height_source": "source_b" }, "geometry": { "type": "Polygon", "coordinates": [ [ [ 30.32187, 59.888140999998633 ], [ 30.321492, 59.888130999998644 ], [ 30.321486, 59.888213999998626 ], [ 30.321718, 59.888219999998626 ], [ 30.321691, 59.888515999998624 ], [ 30.321837, 59.888518999998638 ], [ 30.32187, 59.888140999998633 ] ] ] } },
{ "type": "Feature", "properties": { "height": 21.0, "match_type": "matched", "height_source": "source_b" }, "geometry": { "type": "Polygon", "coordinates": [ [ [ 30.322124, 59.889055999998625 ], [ 30.321551, 59.889043999998627 ], [ 30.321532, 59.889343999998644 ], [ 30.322062, 59.889327999998628 ], [ 30.322072, 59.889180999998636 ], [ 30.321924, 59.889177999998623 ], [ 30.321926, 59.889138999998622 ], [ 30.322119, 59.889141999998635 ], [ 30.322124, 59.889055999998625 ] ], [ [ 30.321633, 59.889259999998643 ], [ 30.321633, 59.889210999998639 ], [ 30.321737, 59.889186999998635 ], [ 30.321958, 59.889212999998634 ], [ 30.321958, 59.889295999998659 ], [ 30.321633, 59.889259999998643 ] ] ] } },
{ "type": "Feature", "properties": { "height": 24.0, "match_type": "matched", "height_source": "source_b" }, "geometry": { "type": "Polygon", "coordinates": [ [ [ 30.321633, 59.889259999998643 ], [ 30.321958, 59.889295999998659 ], [ 30.321958, 59.889212999998634 ], [ 30.321737, 59.889186999998635 ], [ 30.321633, 59.889210999998639 ], [ 30.321633, 59.889259999998643 ] ] ] } },
{ "type": "Feature", "properties": { "height": 24.0, "match_type": "matched", "height_source": "source_b" }, "geometry": { "type": "Polygon", "coordinates": [ [ [ 30.321898135031702, 59.889507283042548 ], [ 30.32125355480904, 59.889490730951358 ], [ 30.321220273663325, 59.889817972580055 ], [ 30.321864861986572, 59.889834524912914 ], [ 30.321898135031702, 59.889507283042548 ] ] ] } },
{ "type": "Feature", "properties": { "height": 4.5, "match_type": "matched", "height_source": "source_b" }, "geometry": { "type": "Polygon", "coordinates": [ [ [ 30.321682, 59.88751899999864 ], [ 30.321262, 59.887509999998642 ], [ 30.321257, 59.887583999998633 ], [ 30.321677, 59.887592999998624 ], [ 30.321682, 59.88751899999864 ] ] ] } },
{ "type": "Feature", "properties": { "height": 20.0, "match_type": "matched", "height_source": "source_b" }, "geometry": { "type": "Polygon", "coordinates": [ [ [ 30.32199, 59.885854999998628 ], [ 30.321479, 59.885847999998639 ], [ 30.32148, 59.885904999998644 ], [ 30.321705, 59.88590899999862 ], [ 30.321706, 59.886449999998625 ], [ 30.322059, 59.886449999998625 ], [ 30.322077, 59.885887999998644 ], [ 30.321988, 59.88588699999864 ], [ 30.32199, 59.885854999998628 ] ] ] } },
{ "type": "Feature", "properties": { "height": 15.0, "match_type": "matched", "height_source": "source_b" }, "geometry": { "type": "Polygon", "coordinates": [ [ [ 30.321658, 59.887027999998644 ], [ 30.321404, 59.887025999998635 ], [ 30.321393, 59.887314999998651 ], [ 30.321645, 59.887318999998627 ], [ 30.321658, 59.887027999998644 ] ] ] } },
{ "type": "Feature", "properties": { "height": 4.0, "match_type": "matched", "height_source": "source_b" }, "geometry": { "type": "Polygon", "coordinates": [ [ [ 30.323033, 59.89119899999865 ], [ 30.32303, 59.89136199999863 ], [ 30.323905, 59.891373999998642 ], [ 30.323913, 59.891207999998635 ], [ 30.323033, 59.89119899999865 ] ] ] } },
{ "type": "Feature", "properties": { "height": 12.0, "match_type": "matched", "height_source": "source_b" }, "geometry": { "type": "Polygon", "coordinates": [ [ [ 30.321075, 59.892006999998628 ], [ 30.321654, 59.892058999998625 ], [ 30.322203, 59.892042999998644 ], [ 30.322194, 59.891780999998645 ], [ 30.321089, 59.891782999998632 ], [ 30.321075, 59.892006999998628 ] ] ] } },
{ "type": "Feature", "properties": { "height": 57.0, "match_type": "matched", "height_source": "source_b" }, "geometry": { "type": "Polygon", "coordinates": [ [ [ 30.322515677285615, 59.890834041066931 ], [ 30.322526308404129, 59.891503856805492 ], [ 30.323492648381077, 59.891510305691654 ], [ 30.323487556587189, 59.89083968826062 ], [ 30.322515677285615, 59.890834041066931 ] ] ] } },
{ "type": "Feature", "properties": { "height": 4.5, "match_type": "matched", "height_source": "source_b" }, "geometry": { "type": "Polygon", "coordinates": [ [ [ 30.322096, 59.89154699999861 ], [ 30.321932, 59.891544999998629 ], [ 30.321931, 59.891582999998626 ], [ 30.322094, 59.891604999998641 ], [ 30.322096, 59.89154699999861 ] ] ] } },
{ "type": "Feature", "properties": { "height": 12.0, "match_type": "matched", "height_source": "source_b" }, "geometry": { "type": "Polygon", "coordinates": [ [ [ 30.322999, 59.891823999998628 ], [ 30.323067, 59.890800999998653 ], [ 30.322384, 59.890779999998635 ], [ 30.322359, 59.891286999998641 ], [ 30.321904, 59.891277999998621 ], [ 30.321899, 59.891475999998626 ], [ 30.322378, 59.891488999998636 ], [ 30.322362, 59.891812999998621 ], [ 30.322999, 59.891823999998628 ] ] ] } },
{ "type": "Feature", "properties": { "height": 20.0, "match_type": "matched", "height_source": "source_b" }, "geometry": { "type": "Polygon", "coordinates": [ [ [ 30.321812, 59.885637999998629 ], [ 30.321458, 59.885634999998636 ], [ 30.321454, 59.885796999998625 ], [ 30.321809, 59.88579899999862 ], [ 30.321812, 59.885637999998629 ] ] ] } },
{ "type": "Feature", "properties": { "height": 6.7, "match_type": "only_a", "height_source": "ml_predicted" }, "geometry": { "type": "Polygon", "coordinates": [ [ [ 30.32184, 59.89073 ], [ 30.32193, 59.89074 ], [ 30.32194, 59.8905 ], [ 30.32185, 59.8905 ], [ 30.32184, 59.89073 ] ] ] } },
{ "type": "Feature", "properties": { "height": 4.5, "match_type": "matched", "height_source": "source_b" }, "geometry": { "type": "Polygon", "coordinates": [ [ [ 30.32202, 59.887282999998625 ], [ 30.32184, 59.887279999998626 ], [ 30.321831, 59.887426999998631 ], [ 30.322011, 59.887429999998645 ], [ 30.32202, 59.887282999998625 ] ] ] } },
{ "type": "Feature", "properties": { "height": 4.0, "match_type": "matched", "height_source": "source_b" }, "geometry": { "type": "Polygon", "coordinates": [ [ [ 30.321844, 59.88538299999864 ], [ 30.321415, 59.885387999998613 ], [ 30.321419, 59.885506999998633 ], [ 30.32185, 59.885502999998621 ], [ 30.321844, 59.88538299999864 ] ] ] } },
{ "type": "Feature", "properties": { "height": 4.5, "match_type": "matched", "height_source": "source_b" }, "geometry": { "type": "Polygon", "coordinates": [ [ [ 30.321566, 59.888132999998653 ], [ 30.321824, 59.888141999998659 ], [ 30.321832, 59.888041999998649 ], [ 30.321576, 59.88803599999865 ], [ 30.321566, 59.888132999998653 ] ] ] } },
{ "type": "Feature", "properties": { "height": 4.9, "match_type": "only_a", "height_source": "ml_predicted" }, "geometry": { "type": "Polygon", "coordinates": [ [ [ 30.32189, 59.88871 ], [ 30.3219, 59.88854 ], [ 30.32175, 59.88854 ], [ 30.32174, 59.88871 ], [ 30.32189, 59.88871 ] ] ] } },
{ "type": "Feature", "properties": { "height": 4.2, "match_type": "only_a", "height_source": "ml_predicted" }, "geometry": { "type": "Polygon", "coordinates": [ [ [ 30.32193, 59.88843 ], [ 30.32204, 59.88841 ], [ 30.32205, 59.88818 ], [ 30.32192, 59.88818 ], [ 30.32193, 59.88843 ] ] ] } },
{ "type": "Feature", "properties": { "height": 3.3, "match_type": "only_a", "height_source": "ml_predicted" }, "geometry": { "type": "Polygon", "coordinates": [ [ [ 30.32201, 59.8879 ], [ 30.3217, 59.88786 ], [ 30.32169, 59.8879 ], [ 30.32201, 59.8879 ] ] ] } },
{ "type": "Feature", "properties": { "height": 15.0, "match_type": "matched", "height_source": "source_b" }, "geometry": { "type": "Polygon", "coordinates": [ [ [ 30.323084, 59.89525599999866 ], [ 30.321505, 59.895233999998624 ], [ 30.321408, 59.895250999998638 ], [ 30.321407, 59.895433999998652 ], [ 30.321594, 59.895435999998632 ], [ 30.321591, 59.895322999998619 ], [ 30.321968, 59.895322999998648 ], [ 30.321975, 59.895473999998657 ], [ 30.322506, 59.895474999998626 ], [ 30.322511, 59.895324999998628 ], [ 30.322892, 59.895325999998633 ], [ 30.322888, 59.895437999998641 ], [ 30.323077, 59.895440999998627 ], [ 30.323084, 59.89525599999866 ] ] ] } },
{ "type": "Feature", "properties": { "height": 20.0, "match_type": "matched", "height_source": "source_b" }, "geometry": { "type": "Polygon", "coordinates": [ [ [ 30.322008, 59.885523999998625 ], [ 30.321988, 59.88588699999864 ], [ 30.322305, 59.88589199999862 ], [ 30.322333, 59.885373999998635 ], [ 30.322137, 59.885371999998611 ], [ 30.322128, 59.885524999998644 ], [ 30.322008, 59.885523999998625 ] ] ] } },
{ "type": "Feature", "properties": { "height": 3.7, "match_type": "only_a", "height_source": "ml_predicted" }, "geometry": { "type": "Polygon", "coordinates": [ [ [ 30.32202, 59.88853 ], [ 30.32202, 59.88847 ], [ 30.32191, 59.88847 ], [ 30.3219, 59.88853 ], [ 30.32202, 59.88853 ] ] ] } },
{ "type": "Feature", "properties": { "height": 20.0, "match_type": "matched", "height_source": "source_b" }, "geometry": { "type": "Polygon", "coordinates": [ [ [ 30.322097, 59.884756999998622 ], [ 30.32152, 59.884745999998657 ], [ 30.321487, 59.885254999998644 ], [ 30.322064, 59.885266999998656 ], [ 30.322097, 59.884756999998622 ] ] ] } },
{ "type": "Feature", "properties": { "height": 4.5, "match_type": "matched", "height_source": "source_b" }, "geometry": { "type": "Polygon", "coordinates": [ [ [ 30.322155, 59.886481999998637 ], [ 30.321609, 59.886471999998619 ], [ 30.3216, 59.886608999998643 ], [ 30.321712, 59.886610999998638 ], [ 30.321715, 59.886555999998635 ], [ 30.322052, 59.886562999998638 ], [ 30.322049, 59.886605999998629 ], [ 30.322147, 59.886607999998638 ], [ 30.322155, 59.886481999998637 ] ] ] } },
{ "type": "Feature", "properties": { "height": 4.5, "match_type": "matched", "height_source": "source_b" }, "geometry": { "type": "Polygon", "coordinates": [ [ [ 30.322028, 59.893319999998653 ], [ 30.322209, 59.893390999998637 ], [ 30.322508, 59.893196999998622 ], [ 30.32233, 59.89312699999865 ], [ 30.322028, 59.893319999998653 ] ] ] } },
{ "type": "Feature", "properties": { "height": 13.2, "match_type": "matched", "height_source": "source_b" }, "geometry": { "type": "Polygon", "coordinates": [ [ [ 30.32233, 59.89312699999865 ], [ 30.322441, 59.893170999998638 ], [ 30.322613, 59.893062999998641 ], [ 30.322331, 59.892950999998618 ], [ 30.321685, 59.893359999998644 ], [ 30.32197, 59.893471999998631 ], [ 30.32214, 59.893363999998634 ], [ 30.322028, 59.893319999998653 ], [ 30.32233, 59.89312699999865 ] ] ] } },
{ "type": "Feature", "properties": { "height": 4.5, "match_type": "matched", "height_source": "source_b" }, "geometry": { "type": "Polygon", "coordinates": [ [ [ 30.32221, 59.884581999998616 ], [ 30.322077, 59.884578999998631 ], [ 30.322072, 59.884663999998658 ], [ 30.322205, 59.884665999998646 ], [ 30.32221, 59.884581999998616 ] ] ] } },
{ "type": "Feature", "properties": { "height": 6.6, "match_type": "matched", "height_source": "source_b" }, "geometry": { "type": "Polygon", "coordinates": [ [ [ 30.32288, 59.887486999998629 ], [ 30.322662, 59.887481999998634 ], [ 30.322652, 59.88761199999864 ], [ 30.322351, 59.887605999998655 ], [ 30.322359, 59.887487999998633 ], [ 30.322146, 59.887483999998643 ], [ 30.32214, 59.887558999998632 ], [ 30.321746, 59.887549999998626 ], [ 30.321734, 59.88771999999863 ], [ 30.322231, 59.887685999998638 ], [ 30.322227, 59.887733999998609 ], [ 30.322343, 59.887735999998618 ], [ 30.322341, 59.887788999998627 ], [ 30.322589, 59.887794999998626 ], [ 30.322594, 59.887736999998637 ], [ 30.322741, 59.887739999998637 ], [ 30.322744, 59.887694999998637 ], [ 30.323226, 59.887742999998636 ], [ 30.323239, 59.887558999998646 ], [ 30.322876, 59.887551999998621 ], [ 30.32288, 59.887486999998629 ] ] ] } },
{ "type": "Feature", "properties": { "height": 3.6, "match_type": "only_a", "height_source": "ml_predicted" }, "geometry": { "type": "Polygon", "coordinates": [ [ [ 30.3223, 59.88598 ], [ 30.32232, 59.88594 ], [ 30.32213, 59.88592 ], [ 30.32207, 59.88598 ], [ 30.3223, 59.88598 ] ] ] } },
{ "type": "Feature", "properties": { "height": 4.5, "match_type": "matched", "height_source": "source_b" }, "geometry": { "type": "Polygon", "coordinates": [ [ [ 30.322962, 59.889491999998619 ], [ 30.322194, 59.889488999998633 ], [ 30.322193, 59.889625999998628 ], [ 30.323075, 59.889631999998635 ], [ 30.323075, 59.889537999998659 ], [ 30.322962, 59.889537999998659 ], [ 30.322962, 59.889491999998619 ] ] ] } },
{ "type": "Feature", "properties": { "height": 4.5, "match_type": "matched", "height_source": "source_b" }, "geometry": { "type": "Polygon", "coordinates": [ [ [ 30.322537, 59.895050999998638 ], [ 30.322248, 59.895062999998636 ], [ 30.322264, 59.895151999998646 ], [ 30.322554, 59.895139999998648 ], [ 30.322537, 59.895050999998638 ] ] ] } },
{ "type": "Feature", "properties": { "height": 4.0, "match_type": "only_a", "height_source": "ml_predicted" }, "geometry": { "type": "Polygon", "coordinates": [ [ [ 30.32234, 59.88941 ], [ 30.32242, 59.88941 ], [ 30.32241, 59.88937 ], [ 30.32234, 59.88937 ], [ 30.32234, 59.88941 ] ] ] } },
{ "type": "Feature", "properties": { "height": 9.9, "match_type": "matched", "height_source": "source_b" }, "geometry": { "type": "Polygon", "coordinates": [ [ [ 30.322759, 59.888153999998629 ], [ 30.322535, 59.888149999998632 ], [ 30.322544, 59.888006999998623 ], [ 30.322341, 59.888002999998619 ], [ 30.322325, 59.888239999998639 ], [ 30.322535, 59.888243999998643 ], [ 30.322528, 59.888352999998645 ], [ 30.322452, 59.88835199999864 ], [ 30.322442, 59.888489999998626 ], [ 30.322788, 59.88849699999863 ], [ 30.322797, 59.888366999998645 ], [ 30.322744, 59.888366999998631 ], [ 30.322759, 59.888153999998629 ] ] ] } },
{ "type": "Feature", "properties": { "height": 6.9, "match_type": "only_a", "height_source": "ml_predicted" }, "geometry": { "type": "Polygon", "coordinates": [ [ [ 30.32212, 59.88746 ], [ 30.3224, 59.88745 ], [ 30.32238, 59.88733 ], [ 30.32212, 59.88733 ], [ 30.32212, 59.88746 ] ] ] } },
{ "type": "Feature", "properties": { "height": 12.0, "match_type": "matched", "height_source": "source_b" }, "geometry": { "type": "Polygon", "coordinates": [ [ [ 30.322198, 59.890427999998643 ], [ 30.322204, 59.890200999998648 ], [ 30.322453, 59.890203999998633 ], [ 30.322457, 59.890078999998636 ], [ 30.322339, 59.890077999998645 ], [ 30.322343, 59.890006999998619 ], [ 30.321829, 59.890000999998648 ], [ 30.321816, 59.89042299999862 ], [ 30.322198, 59.890427999998643 ] ] ] } },
{ "type": "Feature", "properties": { "height": 12.0, "match_type": "matched", "height_source": "source_b" }, "geometry": { "type": "Polygon", "coordinates": [ [ [ 30.322204, 59.890320999998629 ], [ 30.322198, 59.890427999998643 ], [ 30.323495, 59.890451999998632 ], [ 30.3235, 59.890362999998636 ], [ 30.323929, 59.890368999998636 ], [ 30.323934, 59.890185999998629 ], [ 30.322454, 59.890168999998622 ], [ 30.322394, 59.890202999998607 ], [ 30.322391, 59.890322999998645 ], [ 30.322204, 59.890320999998629 ] ] ] } },
{ "type": "Feature", "properties": { "height": 13.2, "match_type": "matched", "height_source": "source_b" }, "geometry": { "type": "Polygon", "coordinates": [ [ [ 30.322962, 59.889357999998637 ], [ 30.322962, 59.889537999998659 ], [ 30.323257, 59.88953999999864 ], [ 30.323257, 59.889172999998628 ], [ 30.322285, 59.889167999998634 ], [ 30.322285, 59.889354999998638 ], [ 30.322962, 59.889357999998637 ] ] ] } },
{ "type": "Feature", "properties": { "height": 12.0, "match_type": "matched", "height_source": "source_b" }, "geometry": { "type": "Polygon", "coordinates": [ [ [ 30.322409, 59.886443999998612 ], [ 30.322652, 59.886444999998616 ], [ 30.322652, 59.886480999998646 ], [ 30.323592, 59.88648499999865 ], [ 30.323592, 59.886433999998637 ], [ 30.323495, 59.886433999998637 ], [ 30.323495, 59.886209999998641 ], [ 30.32414, 59.886246999998626 ], [ 30.324142, 59.886023999998621 ], [ 30.322815, 59.886017999998643 ], [ 30.322815, 59.885948999998639 ], [ 30.322432, 59.88594699999863 ], [ 30.322431, 59.886018999998626 ], [ 30.322533, 59.886019999998645 ], [ 30.322533, 59.886148999998618 ], [ 30.322402, 59.886147999998627 ], [ 30.322403, 59.88626899999862 ], [ 30.322535, 59.886268999998606 ], [ 30.322534, 59.886376999998653 ], [ 30.32241, 59.886376999998653 ], [ 30.322409, 59.886443999998612 ] ] ] } },
{ "type": "Feature", "properties": { "height": 12.0, "match_type": "matched", "height_source": "source_b" }, "geometry": { "type": "Polygon", "coordinates": [ [ [ 30.323707, 59.887007999998652 ], [ 30.322855, 59.887008999998621 ], [ 30.322849, 59.886716999998626 ], [ 30.322579, 59.886717999998638 ], [ 30.32257, 59.886443999998626 ], [ 30.322409, 59.886443999998612 ], [ 30.322411, 59.887032999998638 ], [ 30.322562, 59.887034999998612 ], [ 30.32256, 59.887174999998642 ], [ 30.32374, 59.887179999998622 ], [ 30.323743, 59.88729699999864 ], [ 30.323949, 59.88729699999864 ], [ 30.323937, 59.886611999998628 ], [ 30.324777, 59.886608999998629 ], [ 30.324775, 59.886488999998626 ], [ 30.323695, 59.886490999998649 ], [ 30.323707, 59.887007999998652 ] ] ] } },
{ "type": "Feature", "properties": { "height": 4.0, "match_type": "matched", "height_source": "source_b" }, "geometry": { "type": "Polygon", "coordinates": [ [ [ 30.32349, 59.887006999998654 ], [ 30.323707, 59.887007999998652 ], [ 30.3237, 59.886754999998637 ], [ 30.323485, 59.886755999998641 ], [ 30.32349, 59.887006999998654 ] ] ] } },
{ "type": "Feature", "properties": { "height": 20.0, "match_type": "matched", "height_source": "source_b" }, "geometry": { "type": "Polygon", "coordinates": [ [ [ 30.322846, 59.886481999998637 ], [ 30.32257, 59.886443999998626 ], [ 30.322579, 59.886717999998638 ], [ 30.322849, 59.886716999998626 ], [ 30.322846, 59.886481999998637 ] ] ] } },
{ "type": "Feature", "properties": { "height": 8.6, "match_type": "only_a", "height_source": "ml_predicted" }, "geometry": { "type": "Polygon", "coordinates": [ [ [ 30.32242, 59.88919 ], [ 30.32257, 59.8892 ], [ 30.32263, 59.88905 ], [ 30.32244, 59.88903 ], [ 30.32242, 59.88919 ] ] ] } },
{ "type": "Feature", "properties": { "height": 8.0, "match_type": "only_a", "height_source": "ml_predicted" }, "geometry": { "type": "Polygon", "coordinates": [ [ [ 30.32244, 59.889 ], [ 30.32258, 59.88904 ], [ 30.32258, 59.88901 ], [ 30.32244, 59.889 ] ] ] } },
{ "type": "Feature", "properties": { "height": 9.9, "match_type": "matched", "height_source": "source_b" }, "geometry": { "type": "Polygon", "coordinates": [ [ [ 30.322069, 59.888577999998638 ], [ 30.322058, 59.888699999998643 ], [ 30.322382, 59.888708999998627 ], [ 30.322393, 59.888585999998647 ], [ 30.322069, 59.888577999998638 ] ] ] } },
{ "type": "Feature", "properties": { "height": 4.0, "match_type": "matched", "height_source": "source_b" }, "geometry": { "type": "Polygon", "coordinates": [ [ [ 30.322695, 59.885339999998614 ], [ 30.322482, 59.885334999998619 ], [ 30.322435, 59.885909999998624 ], [ 30.322648, 59.885913999998643 ], [ 30.322695, 59.885339999998614 ] ] ] } },
{ "type": "Feature", "properties": { "height": 9.6, "match_type": "only_a", "height_source": "ml_predicted" }, "geometry": { "type": "Polygon", "coordinates": [ [ [ 30.32248, 59.88796 ], [ 30.32261, 59.88796 ], [ 30.32261, 59.88791 ], [ 30.32248, 59.88791 ], [ 30.32248, 59.88796 ] ] ] } },
{ "type": "Feature", "properties": { "height": 3.5, "match_type": "only_a", "height_source": "ml_predicted" }, "geometry": { "type": "Polygon", "coordinates": [ [ [ 30.32255, 59.89318 ], [ 30.3226, 59.8932 ], [ 30.32272, 59.89313 ], [ 30.32266, 59.89311 ], [ 30.32255, 59.89318 ] ] ] } },
{ "type": "Feature", "properties": { "height": 5.5, "match_type": "only_a", "height_source": "ml_predicted" }, "geometry": { "type": "Polygon", "coordinates": [ [ [ 30.32256, 59.88718 ], [ 30.32256, 59.88728 ], [ 30.32281, 59.88726 ], [ 30.32282, 59.88722 ], [ 30.32354, 59.88726 ], [ 30.32354, 59.8872 ], [ 30.32256, 59.88718 ] ] ] } },
{ "type": "Feature", "properties": { "height": 5.2, "match_type": "only_a", "height_source": "ml_predicted" }, "geometry": { "type": "Polygon", "coordinates": [ [ [ 30.32258, 59.88818 ], [ 30.32277, 59.88818 ], [ 30.32277, 59.88814 ], [ 30.32265, 59.88814 ], [ 30.3227, 59.88801 ], [ 30.32258, 59.888 ], [ 30.32258, 59.88818 ] ] ] } },
{ "type": "Feature", "properties": { "height": 13.2, "match_type": "matched", "height_source": "source_b" }, "geometry": { "type": "Polygon", "coordinates": [ [ [ 30.323191, 59.888853999998638 ], [ 30.32233, 59.888847999998639 ], [ 30.322328, 59.888987999998619 ], [ 30.323189, 59.888993999998632 ], [ 30.323191, 59.888853999998638 ] ] ] } },
{ "type": "Feature", "properties": { "height": 12.0, "match_type": "matched", "height_source": "source_b" }, "geometry": { "type": "Polygon", "coordinates": [ [ [ 30.322724, 59.884967999998644 ], [ 30.322654, 59.885875999998646 ], [ 30.324839, 59.885922999998627 ], [ 30.324852, 59.885757999998638 ], [ 30.323834, 59.885734999998647 ], [ 30.323897, 59.884922999998629 ], [ 30.323077, 59.884904999998675 ], [ 30.323088, 59.884698999998619 ], [ 30.322348, 59.884727999998631 ], [ 30.322326, 59.885015999998629 ], [ 30.322584, 59.885021999998628 ], [ 30.322589, 59.88496499999863 ], [ 30.322724, 59.884967999998644 ] ] ] } },
{ "type": "Feature", "properties": { "height": 12.0, "match_type": "matched", "height_source": "source_b" }, "geometry": { "type": "Polygon", "coordinates": [ [ [ 30.322582, 59.884468999998617 ], [ 30.322365, 59.884471999998624 ], [ 30.322375, 59.884660999998637 ], [ 30.32259, 59.884658999998642 ], [ 30.322582, 59.884468999998617 ] ] ] } },
{ "type": "Feature", "properties": { "height": 12.0, "match_type": "matched", "height_source": "source_b" }, "geometry": { "type": "Polygon", "coordinates": [ [ [ 30.322862, 59.890688999998645 ], [ 30.323309, 59.890690999998625 ], [ 30.323308, 59.890512999998634 ], [ 30.322101, 59.890505999998645 ], [ 30.322101, 59.890644999998621 ], [ 30.322862, 59.890649999998644 ], [ 30.322862, 59.890688999998645 ] ] ] } },
{ "type": "Feature", "properties": { "height": 4.5, "match_type": "matched", "height_source": "source_b" }, "geometry": { "type": "Polygon", "coordinates": [ [ [ 30.322987, 59.889773999998638 ], [ 30.32275, 59.889775999998619 ], [ 30.322757, 59.889975999998626 ], [ 30.322995, 59.889973999998638 ], [ 30.322987, 59.889773999998638 ] ] ] } },
{ "type": "Feature", "properties": { "height": 13.0, "match_type": "only_a", "height_source": "ml_predicted" }, "geometry": { "type": "Polygon", "coordinates": [ [ [ 30.32278, 59.89241 ], [ 30.32283, 59.89237 ], [ 30.32283, 59.8923 ], [ 30.32267, 59.89229 ], [ 30.32266, 59.89238 ], [ 30.32278, 59.89241 ] ] ] } },
{ "type": "Feature", "properties": { "height": 8.5, "match_type": "only_a", "height_source": "ml_predicted" }, "geometry": { "type": "Polygon", "coordinates": [ [ [ 30.32279, 59.89374 ], [ 30.32272, 59.89371 ], [ 30.32265, 59.89375 ], [ 30.32273, 59.89378 ], [ 30.32279, 59.89374 ] ] ] } },
{ "type": "Feature", "properties": { "height": 9.9, "match_type": "matched", "height_source": "source_b" }, "geometry": { "type": "Polygon", "coordinates": [ [ [ 30.322759, 59.888153999998629 ], [ 30.322749, 59.88828699999862 ], [ 30.323326, 59.888293999998652 ], [ 30.323345, 59.887942999998636 ], [ 30.323161, 59.887937999998641 ], [ 30.323155, 59.888111999998621 ], [ 30.322759, 59.888153999998629 ] ] ] } },
{ "type": "Feature", "properties": { "height": 10.9, "match_type": "only_a", "height_source": "ml_predicted" }, "geometry": { "type": "Polygon", "coordinates": [ [ [ 30.32297, 59.89014 ], [ 30.32285, 59.89016 ], [ 30.32297, 59.89016 ], [ 30.32297, 59.89014 ] ] ] } },
{ "type": "Feature", "properties": { "height": 1.0, "match_type": "only_a", "height_source": "ml_predicted" }, "geometry": { "type": "Polygon", "coordinates": [ [ [ 30.3229, 59.89468 ], [ 30.32312, 59.89478 ], [ 30.3232, 59.89473 ], [ 30.32298, 59.89464 ], [ 30.3229, 59.89468 ] ] ] } },
{ "type": "Feature", "properties": { "height": 9.0, "match_type": "matched", "height_source": "source_b" }, "geometry": { "type": "Polygon", "coordinates": [ [ [ 30.32357721272049, 59.894881818520226 ], [ 30.323798076151235, 59.894732178994964 ], [ 30.323190653439976, 59.894505848844602 ], [ 30.322969786976955, 59.894655488208436 ], [ 30.32357721272049, 59.894881818520226 ] ] ] } },
{ "type": "Feature", "properties": { "height": 4.0, "match_type": "matched", "height_source": "source_b" }, "geometry": { "type": "Polygon", "coordinates": [ [ [ 30.323048, 59.883903999998623 ], [ 30.322871, 59.883902999998604 ], [ 30.322842, 59.884548999998628 ], [ 30.323038, 59.884550999998638 ], [ 30.323048, 59.883903999998623 ] ] ] } },
{ "type": "Feature", "properties": { "height": 13.2, "match_type": "matched", "height_source": "source_b" }, "geometry": { "type": "Polygon", "coordinates": [ [ [ 30.322916, 59.893668999998646 ], [ 30.322716, 59.893798999998609 ], [ 30.323179, 59.893988999998641 ], [ 30.323135, 59.894014999998639 ], [ 30.323351, 59.894105999998629 ], [ 30.323399, 59.894077999998643 ], [ 30.323829, 59.894258999998613 ], [ 30.324018, 59.89414699999864 ], [ 30.322916, 59.893668999998646 ] ] ] } },
{ "type": "Feature", "properties": { "height": 4.5, "match_type": "matched", "height_source": "source_b" }, "geometry": { "type": "Polygon", "coordinates": [ [ [ 30.323024, 59.895061999998646 ], [ 30.322592, 59.895062999998636 ], [ 30.322593, 59.895145999998661 ], [ 30.323025, 59.895144999998642 ], [ 30.323024, 59.895061999998646 ] ] ] } },
{ "type": "Feature", "properties": { "height": 20.0, "match_type": "matched", "height_source": "source_b" }, "geometry": { "type": "Polygon", "coordinates": [ [ [ 30.323039, 59.88448699999865 ], [ 30.323436, 59.884476999998618 ], [ 30.323484, 59.884005999998642 ], [ 30.323856, 59.88398099999862 ], [ 30.323844, 59.884174999998613 ], [ 30.324231, 59.884181999998624 ], [ 30.324244, 59.883981999998639 ], [ 30.325021, 59.883996999998644 ], [ 30.325032, 59.883811999998642 ], [ 30.3236, 59.883785999998622 ], [ 30.323049, 59.883858999998637 ], [ 30.323039, 59.88448699999865 ] ] ] } },
{ "type": "Feature", "properties": { "height": 6.9, "match_type": "only_a", "height_source": "ml_predicted" }, "geometry": { "type": "Polygon", "coordinates": [ [ [ 30.32313, 59.88454 ], [ 30.3231, 59.88464 ], [ 30.32323, 59.88464 ], [ 30.32324, 59.88454 ], [ 30.32313, 59.88454 ] ] ] } },
{ "type": "Feature", "properties": { "height": 20.0, "match_type": "matched", "height_source": "source_b" }, "geometry": { "type": "Polygon", "coordinates": [ [ [ 30.323986, 59.884671999998616 ], [ 30.323088, 59.884698999998619 ], [ 30.323077, 59.884904999998675 ], [ 30.323975, 59.884922999998643 ], [ 30.323986, 59.884671999998616 ] ] ] } },
{ "type": "Feature", "properties": { "height": 9.9, "match_type": "matched", "height_source": "source_b" }, "geometry": { "type": "Polygon", "coordinates": [ [ [ 30.322916, 59.893668999998646 ], [ 30.323058, 59.893729999998634 ], [ 30.323627, 59.893373999998623 ], [ 30.324463, 59.89354399999862 ], [ 30.324578, 59.893365999998643 ], [ 30.323736, 59.893177999998635 ], [ 30.322916, 59.893668999998646 ] ] ] } },
{ "type": "Feature", "properties": { "height": 4.0, "match_type": "matched", "height_source": "source_b" }, "geometry": { "type": "Polygon", "coordinates": [ [ [ 30.323191, 59.884700999998628 ], [ 30.323424, 59.884704999998618 ], [ 30.323436, 59.884476999998618 ], [ 30.323202, 59.884481999998641 ], [ 30.323191, 59.884700999998628 ] ] ] } },
{ "type": "Feature", "properties": { "height": 7.4, "match_type": "only_a", "height_source": "ml_predicted" }, "geometry": { "type": "Polygon", "coordinates": [ [ [ 30.32322, 59.88953 ], [ 30.32308, 59.88956 ], [ 30.32338, 59.88956 ], [ 30.32339, 59.88921 ], [ 30.32322, 59.88921 ], [ 30.32322, 59.88953 ] ] ] } },
{ "type": "Feature", "properties": { "height": 7.2, "match_type": "only_a", "height_source": "ml_predicted" }, "geometry": { "type": "Polygon", "coordinates": [ [ [ 30.32322, 59.88958 ], [ 30.32322, 59.88966 ], [ 30.32396, 59.88967 ], [ 30.32397, 59.88958 ], [ 30.32322, 59.88958 ] ] ] } },
{ "type": "Feature", "properties": { "height": 4.5, "match_type": "only_a", "height_source": "ml_predicted" }, "geometry": { "type": "Polygon", "coordinates": [ [ [ 30.32322, 59.88966 ], [ 30.32322, 59.8897 ], [ 30.32396, 59.88971 ], [ 30.32396, 59.88967 ], [ 30.32322, 59.88966 ] ] ] } },
{ "type": "Feature", "properties": { "height": 8.0, "match_type": "matched", "height_source": "source_b" }, "geometry": { "type": "Polygon", "coordinates": [ [ [ 30.3236, 59.891864999998639 ], [ 30.323797, 59.891865999998629 ], [ 30.323783, 59.891583999998659 ], [ 30.323071, 59.891581999998621 ], [ 30.323074, 59.891861999998611 ], [ 30.323252, 59.891862999998601 ], [ 30.323252, 59.891661999998611 ], [ 30.323599, 59.891664999998632 ], [ 30.3236, 59.891864999998639 ] ] ] } },
{ "type": "Feature", "properties": { "height": 4.5, "match_type": "matched", "height_source": "source_b" }, "geometry": { "type": "Polygon", "coordinates": [ [ [ 30.323252, 59.893174999998635 ], [ 30.323183, 59.893189999998633 ], [ 30.323173, 59.893225999998634 ], [ 30.323319, 59.893228999998648 ], [ 30.323252, 59.893174999998635 ] ] ] } },
{ "type": "Feature", "properties": { "height": 4.3, "match_type": "only_a", "height_source": "ml_predicted" }, "geometry": { "type": "Polygon", "coordinates": [ [ [ 30.32334, 59.88921 ], [ 30.32323, 59.88918 ], [ 30.32322, 59.88921 ], [ 30.32334, 59.88921 ] ] ] } },
{ "type": "Feature", "properties": { "height": 9.9, "match_type": "matched", "height_source": "source_b" }, "geometry": { "type": "Polygon", "coordinates": [ [ [ 30.323588, 59.895205999998645 ], [ 30.323374, 59.895205999998645 ], [ 30.323376, 59.89553599999865 ], [ 30.323296, 59.895538999998607 ], [ 30.323294, 59.895622999998636 ], [ 30.323825, 59.895604999998632 ], [ 30.323826, 59.895703999998638 ], [ 30.324072, 59.895703999998666 ], [ 30.32407, 59.895458999998638 ], [ 30.323825, 59.895458999998638 ], [ 30.323824, 59.895537999998631 ], [ 30.323593, 59.895538999998621 ], [ 30.323622, 59.89544599999865 ], [ 30.32359, 59.895444999998645 ], [ 30.323587, 59.895295999998638 ], [ 30.323622, 59.895253999998666 ], [ 30.323588, 59.895205999998645 ] ] ] } },
{ "type": "Feature", "properties": { "height": 20.0, "match_type": "matched", "height_source": "source_b" }, "geometry": { "type": "Polygon", "coordinates": [ [ [ 30.323346, 59.892688999998626 ], [ 30.323331, 59.892810999998623 ], [ 30.323784, 59.892896999998619 ], [ 30.323867, 59.892786999998641 ], [ 30.323346, 59.892688999998626 ] ] ] } },
{ "type": "Feature", "properties": { "height": 4.0, "match_type": "matched", "height_source": "source_b" }, "geometry": { "type": "Polygon", "coordinates": [ [ [ 30.322673, 59.892404999998632 ], [ 30.322688, 59.892244999998653 ], [ 30.322494, 59.892241999998639 ], [ 30.322487, 59.892366999998636 ], [ 30.322673, 59.892404999998632 ] ] ] } },
{ "type": "Feature", "properties": { "height": 20.0, "match_type": "matched", "height_source": "source_b" }, "geometry": { "type": "Polygon", "coordinates": [ [ [ 30.323377, 59.892539999998633 ], [ 30.322487, 59.892366999998636 ], [ 30.322494, 59.892241999998639 ], [ 30.323121, 59.892252999998604 ], [ 30.323118, 59.892158999998628 ], [ 30.322198, 59.892152999998629 ], [ 30.322184, 59.892441999998617 ], [ 30.323324, 59.892676999998642 ], [ 30.323377, 59.892539999998633 ] ] ] } },
{ "type": "Feature", "properties": { "height": 17.4, "match_type": "only_a", "height_source": "ml_predicted" }, "geometry": { "type": "Polygon", "coordinates": [ [ [ 30.32347, 59.89254 ], [ 30.32347, 59.8925 ], [ 30.32334, 59.8925 ], [ 30.32334, 59.89254 ], [ 30.32347, 59.89254 ] ] ] } },
{ "type": "Feature", "properties": { "height": 20.0, "match_type": "matched", "height_source": "source_b" }, "geometry": { "type": "Polygon", "coordinates": [ [ [ 30.323134, 59.892497999998618 ], [ 30.323377, 59.892539999998633 ], [ 30.323393, 59.892163999998651 ], [ 30.323118, 59.892158999998628 ], [ 30.323134, 59.892497999998618 ] ] ] } },
{ "type": "Feature", "properties": { "height": 4.5, "match_type": "matched", "height_source": "source_b" }, "geometry": { "type": "Polygon", "coordinates": [ [ [ 30.323654, 59.889364999998612 ], [ 30.323493, 59.889363999998629 ], [ 30.32349, 59.889458999998624 ], [ 30.323653, 59.889459999998643 ], [ 30.323654, 59.889364999998612 ] ] ] } },
{ "type": "Feature", "properties": { "height": 11.7, "match_type": "only_a", "height_source": "ml_predicted" }, "geometry": { "type": "Polygon", "coordinates": [ [ [ 30.32354, 59.89269 ], [ 30.32347, 59.89266 ], [ 30.32347, 59.89268 ], [ 30.32354, 59.89269 ] ] ] } },
{ "type": "Feature", "properties": { "height": 11.0, "match_type": "only_a", "height_source": "ml_predicted" }, "geometry": { "type": "Polygon", "coordinates": [ [ [ 30.3234, 59.89264 ], [ 30.32359, 59.89266 ], [ 30.32359, 59.89256 ], [ 30.32348, 59.89255 ], [ 30.3234, 59.89264 ] ] ] } },
{ "type": "Feature", "properties": { "height": 9.3, "match_type": "only_a", "height_source": "ml_predicted" }, "geometry": { "type": "Polygon", "coordinates": [ [ [ 30.32353, 59.88887 ], [ 30.3238, 59.88892 ], [ 30.32384, 59.88887 ], [ 30.32353, 59.88887 ] ] ] } },
{ "type": "Feature", "properties": { "height": 7.5, "match_type": "only_a", "height_source": "ml_predicted" }, "geometry": { "type": "Polygon", "coordinates": [ [ [ 30.32357, 59.88958 ], [ 30.32357, 59.88953 ], [ 30.32343, 59.88953 ], [ 30.32343, 59.88958 ], [ 30.32357, 59.88958 ] ] ] } },
{ "type": "Feature", "properties": { "height": 4.5, "match_type": "matched", "height_source": "source_b" }, "geometry": { "type": "Polygon", "coordinates": [ [ [ 30.323691, 59.889805999998636 ], [ 30.323474, 59.88980399999862 ], [ 30.32347, 59.890033999998622 ], [ 30.323687, 59.890035999998645 ], [ 30.323691, 59.889805999998636 ] ] ] } },
{ "type": "Feature", "properties": { "height": 3.8, "match_type": "only_a", "height_source": "ml_predicted" }, "geometry": { "type": "Polygon", "coordinates": [ [ [ 30.32369, 59.88815 ], [ 30.32383, 59.88815 ], [ 30.32382, 59.88806 ], [ 30.32369, 59.88806 ], [ 30.32369, 59.88815 ] ] ] } },
{ "type": "Feature", "properties": { "height": 9.9, "match_type": "matched", "height_source": "source_b" }, "geometry": { "type": "Polygon", "coordinates": [ [ [ 30.323718, 59.888511999998634 ], [ 30.322974, 59.88849699999863 ], [ 30.322965, 59.888653999998624 ], [ 30.323708, 59.888668999998643 ], [ 30.323718, 59.888511999998634 ] ] ] } },
{ "type": "Feature", "properties": { "height": 2.4, "match_type": "only_a", "height_source": "ml_predicted" }, "geometry": { "type": "Polygon", "coordinates": [ [ [ 30.32379, 59.88429 ], [ 30.32381, 59.88412 ], [ 30.32368, 59.88411 ], [ 30.32366, 59.88429 ], [ 30.32379, 59.88429 ] ] ] } },
{ "type": "Feature", "properties": { "height": 20.0, "match_type": "matched", "height_source": "source_b" }, "geometry": { "type": "Polygon", "coordinates": [ [ [ 30.323797, 59.891865999998629 ], [ 30.323074, 59.891861999998611 ], [ 30.323074, 59.892022999998638 ], [ 30.323798, 59.892026999998656 ], [ 30.323797, 59.891865999998629 ] ] ] } },
{ "type": "Feature", "properties": { "height": 4.5, "match_type": "matched", "height_source": "source_b" }, "geometry": { "type": "Polygon", "coordinates": [ [ [ 30.323697, 59.88742899999864 ], [ 30.323851, 59.887432999998659 ], [ 30.323857, 59.887363999998641 ], [ 30.323703, 59.887360999998641 ], [ 30.323697, 59.88742899999864 ] ] ] } },
{ "type": "Feature", "properties": { "height": 4.0, "match_type": "matched", "height_source": "source_b" }, "geometry": { "type": "Polygon", "coordinates": [ [ [ 30.323893, 59.8843969999986 ], [ 30.324222, 59.884406999998639 ], [ 30.324244, 59.884217999998654 ], [ 30.323914, 59.884207999998637 ], [ 30.323893, 59.8843969999986 ] ] ] } },
{ "type": "Feature", "properties": { "height": 4.5, "match_type": "matched", "height_source": "source_b" }, "geometry": { "type": "Polygon", "coordinates": [ [ [ 30.324159, 59.888315999998625 ], [ 30.32394, 59.888313999998601 ], [ 30.323939, 59.88837699999862 ], [ 30.324158, 59.888378999998658 ], [ 30.324159, 59.888315999998625 ] ] ] } },
{ "type": "Feature", "properties": { "height": 18.0, "match_type": "matched", "height_source": "source_b" }, "geometry": { "type": "Polygon", "coordinates": [ [ [ 30.32436, 59.88887399999863 ], [ 30.323908, 59.88886999999864 ], [ 30.323904, 59.888976999998626 ], [ 30.324357, 59.888981999998649 ], [ 30.32436, 59.88887399999863 ] ] ] } },
{ "type": "Feature", "properties": { "height": 15.0, "match_type": "matched", "height_source": "source_b" }, "geometry": { "type": "Polygon", "coordinates": [ [ [ 30.324051, 59.887513999998646 ], [ 30.324035, 59.887616999998635 ], [ 30.324138, 59.887620999998624 ], [ 30.324087, 59.887957999998633 ], [ 30.323985, 59.887954999998634 ], [ 30.323965, 59.888083999998635 ], [ 30.324291, 59.888096999998623 ], [ 30.324381, 59.887502999998638 ], [ 30.324051, 59.887513999998646 ] ] ] } },
{ "type": "Feature", "properties": { "height": 10.0, "match_type": "only_a", "height_source": "ml_predicted" }, "geometry": { "type": "Polygon", "coordinates": [ [ [ 30.32417, 59.88846 ], [ 30.32409, 59.88848 ], [ 30.32417, 59.88848 ], [ 30.32417, 59.88846 ] ] ] } },
{ "type": "Feature", "properties": { "height": 4.5, "match_type": "matched", "height_source": "source_b" }, "geometry": { "type": "Polygon", "coordinates": [ [ [ 30.324236, 59.894133999998616 ], [ 30.324041, 59.894249999998628 ], [ 30.324397, 59.894356999998628 ], [ 30.324519, 59.894289999998634 ], [ 30.324236, 59.894133999998616 ] ] ] } },
{ "type": "Feature", "properties": { "height": 4.5, "match_type": "matched", "height_source": "source_b" }, "geometry": { "type": "Polygon", "coordinates": [ [ [ 30.324053, 59.888151999998634 ], [ 30.323822, 59.888148999998627 ], [ 30.323819, 59.888213999998641 ], [ 30.32405, 59.88821699999864 ], [ 30.324053, 59.888151999998634 ] ] ] } },
{ "type": "Feature", "properties": { "height": 8.0, "match_type": "matched", "height_source": "source_b" }, "geometry": { "type": "Polygon", "coordinates": [ [ [ 30.323416059509412, 59.890617577776382 ], [ 30.32331838699125, 59.890616102257027 ], [ 30.32331458068796, 59.890669415796602 ], [ 30.323741954579067, 59.890764960499162 ], [ 30.324244914573342, 59.890773977269681 ], [ 30.324231617277221, 59.890961563002492 ], [ 30.324302962482463, 59.890963652980361 ], [ 30.324290481524404, 59.891142606130813 ], [ 30.32457510447254, 59.891147916275777 ], [ 30.324608106134377, 59.890682138231817 ], [ 30.324341135800708, 59.89067709238072 ], [ 30.324348481866096, 59.890551269452651 ], [ 30.323423343138817, 59.890534694857209 ], [ 30.323416059509412, 59.890617577776382 ] ] ] } },
{ "type": "Feature", "properties": { "height": 31.5, "match_type": "matched", "height_source": "source_b" }, "geometry": { "type": "Polygon", "coordinates": [ [ [ 30.324185, 59.890690999998611 ], [ 30.324171, 59.891468999998636 ], [ 30.323901, 59.891465999998637 ], [ 30.3239, 59.891580999998645 ], [ 30.324521, 59.891586999998658 ], [ 30.324536, 59.890694999998644 ], [ 30.324185, 59.890690999998611 ] ] ] } },
{ "type": "Feature", "properties": { "height": 12.0, "match_type": "matched", "height_source": "source_b" }, "geometry": { "type": "Polygon", "coordinates": [ [ [ 30.324187, 59.890581999998624 ], [ 30.324202, 59.890510999998639 ], [ 30.323348, 59.890482999998632 ], [ 30.32334, 59.89055299999864 ], [ 30.324187, 59.890581999998624 ] ] ] } },
{ "type": "Feature", "properties": { "height": 4.5, "match_type": "matched", "height_source": "source_b" }, "geometry": { "type": "Polygon", "coordinates": [ [ [ 30.324372, 59.884943999998612 ], [ 30.324154, 59.884939999998636 ], [ 30.324144, 59.885110999998624 ], [ 30.324362, 59.885114999998635 ], [ 30.324372, 59.884943999998612 ] ] ] } },
{ "type": "Feature", "properties": { "height": 12.0, "match_type": "matched", "height_source": "source_b" }, "geometry": { "type": "Polygon", "coordinates": [ [ [ 30.324347, 59.886650999998629 ], [ 30.324058, 59.886647999998644 ], [ 30.324052, 59.886855999998623 ], [ 30.324339, 59.886888999998632 ], [ 30.324347, 59.886650999998629 ] ] ] } },
{ "type": "Feature", "properties": { "height": 12.0, "match_type": "matched", "height_source": "source_b" }, "geometry": { "type": "Polygon", "coordinates": [ [ [ 30.324198, 59.889787999998632 ], [ 30.323833, 59.889786999998641 ], [ 30.323834, 59.890067999998628 ], [ 30.324199, 59.890067999998628 ], [ 30.324198, 59.889787999998632 ] ] ] } },
{ "type": "Feature", "properties": { "height": 12.0, "match_type": "matched", "height_source": "source_b" }, "geometry": { "type": "Polygon", "coordinates": [ [ [ 30.324431, 59.892451999998642 ], [ 30.324131, 59.892447999998637 ], [ 30.324108, 59.892824999998616 ], [ 30.324408, 59.892828999998656 ], [ 30.324431, 59.892451999998642 ] ] ] } },
{ "type": "Feature", "properties": { "height": 9.9, "match_type": "matched", "height_source": "source_b" }, "geometry": { "type": "Polygon", "coordinates": [ [ [ 30.32389, 59.889382999998631 ], [ 30.323881, 59.889511999998646 ], [ 30.324215, 59.88951899999865 ], [ 30.324225, 59.889389999998635 ], [ 30.32389, 59.889382999998631 ] ] ] } },
{ "type": "Feature", "properties": { "height": 4.5, "match_type": "matched", "height_source": "source_b" }, "geometry": { "type": "Polygon", "coordinates": [ [ [ 30.324358, 59.884786999998639 ], [ 30.324165, 59.88478299999862 ], [ 30.324159, 59.884877999998643 ], [ 30.324352, 59.884880999998629 ], [ 30.324358, 59.884786999998639 ] ] ] } },
{ "type": "Feature", "properties": { "height": 4.5, "match_type": "matched", "height_source": "source_b" }, "geometry": { "type": "Polygon", "coordinates": [ [ [ 30.32436, 59.887038999998637 ], [ 30.324171, 59.887035999998623 ], [ 30.324159, 59.88729399999864 ], [ 30.324349, 59.887295999998614 ], [ 30.32436, 59.887038999998637 ] ] ] } },
{ "type": "Feature", "properties": { "height": 5.8, "match_type": "only_a", "height_source": "ml_predicted" }, "geometry": { "type": "Polygon", "coordinates": [ [ [ 30.32447, 59.88576 ], [ 30.32447, 59.88571 ], [ 30.32426, 59.88571 ], [ 30.32426, 59.88576 ], [ 30.32447, 59.88576 ] ] ] } },
{ "type": "Feature", "properties": { "height": 9.6, "match_type": "only_a", "height_source": "ml_predicted" }, "geometry": { "type": "Polygon", "coordinates": [ [ [ 30.32456, 59.88728 ], [ 30.32456, 59.88733 ], [ 30.32479, 59.88733 ], [ 30.32479, 59.88728 ], [ 30.32456, 59.88728 ] ] ] } },
{ "type": "Feature", "properties": { "height": 12.0, "match_type": "matched", "height_source": "source_b" }, "geometry": { "type": "Polygon", "coordinates": [ [ [ 30.324518, 59.891622999998646 ], [ 30.323966, 59.891619999998632 ], [ 30.323968, 59.891883999998633 ], [ 30.324519, 59.891885999998642 ], [ 30.324518, 59.891622999998646 ] ] ] } },
{ "type": "Feature", "properties": { "height": 4.5, "match_type": "matched", "height_source": "source_b" }, "geometry": { "type": "Polygon", "coordinates": [ [ [ 30.324579, 59.886330999998627 ], [ 30.324285, 59.886327999998628 ], [ 30.324283, 59.886404999998625 ], [ 30.324577, 59.88640699999862 ], [ 30.324579, 59.886330999998627 ] ] ] } },
{ "type": "Feature", "properties": { "height": 20.0, "match_type": "matched", "height_source": "source_b" }, "geometry": { "type": "Polygon", "coordinates": [ [ [ 30.323393, 59.892163999998651 ], [ 30.323399, 59.892260999998626 ], [ 30.324461, 59.892271999998655 ], [ 30.324462, 59.892175999998621 ], [ 30.323393, 59.892163999998651 ] ] ] } },
{ "type": "Feature", "properties": { "height": 4.5, "match_type": "matched", "height_source": "source_b" }, "geometry": { "type": "Polygon", "coordinates": [ [ [ 30.32457, 59.886744999998648 ], [ 30.324765, 59.886744999998633 ], [ 30.324765, 59.886652999998638 ], [ 30.32457, 59.886652999998638 ], [ 30.32457, 59.886744999998648 ] ] ] } },
{ "type": "Feature", "properties": { "height": 12.0, "match_type": "matched", "height_source": "source_b" }, "geometry": { "type": "Polygon", "coordinates": [ [ [ 30.324966, 59.884635999998615 ], [ 30.324622, 59.884626999998652 ], [ 30.324549, 59.885374999998646 ], [ 30.324893, 59.885383999998631 ], [ 30.324966, 59.884635999998615 ] ] ] } },
{ "type": "Feature", "properties": { "height": 10.0, "match_type": "matched", "height_source": "source_b" }, "geometry": { "type": "Polygon", "coordinates": [ [ [ 30.324658516548116, 59.890675621695756 ], [ 30.324658513878777, 59.890224312632554 ], [ 30.324366956525495, 59.890224313350181 ], [ 30.324366955311259, 59.890675621489393 ], [ 30.324658516548116, 59.890675621695756 ] ] ] } },
{ "type": "Feature", "properties": { "height": 4.0, "match_type": "matched", "height_source": "source_b" }, "geometry": { "type": "Polygon", "coordinates": [ [ [ 30.324232, 59.890240999998639 ], [ 30.32418, 59.890648999998625 ], [ 30.324491, 59.890659999998633 ], [ 30.324525, 59.890249999998638 ], [ 30.324232, 59.890240999998639 ] ] ] } },
{ "type": "Feature", "properties": { "height": 4.5, "match_type": "matched", "height_source": "source_b" }, "geometry": { "type": "Polygon", "coordinates": [ [ [ 30.324901, 59.893569999998633 ], [ 30.324977, 59.893486999998636 ], [ 30.324808, 59.89344899999864 ], [ 30.324735, 59.893532999998641 ], [ 30.324901, 59.893569999998633 ] ] ] } },
{ "type": "Feature", "properties": { "height": 9.9, "match_type": "matched", "height_source": "source_b" }, "geometry": { "type": "Polygon", "coordinates": [ [ [ 30.324236, 59.894133999998616 ], [ 30.324437, 59.894216999998633 ], [ 30.324807, 59.89399499999864 ], [ 30.325204, 59.89353599999864 ], [ 30.324977, 59.893486999998636 ], [ 30.324603, 59.893909999998634 ], [ 30.324236, 59.894133999998616 ] ] ] } },
{ "type": "Feature", "properties": { "height": 20.0, "match_type": "matched", "height_source": "source_b" }, "geometry": { "type": "Polygon", "coordinates": [ [ [ 30.324686, 59.884627999998621 ], [ 30.324966, 59.884635999998615 ], [ 30.325006, 59.884098999998628 ], [ 30.324727, 59.884092999998629 ], [ 30.324686, 59.884627999998621 ] ] ] } },
{ "type": "Feature", "properties": { "height": 20.0, "match_type": "matched", "height_source": "source_b" }, "geometry": { "type": "Polygon", "coordinates": [ [ [ 30.324657, 59.88543199999863 ], [ 30.324, 59.885419999998646 ], [ 30.323987, 59.885624999998633 ], [ 30.324644, 59.885636999998638 ], [ 30.324657, 59.88543199999863 ] ] ] } },
{ "type": "Feature", "properties": { "height": 20.0, "match_type": "matched", "height_source": "source_b" }, "geometry": { "type": "Polygon", "coordinates": [ [ [ 30.324552, 59.889624999998645 ], [ 30.324294, 59.889622999998615 ], [ 30.324275, 59.890161999998618 ], [ 30.324533, 59.890163999998656 ], [ 30.324552, 59.889624999998645 ] ] ] } },
{ "type": "Feature", "properties": { "height": 18.0, "match_type": "matched", "height_source": "source_b" }, "geometry": { "type": "Polygon", "coordinates": [ [ [ 30.324643, 59.889106999998646 ], [ 30.323891, 59.889099999998606 ], [ 30.323887, 59.889252999998625 ], [ 30.324639, 59.889260999998619 ], [ 30.324643, 59.889106999998646 ] ] ] } },
{ "type": "Feature", "properties": { "height": 15.0, "match_type": "matched", "height_source": "source_b" }, "geometry": { "type": "Polygon", "coordinates": [ [ [ 30.324548, 59.888477999998642 ], [ 30.324538, 59.888725999998655 ], [ 30.324714, 59.888729999998645 ], [ 30.324734, 59.888480999998613 ], [ 30.324548, 59.888477999998642 ] ] ] } },
{ "type": "Feature", "properties": { "height": 15.0, "match_type": "matched", "height_source": "source_b" }, "geometry": { "type": "Polygon", "coordinates": [ [ [ 30.324541, 59.888595999998635 ], [ 30.324021, 59.888585999998632 ], [ 30.324013, 59.888715999998617 ], [ 30.324538, 59.888725999998655 ], [ 30.324541, 59.888595999998635 ] ] ] } },
{ "type": "Feature", "properties": { "height": 10.0, "match_type": "only_a", "height_source": "ml_predicted" }, "geometry": { "type": "Polygon", "coordinates": [ [ [ 30.32485, 59.88646 ], [ 30.32478, 59.88649 ], [ 30.32485, 59.88649 ], [ 30.32485, 59.88646 ] ] ] } },
{ "type": "Feature", "properties": { "height": 12.0, "match_type": "matched", "height_source": "source_b" }, "geometry": { "type": "Polygon", "coordinates": [ [ [ 30.324814, 59.88706199999865 ], [ 30.324527, 59.887061999998629 ], [ 30.324531, 59.887252999998644 ], [ 30.324818, 59.887251999998654 ], [ 30.324814, 59.88706199999865 ] ] ] } },
{ "type": "Feature", "properties": { "height": 12.0, "match_type": "matched", "height_source": "source_b" }, "geometry": { "type": "Polygon", "coordinates": [ [ [ 30.324876, 59.886048999998629 ], [ 30.32463, 59.886046999998619 ], [ 30.32462, 59.886366999998629 ], [ 30.324865, 59.886368999998624 ], [ 30.324876, 59.886048999998629 ] ] ] } },
{ "type": "Feature", "properties": { "height": 12.0, "match_type": "matched", "height_source": "source_b" }, "geometry": { "type": "Polygon", "coordinates": [ [ [ 30.325165, 59.890480999998623 ], [ 30.32485, 59.890476999998647 ], [ 30.324831, 59.891018999998636 ], [ 30.325146, 59.891022999998654 ], [ 30.325165, 59.890480999998623 ] ] ] } },
{ "type": "Feature", "properties": { "height": 6.9, "match_type": "only_a", "height_source": "ml_predicted" }, "geometry": { "type": "Polygon", "coordinates": [ [ [ 30.32496, 59.89188 ], [ 30.32498, 59.89181 ], [ 30.32508, 59.89177 ], [ 30.3249, 59.89176 ], [ 30.3249, 59.89188 ], [ 30.32496, 59.89188 ] ] ] } },
{ "type": "Feature", "properties": { "height": 20.0, "match_type": "matched", "height_source": "source_b" }, "geometry": { "type": "Polygon", "coordinates": [ [ [ 30.326175, 59.888857999998628 ], [ 30.324892, 59.888853999998638 ], [ 30.324893, 59.889079999998629 ], [ 30.325176, 59.889080999998619 ], [ 30.325175, 59.88900799999864 ], [ 30.326189, 59.889012999998634 ], [ 30.326175, 59.888857999998628 ] ] ] } },
{ "type": "Feature", "properties": { "height": 4.5, "match_type": "matched", "height_source": "source_b" }, "geometry": { "type": "Polygon", "coordinates": [ [ [ 30.324942, 59.892532999998657 ], [ 30.324835, 59.892530999998627 ], [ 30.324831, 59.892591999998636 ], [ 30.324939, 59.892594999998636 ], [ 30.324942, 59.892532999998657 ] ] ] } },
{ "type": "Feature", "properties": { "height": 11.0, "match_type": "only_a", "height_source": "ml_predicted" }, "geometry": { "type": "Polygon", "coordinates": [ [ [ 30.32503, 59.88784 ], [ 30.32526, 59.88784 ], [ 30.32526, 59.88777 ], [ 30.32504, 59.88776 ], [ 30.32503, 59.88784 ] ] ] } },
{ "type": "Feature", "properties": { "height": 12.0, "match_type": "matched", "height_source": "source_b" }, "geometry": { "type": "Polygon", "coordinates": [ [ [ 30.325391, 59.890136999998624 ], [ 30.3248, 59.890140999998629 ], [ 30.324807, 59.890263999998631 ], [ 30.325397, 59.890260999998645 ], [ 30.325391, 59.890136999998624 ] ] ] } },
{ "type": "Feature", "properties": { "height": 4.5, "match_type": "matched", "height_source": "source_b" }, "geometry": { "type": "Polygon", "coordinates": [ [ [ 30.324808, 59.894589999998637 ], [ 30.324745, 59.894657999998635 ], [ 30.324973, 59.894711999998634 ], [ 30.325036, 59.894642999998631 ], [ 30.324808, 59.894589999998637 ] ] ] } },
{ "type": "Feature", "properties": { "height": 12.0, "match_type": "matched", "height_source": "source_b" }, "geometry": { "type": "Polygon", "coordinates": [ [ [ 30.325847, 59.893197999998641 ], [ 30.32604, 59.893240999998618 ], [ 30.326046, 59.892760999998643 ], [ 30.325258, 59.892725999998646 ], [ 30.325237, 59.892850999998615 ], [ 30.325844, 59.892867999998636 ], [ 30.325848, 59.892941999998648 ], [ 30.3255, 59.892929999998636 ], [ 30.32551, 59.893034999998633 ], [ 30.325852, 59.893038999998623 ], [ 30.325847, 59.893197999998641 ] ] ] } },
{ "type": "Feature", "properties": { "height": 4.0, "match_type": "matched", "height_source": "source_b" }, "geometry": { "type": "Polygon", "coordinates": [ [ [ 30.3263, 59.892922999998646 ], [ 30.32606, 59.892916999998647 ], [ 30.32604, 59.893240999998618 ], [ 30.325216, 59.893046999998639 ], [ 30.325223, 59.893181999998639 ], [ 30.326268, 59.893418999998651 ], [ 30.3263, 59.892922999998646 ] ] ] } },
{ "type": "Feature", "properties": { "height": 12.0, "match_type": "matched", "height_source": "source_b" }, "geometry": { "type": "Polygon", "coordinates": [ [ [ 30.325241, 59.892827999998616 ], [ 30.325258, 59.892725999998646 ], [ 30.324763, 59.892698999998629 ], [ 30.324744, 59.89280099999862 ], [ 30.325241, 59.892827999998616 ] ] ] } },
{ "type": "Feature", "properties": { "height": 9.4, "match_type": "only_a", "height_source": "ml_predicted" }, "geometry": { "type": "Polygon", "coordinates": [ [ [ 30.32504, 59.88787 ], [ 30.32509, 59.88784 ], [ 30.32504, 59.88784 ], [ 30.32504, 59.88787 ] ] ] } },
{ "type": "Feature", "properties": { "height": 12.0, "match_type": "matched", "height_source": "source_b" }, "geometry": { "type": "Polygon", "coordinates": [ [ [ 30.325164, 59.891786999998658 ], [ 30.325801, 59.891827999998618 ], [ 30.325816, 59.891530999998636 ], [ 30.326959, 59.89154699999861 ], [ 30.326955, 59.891338999998631 ], [ 30.324829, 59.891286999998627 ], [ 30.324807, 59.891695999998639 ], [ 30.325168, 59.891704999998638 ], [ 30.325164, 59.891786999998658 ] ] ] } },
{ "type": "Feature", "properties": { "height": 20.0, "match_type": "matched", "height_source": "source_b" }, "geometry": { "type": "Polygon", "coordinates": [ [ [ 30.326248, 59.891088999998637 ], [ 30.324857, 59.891069999998649 ], [ 30.324852, 59.891203999998645 ], [ 30.326244, 59.891222999998632 ], [ 30.326248, 59.891088999998637 ] ] ] } },
{ "type": "Feature", "properties": { "height": 12.0, "match_type": "matched", "height_source": "source_b" }, "geometry": { "type": "Polygon", "coordinates": [ [ [ 30.325072, 59.889995999998639 ], [ 30.325074, 59.889559999998632 ], [ 30.324805, 59.889558999998641 ], [ 30.324804, 59.889994999998635 ], [ 30.325072, 59.889995999998639 ] ] ] } },
{ "type": "Feature", "properties": { "height": 4.0, "match_type": "matched", "height_source": "source_b" }, "geometry": { "type": "Polygon", "coordinates": [ [ [ 30.324987, 59.89286899999864 ], [ 30.324814, 59.892867999998636 ], [ 30.32482, 59.893077999998638 ], [ 30.325143, 59.893159999998645 ], [ 30.325126, 59.893026999998639 ], [ 30.325006, 59.89301899999866 ], [ 30.324987, 59.89286899999864 ] ] ] } },
{ "type": "Feature", "properties": { "height": 20.0, "match_type": "matched", "height_source": "source_b" }, "geometry": { "type": "Polygon", "coordinates": [ [ [ 30.325431, 59.884795999998623 ], [ 30.32511, 59.884791999998633 ], [ 30.325102, 59.885030999998627 ], [ 30.325423, 59.885032999998629 ], [ 30.325431, 59.884795999998623 ] ] ] } },
{ "type": "Feature", "properties": { "height": 12.3, "match_type": "only_a", "height_source": "ml_predicted" }, "geometry": { "type": "Polygon", "coordinates": [ [ [ 30.32522, 59.88526 ], [ 30.3258, 59.88528 ], [ 30.32581, 59.88517 ], [ 30.32572, 59.88517 ], [ 30.32572, 59.88509 ], [ 30.32523, 59.88508 ], [ 30.32522, 59.88526 ] ] ] } },
{ "type": "Feature", "properties": { "height": 4.5, "match_type": "matched", "height_source": "source_b" }, "geometry": { "type": "Polygon", "coordinates": [ [ [ 30.325432, 59.889231999998636 ], [ 30.325145, 59.889231999998643 ], [ 30.325147, 59.889319999998627 ], [ 30.325434, 59.889319999998634 ], [ 30.325432, 59.889231999998636 ] ] ] } },
{ "type": "Feature", "properties": { "height": 12.0, "match_type": "matched", "height_source": "source_b" }, "geometry": { "type": "Polygon", "coordinates": [ [ [ 30.325074, 59.889611999998635 ], [ 30.325205, 59.889610999998631 ], [ 30.325207, 59.889665999998634 ], [ 30.325499, 59.889664999998637 ], [ 30.325498, 59.88961699999863 ], [ 30.325582, 59.88961699999863 ], [ 30.325596, 59.890026999998632 ], [ 30.325893, 59.890026999998646 ], [ 30.325878, 59.889561999998627 ], [ 30.326951, 59.889558999998627 ], [ 30.326944, 59.889343999998644 ], [ 30.326044, 59.889345999998625 ], [ 30.326039, 59.889187999998633 ], [ 30.325625, 59.889182999998631 ], [ 30.325633, 59.889451999998627 ], [ 30.325442, 59.889452999998639 ], [ 30.325438, 59.889341999998607 ], [ 30.324878, 59.889342999998654 ], [ 30.324884, 59.889558999998641 ], [ 30.325074, 59.889559999998632 ], [ 30.325074, 59.889611999998635 ] ] ] } },
{ "type": "Feature", "properties": { "height": 13.2, "match_type": "matched", "height_source": "source_b" }, "geometry": { "type": "Polygon", "coordinates": [ [ [ 30.324942, 59.888214999998645 ], [ 30.325254, 59.88821299999865 ], [ 30.325253, 59.887981999998637 ], [ 30.324941, 59.887981999998637 ], [ 30.324942, 59.888214999998645 ] ] ] } },
{ "type": "Feature", "properties": { "height": 12.0, "match_type": "matched", "height_source": "source_b" }, "geometry": { "type": "Polygon", "coordinates": [ [ [ 30.325305, 59.892727999998641 ], [ 30.325591, 59.892740999998637 ], [ 30.325608, 59.892405999998637 ], [ 30.325323, 59.892399999998638 ], [ 30.325305, 59.892727999998641 ] ] ] } },
{ "type": "Feature", "properties": { "height": 14.0, "match_type": "only_a", "height_source": "ml_predicted" }, "geometry": { "type": "Polygon", "coordinates": [ [ [ 30.32533, 59.88623 ], [ 30.32535, 59.88615 ], [ 30.3252, 59.88615 ], [ 30.3252, 59.88622 ], [ 30.32533, 59.88623 ] ] ] } },
{ "type": "Feature", "properties": { "height": 4.5, "match_type": "matched", "height_source": "source_b" }, "geometry": { "type": "Polygon", "coordinates": [ [ [ 30.325636, 59.893641999998643 ], [ 30.325508, 59.893805999998627 ], [ 30.325365, 59.893774999998634 ], [ 30.325288, 59.893869999998635 ], [ 30.325627, 59.893935999998632 ], [ 30.325823, 59.89367899999862 ], [ 30.325636, 59.893641999998643 ] ] ] } },
{ "type": "Feature", "properties": { "height": 12.0, "match_type": "matched", "height_source": "source_b" }, "geometry": { "type": "Polygon", "coordinates": [ [ [ 30.325337, 59.887545999998629 ], [ 30.3252, 59.887542999998644 ], [ 30.325186, 59.887745999998636 ], [ 30.325388, 59.887748999998635 ], [ 30.325398, 59.887594999998633 ], [ 30.325334, 59.887593999998643 ], [ 30.325337, 59.887545999998629 ] ] ] } },
{ "type": "Feature", "properties": { "height": 4.1, "match_type": "only_a", "height_source": "ml_predicted" }, "geometry": { "type": "Polygon", "coordinates": [ [ [ 30.32539, 59.89491 ], [ 30.32546, 59.89486 ], [ 30.32537, 59.89483 ], [ 30.3253, 59.89488 ], [ 30.32539, 59.89491 ] ] ] } },
{ "type": "Feature", "properties": { "height": 13.2, "match_type": "matched", "height_source": "source_b" }, "geometry": { "type": "Polygon", "coordinates": [ [ [ 30.325263, 59.888681999998646 ], [ 30.325254, 59.88821299999865 ], [ 30.324942, 59.888214999998645 ], [ 30.324945, 59.888681999998632 ], [ 30.325263, 59.888681999998646 ] ] ] } },
{ "type": "Feature", "properties": { "height": 20.0, "match_type": "matched", "height_source": "source_b" }, "geometry": { "type": "Polygon", "coordinates": [ [ [ 30.32544, 59.88621599999864 ], [ 30.325097, 59.886211999998636 ], [ 30.325084, 59.886503999998645 ], [ 30.325427, 59.886507999998614 ], [ 30.32544, 59.88621599999864 ] ] ] } },
{ "type": "Feature", "properties": { "height": 20.0, "match_type": "matched", "height_source": "source_b" }, "geometry": { "type": "Polygon", "coordinates": [ [ [ 30.32544, 59.88621599999864 ], [ 30.325433, 59.886373999998632 ], [ 30.325939, 59.886379999998624 ], [ 30.325946, 59.88622299999863 ], [ 30.32544, 59.88621599999864 ] ] ] } },
{ "type": "Feature", "properties": { "height": 20.0, "match_type": "matched", "height_source": "source_b" }, "geometry": { "type": "Polygon", "coordinates": [ [ [ 30.325275, 59.885353999998642 ], [ 30.32521, 59.886013999998632 ], [ 30.325582, 59.886023999998606 ], [ 30.325647, 59.885363999998646 ], [ 30.325275, 59.885353999998642 ] ] ] } },
{ "type": "Feature", "properties": { "height": 4.0, "match_type": "matched", "height_source": "source_b" }, "geometry": { "type": "Polygon", "coordinates": [ [ [ 30.325387, 59.891791999998617 ], [ 30.325384, 59.891911999998619 ], [ 30.324764, 59.89190499999863 ], [ 30.324765, 59.892037999998635 ], [ 30.325694, 59.892042999998644 ], [ 30.325695, 59.89194599999864 ], [ 30.325607, 59.891944999998636 ], [ 30.325571, 59.891794999998638 ], [ 30.325387, 59.891791999998617 ] ] ] } },
{ "type": "Feature", "properties": { "height": 6.6, "match_type": "matched", "height_source": "source_b" }, "geometry": { "type": "Polygon", "coordinates": [ [ [ 30.326258, 59.894740999998625 ], [ 30.326555, 59.894403999998651 ], [ 30.326668, 59.894427999998619 ], [ 30.326724, 59.894356999998642 ], [ 30.325158, 59.894026999998623 ], [ 30.325101, 59.894087999998646 ], [ 30.325221, 59.894115999998633 ], [ 30.325155, 59.894201999998614 ], [ 30.324971, 59.894165999998627 ], [ 30.324897, 59.894252999998642 ], [ 30.32506, 59.894290999998624 ], [ 30.324993, 59.894376999998592 ], [ 30.324716, 59.894320999998627 ], [ 30.324629, 59.894413999998655 ], [ 30.325119, 59.894521999998659 ], [ 30.325437, 59.894155999998624 ], [ 30.32577, 59.894228999998646 ], [ 30.325449, 59.894588999998632 ], [ 30.325701, 59.894646999998621 ], [ 30.326028, 59.89428599999863 ], [ 30.326345, 59.894355999998638 ], [ 30.326042, 59.894712999998639 ], [ 30.326258, 59.894740999998625 ] ] ] } },
{ "type": "Feature", "properties": { "height": 4.0, "match_type": "matched", "height_source": "source_b" }, "geometry": { "type": "Polygon", "coordinates": [ [ [ 30.325964, 59.890621999998643 ], [ 30.325751, 59.890619999998634 ], [ 30.325744, 59.890746999998605 ], [ 30.325958, 59.890748999998628 ], [ 30.325964, 59.890621999998643 ] ] ] } },
{ "type": "Feature", "properties": { "height": 3.7, "match_type": "only_a", "height_source": "ml_predicted" }, "geometry": { "type": "Polygon", "coordinates": [ [ [ 30.3256, 59.89482 ], [ 30.32568, 59.89486 ], [ 30.32573, 59.89484 ], [ 30.32565, 59.8948 ], [ 30.3256, 59.89482 ] ] ] } },
{ "type": "Feature", "properties": { "height": 7.6, "match_type": "only_a", "height_source": "ml_predicted" }, "geometry": { "type": "Polygon", "coordinates": [ [ [ 30.32568, 59.89014 ], [ 30.3258, 59.89014 ], [ 30.3258, 59.89008 ], [ 30.32568, 59.89008 ], [ 30.32568, 59.89014 ] ] ] } },
{ "type": "Feature", "properties": { "height": 20.0, "match_type": "matched", "height_source": "source_b" }, "geometry": { "type": "Polygon", "coordinates": [ [ [ 30.325843, 59.88394899999863 ], [ 30.325374, 59.883945999998637 ], [ 30.325368, 59.88462699999863 ], [ 30.325682, 59.884630999998606 ], [ 30.325691, 59.884086999998644 ], [ 30.32584, 59.884087999998634 ], [ 30.325843, 59.88394899999863 ] ] ] } },
{ "type": "Feature", "properties": { "height": 9.2, "match_type": "only_a", "height_source": "ml_predicted" }, "geometry": { "type": "Polygon", "coordinates": [ [ [ 30.32566, 59.89217 ], [ 30.3258, 59.89214 ], [ 30.32566, 59.89214 ], [ 30.32566, 59.89217 ] ] ] } },
{ "type": "Feature", "properties": { "height": 13.2, "match_type": "matched", "height_source": "source_b" }, "geometry": { "type": "Polygon", "coordinates": [ [ [ 30.325256, 59.888571999998653 ], [ 30.325263, 59.888681999998646 ], [ 30.325881, 59.888683999998626 ], [ 30.325881, 59.888572999998637 ], [ 30.325256, 59.888571999998653 ] ] ] } },
{ "type": "Feature", "properties": { "height": 4.5, "match_type": "matched", "height_source": "source_b" }, "geometry": { "type": "Polygon", "coordinates": [ [ [ 30.325965, 59.893865999998638 ], [ 30.326067, 59.893757999998613 ], [ 30.325869, 59.893710999998632 ], [ 30.325819, 59.893762999998607 ], [ 30.325903, 59.893782999998635 ], [ 30.325851, 59.893838999998628 ], [ 30.325965, 59.893865999998638 ] ] ] } },
{ "type": "Feature", "properties": { "height": 3.7, "match_type": "only_a", "height_source": "ml_predicted" }, "geometry": { "type": "Polygon", "coordinates": [ [ [ 30.32586, 59.88567 ], [ 30.32577, 59.88567 ], [ 30.32574, 59.88605 ], [ 30.32583, 59.88605 ], [ 30.32586, 59.88567 ] ] ] } },
{ "type": "Feature", "properties": { "height": 3.8, "match_type": "only_a", "height_source": "ml_predicted" }, "geometry": { "type": "Polygon", "coordinates": [ [ [ 30.32586, 59.89104 ], [ 30.32585, 59.89109 ], [ 30.32593, 59.89109 ], [ 30.32593, 59.89104 ], [ 30.32586, 59.89104 ] ] ] } },
{ "type": "Feature", "properties": { "height": 4.5, "match_type": "matched", "height_source": "source_b" }, "geometry": { "type": "Polygon", "coordinates": [ [ [ 30.326151, 59.885960999998638 ], [ 30.325856, 59.88595399999862 ], [ 30.325848, 59.886050999998623 ], [ 30.326143, 59.886057999998627 ], [ 30.326151, 59.885960999998638 ] ] ] } },
{ "type": "Feature", "properties": { "height": 4.0, "match_type": "matched", "height_source": "source_b" }, "geometry": { "type": "Polygon", "coordinates": [ [ [ 30.325207, 59.887270999998641 ], [ 30.325888, 59.887271999998632 ], [ 30.325899, 59.886718999998642 ], [ 30.32522, 59.886712999998622 ], [ 30.325223, 59.88665199999862 ], [ 30.325129, 59.886650999998629 ], [ 30.325123, 59.886910999998641 ], [ 30.325215, 59.886912999998636 ], [ 30.325211, 59.887047999998636 ], [ 30.325117, 59.887047999998636 ], [ 30.325116, 59.887177999998627 ], [ 30.325206, 59.887177999998613 ], [ 30.325207, 59.887270999998641 ] ] ] } },
{ "type": "Feature", "properties": { "height": 20.0, "match_type": "matched", "height_source": "source_b" }, "geometry": { "type": "Polygon", "coordinates": [ [ [ 30.325714, 59.884662999998632 ], [ 30.325666, 59.885227999998641 ], [ 30.325922, 59.885232999998621 ], [ 30.32597, 59.884668999998645 ], [ 30.325714, 59.884662999998632 ] ] ] } },
{ "type": "Feature", "properties": { "height": 12.0, "match_type": "matched", "height_source": "source_b" }, "geometry": { "type": "Polygon", "coordinates": [ [ [ 30.325224, 59.886613999998637 ], [ 30.32522, 59.886712999998622 ], [ 30.325899, 59.886718999998642 ], [ 30.325901, 59.886618999998646 ], [ 30.325224, 59.886613999998637 ] ] ] } },
{ "type": "Feature", "properties": { "height": 4.5, "match_type": "matched", "height_source": "source_b" }, "geometry": { "type": "Polygon", "coordinates": [ [ [ 30.325916, 59.888071999998623 ], [ 30.325779, 59.888068999998637 ], [ 30.32577, 59.88831499999862 ], [ 30.325906, 59.888316999998644 ], [ 30.325916, 59.888071999998623 ] ] ] } },
{ "type": "Feature", "properties": { "height": 20.0, "match_type": "matched", "height_source": "source_b" }, "geometry": { "type": "Polygon", "coordinates": [ [ [ 30.326077, 59.884124999998626 ], [ 30.325902, 59.884121999998634 ], [ 30.325872, 59.884644999998635 ], [ 30.326047, 59.884646999998658 ], [ 30.326077, 59.884124999998626 ] ] ] } },
{ "type": "Feature", "properties": { "height": 4.5, "match_type": "matched", "height_source": "source_b" }, "geometry": { "type": "Polygon", "coordinates": [ [ [ 30.325801, 59.886067999998637 ], [ 30.325793, 59.886160999998616 ], [ 30.326132, 59.886169999998636 ], [ 30.32614, 59.886076999998636 ], [ 30.325801, 59.886067999998637 ] ] ] } },
{ "type": "Feature", "properties": { "height": 12.0, "match_type": "matched", "height_source": "source_b" }, "geometry": { "type": "Polygon", "coordinates": [ [ [ 30.326165, 59.89042299999862 ], [ 30.325649, 59.890415999998645 ], [ 30.325647, 59.890498999998641 ], [ 30.326162, 59.890504999998626 ], [ 30.326165, 59.89042299999862 ] ] ] } },
{ "type": "Feature", "properties": { "height": 4.5, "match_type": "only_b", "height_source": "source_b" }, "geometry": { "type": "Polygon", "coordinates": [ [ [ 30.31407, 59.893672999998621 ], [ 30.313978, 59.89367399999864 ], [ 30.313981, 59.893714999998636 ], [ 30.314072, 59.89371399999866 ], [ 30.31407, 59.893672999998621 ] ] ] } },
{ "type": "Feature", "properties": { "height": 4.0, "match_type": "only_b", "height_source": "source_b" }, "geometry": { "type": "Polygon", "coordinates": [ [ [ 30.314465, 59.888749999998637 ], [ 30.314892, 59.888754999998632 ], [ 30.314893, 59.888709999998639 ], [ 30.314464, 59.888702999998642 ], [ 30.314465, 59.888749999998637 ] ] ] } },
{ "type": "Feature", "properties": { "height": 4.5, "match_type": "only_b", "height_source": "source_b" }, "geometry": { "type": "Polygon", "coordinates": [ [ [ 30.314554, 59.891440999998636 ], [ 30.314418, 59.89158399999863 ], [ 30.314352, 59.89156899999864 ], [ 30.3143, 59.89162399999865 ], [ 30.314472, 59.891664999998632 ], [ 30.31466, 59.891465999998637 ], [ 30.314554, 59.891440999998636 ] ] ] } },
{ "type": "Feature", "properties": { "height": 9.9, "match_type": "only_b", "height_source": "source_b" }, "geometry": { "type": "Polygon", "coordinates": [ [ [ 30.31625, 59.885269999998627 ], [ 30.315912, 59.88530099999862 ], [ 30.315977, 59.88547699999863 ], [ 30.31605, 59.885470999998645 ], [ 30.316075, 59.885538999998651 ], [ 30.31634, 59.88551499999862 ], [ 30.31625, 59.885269999998627 ] ] ] } },
{ "type": "Feature", "properties": { "height": 4.0, "match_type": "only_b", "height_source": "source_b" }, "geometry": { "type": "Polygon", "coordinates": [ [ [ 30.317054, 59.890493999998625 ], [ 30.317069, 59.89028099999863 ], [ 30.316987, 59.890278999998635 ], [ 30.316948, 59.890494999998637 ], [ 30.317054, 59.890493999998625 ] ] ] } },
{ "type": "Feature", "properties": { "height": 4.5, "match_type": "matched", "height_source": "source_b" }, "geometry": { "type": "Polygon", "coordinates": [ [ [ 30.317383, 59.893591999998634 ], [ 30.317279, 59.893591999998634 ], [ 30.317274, 59.894004999998636 ], [ 30.31738, 59.894004999998621 ], [ 30.317383, 59.893591999998634 ] ] ] } },
{ "type": "Feature", "properties": { "height": 4.5, "match_type": "only_b", "height_source": "source_b" }, "geometry": { "type": "Polygon", "coordinates": [ [ [ 30.317636, 59.886359999998625 ], [ 30.31712, 59.886355999998635 ], [ 30.317118, 59.886438999998646 ], [ 30.317634, 59.886441999998645 ], [ 30.317636, 59.886359999998625 ] ] ] } },
{ "type": "Feature", "properties": { "height": 4.5, "match_type": "only_b", "height_source": "source_b" }, "geometry": { "type": "Polygon", "coordinates": [ [ [ 30.318269, 59.893398999998631 ], [ 30.318103, 59.893398999998631 ], [ 30.318104, 59.893469999998658 ], [ 30.31827, 59.893470999998641 ], [ 30.318269, 59.893398999998631 ] ] ] } },
{ "type": "Feature", "properties": { "height": 4.0, "match_type": "matched", "height_source": "source_b" }, "geometry": { "type": "Polygon", "coordinates": [ [ [ 30.31836, 59.896035999998652 ], [ 30.318371, 59.895911999998646 ], [ 30.3185, 59.895914999998659 ], [ 30.318514, 59.895755999998656 ], [ 30.318269, 59.895711999998646 ], [ 30.318247, 59.895954999998601 ], [ 30.318126, 59.895952999998642 ], [ 30.318117, 59.896048999998641 ], [ 30.31836, 59.896035999998652 ] ] ] } },
{ "type": "Feature", "properties": { "height": 4.5, "match_type": "only_b", "height_source": "source_b" }, "geometry": { "type": "Polygon", "coordinates": [ [ [ 30.321829, 59.891675999998654 ], [ 30.321403, 59.891668999998622 ], [ 30.3214, 59.891726999998625 ], [ 30.321827, 59.891733999998628 ], [ 30.321829, 59.891675999998654 ] ] ] } },
{ "type": "Feature", "properties": { "height": 20.0, "match_type": "matched", "height_source": "source_b" }, "geometry": { "type": "Polygon", "coordinates": [ [ [ 30.3219, 59.891535999998659 ], [ 30.321904, 59.891242999998646 ], [ 30.321313, 59.891245999998645 ], [ 30.321309, 59.89152999999866 ], [ 30.3219, 59.891535999998659 ] ] ] } },
{ "type": "Feature", "properties": { "height": 4.5, "match_type": "matched", "height_source": "source_b" }, "geometry": { "type": "Polygon", "coordinates": [ [ [ 30.322373, 59.886348999998631 ], [ 30.322085, 59.886343999998637 ], [ 30.322078, 59.88646099999864 ], [ 30.322367, 59.886464999998644 ], [ 30.322373, 59.886348999998631 ] ] ] } },
{ "type": "Feature", "properties": { "height": 12.0, "match_type": "matched", "height_source": "source_b" }, "geometry": { "type": "Polygon", "coordinates": [ [ [ 30.323002, 59.890689999998607 ], [ 30.323001, 59.890739999998644 ], [ 30.323262, 59.890809999998623 ], [ 30.324031, 59.890834999998631 ], [ 30.324036, 59.890671999998652 ], [ 30.323858, 59.890668999998638 ], [ 30.323857, 59.890744999998624 ], [ 30.323002, 59.890689999998607 ] ] ] } },
{ "type": "Feature", "properties": { "height": 4.5, "match_type": "matched", "height_source": "source_b" }, "geometry": { "type": "Polygon", "coordinates": [ [ [ 30.324065, 59.888235999998635 ], [ 30.323807, 59.888234999998645 ], [ 30.323807, 59.888302999998636 ], [ 30.324065, 59.888303999998627 ], [ 30.324065, 59.888235999998635 ] ] ] } },
{ "type": "Feature", "properties": { "height": 4.0, "match_type": "only_b", "height_source": "source_b" }, "geometry": { "type": "Polygon", "coordinates": [ [ [ 30.324127, 59.891130999998637 ], [ 30.324131, 59.890878999998641 ], [ 30.323979, 59.890877999998636 ], [ 30.323976, 59.891129999998633 ], [ 30.324127, 59.891130999998637 ] ] ] } },
{ "type": "Feature", "properties": { "height": 4.5, "match_type": "only_b", "height_source": "source_b" }, "geometry": { "type": "Polygon", "coordinates": [ [ [ 30.324443, 59.884247999998621 ], [ 30.324308, 59.88424599999864 ], [ 30.324295, 59.884406999998639 ], [ 30.32443, 59.884409999998638 ], [ 30.324443, 59.884247999998621 ] ] ] } },
{ "type": "Feature", "properties": { "height": 4.5, "match_type": "only_b", "height_source": "source_b" }, "geometry": { "type": "Polygon", "coordinates": [ [ [ 30.324612, 59.895203999998635 ], [ 30.324508, 59.89527199999862 ], [ 30.324858, 59.895411999998629 ], [ 30.324964, 59.895341999998635 ], [ 30.324612, 59.895203999998635 ] ] ] } },
{ "type": "Feature", "properties": { "height": 4.5, "match_type": "only_b", "height_source": "source_b" }, "geometry": { "type": "Polygon", "coordinates": [ [ [ 30.325896, 59.894950999998649 ], [ 30.325831, 59.894995999998635 ], [ 30.325901, 59.895021999998626 ], [ 30.325966, 59.89497699999864 ], [ 30.325896, 59.894950999998649 ] ] ] } },
{ "type": "Feature", "properties": { "height": 4.0, "match_type": "matched", "height_source": "source_b" }, "geometry": { "type": "Polygon", "coordinates": [ [ [ 30.326068, 59.892636999998636 ], [ 30.326059, 59.892277999998626 ], [ 30.325889, 59.892271999998641 ], [ 30.325899, 59.892636999998636 ], [ 30.326068, 59.892636999998636 ] ] ] } }
]
}
