{
"type": "FeatureCollection",
"name": "nevsky",
"crs": { "type": "name", "properties": { "name": "urn:ogc:def:crs:OGC:1.3:CRS84" } },
"features": [
{ "type": "Feature", "properties": { "height": 5.1, "match_type": "only_a", "height_source": "ml_predicted" }, "geometry": { "type": "Polygon", "coordinates": [ [ [ 30.44977, 59.89372 ], [ 30.44991, 59.89372 ], [ 30.44977, 59.89371 ], [ 30.44968, 59.89401 ], [ 30.44977, 59.89372 ] ] ] } },
{ "type": "Feature", "properties": { "height": 21.0, "match_type": "matched", "height_source": "source_b" }, "geometry": { "type": "Polygon", "coordinates": [ [ [ 30.44439, 59.903566999998624 ], [ 30.444472, 59.903613999998633 ], [ 30.444628, 59.903538999998638 ], [ 30.444543, 59.903493999998624 ], [ 30.44439, 59.903566999998624 ] ] ] } },
{ "type": "Feature", "properties": { "height": 20.0, "match_type": "matched", "height_source": "source_b" }, "geometry": { "type": "Polygon", "coordinates": [ [ [ 30.442223, 59.902160999998635 ], [ 30.441838, 59.902333999998632 ], [ 30.441988, 59.902418999998623 ], [ 30.442121, 59.902357999998635 ], [ 30.442184, 59.902393999998644 ], [ 30.442097, 59.902432999998616 ], [ 30.442231, 59.902508999998624 ], [ 30.442312, 59.902472999998608 ], [ 30.442935, 59.902828999998619 ], [ 30.443202, 59.902699999998646 ], [ 30.443294, 59.902746999998641 ], [ 30.443109, 59.902838999998643 ], [ 30.443242, 59.902913999998624 ], [ 30.443164, 59.90294899999865 ], [ 30.444311, 59.90360299999864 ], [ 30.444543, 59.903493999998624 ], [ 30.444628, 59.903538999998638 ], [ 30.444472, 59.903613999998633 ], [ 30.444613, 59.903693999998644 ], [ 30.444539, 59.903726999998646 ], [ 30.445111, 59.904052999998626 ], [ 30.445435, 59.903906999998632 ], [ 30.444867, 59.903582999998633 ], [ 30.445031, 59.90350999999864 ], [ 30.444801, 59.903378999998644 ], [ 30.444639, 59.903451999998623 ], [ 30.443494, 59.902799999998628 ], [ 30.443655, 59.902727999998639 ], [ 30.443438, 59.902602999998614 ], [ 30.443268, 59.902678999998621 ], [ 30.442557, 59.902273999998634 ], [ 30.442304, 59.902315999998635 ], [ 30.442213, 59.902260999998624 ], [ 30.44232, 59.902215999998653 ], [ 30.442223, 59.902160999998635 ] ] ] } },
{ "type": "Feature", "properties": { "height": 9.9, "match_type": "matched", "height_source": "source_b" }, "geometry": { "type": "Polygon", "coordinates": [ [ [ 30.443355, 59.899500999998629 ], [ 30.443219, 59.899633999998642 ], [ 30.443344, 59.899665999998646 ], [ 30.443481, 59.899532999998648 ], [ 30.443355, 59.899500999998629 ] ] ] } },
{ "type": "Feature", "properties": { "height": 10.1, "match_type": "only_a", "height_source": "ml_predicted" }, "geometry": { "type": "Polygon", "coordinates": [ [ [ 30.44338, 59.90036 ], [ 30.44394, 59.90056 ], [ 30.44409, 59.90045 ], [ 30.44378, 59.90035 ], [ 30.4439, 59.90026 ], [ 30.44396, 59.90028 ], [ 30.44406, 59.90019 ], [ 30.44401, 59.90017 ], [ 30.44431, 59.9 ], [ 30.44426, 59.89998 ], [ 30.44438, 59.89989 ], [ 30.44409, 59.89982 ], [ 30.44338, 59.90036 ] ] ] } },
{ "type": "Feature", "properties": { "height": 4.5, "match_type": "matched", "height_source": "source_b" }, "geometry": { "type": "Polygon", "coordinates": [ [ [ 30.443278, 59.898550999998633 ], [ 30.44314, 59.898697999998646 ], [ 30.443256, 59.898725999998625 ], [ 30.443394, 59.898577999998629 ], [ 30.443278, 59.898550999998633 ] ] ] } },
{ "type": "Feature", "properties": { "height": 11.7, "match_type": "only_a", "height_source": "ml_predicted" }, "geometry": { "type": "Polygon", "coordinates": [ [ [ 30.44354, 59.90087 ], [ 30.44333, 59.9008 ], [ 30.44248, 59.90147 ], [ 30.4427, 59.90154 ], [ 30.44354, 59.90087 ] ] ] } },
{ "type": "Feature", "properties": { "height": 4.5, "match_type": "only_a", "height_source": "ml_predicted" }, "geometry": { "type": "Polygon", "coordinates": [ [ [ 30.44358, 59.89948 ], [ 30.44365, 59.8995 ], [ 30.44369, 59.89947 ], [ 30.44362, 59.89945 ], [ 30.44358, 59.89948 ] ] ] } },
{ "type": "Feature", "properties": { "height": 5.5, "match_type": "only_a", "height_source": "ml_predicted" }, "geometry": { "type": "Polygon", "coordinates": [ [ [ 30.44377, 59.90128 ], [ 30.4437, 59.90133 ], [ 30.4438, 59.90137 ], [ 30.44387, 59.90131 ], [ 30.44377, 59.90128 ] ] ] } },
{ "type": "Feature", "properties": { "height": 4.4, "match_type": "only_a", "height_source": "ml_predicted" }, "geometry": { "type": "Polygon", "coordinates": [ [ [ 30.44382, 59.89919 ], [ 30.44392, 59.89922 ], [ 30.44397, 59.89918 ], [ 30.44386, 59.89915 ], [ 30.44382, 59.89919 ] ] ] } },
{ "type": "Feature", "properties": { "height": 9.3, "match_type": "only_a", "height_source": "ml_predicted" }, "geometry": { "type": "Polygon", "coordinates": [ [ [ 30.44382, 59.90182 ], [ 30.44427, 59.90147 ], [ 30.44404, 59.9014 ], [ 30.44359, 59.90174 ], [ 30.44382, 59.90182 ] ] ] } },
{ "type": "Feature", "properties": { "height": 9.8, "match_type": "only_a", "height_source": "ml_predicted" }, "geometry": { "type": "Polygon", "coordinates": [ [ [ 30.44371, 59.9045 ], [ 30.4442, 59.90478 ], [ 30.44441, 59.90468 ], [ 30.44392, 59.90441 ], [ 30.44371, 59.9045 ] ] ] } },
{ "type": "Feature", "properties": { "height": 9.7, "match_type": "only_a", "height_source": "ml_predicted" }, "geometry": { "type": "Polygon", "coordinates": [ [ [ 30.44395, 59.90056 ], [ 30.44406, 59.9006 ], [ 30.44425, 59.90045 ], [ 30.44414, 59.90041 ], [ 30.44395, 59.90056 ] ] ] } },
{ "type": "Feature", "properties": { "height": 10.8, "match_type": "only_a", "height_source": "ml_predicted" }, "geometry": { "type": "Polygon", "coordinates": [ [ [ 30.44422, 59.90505 ], [ 30.44402, 59.90494 ], [ 30.44312, 59.90536 ], [ 30.44332, 59.90547 ], [ 30.44422, 59.90505 ] ] ] } },
{ "type": "Feature", "properties": { "height": 4.5, "match_type": "only_a", "height_source": "ml_predicted" }, "geometry": { "type": "Polygon", "coordinates": [ [ [ 30.44423, 59.90079 ], [ 30.44427, 59.90075 ], [ 30.44415, 59.90076 ], [ 30.44423, 59.90079 ] ] ] } },
{ "type": "Feature", "properties": { "height": 5.2, "match_type": "only_a", "height_source": "ml_predicted" }, "geometry": { "type": "Polygon", "coordinates": [ [ [ 30.4445, 59.90058 ], [ 30.44452, 59.90053 ], [ 30.44441, 59.90055 ], [ 30.4445, 59.90058 ] ] ] } },
{ "type": "Feature", "properties": { "height": 9.4, "match_type": "only_a", "height_source": "ml_predicted" }, "geometry": { "type": "Polygon", "coordinates": [ [ [ 30.4441, 59.90113 ], [ 30.4448, 59.90132 ], [ 30.44502, 59.90115 ], [ 30.44492, 59.90111 ], [ 30.44489, 59.90114 ], [ 30.44419, 59.90088 ], [ 30.44397, 59.90105 ], [ 30.44413, 59.9011 ], [ 30.4441, 59.90113 ] ] ] } },
{ "type": "Feature", "properties": { "height": 12.0, "match_type": "matched", "height_source": "source_b" }, "geometry": { "type": "Polygon", "coordinates": [ [ [ 30.44451, 59.899489999998636 ], [ 30.444212, 59.899750999998638 ], [ 30.444291, 59.899773999998651 ], [ 30.443963, 59.900061999998634 ], [ 30.446275, 59.900728999998663 ], [ 30.446737, 59.900297999998621 ], [ 30.446342, 59.900190999998642 ], [ 30.446505, 59.900039999998619 ], [ 30.447482, 59.900335999998674 ], [ 30.447637, 59.900191999998647 ], [ 30.444713, 59.899393999998622 ], [ 30.444586, 59.899511999998644 ], [ 30.44451, 59.899489999998636 ] ] ] } },
{ "type": "Feature", "properties": { "height": 6.0, "match_type": "matched", "height_source": "source_b" }, "geometry": { "type": "Polygon", "coordinates": [ [ [ 30.444716, 59.905269999998637 ], [ 30.444621, 59.905289999998644 ], [ 30.444713, 59.905297999998609 ], [ 30.444716, 59.905269999998637 ] ] ] } },
{ "type": "Feature", "properties": { "height": 4.5, "match_type": "only_a", "height_source": "ml_predicted" }, "geometry": { "type": "Polygon", "coordinates": [ [ [ 30.44507, 59.90152 ], [ 30.44513, 59.90147 ], [ 30.44507, 59.90145 ], [ 30.44501, 59.9015 ], [ 30.44507, 59.90152 ] ] ] } },
{ "type": "Feature", "properties": { "height": 4.1, "match_type": "only_a", "height_source": "ml_predicted" }, "geometry": { "type": "Polygon", "coordinates": [ [ [ 30.44508, 59.8989 ], [ 30.44511, 59.89886 ], [ 30.44502, 59.89884 ], [ 30.44498, 59.89888 ], [ 30.44508, 59.8989 ] ] ] } },
{ "type": "Feature", "properties": { "height": 4.5, "match_type": "only_a", "height_source": "ml_predicted" }, "geometry": { "type": "Polygon", "coordinates": [ [ [ 30.44515, 59.90146 ], [ 30.4452, 59.90141 ], [ 30.44515, 59.90139 ], [ 30.44509, 59.90144 ], [ 30.44515, 59.90146 ] ] ] } },
{ "type": "Feature", "properties": { "height": 4.2, "match_type": "only_a", "height_source": "ml_predicted" }, "geometry": { "type": "Polygon", "coordinates": [ [ [ 30.44524, 59.90138 ], [ 30.4453, 59.90133 ], [ 30.44519, 59.90136 ], [ 30.44524, 59.90138 ] ] ] } },
{ "type": "Feature", "properties": { "height": 7.9, "match_type": "only_a", "height_source": "ml_predicted" }, "geometry": { "type": "Polygon", "coordinates": [ [ [ 30.44534, 59.89936 ], [ 30.44531, 59.89939 ], [ 30.44563, 59.89942 ], [ 30.44593, 59.89906 ], [ 30.44594, 59.89896 ], [ 30.44572, 59.89891 ], [ 30.44564, 59.89894 ], [ 30.44529, 59.89934 ], [ 30.44534, 59.89936 ] ] ] } },
{ "type": "Feature", "properties": { "height": 4.5, "match_type": "matched", "height_source": "source_b" }, "geometry": { "type": "Polygon", "coordinates": [ [ [ 30.445566, 59.897853999998631 ], [ 30.445387, 59.898074999998627 ], [ 30.445559, 59.898109999998624 ], [ 30.445604, 59.898054999998621 ], [ 30.445557, 59.898046999998627 ], [ 30.445692, 59.897878999998639 ], [ 30.445566, 59.897853999998631 ] ] ] } },
{ "type": "Feature", "properties": { "height": 8.4, "match_type": "only_a", "height_source": "ml_predicted" }, "geometry": { "type": "Polygon", "coordinates": [ [ [ 30.44569, 59.89942 ], [ 30.44566, 59.89946 ], [ 30.44599, 59.89953 ], [ 30.44595, 59.89958 ], [ 30.44643, 59.89967 ], [ 30.44671, 59.89938 ], [ 30.44667, 59.89937 ], [ 30.44677, 59.89924 ], [ 30.44606, 59.89912 ], [ 30.44592, 59.89905 ], [ 30.44564, 59.89941 ], [ 30.44569, 59.89942 ] ] ] } },
{ "type": "Feature", "properties": { "height": 20.4, "match_type": "only_a", "height_source": "ml_predicted" }, "geometry": { "type": "Polygon", "coordinates": [ [ [ 30.44569, 59.90281 ], [ 30.44643, 59.90219 ], [ 30.44689, 59.90189 ], [ 30.44661, 59.90179 ], [ 30.44542, 59.90273 ], [ 30.44569, 59.90281 ] ] ] } },
{ "type": "Feature", "properties": { "height": 4.4, "match_type": "only_a", "height_source": "ml_predicted" }, "geometry": { "type": "Polygon", "coordinates": [ [ [ 30.44585, 59.89819 ], [ 30.44577, 59.89822 ], [ 30.44582, 59.89823 ], [ 30.44585, 59.89819 ] ] ] } },
{ "type": "Feature", "properties": { "height": 6.2, "match_type": "only_a", "height_source": "ml_predicted" }, "geometry": { "type": "Polygon", "coordinates": [ [ [ 30.4458, 59.90334 ], [ 30.44559, 59.90344 ], [ 30.44569, 59.90349 ], [ 30.4459, 59.9034 ], [ 30.4458, 59.90334 ] ] ] } },
{ "type": "Feature", "properties": { "height": 12.5, "match_type": "only_a", "height_source": "ml_predicted" }, "geometry": { "type": "Polygon", "coordinates": [ [ [ 30.44592, 59.89905 ], [ 30.44606, 59.89912 ], [ 30.44811, 59.89951 ], [ 30.44825, 59.89936 ], [ 30.44603, 59.89891 ], [ 30.44592, 59.89905 ] ] ] } },
{ "type": "Feature", "properties": { "height": 10.5, "match_type": "only_a", "height_source": "ml_predicted" }, "geometry": { "type": "Polygon", "coordinates": [ [ [ 30.44593, 59.90452 ], [ 30.44492, 59.90396 ], [ 30.44469, 59.90406 ], [ 30.44569, 59.90462 ], [ 30.44593, 59.90452 ] ] ] } },
{ "type": "Feature", "properties": { "height": 4.6, "match_type": "only_a", "height_source": "ml_predicted" }, "geometry": { "type": "Polygon", "coordinates": [ [ [ 30.44597, 59.89735 ], [ 30.44593, 59.89741 ], [ 30.44598, 59.89742 ], [ 30.44602, 59.89736 ], [ 30.44597, 59.89735 ] ] ] } },
{ "type": "Feature", "properties": { "height": 4.7, "match_type": "only_a", "height_source": "ml_predicted" }, "geometry": { "type": "Polygon", "coordinates": [ [ [ 30.446, 59.89758 ], [ 30.44583, 59.89755 ], [ 30.44563, 59.8978 ], [ 30.4458, 59.89783 ], [ 30.446, 59.89758 ] ] ] } },
{ "type": "Feature", "properties": { "height": 8.3, "match_type": "only_a", "height_source": "ml_predicted" }, "geometry": { "type": "Polygon", "coordinates": [ [ [ 30.44601, 59.9014 ], [ 30.44576, 59.90132 ], [ 30.44492, 59.90197 ], [ 30.44517, 59.90205 ], [ 30.44601, 59.9014 ] ] ] } },
{ "type": "Feature", "properties": { "height": 6.0, "match_type": "matched", "height_source": "source_b" }, "geometry": { "type": "Polygon", "coordinates": [ [ [ 30.446698, 59.904396999998674 ], [ 30.446603, 59.904416999998624 ], [ 30.446705, 59.904411999998658 ], [ 30.446698, 59.904396999998674 ] ] ] } },
{ "type": "Feature", "properties": { "height": 6.0, "match_type": "matched", "height_source": "source_b" }, "geometry": { "type": "Polygon", "coordinates": [ [ [ 30.446985, 59.904259999998629 ], [ 30.446911, 59.90428999999866 ], [ 30.447013, 59.904283999998633 ], [ 30.446985, 59.904259999998629 ] ] ] } },
{ "type": "Feature", "properties": { "height": 6.0, "match_type": "matched", "height_source": "source_b" }, "geometry": { "type": "Polygon", "coordinates": [ [ [ 30.44691, 59.904079999998629 ], [ 30.446816, 59.904098999998638 ], [ 30.446908, 59.904107999998651 ], [ 30.44691, 59.904079999998629 ] ] ] } },
{ "type": "Feature", "properties": { "height": 6.0, "match_type": "matched", "height_source": "source_b" }, "geometry": { "type": "Polygon", "coordinates": [ [ [ 30.44647, 59.904510999998642 ], [ 30.446375, 59.904530999998656 ], [ 30.446468, 59.904538999998621 ], [ 30.44647, 59.904510999998642 ] ] ] } },
{ "type": "Feature", "properties": { "height": 6.0, "match_type": "matched", "height_source": "source_b" }, "geometry": { "type": "Polygon", "coordinates": [ [ [ 30.446328, 59.904566999998636 ], [ 30.446234, 59.904585999998645 ], [ 30.446335, 59.904580999998622 ], [ 30.446328, 59.904566999998636 ] ] ] } },
{ "type": "Feature", "properties": { "height": 6.0, "match_type": "matched", "height_source": "source_b" }, "geometry": { "type": "Polygon", "coordinates": [ [ [ 30.446786, 59.904010999998647 ], [ 30.446713, 59.904041999998647 ], [ 30.446815, 59.904035999998634 ], [ 30.446786, 59.904010999998647 ] ] ] } },
{ "type": "Feature", "properties": { "height": 6.0, "match_type": "matched", "height_source": "source_b" }, "geometry": { "type": "Polygon", "coordinates": [ [ [ 30.447025, 59.904144999998657 ], [ 30.44693, 59.904163999998644 ], [ 30.447023, 59.90417299999865 ], [ 30.447025, 59.904144999998657 ] ] ] } },
{ "type": "Feature", "properties": { "height": 6.0, "match_type": "matched", "height_source": "source_b" }, "geometry": { "type": "Polygon", "coordinates": [ [ [ 30.446568, 59.904452999998639 ], [ 30.446474, 59.904473999998636 ], [ 30.446575, 59.904467999998637 ], [ 30.446568, 59.904452999998639 ] ] ] } },
{ "type": "Feature", "properties": { "height": 6.0, "match_type": "matched", "height_source": "source_b" }, "geometry": { "type": "Polygon", "coordinates": [ [ [ 30.446701, 59.903961999998657 ], [ 30.446606, 59.903980999998666 ], [ 30.446699, 59.903989999998629 ], [ 30.446701, 59.903961999998657 ] ] ] } },
{ "type": "Feature", "properties": { "height": 6.0, "match_type": "matched", "height_source": "source_b" }, "geometry": { "type": "Polygon", "coordinates": [ [ [ 30.447123, 59.904192999998642 ], [ 30.447049, 59.904222999998623 ], [ 30.447152, 59.90421799999865 ], [ 30.447123, 59.904192999998642 ] ] ] } },
{ "type": "Feature", "properties": { "height": 4.3, "match_type": "only_a", "height_source": "ml_predicted" }, "geometry": { "type": "Polygon", "coordinates": [ [ [ 30.44612, 59.9012 ], [ 30.44618, 59.90115 ], [ 30.44611, 59.90113 ], [ 30.44605, 59.90117 ], [ 30.44612, 59.9012 ] ] ] } },
{ "type": "Feature", "properties": { "height": 4.5, "match_type": "matched", "height_source": "source_b" }, "geometry": { "type": "Polygon", "coordinates": [ [ [ 30.446003, 59.897135999998639 ], [ 30.445917, 59.897236999998633 ], [ 30.44606, 59.897267999998654 ], [ 30.446145, 59.897165999998641 ], [ 30.446003, 59.897135999998639 ] ] ] } },
{ "type": "Feature", "properties": { "height": 4.2, "match_type": "only_a", "height_source": "ml_predicted" }, "geometry": { "type": "Polygon", "coordinates": [ [ [ 30.44614, 59.89771 ], [ 30.44611, 59.89774 ], [ 30.44623, 59.89773 ], [ 30.44614, 59.89771 ] ] ] } },
{ "type": "Feature", "properties": { "height": 4.3, "match_type": "only_a", "height_source": "ml_predicted" }, "geometry": { "type": "Polygon", "coordinates": [ [ [ 30.44628, 59.90124 ], [ 30.44634, 59.9012 ], [ 30.44626, 59.90118 ], [ 30.4462, 59.90122 ], [ 30.44628, 59.90124 ] ] ] } },
{ "type": "Feature", "properties": { "height": 6.0, "match_type": "only_a", "height_source": "ml_predicted" }, "geometry": { "type": "Polygon", "coordinates": [ [ [ 30.44653, 59.89791 ], [ 30.4465, 59.89794 ], [ 30.4468, 59.89796 ], [ 30.44709, 59.89762 ], [ 30.44713, 59.89751 ], [ 30.44687, 59.89746 ], [ 30.44681, 59.89749 ], [ 30.44647, 59.8979 ], [ 30.44653, 59.89791 ] ] ] } },
{ "type": "Feature", "properties": { "height": 16.0, "match_type": "matched", "height_source": "source_b" }, "geometry": { "type": "Polygon", "coordinates": [ [ [ 30.445828, 59.906746999998653 ], [ 30.445806, 59.906793999998634 ], [ 30.446029, 59.906813999998626 ], [ 30.446048, 59.906771999998625 ], [ 30.445828, 59.906746999998653 ] ] ] } },
{ "type": "Feature", "properties": { "height": 4.5, "match_type": "matched", "height_source": "source_b" }, "geometry": { "type": "Polygon", "coordinates": [ [ [ 30.446897, 59.905988999998634 ], [ 30.446811, 59.906025999998654 ], [ 30.446892, 59.906073999998625 ], [ 30.446978, 59.906036999998619 ], [ 30.446897, 59.905988999998634 ] ] ] } },
{ "type": "Feature", "properties": { "height": 5.7, "match_type": "only_a", "height_source": "ml_predicted" }, "geometry": { "type": "Polygon", "coordinates": [ [ [ 30.44673, 59.89805 ], [ 30.44807, 59.89834 ], [ 30.44813, 59.89833 ], [ 30.44825, 59.89819 ], [ 30.44692, 59.89791 ], [ 30.44684, 59.89791 ], [ 30.44673, 59.89805 ] ] ] } },
{ "type": "Feature", "properties": { "height": 10.4, "match_type": "only_a", "height_source": "ml_predicted" }, "geometry": { "type": "Polygon", "coordinates": [ [ [ 30.44709, 59.89996 ], [ 30.44746, 59.9 ], [ 30.44754, 59.89991 ], [ 30.4475, 59.8999 ], [ 30.44752, 59.89985 ], [ 30.44702, 59.89973 ], [ 30.44689, 59.89988 ], [ 30.44709, 59.89996 ] ] ] } },
{ "type": "Feature", "properties": { "height": 4.0, "match_type": "matched", "height_source": "source_b" }, "geometry": { "type": "Polygon", "coordinates": [ [ [ 30.447025, 59.898451999998642 ], [ 30.447123, 59.898325999998647 ], [ 30.44624, 59.898141999998636 ], [ 30.446177, 59.898219999998609 ], [ 30.445911, 59.898165999998639 ], [ 30.445871, 59.898214999998629 ], [ 30.447025, 59.898451999998642 ] ] ] } },
{ "type": "Feature", "properties": { "height": 8.1, "match_type": "only_a", "height_source": "ml_predicted" }, "geometry": { "type": "Polygon", "coordinates": [ [ [ 30.44719, 59.89911 ], [ 30.44716, 59.89915 ], [ 30.44738, 59.89919 ], [ 30.44748, 59.89916 ], [ 30.44767, 59.89893 ], [ 30.44761, 59.89892 ], [ 30.44764, 59.89888 ], [ 30.44732, 59.89886 ], [ 30.44714, 59.89909 ], [ 30.44719, 59.89911 ] ] ] } },
{ "type": "Feature", "properties": { "height": 4.9, "match_type": "only_a", "height_source": "ml_predicted" }, "geometry": { "type": "Polygon", "coordinates": [ [ [ 30.44727, 59.90203 ], [ 30.44734, 59.90197 ], [ 30.44718, 59.90192 ], [ 30.44711, 59.90198 ], [ 30.44727, 59.90203 ] ] ] } },
{ "type": "Feature", "properties": { "height": 4.4, "match_type": "only_a", "height_source": "ml_predicted" }, "geometry": { "type": "Polygon", "coordinates": [ [ [ 30.44733, 59.89717 ], [ 30.44735, 59.89712 ], [ 30.44714, 59.8971 ], [ 30.44711, 59.89715 ], [ 30.44733, 59.89717 ] ] ] } },
{ "type": "Feature", "properties": { "height": 9.1, "match_type": "only_a", "height_source": "ml_predicted" }, "geometry": { "type": "Polygon", "coordinates": [ [ [ 30.44751, 59.90336 ], [ 30.44763, 59.90326 ], [ 30.44631, 59.90283 ], [ 30.44618, 59.90281 ], [ 30.44605, 59.90291 ], [ 30.44751, 59.90336 ] ] ] } },
{ "type": "Feature", "properties": { "height": 4.4, "match_type": "only_a", "height_source": "ml_predicted" }, "geometry": { "type": "Polygon", "coordinates": [ [ [ 30.44757, 59.89846 ], [ 30.4476, 59.89849 ], [ 30.44762, 59.89846 ], [ 30.44757, 59.89846 ] ] ] } },
{ "type": "Feature", "properties": { "height": 4.7, "match_type": "only_a", "height_source": "ml_predicted" }, "geometry": { "type": "Polygon", "coordinates": [ [ [ 30.44757, 59.89721 ], [ 30.44761, 59.89724 ], [ 30.44762, 59.89722 ], [ 30.44757, 59.89721 ] ] ] } },
{ "type": "Feature", "properties": { "height": 5.1, "match_type": "only_a", "height_source": "ml_predicted" }, "geometry": { "type": "Polygon", "coordinates": [ [ [ 30.44759, 59.89717 ], [ 30.44758, 59.8972 ], [ 30.44764, 59.89718 ], [ 30.44759, 59.89717 ] ] ] } },
{ "type": "Feature", "properties": { "height": 4.6, "match_type": "only_a", "height_source": "ml_predicted" }, "geometry": { "type": "Polygon", "coordinates": [ [ [ 30.4476, 59.90014 ], [ 30.44764, 59.90009 ], [ 30.44755, 59.90007 ], [ 30.44751, 59.90012 ], [ 30.4476, 59.90014 ] ] ] } },
{ "type": "Feature", "properties": { "height": 4.4, "match_type": "only_a", "height_source": "ml_predicted" }, "geometry": { "type": "Polygon", "coordinates": [ [ [ 30.44765, 59.89856 ], [ 30.44762, 59.89859 ], [ 30.44792, 59.89861 ], [ 30.4481, 59.89839 ], [ 30.44804, 59.89837 ], [ 30.44807, 59.89834 ], [ 30.44787, 59.89829 ], [ 30.44777, 59.89832 ], [ 30.44758, 59.89854 ], [ 30.44765, 59.89856 ] ] ] } },
{ "type": "Feature", "properties": { "height": 5.3, "match_type": "only_a", "height_source": "ml_predicted" }, "geometry": { "type": "Polygon", "coordinates": [ [ [ 30.44767, 59.90214 ], [ 30.44764, 59.90216 ], [ 30.44773, 59.90216 ], [ 30.44767, 59.90214 ] ] ] } },
{ "type": "Feature", "properties": { "height": 11.2, "match_type": "only_a", "height_source": "ml_predicted" }, "geometry": { "type": "Polygon", "coordinates": [ [ [ 30.44778, 59.89996 ], [ 30.44813, 59.89952 ], [ 30.44786, 59.89946 ], [ 30.44763, 59.89967 ], [ 30.44751, 59.89987 ], [ 30.44778, 59.89996 ] ] ] } },
{ "type": "Feature", "properties": { "height": 9.0, "match_type": "only_a", "height_source": "ml_predicted" }, "geometry": { "type": "Polygon", "coordinates": [ [ [ 30.44788, 59.90239 ], [ 30.44785, 59.90242 ], [ 30.44855, 59.90261 ], [ 30.44877, 59.90243 ], [ 30.44867, 59.9024 ], [ 30.44853, 59.90245 ], [ 30.44833, 59.90239 ], [ 30.4484, 59.90233 ], [ 30.44836, 59.9023 ], [ 30.44813, 59.90222 ], [ 30.4481, 59.90225 ], [ 30.44794, 59.90216 ], [ 30.44772, 59.90234 ], [ 30.44788, 59.90239 ] ] ] } },
{ "type": "Feature", "properties": { "height": 4.0, "match_type": "matched", "height_source": "source_b" }, "geometry": { "type": "Polygon", "coordinates": [ [ [ 30.447874, 59.894461999998626 ], [ 30.448056, 59.893783999998632 ], [ 30.447733, 59.893771999998592 ], [ 30.447543, 59.89445799999865 ], [ 30.447874, 59.894461999998626 ] ] ] } },
{ "type": "Feature", "properties": { "height": 5.1, "match_type": "only_a", "height_source": "ml_predicted" }, "geometry": { "type": "Polygon", "coordinates": [ [ [ 30.44796, 59.89339 ], [ 30.44786, 59.89374 ], [ 30.44789, 59.89375 ], [ 30.44804, 59.8934 ], [ 30.44796, 59.89339 ] ] ] } },
{ "type": "Feature", "properties": { "height": 4.5, "match_type": "only_a", "height_source": "ml_predicted" }, "geometry": { "type": "Polygon", "coordinates": [ [ [ 30.44806, 59.89744 ], [ 30.4483, 59.89746 ], [ 30.44832, 59.89739 ], [ 30.44808, 59.89737 ], [ 30.44806, 59.89744 ] ] ] } },
{ "type": "Feature", "properties": { "height": 4.2, "match_type": "only_a", "height_source": "ml_predicted" }, "geometry": { "type": "Polygon", "coordinates": [ [ [ 30.44811, 59.90059 ], [ 30.44817, 59.90054 ], [ 30.44809, 59.90051 ], [ 30.44804, 59.90056 ], [ 30.44811, 59.90059 ] ] ] } },
{ "type": "Feature", "properties": { "height": 7.2, "match_type": "only_a", "height_source": "ml_predicted" }, "geometry": { "type": "Polygon", "coordinates": [ [ [ 30.44816, 59.9062 ], [ 30.44819, 59.90619 ], [ 30.44804, 59.90613 ], [ 30.44816, 59.9062 ] ] ] } },
{ "type": "Feature", "properties": { "height": 6.3, "match_type": "only_a", "height_source": "ml_predicted" }, "geometry": { "type": "Polygon", "coordinates": [ [ [ 30.44817, 59.90138 ], [ 30.44813, 59.90136 ], [ 30.44806, 59.90141 ], [ 30.44811, 59.90143 ], [ 30.44817, 59.90138 ] ] ] } },
{ "type": "Feature", "properties": { "height": 12.0, "match_type": "matched", "height_source": "source_b" }, "geometry": { "type": "Polygon", "coordinates": [ [ [ 30.447872, 59.906873999998659 ], [ 30.448481, 59.906554999998633 ], [ 30.449265, 59.906141999998653 ], [ 30.448959, 59.905987999998651 ], [ 30.447528, 59.906739999998628 ], [ 30.447872, 59.906873999998659 ] ] ] } },
{ "type": "Feature", "properties": { "height": 7.0, "match_type": "only_a", "height_source": "ml_predicted" }, "geometry": { "type": "Polygon", "coordinates": [ [ [ 30.44828, 59.90359 ], [ 30.44859, 59.90334 ], [ 30.44792, 59.90312 ], [ 30.44751, 59.90336 ], [ 30.44828, 59.90359 ] ] ] } },
{ "type": "Feature", "properties": { "height": 4.0, "match_type": "only_a", "height_source": "ml_predicted" }, "geometry": { "type": "Polygon", "coordinates": [ [ [ 30.44832, 59.90282 ], [ 30.44825, 59.90287 ], [ 30.44833, 59.90289 ], [ 30.44839, 59.90285 ], [ 30.44832, 59.90282 ] ] ] } },
{ "type": "Feature", "properties": { "height": 5.5, "match_type": "only_a", "height_source": "ml_predicted" }, "geometry": { "type": "Polygon", "coordinates": [ [ [ 30.44833, 59.90239 ], [ 30.44853, 59.90245 ], [ 30.44859, 59.90241 ], [ 30.44838, 59.90234 ], [ 30.44833, 59.90239 ] ] ] } },
{ "type": "Feature", "properties": { "height": 9.1, "match_type": "only_a", "height_source": "ml_predicted" }, "geometry": { "type": "Polygon", "coordinates": [ [ [ 30.44833, 59.90463 ], [ 30.44801, 59.90445 ], [ 30.44714, 59.90485 ], [ 30.44746, 59.90503 ], [ 30.44833, 59.90463 ] ] ] } },
{ "type": "Feature", "properties": { "height": 19.8, "match_type": "only_a", "height_source": "ml_predicted" }, "geometry": { "type": "Polygon", "coordinates": [ [ [ 30.4484, 59.89356 ], [ 30.44821, 59.89357 ], [ 30.44814, 59.89383 ], [ 30.44814, 59.89388 ], [ 30.4482, 59.89388 ], [ 30.44803, 59.89425 ], [ 30.44807, 59.89433 ], [ 30.44805, 59.89442 ], [ 30.44798, 59.89446 ], [ 30.44794, 59.89461 ], [ 30.44795, 59.89469 ], [ 30.44815, 59.8947 ], [ 30.44816, 59.89474 ], [ 30.44815, 59.89479 ], [ 30.44797, 59.89484 ], [ 30.44855, 59.89488 ], [ 30.44861, 59.89466 ], [ 30.44841, 59.89465 ], [ 30.44842, 59.8946 ], [ 30.44863, 59.89461 ], [ 30.44894, 59.89346 ], [ 30.44841, 59.89342 ], [ 30.4484, 59.89356 ] ] ] } },
{ "type": "Feature", "properties": { "height": 4.8, "match_type": "only_a", "height_source": "ml_predicted" }, "geometry": { "type": "Polygon", "coordinates": [ [ [ 30.44852, 59.90111 ], [ 30.44847, 59.9011 ], [ 30.44841, 59.90114 ], [ 30.44845, 59.90116 ], [ 30.44852, 59.90111 ] ] ] } },
{ "type": "Feature", "properties": { "height": 4.0, "match_type": "only_a", "height_source": "ml_predicted" }, "geometry": { "type": "Polygon", "coordinates": [ [ [ 30.44857, 59.89746 ], [ 30.4485, 59.89744 ], [ 30.44851, 59.89747 ], [ 30.44857, 59.89746 ] ] ] } },
{ "type": "Feature", "properties": { "height": 10.0, "match_type": "only_a", "height_source": "ml_predicted" }, "geometry": { "type": "Polygon", "coordinates": [ [ [ 30.44881, 59.90121 ], [ 30.44852, 59.90111 ], [ 30.44811, 59.90143 ], [ 30.4484, 59.90152 ], [ 30.44881, 59.90121 ] ] ] } },
{ "type": "Feature", "properties": { "height": 4.8, "match_type": "only_a", "height_source": "ml_predicted" }, "geometry": { "type": "Polygon", "coordinates": [ [ [ 30.44862, 59.90331 ], [ 30.44884, 59.90315 ], [ 30.44891, 59.90306 ], [ 30.44872, 59.903 ], [ 30.44841, 59.90325 ], [ 30.44862, 59.90331 ] ] ] } },
{ "type": "Feature", "properties": { "height": 5.3, "match_type": "only_a", "height_source": "ml_predicted" }, "geometry": { "type": "Polygon", "coordinates": [ [ [ 30.44869, 59.8951 ], [ 30.44866, 59.89521 ], [ 30.44882, 59.89522 ], [ 30.44885, 59.89511 ], [ 30.44869, 59.8951 ] ] ] } },
{ "type": "Feature", "properties": { "height": 10.9, "match_type": "only_a", "height_source": "ml_predicted" }, "geometry": { "type": "Polygon", "coordinates": [ [ [ 30.4487, 59.90718 ], [ 30.44978, 59.90665 ], [ 30.44957, 59.90655 ], [ 30.44849, 59.90707 ], [ 30.4487, 59.90718 ] ] ] } },
{ "type": "Feature", "properties": { "height": 13.8, "match_type": "only_a", "height_source": "ml_predicted" }, "geometry": { "type": "Polygon", "coordinates": [ [ [ 30.44873, 59.90622 ], [ 30.4483, 59.90602 ], [ 30.44834, 59.906 ], [ 30.44818, 59.90591 ], [ 30.44785, 59.90603 ], [ 30.44853, 59.90635 ], [ 30.44873, 59.90622 ] ] ] } },
{ "type": "Feature", "properties": { "height": 4.0, "match_type": "matched", "height_source": "source_b" }, "geometry": { "type": "Polygon", "coordinates": [ [ [ 30.447981, 59.903734999998647 ], [ 30.447761, 59.903891999998649 ], [ 30.448524, 59.904161999998607 ], [ 30.448743, 59.904004999998648 ], [ 30.447981, 59.903734999998647 ] ] ] } },
{ "type": "Feature", "properties": { "height": 4.0, "match_type": "matched", "height_source": "source_b" }, "geometry": { "type": "Polygon", "coordinates": [ [ [ 30.446848, 59.90337199999864 ], [ 30.446669, 59.903517999998606 ], [ 30.447274, 59.903705999998635 ], [ 30.447453, 59.903560999998639 ], [ 30.446848, 59.90337199999864 ] ] ] } },
{ "type": "Feature", "properties": { "height": 4.5, "match_type": "matched", "height_source": "source_b" }, "geometry": { "type": "Polygon", "coordinates": [ [ [ 30.449577, 59.90295999999865 ], [ 30.448767, 59.903542999998642 ], [ 30.449355, 59.903748999998683 ], [ 30.449499, 59.903645999998645 ], [ 30.449139, 59.903518999998646 ], [ 30.449806, 59.903039999998654 ], [ 30.449577, 59.90295999999865 ] ] ] } },
{ "type": "Feature", "properties": { "height": 4.0, "match_type": "matched", "height_source": "source_b" }, "geometry": { "type": "Polygon", "coordinates": [ [ [ 30.448033, 59.896984999998629 ], [ 30.44794, 59.897098999998619 ], [ 30.449052, 59.897329999998639 ], [ 30.449144, 59.89721599999865 ], [ 30.448033, 59.896984999998629 ] ] ] } },
{ "type": "Feature", "properties": { "height": 6.7, "match_type": "only_a", "height_source": "ml_predicted" }, "geometry": { "type": "Polygon", "coordinates": [ [ [ 30.449, 59.90127 ], [ 30.44881, 59.90121 ], [ 30.4484, 59.90152 ], [ 30.44859, 59.90159 ], [ 30.449, 59.90127 ] ] ] } },
{ "type": "Feature", "properties": { "height": 4.0, "match_type": "matched", "height_source": "source_b" }, "geometry": { "type": "Polygon", "coordinates": [ [ [ 30.448964, 59.904139999998634 ], [ 30.448762, 59.904284999998637 ], [ 30.448992, 59.904366999998658 ], [ 30.449194, 59.904221999998619 ], [ 30.448964, 59.904139999998634 ] ] ] } },
{ "type": "Feature", "properties": { "height": 5.4, "match_type": "only_a", "height_source": "ml_predicted" }, "geometry": { "type": "Polygon", "coordinates": [ [ [ 30.44905, 59.89835 ], [ 30.44825, 59.89819 ], [ 30.44813, 59.89833 ], [ 30.44893, 59.89851 ], [ 30.44905, 59.89835 ] ] ] } },
{ "type": "Feature", "properties": { "height": 4.6, "match_type": "only_a", "height_source": "ml_predicted" }, "geometry": { "type": "Polygon", "coordinates": [ [ [ 30.44909, 59.89836 ], [ 30.44944, 59.89793 ], [ 30.44919, 59.89788 ], [ 30.44894, 59.89809 ], [ 30.44898, 59.89809 ], [ 30.44884, 59.89831 ], [ 30.44909, 59.89836 ] ] ] } },
{ "type": "Feature", "properties": { "height": 4.6, "match_type": "only_a", "height_source": "ml_predicted" }, "geometry": { "type": "Polygon", "coordinates": [ [ [ 30.4491, 59.89586 ], [ 30.44901, 59.89589 ], [ 30.44904, 59.89591 ], [ 30.4491, 59.89586 ] ] ] } },
{ "type": "Feature", "properties": { "height": 4.9, "match_type": "only_a", "height_source": "ml_predicted" }, "geometry": { "type": "Polygon", "coordinates": [ [ [ 30.44916, 59.89351 ], [ 30.44929, 59.89352 ], [ 30.44931, 59.89346 ], [ 30.44918, 59.89345 ], [ 30.44916, 59.89351 ] ] ] } },
{ "type": "Feature", "properties": { "height": 5.1, "match_type": "only_a", "height_source": "ml_predicted" }, "geometry": { "type": "Polygon", "coordinates": [ [ [ 30.44923, 59.89779 ], [ 30.44838, 59.89764 ], [ 30.44827, 59.89778 ], [ 30.44862, 59.8979 ], [ 30.44865, 59.89786 ], [ 30.44912, 59.89796 ], [ 30.44923, 59.89779 ] ] ] } },
{ "type": "Feature", "properties": { "height": 15.0, "match_type": "matched", "height_source": "source_b" }, "geometry": { "type": "Polygon", "coordinates": [ [ [ 30.448939, 59.899990999998643 ], [ 30.449217, 59.90004599999866 ], [ 30.449731, 59.899385999998657 ], [ 30.449453, 59.899331999998658 ], [ 30.448939, 59.899990999998643 ] ] ] } },
{ "type": "Feature", "properties": { "height": 4.5, "match_type": "matched", "height_source": "source_b" }, "geometry": { "type": "Polygon", "coordinates": [ [ [ 30.449417, 59.905289999998658 ], [ 30.449327, 59.905434999998619 ], [ 30.449265, 59.905424999998644 ], [ 30.449176, 59.905566999998641 ], [ 30.4493, 59.905586999998633 ], [ 30.449479, 59.905299999998633 ], [ 30.449417, 59.905289999998658 ] ] ] } },
{ "type": "Feature", "properties": { "height": 4.5, "match_type": "matched", "height_source": "source_b" }, "geometry": { "type": "Polygon", "coordinates": [ [ [ 30.449214, 59.90434899999866 ], [ 30.44914, 59.904411999998658 ], [ 30.450133, 59.904712999998637 ], [ 30.450208, 59.904649999998618 ], [ 30.449214, 59.90434899999866 ] ] ] } },
{ "type": "Feature", "properties": { "height": 3.8, "match_type": "only_a", "height_source": "ml_predicted" }, "geometry": { "type": "Polygon", "coordinates": [ [ [ 30.44951, 59.90571 ], [ 30.44957, 59.90567 ], [ 30.44947, 59.9057 ], [ 30.44951, 59.90571 ] ] ] } },
{ "type": "Feature", "properties": { "height": 4.1, "match_type": "only_a", "height_source": "ml_predicted" }, "geometry": { "type": "Polygon", "coordinates": [ [ [ 30.44948, 59.90268 ], [ 30.44962, 59.90267 ], [ 30.44953, 59.90264 ], [ 30.44948, 59.90268 ] ] ] } },
{ "type": "Feature", "properties": { "height": 13.7, "match_type": "only_a", "height_source": "ml_predicted" }, "geometry": { "type": "Polygon", "coordinates": [ [ [ 30.44958, 59.90111 ], [ 30.44923, 59.901 ], [ 30.44916, 59.90105 ], [ 30.44877, 59.90093 ], [ 30.44859, 59.90107 ], [ 30.44866, 59.90109 ], [ 30.4486, 59.90114 ], [ 30.449, 59.90127 ], [ 30.44859, 59.90159 ], [ 30.44819, 59.90146 ], [ 30.44814, 59.9015 ], [ 30.44806, 59.90147 ], [ 30.44788, 59.90161 ], [ 30.44827, 59.90174 ], [ 30.4482, 59.9018 ], [ 30.44855, 59.90191 ], [ 30.44958, 59.90111 ] ] ] } },
{ "type": "Feature", "properties": { "height": 16.6, "match_type": "only_a", "height_source": "ml_predicted" }, "geometry": { "type": "Polygon", "coordinates": [ [ [ 30.44958, 59.90384 ], [ 30.45123, 59.90423 ], [ 30.45142, 59.90426 ], [ 30.45151, 59.90415 ], [ 30.44969, 59.90372 ], [ 30.44958, 59.90384 ] ] ] } },
{ "type": "Feature", "properties": { "height": 4.5, "match_type": "matched", "height_source": "source_b" }, "geometry": { "type": "Polygon", "coordinates": [ [ [ 30.448754, 59.900173999998628 ], [ 30.448644, 59.900306999998634 ], [ 30.448893, 59.900358999998645 ], [ 30.448855, 59.900403999998638 ], [ 30.449051, 59.900444999998633 ], [ 30.449199, 59.900266999998642 ], [ 30.448754, 59.900173999998628 ] ] ] } },
{ "type": "Feature", "properties": { "height": 8.4, "match_type": "only_a", "height_source": "ml_predicted" }, "geometry": { "type": "Polygon", "coordinates": [ [ [ 30.44978, 59.90229 ], [ 30.44996, 59.90215 ], [ 30.44875, 59.90176 ], [ 30.44857, 59.9019 ], [ 30.44978, 59.90229 ] ] ] } },
{ "type": "Feature", "properties": { "height": 4.3, "match_type": "only_a", "height_source": "ml_predicted" }, "geometry": { "type": "Polygon", "coordinates": [ [ [ 30.44981, 59.89611 ], [ 30.44972, 59.89614 ], [ 30.44984, 59.89613 ], [ 30.44981, 59.89611 ] ] ] } },
{ "type": "Feature", "properties": { "height": 5.1, "match_type": "only_a", "height_source": "ml_predicted" }, "geometry": { "type": "Polygon", "coordinates": [ [ [ 30.4499, 59.89373 ], [ 30.44977, 59.89372 ], [ 30.4497, 59.89401 ], [ 30.44982, 59.89401 ], [ 30.4499, 59.89373 ] ] ] } },
{ "type": "Feature", "properties": { "height": 27.6, "match_type": "only_a", "height_source": "ml_predicted" }, "geometry": { "type": "Polygon", "coordinates": [ [ [ 30.44984, 59.89404 ], [ 30.4502, 59.89405 ], [ 30.45022, 59.89399 ], [ 30.45026, 59.894 ], [ 30.45031, 59.89375 ], [ 30.44991, 59.89372 ], [ 30.44982, 59.89397 ], [ 30.44984, 59.89404 ] ] ] } },
{ "type": "Feature", "properties": { "height": 10.6, "match_type": "only_a", "height_source": "ml_predicted" }, "geometry": { "type": "Polygon", "coordinates": [ [ [ 30.44997, 59.90675 ], [ 30.44978, 59.90665 ], [ 30.4487, 59.90718 ], [ 30.44889, 59.90728 ], [ 30.44997, 59.90675 ] ] ] } },
{ "type": "Feature", "properties": { "height": 4.0, "match_type": "matched", "height_source": "source_b" }, "geometry": { "type": "Polygon", "coordinates": [ [ [ 30.449344, 59.897299999998651 ], [ 30.449201, 59.897473999998624 ], [ 30.44929, 59.89749299999864 ], [ 30.449109, 59.897711999998627 ], [ 30.44925, 59.897741999998644 ], [ 30.449576, 59.897347999998637 ], [ 30.449344, 59.897299999998651 ] ] ] } },
{ "type": "Feature", "properties": { "height": 4.5, "match_type": "matched", "height_source": "source_b" }, "geometry": { "type": "Polygon", "coordinates": [ [ [ 30.44959, 59.897203999998631 ], [ 30.449504, 59.897296999998638 ], [ 30.449601, 59.897319999998643 ], [ 30.449688, 59.897226999998644 ], [ 30.44959, 59.897203999998631 ] ] ] } },
{ "type": "Feature", "properties": { "height": 4.0, "match_type": "matched", "height_source": "source_b" }, "geometry": { "type": "Polygon", "coordinates": [ [ [ 30.448783, 59.896505999998631 ], [ 30.448589, 59.896746999998626 ], [ 30.449171, 59.896866999998629 ], [ 30.449206, 59.896824999998657 ], [ 30.449394, 59.896863999998644 ], [ 30.449525, 59.896701999998626 ], [ 30.448783, 59.896505999998631 ] ] ] } },
{ "type": "Feature", "properties": { "height": 4.5, "match_type": "matched", "height_source": "source_b" }, "geometry": { "type": "Polygon", "coordinates": [ [ [ 30.449907, 59.902567999998631 ], [ 30.450192, 59.90266899999866 ], [ 30.45151, 59.901728999998646 ], [ 30.451225, 59.901627999998624 ], [ 30.449907, 59.902567999998631 ] ] ] } },
{ "type": "Feature", "properties": { "height": 4.7, "match_type": "only_a", "height_source": "ml_predicted" }, "geometry": { "type": "Polygon", "coordinates": [ [ [ 30.45002, 59.90071 ], [ 30.45018, 59.90074 ], [ 30.45026, 59.90065 ], [ 30.45009, 59.90062 ], [ 30.45002, 59.90071 ] ] ] } },
{ "type": "Feature", "properties": { "height": 8.0, "match_type": "only_a", "height_source": "ml_predicted" }, "geometry": { "type": "Polygon", "coordinates": [ [ [ 30.45019, 59.89966 ], [ 30.45119, 59.89986 ], [ 30.45133, 59.89971 ], [ 30.45029, 59.8995 ], [ 30.45019, 59.89966 ] ] ] } },
{ "type": "Feature", "properties": { "height": 4.5, "match_type": "matched", "height_source": "source_b" }, "geometry": { "type": "Polygon", "coordinates": [ [ [ 30.449561, 59.904251999998635 ], [ 30.449468, 59.904328999998633 ], [ 30.450168, 59.90454299999864 ], [ 30.450119, 59.904582999998645 ], [ 30.450249, 59.904621999998646 ], [ 30.450391, 59.904505999998648 ], [ 30.449561, 59.904251999998635 ] ] ] } },
{ "type": "Feature", "properties": { "height": 8.0, "match_type": "matched", "height_source": "source_b" }, "geometry": { "type": "Polygon", "coordinates": [ [ [ 30.450298, 59.894627999998619 ], [ 30.450236, 59.894852999998633 ], [ 30.449999, 59.894836999998645 ], [ 30.449911, 59.895176999998625 ], [ 30.450148, 59.895191999998637 ], [ 30.45005, 59.895572999998627 ], [ 30.450913, 59.895622999998636 ], [ 30.451168, 59.894678999998646 ], [ 30.450298, 59.894627999998619 ] ] ] } },
{ "type": "Feature", "properties": { "height": 4.1, "match_type": "only_a", "height_source": "ml_predicted" }, "geometry": { "type": "Polygon", "coordinates": [ [ [ 30.45032, 59.90496 ], [ 30.4504, 59.90495 ], [ 30.45036, 59.90493 ], [ 30.45032, 59.90496 ] ] ] } },
{ "type": "Feature", "properties": { "height": 12.0, "match_type": "matched", "height_source": "source_b" }, "geometry": { "type": "Polygon", "coordinates": [ [ [ 30.450539, 59.89857499999863 ], [ 30.450375, 59.898785999998637 ], [ 30.4506, 59.898829999998632 ], [ 30.450638, 59.898779999998666 ], [ 30.451129, 59.898880999998617 ], [ 30.451254, 59.898715999998643 ], [ 30.450539, 59.89857499999863 ] ] ] } },
{ "type": "Feature", "properties": { "height": 4.5, "match_type": "matched", "height_source": "source_b" }, "geometry": { "type": "Polygon", "coordinates": [ [ [ 30.450217, 59.898423999998627 ], [ 30.450655, 59.898516999998655 ], [ 30.450702, 59.898459999998636 ], [ 30.450283, 59.898344999998635 ], [ 30.450217, 59.898423999998627 ] ] ] } },
{ "type": "Feature", "properties": { "height": 4.0, "match_type": "only_a", "height_source": "ml_predicted" }, "geometry": { "type": "Polygon", "coordinates": [ [ [ 30.45031, 59.89358 ], [ 30.45041, 59.89354 ], [ 30.45032, 59.89353 ], [ 30.45031, 59.89358 ] ] ] } },
{ "type": "Feature", "properties": { "height": 5.0, "match_type": "only_a", "height_source": "ml_predicted" }, "geometry": { "type": "Polygon", "coordinates": [ [ [ 30.4504, 59.90298 ], [ 30.45045, 59.90294 ], [ 30.45038, 59.90291 ], [ 30.45032, 59.90295 ], [ 30.4504, 59.90298 ] ] ] } },
{ "type": "Feature", "properties": { "height": 8.8, "match_type": "only_a", "height_source": "ml_predicted" }, "geometry": { "type": "Polygon", "coordinates": [ [ [ 30.45045, 59.89602 ], [ 30.45131, 59.89609 ], [ 30.45139, 59.89584 ], [ 30.45053, 59.89577 ], [ 30.45045, 59.89602 ] ] ] } },
{ "type": "Feature", "properties": { "height": 4.0, "match_type": "matched", "height_source": "source_b" }, "geometry": { "type": "Polygon", "coordinates": [ [ [ 30.453168, 59.897799999998618 ], [ 30.453037, 59.897955999998636 ], [ 30.454726, 59.898300999998625 ], [ 30.454849, 59.89814999999863 ], [ 30.453168, 59.897799999998618 ] ] ] } },
{ "type": "Feature", "properties": { "height": 12.0, "match_type": "matched", "height_source": "source_b" }, "geometry": { "type": "Polygon", "coordinates": [ [ [ 30.453037, 59.897955999998636 ], [ 30.453622, 59.897252999998628 ], [ 30.451039, 59.89670099999865 ], [ 30.45067, 59.897136999998658 ], [ 30.451023, 59.897212999998651 ], [ 30.450804, 59.897472999998634 ], [ 30.45006, 59.897313999998616 ], [ 30.449448, 59.898035999998633 ], [ 30.451647, 59.898508999998626 ], [ 30.452256, 59.897788999998639 ], [ 30.453037, 59.897955999998636 ] ] ] } },
{ "type": "Feature", "properties": { "height": 4.7, "match_type": "only_a", "height_source": "ml_predicted" }, "geometry": { "type": "Polygon", "coordinates": [ [ [ 30.45052, 59.90248 ], [ 30.45044, 59.90254 ], [ 30.45051, 59.90256 ], [ 30.45059, 59.9025 ], [ 30.45052, 59.90248 ] ] ] } },
{ "type": "Feature", "properties": { "height": 9.5, "match_type": "only_a", "height_source": "ml_predicted" }, "geometry": { "type": "Polygon", "coordinates": [ [ [ 30.45061, 59.90166 ], [ 30.45079, 59.90152 ], [ 30.44957, 59.90112 ], [ 30.44938, 59.90127 ], [ 30.45061, 59.90166 ] ] ] } },
{ "type": "Feature", "properties": { "height": 4.5, "match_type": "matched", "height_source": "source_b" }, "geometry": { "type": "Polygon", "coordinates": [ [ [ 30.450304, 59.903672999998648 ], [ 30.450556, 59.903762999998619 ], [ 30.451092, 59.903385999998648 ], [ 30.450841, 59.903294999998643 ], [ 30.450304, 59.903672999998648 ] ] ] } },
{ "type": "Feature", "properties": { "height": 4.7, "match_type": "only_a", "height_source": "ml_predicted" }, "geometry": { "type": "Polygon", "coordinates": [ [ [ 30.45079, 59.89846 ], [ 30.45074, 59.89852 ], [ 30.45085, 59.89848 ], [ 30.45079, 59.89846 ] ] ] } },
{ "type": "Feature", "properties": { "height": 4.5, "match_type": "only_a", "height_source": "ml_predicted" }, "geometry": { "type": "Polygon", "coordinates": [ [ [ 30.45094, 59.90295 ], [ 30.45105, 59.90298 ], [ 30.45111, 59.90293 ], [ 30.451, 59.9029 ], [ 30.45094, 59.90295 ] ] ] } },
{ "type": "Feature", "properties": { "height": 4.7, "match_type": "only_a", "height_source": "ml_predicted" }, "geometry": { "type": "Polygon", "coordinates": [ [ [ 30.45095, 59.90246 ], [ 30.45102, 59.90249 ], [ 30.45108, 59.90244 ], [ 30.451, 59.90242 ], [ 30.45095, 59.90246 ] ] ] } },
{ "type": "Feature", "properties": { "height": 15.0, "match_type": "matched", "height_source": "source_b" }, "geometry": { "type": "Polygon", "coordinates": [ [ [ 30.451126, 59.900846999998656 ], [ 30.451901, 59.899852999998657 ], [ 30.451653, 59.899803999998632 ], [ 30.450878, 59.900798999998635 ], [ 30.451126, 59.900846999998656 ] ] ] } },
{ "type": "Feature", "properties": { "height": 3.9, "match_type": "only_a", "height_source": "ml_predicted" }, "geometry": { "type": "Polygon", "coordinates": [ [ [ 30.45116, 59.9015 ], [ 30.45124, 59.90152 ], [ 30.45129, 59.90148 ], [ 30.45122, 59.90145 ], [ 30.45116, 59.9015 ] ] ] } },
{ "type": "Feature", "properties": { "height": 4.7, "match_type": "only_a", "height_source": "ml_predicted" }, "geometry": { "type": "Polygon", "coordinates": [ [ [ 30.45117, 59.90292 ], [ 30.45122, 59.90288 ], [ 30.45113, 59.90285 ], [ 30.45108, 59.90289 ], [ 30.45117, 59.90292 ] ] ] } },
{ "type": "Feature", "properties": { "height": 4.6, "match_type": "only_a", "height_source": "ml_predicted" }, "geometry": { "type": "Polygon", "coordinates": [ [ [ 30.45123, 59.90273 ], [ 30.45133, 59.90276 ], [ 30.45138, 59.90272 ], [ 30.45128, 59.90269 ], [ 30.45123, 59.90273 ] ] ] } },
{ "type": "Feature", "properties": { "height": 4.4, "match_type": "only_a", "height_source": "ml_predicted" }, "geometry": { "type": "Polygon", "coordinates": [ [ [ 30.45136, 59.90318 ], [ 30.45142, 59.90325 ], [ 30.45149, 59.90323 ], [ 30.45141, 59.90317 ], [ 30.45136, 59.90318 ] ] ] } },
{ "type": "Feature", "properties": { "height": 4.4, "match_type": "only_a", "height_source": "ml_predicted" }, "geometry": { "type": "Polygon", "coordinates": [ [ [ 30.45138, 59.90279 ], [ 30.45148, 59.90281 ], [ 30.45153, 59.90277 ], [ 30.45144, 59.90274 ], [ 30.45138, 59.90279 ] ] ] } },
{ "type": "Feature", "properties": { "height": 4.5, "match_type": "matched", "height_source": "source_b" }, "geometry": { "type": "Polygon", "coordinates": [ [ [ 30.451745, 59.903146999998619 ], [ 30.451688, 59.903349999998653 ], [ 30.451806, 59.903357999998647 ], [ 30.451783, 59.903440999998644 ], [ 30.452066, 59.903428999998638 ], [ 30.45215, 59.903128999998621 ], [ 30.451597, 59.902934999998671 ], [ 30.451072, 59.903095999998605 ], [ 30.451184, 59.903187999998629 ], [ 30.451292, 59.90315499999862 ], [ 30.451357, 59.903207999998628 ], [ 30.451657, 59.903115999998619 ], [ 30.451745, 59.903146999998619 ] ] ] } },
{ "type": "Feature", "properties": { "height": 4.5, "match_type": "only_a", "height_source": "ml_predicted" }, "geometry": { "type": "Polygon", "coordinates": [ [ [ 30.4515, 59.90316 ], [ 30.45143, 59.90318 ], [ 30.45149, 59.90323 ], [ 30.45156, 59.90321 ], [ 30.4515, 59.90316 ] ] ] } },
{ "type": "Feature", "properties": { "height": 4.6, "match_type": "only_a", "height_source": "ml_predicted" }, "geometry": { "type": "Polygon", "coordinates": [ [ [ 30.45156, 59.89413 ], [ 30.45161, 59.89417 ], [ 30.45163, 59.89415 ], [ 30.45156, 59.89413 ] ] ] } },
{ "type": "Feature", "properties": { "height": 4.2, "match_type": "only_a", "height_source": "ml_predicted" }, "geometry": { "type": "Polygon", "coordinates": [ [ [ 30.45155, 59.89413 ], [ 30.45164, 59.89415 ], [ 30.45166, 59.89413 ], [ 30.45157, 59.8941 ], [ 30.45155, 59.89413 ] ] ] } },
{ "type": "Feature", "properties": { "height": 4.5, "match_type": "matched", "height_source": "source_b" }, "geometry": { "type": "Polygon", "coordinates": [ [ [ 30.451549, 59.89471199999862 ], [ 30.451511, 59.894862999998637 ], [ 30.451664, 59.894871999998628 ], [ 30.451699, 59.894718999998638 ], [ 30.451549, 59.89471199999862 ] ] ] } },
{ "type": "Feature", "properties": { "height": 6.6, "match_type": "matched", "height_source": "source_b" }, "geometry": { "type": "Polygon", "coordinates": [ [ [ 30.451573, 59.906696999998644 ], [ 30.451033, 59.906977999998638 ], [ 30.451332, 59.907062999998629 ], [ 30.451811, 59.906812999998635 ], [ 30.451573, 59.906696999998644 ] ] ] } },
{ "type": "Feature", "properties": { "height": 6.1, "match_type": "only_a", "height_source": "ml_predicted" }, "geometry": { "type": "Polygon", "coordinates": [ [ [ 30.45173, 59.90438 ], [ 30.45177, 59.90433 ], [ 30.45168, 59.90431 ], [ 30.45164, 59.90436 ], [ 30.45173, 59.90438 ] ] ] } },
{ "type": "Feature", "properties": { "height": 4.0, "match_type": "only_a", "height_source": "ml_predicted" }, "geometry": { "type": "Polygon", "coordinates": [ [ [ 30.45176, 59.89544 ], [ 30.45175, 59.8955 ], [ 30.45181, 59.8955 ], [ 30.45182, 59.89544 ], [ 30.45176, 59.89544 ] ] ] } },
{ "type": "Feature", "properties": { "height": 12.0, "match_type": "only_a", "height_source": "ml_predicted" }, "geometry": { "type": "Polygon", "coordinates": [ [ [ 30.45177, 59.89833 ], [ 30.45234, 59.89839 ], [ 30.45231, 59.89845 ], [ 30.45249, 59.89847 ], [ 30.45264, 59.89812 ], [ 30.45169, 59.89803 ], [ 30.45155, 59.89837 ], [ 30.45174, 59.89839 ], [ 30.45177, 59.89833 ] ] ] } },
{ "type": "Feature", "properties": { "height": 4.0, "match_type": "matched", "height_source": "source_b" }, "geometry": { "type": "Polygon", "coordinates": [ [ [ 30.451358, 59.904799999998666 ], [ 30.451147, 59.904956999998646 ], [ 30.451713, 59.905149999998635 ], [ 30.451826, 59.905145999998645 ], [ 30.451998, 59.905016999998658 ], [ 30.451358, 59.904799999998666 ] ] ] } },
{ "type": "Feature", "properties": { "height": 4.4, "match_type": "only_a", "height_source": "ml_predicted" }, "geometry": { "type": "Polygon", "coordinates": [ [ [ 30.45178, 59.89516 ], [ 30.45173, 59.89534 ], [ 30.4519, 59.89535 ], [ 30.45194, 59.89517 ], [ 30.45178, 59.89516 ] ] ] } },
{ "type": "Feature", "properties": { "height": 3.5, "match_type": "only_a", "height_source": "ml_predicted" }, "geometry": { "type": "Polygon", "coordinates": [ [ [ 30.4517, 59.90299 ], [ 30.45207, 59.90312 ], [ 30.45213, 59.90313 ], [ 30.45214, 59.90307 ], [ 30.45179, 59.90296 ], [ 30.4517, 59.90299 ] ] ] } },
{ "type": "Feature", "properties": { "height": 4.6, "match_type": "only_a", "height_source": "ml_predicted" }, "geometry": { "type": "Polygon", "coordinates": [ [ [ 30.45198, 59.89404 ], [ 30.45241, 59.89412 ], [ 30.45242, 59.89406 ], [ 30.45219, 59.89405 ], [ 30.4522, 59.894 ], [ 30.45199, 59.89398 ], [ 30.45198, 59.89404 ] ] ] } },
{ "type": "Feature", "properties": { "height": 4.0, "match_type": "matched", "height_source": "source_b" }, "geometry": { "type": "Polygon", "coordinates": [ [ [ 30.451095, 59.893852999998636 ], [ 30.451145, 59.893683999998629 ], [ 30.451922, 59.893732999998633 ], [ 30.451944, 59.893650999998648 ], [ 30.451022, 59.893587999998644 ], [ 30.450955, 59.893842999998618 ], [ 30.451095, 59.893852999998636 ] ] ] } },
{ "type": "Feature", "properties": { "height": 8.0, "match_type": "matched", "height_source": "source_b" }, "geometry": { "type": "Polygon", "coordinates": [ [ [ 30.451082, 59.893896999998645 ], [ 30.452149, 59.893956999998615 ], [ 30.452205, 59.893754999998627 ], [ 30.451145, 59.893683999998629 ], [ 30.451082, 59.893896999998645 ] ] ] } },
{ "type": "Feature", "properties": { "height": 4.5, "match_type": "matched", "height_source": "source_b" }, "geometry": { "type": "Polygon", "coordinates": [ [ [ 30.451919, 59.906652999998634 ], [ 30.451999, 59.906606999998658 ], [ 30.451836, 59.906531999998641 ], [ 30.451753, 59.906578999998636 ], [ 30.451919, 59.906652999998634 ] ] ] } },
{ "type": "Feature", "properties": { "height": 4.0, "match_type": "only_a", "height_source": "ml_predicted" }, "geometry": { "type": "Polygon", "coordinates": [ [ [ 30.45205, 59.90679 ], [ 30.45215, 59.90682 ], [ 30.45216, 59.9068 ], [ 30.45205, 59.90679 ] ] ] } },
{ "type": "Feature", "properties": { "height": 4.0, "match_type": "matched", "height_source": "source_b" }, "geometry": { "type": "Polygon", "coordinates": [ [ [ 30.451938, 59.893948999998635 ], [ 30.451932, 59.894002999998641 ], [ 30.45236, 59.894034999998652 ], [ 30.452447, 59.893707999998618 ], [ 30.452029, 59.893678999998635 ], [ 30.452006, 59.893737999998635 ], [ 30.452205, 59.893754999998627 ], [ 30.452149, 59.893956999998615 ], [ 30.451938, 59.893948999998635 ] ] ] } },
{ "type": "Feature", "properties": { "height": 4.5, "match_type": "matched", "height_source": "source_b" }, "geometry": { "type": "Polygon", "coordinates": [ [ [ 30.452124, 59.90538399999862 ], [ 30.452009, 59.905452999998637 ], [ 30.452184, 59.905525999998645 ], [ 30.452298, 59.905456999998627 ], [ 30.452124, 59.90538399999862 ] ] ] } },
{ "type": "Feature", "properties": { "height": 4.5, "match_type": "matched", "height_source": "source_b" }, "geometry": { "type": "Polygon", "coordinates": [ [ [ 30.452179, 59.894513999998637 ], [ 30.451819, 59.895769999998635 ], [ 30.451993, 59.895781999998626 ], [ 30.452353, 59.894525999998635 ], [ 30.452179, 59.894513999998637 ] ] ] } },
{ "type": "Feature", "properties": { "height": 4.6, "match_type": "only_a", "height_source": "ml_predicted" }, "geometry": { "type": "Polygon", "coordinates": [ [ [ 30.45233, 59.90624 ], [ 30.4525, 59.90631 ], [ 30.45253, 59.90629 ], [ 30.45236, 59.90622 ], [ 30.45233, 59.90624 ] ] ] } },
{ "type": "Feature", "properties": { "height": 4.5, "match_type": "matched", "height_source": "source_b" }, "geometry": { "type": "Polygon", "coordinates": [ [ [ 30.452053, 59.894269999998627 ], [ 30.452015, 59.894306999998648 ], [ 30.452338, 59.89438999999863 ], [ 30.452376, 59.894352999998638 ], [ 30.452053, 59.894269999998627 ] ] ] } },
{ "type": "Feature", "properties": { "height": 5.5, "match_type": "only_a", "height_source": "ml_predicted" }, "geometry": { "type": "Polygon", "coordinates": [ [ [ 30.45241, 59.90349 ], [ 30.45242, 59.90344 ], [ 30.45231, 59.90343 ], [ 30.4523, 59.90348 ], [ 30.45241, 59.90349 ] ] ] } },
{ "type": "Feature", "properties": { "height": 4.1, "match_type": "only_a", "height_source": "ml_predicted" }, "geometry": { "type": "Polygon", "coordinates": [ [ [ 30.45242, 59.9036 ], [ 30.45251, 59.90363 ], [ 30.45257, 59.90357 ], [ 30.45247, 59.90355 ], [ 30.45242, 59.9036 ] ] ] } },
{ "type": "Feature", "properties": { "height": 4.5, "match_type": "matched", "height_source": "source_b" }, "geometry": { "type": "Polygon", "coordinates": [ [ [ 30.452333, 59.90286499999862 ], [ 30.452638, 59.902965999998635 ], [ 30.453242, 59.902507999998647 ], [ 30.453148, 59.902475999998622 ], [ 30.453231, 59.902412999998624 ], [ 30.453021, 59.902342999998659 ], [ 30.452333, 59.90286499999862 ] ] ] } },
{ "type": "Feature", "properties": { "height": 3.9, "match_type": "only_a", "height_source": "ml_predicted" }, "geometry": { "type": "Polygon", "coordinates": [ [ [ 30.45248, 59.89476 ], [ 30.45248, 59.89481 ], [ 30.45255, 59.89482 ], [ 30.45255, 59.89477 ], [ 30.45248, 59.89476 ] ] ] } },
{ "type": "Feature", "properties": { "height": 3.5, "match_type": "only_a", "height_source": "ml_predicted" }, "geometry": { "type": "Polygon", "coordinates": [ [ [ 30.4525, 59.90327 ], [ 30.45241, 59.90326 ], [ 30.45239, 59.90332 ], [ 30.45248, 59.90332 ], [ 30.4525, 59.90327 ] ] ] } },
{ "type": "Feature", "properties": { "height": 45.0, "match_type": "matched", "height_source": "source_b" }, "geometry": { "type": "Polygon", "coordinates": [ [ [ 30.452011, 59.90434899999866 ], [ 30.452531, 59.904492999998645 ], [ 30.452678, 59.904368999998624 ], [ 30.452155, 59.90421799999865 ], [ 30.452011, 59.90434899999866 ] ] ] } },
{ "type": "Feature", "properties": { "height": 4.2, "match_type": "only_a", "height_source": "ml_predicted" }, "geometry": { "type": "Polygon", "coordinates": [ [ [ 30.45246, 59.89367 ], [ 30.45261, 59.89365 ], [ 30.45247, 59.89363 ], [ 30.45246, 59.89367 ] ] ] } },
{ "type": "Feature", "properties": { "height": 9.3, "match_type": "only_a", "height_source": "ml_predicted" }, "geometry": { "type": "Polygon", "coordinates": [ [ [ 30.45266, 59.89927 ], [ 30.45284, 59.89904 ], [ 30.45262, 59.89899 ], [ 30.45251, 59.89912 ], [ 30.45158, 59.89892 ], [ 30.45149, 59.89903 ], [ 30.45266, 59.89927 ] ] ] } },
{ "type": "Feature", "properties": { "height": 5.4, "match_type": "only_a", "height_source": "ml_predicted" }, "geometry": { "type": "Polygon", "coordinates": [ [ [ 30.45261, 59.90162 ], [ 30.45269, 59.90161 ], [ 30.45265, 59.90159 ], [ 30.45261, 59.90162 ] ] ] } },
{ "type": "Feature", "properties": { "height": 30.7, "match_type": "only_a", "height_source": "ml_predicted" }, "geometry": { "type": "Polygon", "coordinates": [ [ [ 30.45278, 59.90459 ], [ 30.45291, 59.90451 ], [ 30.45263, 59.90442 ], [ 30.45253, 59.90452 ], [ 30.45278, 59.90459 ] ] ] } },
{ "type": "Feature", "properties": { "height": 4.5, "match_type": "only_a", "height_source": "ml_predicted" }, "geometry": { "type": "Polygon", "coordinates": [ [ [ 30.45283, 59.89393 ], [ 30.45284, 59.8939 ], [ 30.45271, 59.89392 ], [ 30.45283, 59.89393 ] ] ] } },
{ "type": "Feature", "properties": { "height": 4.7, "match_type": "only_a", "height_source": "ml_predicted" }, "geometry": { "type": "Polygon", "coordinates": [ [ [ 30.45274, 59.89836 ], [ 30.45285, 59.89833 ], [ 30.45276, 59.89832 ], [ 30.45274, 59.89836 ] ] ] } },
{ "type": "Feature", "properties": { "height": 12.0, "match_type": "matched", "height_source": "source_b" }, "geometry": { "type": "Polygon", "coordinates": [ [ [ 30.452357, 59.895176999998618 ], [ 30.452279, 59.895400999998621 ], [ 30.452937, 59.89545699999865 ], [ 30.453015, 59.895231999998643 ], [ 30.452357, 59.895176999998618 ] ] ] } },
{ "type": "Feature", "properties": { "height": 4.5, "match_type": "matched", "height_source": "source_b" }, "geometry": { "type": "Polygon", "coordinates": [ [ [ 30.45348, 59.892993999998609 ], [ 30.452584, 59.892933999998625 ], [ 30.452566, 59.893060999998617 ], [ 30.453454, 59.893119999998653 ], [ 30.45348, 59.892993999998609 ] ] ] } },
{ "type": "Feature", "properties": { "height": 4.8, "match_type": "only_a", "height_source": "ml_predicted" }, "geometry": { "type": "Polygon", "coordinates": [ [ [ 30.45303, 59.89822 ], [ 30.45305, 59.89818 ], [ 30.45296, 59.89817 ], [ 30.45294, 59.89821 ], [ 30.45303, 59.89822 ] ] ] } },
{ "type": "Feature", "properties": { "height": 4.9, "match_type": "only_a", "height_source": "ml_predicted" }, "geometry": { "type": "Polygon", "coordinates": [ [ [ 30.45306, 59.90637 ], [ 30.45302, 59.90636 ], [ 30.45298, 59.90638 ], [ 30.45302, 59.9064 ], [ 30.45306, 59.90637 ] ] ] } },
{ "type": "Feature", "properties": { "height": 12.0, "match_type": "matched", "height_source": "source_b" }, "geometry": { "type": "Polygon", "coordinates": [ [ [ 30.452916, 59.90119399999864 ], [ 30.453713, 59.901329999998659 ], [ 30.453898, 59.901095999998638 ], [ 30.45316, 59.90094999999863 ], [ 30.452916, 59.90119399999864 ] ] ] } },
{ "type": "Feature", "properties": { "height": 9.9, "match_type": "only_a", "height_source": "ml_predicted" }, "geometry": { "type": "Polygon", "coordinates": [ [ [ 30.45311, 59.89869 ], [ 30.45286, 59.89864 ], [ 30.45259, 59.89899 ], [ 30.45282, 59.89903 ], [ 30.45311, 59.89869 ] ] ] } },
{ "type": "Feature", "properties": { "height": 4.5, "match_type": "matched", "height_source": "source_b" }, "geometry": { "type": "Polygon", "coordinates": [ [ [ 30.452882, 59.894247999998647 ], [ 30.452873, 59.894330999998644 ], [ 30.453085, 59.894335999998638 ], [ 30.453093, 59.894252999998642 ], [ 30.452882, 59.894247999998647 ] ] ] } },
{ "type": "Feature", "properties": { "height": 12.0, "match_type": "matched", "height_source": "source_b" }, "geometry": { "type": "Polygon", "coordinates": [ [ [ 30.452314, 59.895481999998637 ], [ 30.452261, 59.895654999998619 ], [ 30.453134, 59.895720999998652 ], [ 30.453187, 59.895546999998643 ], [ 30.452314, 59.895481999998637 ] ] ] } },
{ "type": "Feature", "properties": { "height": 4.7, "match_type": "only_a", "height_source": "ml_predicted" }, "geometry": { "type": "Polygon", "coordinates": [ [ [ 30.45319, 59.8984 ], [ 30.45321, 59.89836 ], [ 30.45312, 59.89835 ], [ 30.4531, 59.89839 ], [ 30.45319, 59.8984 ] ] ] } },
{ "type": "Feature", "properties": { "height": 12.0, "match_type": "matched", "height_source": "source_b" }, "geometry": { "type": "Polygon", "coordinates": [ [ [ 30.453249, 59.893823999998624 ], [ 30.453191, 59.894034999998631 ], [ 30.453813, 59.894078999998648 ], [ 30.453798, 59.894132999998625 ], [ 30.454444, 59.894177999998625 ], [ 30.454461, 59.894118999998632 ], [ 30.455197, 59.894170999998636 ], [ 30.455254, 59.893965999998635 ], [ 30.453249, 59.893823999998624 ] ] ] } },
{ "type": "Feature", "properties": { "height": 26.1, "match_type": "only_a", "height_source": "ml_predicted" }, "geometry": { "type": "Polygon", "coordinates": [ [ [ 30.45325, 59.90334 ], [ 30.45351, 59.90344 ], [ 30.45382, 59.90318 ], [ 30.45354, 59.90309 ], [ 30.45325, 59.90334 ] ] ] } },
{ "type": "Feature", "properties": { "height": 4.7, "match_type": "only_a", "height_source": "ml_predicted" }, "geometry": { "type": "Polygon", "coordinates": [ [ [ 30.45333, 59.89825 ], [ 30.45335, 59.89821 ], [ 30.45326, 59.8982 ], [ 30.45324, 59.89824 ], [ 30.45333, 59.89825 ] ] ] } },
{ "type": "Feature", "properties": { "height": 4.0, "match_type": "matched", "height_source": "source_b" }, "geometry": { "type": "Polygon", "coordinates": [ [ [ 30.453187, 59.895206999998635 ], [ 30.453422, 59.895145999998633 ], [ 30.452895, 59.894624999998634 ], [ 30.452659, 59.894684999998645 ], [ 30.453187, 59.895206999998635 ] ] ] } },
{ "type": "Feature", "properties": { "height": 6.5, "match_type": "only_a", "height_source": "ml_predicted" }, "geometry": { "type": "Polygon", "coordinates": [ [ [ 30.4535, 59.89976 ], [ 30.45367, 59.89955 ], [ 30.45308, 59.89943 ], [ 30.45291, 59.89963 ], [ 30.4535, 59.89976 ] ] ] } },
{ "type": "Feature", "properties": { "height": 4.1, "match_type": "only_a", "height_source": "ml_predicted" }, "geometry": { "type": "Polygon", "coordinates": [ [ [ 30.45352, 59.89842 ], [ 30.45353, 59.89838 ], [ 30.45344, 59.89837 ], [ 30.45343, 59.89841 ], [ 30.45352, 59.89842 ] ] ] } },
{ "type": "Feature", "properties": { "height": 13.0, "match_type": "matched", "height_source": "source_b" }, "geometry": { "type": "Polygon", "coordinates": [ [ [ 30.453402, 59.894416999998626 ], [ 30.453286, 59.894443999998643 ], [ 30.453267, 59.89448699999862 ], [ 30.453393, 59.894538999998609 ], [ 30.453496, 59.894500999998641 ], [ 30.453499, 59.894456999998631 ], [ 30.453402, 59.894416999998626 ] ] ] } },
{ "type": "Feature", "properties": { "height": 9.1, "match_type": "only_a", "height_source": "ml_predicted" }, "geometry": { "type": "Polygon", "coordinates": [ [ [ 30.45361, 59.89421 ], [ 30.45351, 59.89417 ], [ 30.45345, 59.89421 ], [ 30.45355, 59.89425 ], [ 30.45361, 59.89421 ] ] ] } },
{ "type": "Feature", "properties": { "height": 3.9, "match_type": "only_a", "height_source": "ml_predicted" }, "geometry": { "type": "Polygon", "coordinates": [ [ [ 30.4536, 59.89866 ], [ 30.45364, 59.89861 ], [ 30.45351, 59.89864 ], [ 30.4536, 59.89866 ] ] ] } },
{ "type": "Feature", "properties": { "height": 4.3, "match_type": "only_a", "height_source": "ml_predicted" }, "geometry": { "type": "Polygon", "coordinates": [ [ [ 30.45362, 59.89828 ], [ 30.45364, 59.89824 ], [ 30.45355, 59.89823 ], [ 30.45353, 59.89827 ], [ 30.45362, 59.89828 ] ] ] } },
{ "type": "Feature", "properties": { "height": 4.4, "match_type": "only_a", "height_source": "ml_predicted" }, "geometry": { "type": "Polygon", "coordinates": [ [ [ 30.45366, 59.89962 ], [ 30.45364, 59.89966 ], [ 30.45371, 59.89963 ], [ 30.45366, 59.89962 ] ] ] } },
{ "type": "Feature", "properties": { "height": 4.2, "match_type": "only_a", "height_source": "ml_predicted" }, "geometry": { "type": "Polygon", "coordinates": [ [ [ 30.45368, 59.89844 ], [ 30.45369, 59.8984 ], [ 30.4536, 59.89839 ], [ 30.45359, 59.89843 ], [ 30.45368, 59.89844 ] ] ] } },
{ "type": "Feature", "properties": { "height": 11.1, "match_type": "only_a", "height_source": "ml_predicted" }, "geometry": { "type": "Polygon", "coordinates": [ [ [ 30.45378, 59.89939 ], [ 30.45391, 59.89919 ], [ 30.45356, 59.89911 ], [ 30.45336, 59.8993 ], [ 30.45378, 59.89939 ] ] ] } },
{ "type": "Feature", "properties": { "height": 4.5, "match_type": "matched", "height_source": "source_b" }, "geometry": { "type": "Polygon", "coordinates": [ [ [ 30.453632, 59.894740999998632 ], [ 30.453616, 59.894875999998632 ], [ 30.453753, 59.894878999998632 ], [ 30.453771, 59.894743999998632 ], [ 30.453632, 59.894740999998632 ] ] ] } },
{ "type": "Feature", "properties": { "height": 4.5, "match_type": "matched", "height_source": "source_b" }, "geometry": { "type": "Polygon", "coordinates": [ [ [ 30.453878, 59.894909999998632 ], [ 30.45374, 59.894935999998616 ], [ 30.453775, 59.894981999998606 ], [ 30.453913, 59.894954999998617 ], [ 30.453878, 59.894909999998632 ] ] ] } },
{ "type": "Feature", "properties": { "height": 6.7, "match_type": "only_a", "height_source": "ml_predicted" }, "geometry": { "type": "Polygon", "coordinates": [ [ [ 30.4539, 59.9017 ], [ 30.45396, 59.90159 ], [ 30.4538, 59.90156 ], [ 30.45373, 59.90166 ], [ 30.45376, 59.90175 ], [ 30.45398, 59.90181 ], [ 30.45404, 59.90174 ], [ 30.4539, 59.9017 ] ] ] } },
{ "type": "Feature", "properties": { "height": 4.4, "match_type": "only_a", "height_source": "ml_predicted" }, "geometry": { "type": "Polygon", "coordinates": [ [ [ 30.45392, 59.89831 ], [ 30.45393, 59.89827 ], [ 30.45384, 59.89826 ], [ 30.45383, 59.8983 ], [ 30.45392, 59.89831 ] ] ] } },
{ "type": "Feature", "properties": { "height": 13.0, "match_type": "matched", "height_source": "source_b" }, "geometry": { "type": "Polygon", "coordinates": [ [ [ 30.453889, 59.894481999998618 ], [ 30.453706, 59.894452999998641 ], [ 30.453656, 59.894511999998635 ], [ 30.453782, 59.89456399999866 ], [ 30.453885, 59.894525999998621 ], [ 30.453889, 59.894481999998618 ] ] ] } },
{ "type": "Feature", "properties": { "height": 4.0, "match_type": "matched", "height_source": "source_b" }, "geometry": { "type": "Polygon", "coordinates": [ [ [ 30.45404, 59.894984999998634 ], [ 30.453775, 59.895006999998643 ], [ 30.453823, 59.895151999998646 ], [ 30.453892, 59.895145999998633 ], [ 30.45391, 59.895198999998641 ], [ 30.454101, 59.89518099999863 ], [ 30.45404, 59.894984999998634 ] ] ] } },
{ "type": "Feature", "properties": { "height": 4.5, "match_type": "matched", "height_source": "source_b" }, "geometry": { "type": "Polygon", "coordinates": [ [ [ 30.454683, 59.90033599999866 ], [ 30.454632, 59.900384999998636 ], [ 30.454736, 59.900411999998639 ], [ 30.454786, 59.900361999998644 ], [ 30.454683, 59.90033599999866 ] ] ] } },
{ "type": "Feature", "properties": { "height": 12.0, "match_type": "matched", "height_source": "source_b" }, "geometry": { "type": "Polygon", "coordinates": [ [ [ 30.453819, 59.900175999998609 ], [ 30.453726, 59.900285999998637 ], [ 30.454429, 59.900437999998644 ], [ 30.454521, 59.90032799999863 ], [ 30.453819, 59.900175999998609 ] ] ] } },
{ "type": "Feature", "properties": { "height": 6.6, "match_type": "matched", "height_source": "source_b" }, "geometry": { "type": "Polygon", "coordinates": [ [ [ 30.453174, 59.905931999998636 ], [ 30.452731, 59.906189999998638 ], [ 30.453018, 59.906316999998644 ], [ 30.453963, 59.905778999998631 ], [ 30.453681, 59.905653999998641 ], [ 30.45341, 59.90565999999864 ], [ 30.453186, 59.905764999998624 ], [ 30.453144, 59.905855999998643 ], [ 30.453174, 59.905931999998636 ] ] ] } },
{ "type": "Feature", "properties": { "height": 4.5, "match_type": "matched", "height_source": "source_b" }, "geometry": { "type": "Polygon", "coordinates": [ [ [ 30.454435, 59.893057999998646 ], [ 30.453775, 59.893013999998651 ], [ 30.45375, 59.893138999998634 ], [ 30.454409, 59.893182999998622 ], [ 30.454435, 59.893057999998646 ] ] ] } },
{ "type": "Feature", "properties": { "height": 81.2, "match_type": "matched", "height_source": "source_b" }, "geometry": { "type": "Polygon", "coordinates": [ [ [ 30.452943, 59.904457999998634 ], [ 30.454124, 59.903570999998628 ], [ 30.453859, 59.903481999998618 ], [ 30.452678, 59.904368999998624 ], [ 30.452943, 59.904457999998634 ] ] ] } },
{ "type": "Feature", "properties": { "height": 4.5, "match_type": "only_a", "height_source": "ml_predicted" }, "geometry": { "type": "Polygon", "coordinates": [ [ [ 30.45411, 59.89979 ], [ 30.45415, 59.89974 ], [ 30.45407, 59.89972 ], [ 30.45403, 59.89977 ], [ 30.45411, 59.89979 ] ] ] } },
{ "type": "Feature", "properties": { "height": 4.4, "match_type": "only_a", "height_source": "ml_predicted" }, "geometry": { "type": "Polygon", "coordinates": [ [ [ 30.45411, 59.90161 ], [ 30.45416, 59.90155 ], [ 30.45408, 59.90153 ], [ 30.45403, 59.90159 ], [ 30.45411, 59.90161 ] ] ] } },
{ "type": "Feature", "properties": { "height": 4.4, "match_type": "only_a", "height_source": "ml_predicted" }, "geometry": { "type": "Polygon", "coordinates": [ [ [ 30.45412, 59.89555 ], [ 30.45403, 59.89557 ], [ 30.45412, 59.89572 ], [ 30.45422, 59.8957 ], [ 30.45412, 59.89555 ] ] ] } },
{ "type": "Feature", "properties": { "height": 10.0, "match_type": "matched", "height_source": "source_b" }, "geometry": { "type": "Polygon", "coordinates": [ [ [ 30.454061, 59.89479799999863 ], [ 30.453993, 59.894809999998628 ], [ 30.453977, 59.894861999998632 ], [ 30.45413, 59.894859999998609 ], [ 30.454061, 59.89479799999863 ] ] ] } },
{ "type": "Feature", "properties": { "height": 4.2, "match_type": "only_a", "height_source": "ml_predicted" }, "geometry": { "type": "Polygon", "coordinates": [ [ [ 30.45409, 59.90193 ], [ 30.45422, 59.9019 ], [ 30.45412, 59.90188 ], [ 30.45409, 59.90193 ] ] ] } },
{ "type": "Feature", "properties": { "height": 13.0, "match_type": "matched", "height_source": "source_b" }, "geometry": { "type": "Polygon", "coordinates": [ [ [ 30.454265, 59.894506999998626 ], [ 30.454083, 59.894477999998635 ], [ 30.454032, 59.894536999998643 ], [ 30.454114, 59.894585999998618 ], [ 30.454262, 59.894550999998607 ], [ 30.454265, 59.894506999998626 ] ] ] } },
{ "type": "Feature", "properties": { "height": 4.5, "match_type": "matched", "height_source": "source_b" }, "geometry": { "type": "Polygon", "coordinates": [ [ [ 30.454491, 59.89564499999863 ], [ 30.45428, 59.895656999998643 ], [ 30.454334, 59.89591199999866 ], [ 30.454546, 59.89589999999864 ], [ 30.454491, 59.89564499999863 ] ] ] } },
{ "type": "Feature", "properties": { "height": 30.0, "match_type": "matched", "height_source": "source_b" }, "geometry": { "type": "Polygon", "coordinates": [ [ [ 30.45402, 59.903535999998638 ], [ 30.454091, 59.903479999998645 ], [ 30.453539, 59.903303999998649 ], [ 30.453246, 59.903534999998627 ], [ 30.453626, 59.903656999998645 ], [ 30.453859, 59.903481999998618 ], [ 30.45402, 59.903535999998638 ] ] ] } },
{ "type": "Feature", "properties": { "height": 3.8, "match_type": "only_a", "height_source": "ml_predicted" }, "geometry": { "type": "Polygon", "coordinates": [ [ [ 30.45446, 59.90544 ], [ 30.45436, 59.9054 ], [ 30.45411, 59.90555 ], [ 30.45404, 59.90552 ], [ 30.45393, 59.90559 ], [ 30.4541, 59.90566 ], [ 30.45446, 59.90544 ] ] ] } },
{ "type": "Feature", "properties": { "height": 13.0, "match_type": "matched", "height_source": "source_b" }, "geometry": { "type": "Polygon", "coordinates": [ [ [ 30.45443, 59.895333999998641 ], [ 30.454247, 59.895304999998622 ], [ 30.454198, 59.895363999998644 ], [ 30.454323, 59.89541499999865 ], [ 30.454427, 59.895378999998627 ], [ 30.45443, 59.895333999998641 ] ] ] } },
{ "type": "Feature", "properties": { "height": 8.0, "match_type": "matched", "height_source": "source_b" }, "geometry": { "type": "Polygon", "coordinates": [ [ [ 30.45446, 59.899322999998645 ], [ 30.45443, 59.899360999998635 ], [ 30.454297, 59.899332999998634 ], [ 30.454041, 59.89964999999863 ], [ 30.45417, 59.899676999998633 ], [ 30.454091, 59.899772999998632 ], [ 30.455317, 59.900023999998645 ], [ 30.455683, 59.899573999998637 ], [ 30.45446, 59.899322999998645 ] ], [ [ 30.454395, 59.899604999998644 ], [ 30.454462, 59.899526999998628 ], [ 30.45543, 59.899736999998645 ], [ 30.455363, 59.899814999998661 ], [ 30.454395, 59.899604999998644 ] ] ] } },
{ "type": "Feature", "properties": { "height": 12.0, "match_type": "matched", "height_source": "source_b" }, "geometry": { "type": "Polygon", "coordinates": [ [ [ 30.454395, 59.899604999998644 ], [ 30.455363, 59.899814999998661 ], [ 30.45543, 59.899736999998645 ], [ 30.454462, 59.899526999998628 ], [ 30.454395, 59.899604999998644 ] ] ] } },
{ "type": "Feature", "properties": { "height": 13.0, "match_type": "matched", "height_source": "source_b" }, "geometry": { "type": "Polygon", "coordinates": [ [ [ 30.454502, 59.895044999998618 ], [ 30.454341, 59.89503499999865 ], [ 30.454291, 59.895093999998629 ], [ 30.454417, 59.895144999998642 ], [ 30.45452, 59.895108999998641 ], [ 30.454502, 59.895044999998618 ] ] ] } },
{ "type": "Feature", "properties": { "height": 8.5, "match_type": "only_a", "height_source": "ml_predicted" }, "geometry": { "type": "Polygon", "coordinates": [ [ [ 30.4545, 59.90053 ], [ 30.45498, 59.90064 ], [ 30.45504, 59.9005 ], [ 30.45464, 59.9004 ], [ 30.4545, 59.90053 ] ] ] } },
{ "type": "Feature", "properties": { "height": 13.0, "match_type": "matched", "height_source": "source_b" }, "geometry": { "type": "Polygon", "coordinates": [ [ [ 30.45451, 59.894760999998638 ], [ 30.454395, 59.894787999998627 ], [ 30.454375, 59.894830999998646 ], [ 30.454458, 59.894878999998646 ], [ 30.454605, 59.894844999998639 ], [ 30.454608, 59.89480099999863 ], [ 30.45451, 59.894760999998638 ] ] ] } },
{ "type": "Feature", "properties": { "height": 7.3, "match_type": "only_a", "height_source": "ml_predicted" }, "geometry": { "type": "Polygon", "coordinates": [ [ [ 30.45466, 59.89439 ], [ 30.45461, 59.89442 ], [ 30.45465, 59.89443 ], [ 30.45466, 59.89439 ] ] ] } },
{ "type": "Feature", "properties": { "height": 4.1, "match_type": "only_a", "height_source": "ml_predicted" }, "geometry": { "type": "Polygon", "coordinates": [ [ [ 30.45461, 59.89696 ], [ 30.45463, 59.89691 ], [ 30.45454, 59.8969 ], [ 30.45452, 59.89695 ], [ 30.45461, 59.89696 ] ] ] } },
{ "type": "Feature", "properties": { "height": 10.8, "match_type": "only_a", "height_source": "ml_predicted" }, "geometry": { "type": "Polygon", "coordinates": [ [ [ 30.45465, 59.90184 ], [ 30.45473, 59.90174 ], [ 30.45478, 59.90175 ], [ 30.4549, 59.90157 ], [ 30.45462, 59.90152 ], [ 30.45437, 59.90179 ], [ 30.45465, 59.90184 ] ] ] } },
{ "type": "Feature", "properties": { "height": 13.0, "match_type": "matched", "height_source": "source_b" }, "geometry": { "type": "Polygon", "coordinates": [ [ [ 30.454641, 59.89451699999865 ], [ 30.454448, 59.894523999998654 ], [ 30.454429, 59.89456599999864 ], [ 30.454555, 59.894617999998658 ], [ 30.454659, 59.894580999998652 ], [ 30.454641, 59.89451699999865 ] ] ] } },
{ "type": "Feature", "properties": { "height": 4.5, "match_type": "matched", "height_source": "source_b" }, "geometry": { "type": "Polygon", "coordinates": [ [ [ 30.455025, 59.895808999998636 ], [ 30.45494, 59.896010999998644 ], [ 30.455124, 59.896029999998632 ], [ 30.45521, 59.895828999998635 ], [ 30.455025, 59.895808999998636 ] ] ] } },
{ "type": "Feature", "properties": { "height": 7.2, "match_type": "only_a", "height_source": "ml_predicted" }, "geometry": { "type": "Polygon", "coordinates": [ [ [ 30.45482, 59.89944 ], [ 30.45487, 59.89932 ], [ 30.45505, 59.89915 ], [ 30.45484, 59.89911 ], [ 30.45461, 59.8994 ], [ 30.45482, 59.89944 ] ] ] } },
{ "type": "Feature", "properties": { "height": 10.2, "match_type": "only_a", "height_source": "ml_predicted" }, "geometry": { "type": "Polygon", "coordinates": [ [ [ 30.45492, 59.90156 ], [ 30.45505, 59.90139 ], [ 30.4548, 59.90132 ], [ 30.4547, 59.90135 ], [ 30.45458, 59.90151 ], [ 30.45492, 59.90156 ] ] ] } },
{ "type": "Feature", "properties": { "height": 8.9, "match_type": "only_a", "height_source": "ml_predicted" }, "geometry": { "type": "Polygon", "coordinates": [ [ [ 30.45498, 59.89431 ], [ 30.45488, 59.89427 ], [ 30.45484, 59.89432 ], [ 30.45492, 59.89435 ], [ 30.45498, 59.89431 ] ] ] } },
{ "type": "Feature", "properties": { "height": 4.5, "match_type": "matched", "height_source": "source_b" }, "geometry": { "type": "Polygon", "coordinates": [ [ [ 30.454958, 59.904700999998653 ], [ 30.454731, 59.904825999998636 ], [ 30.454953, 59.904928999998639 ], [ 30.45518, 59.904803999998656 ], [ 30.454958, 59.904700999998653 ] ] ] } },
{ "type": "Feature", "properties": { "height": 4.9, "match_type": "only_a", "height_source": "ml_predicted" }, "geometry": { "type": "Polygon", "coordinates": [ [ [ 30.45498, 59.90614 ], [ 30.45502, 59.90611 ], [ 30.4549, 59.90612 ], [ 30.45498, 59.90614 ] ] ] } },
{ "type": "Feature", "properties": { "height": 4.5, "match_type": "matched", "height_source": "source_b" }, "geometry": { "type": "Polygon", "coordinates": [ [ [ 30.454998, 59.894395999998629 ], [ 30.454977, 59.894564999998629 ], [ 30.455112, 59.894568999998654 ], [ 30.455133, 59.894398999998629 ], [ 30.454998, 59.894395999998629 ] ] ] } },
{ "type": "Feature", "properties": { "height": 8.2, "match_type": "only_a", "height_source": "ml_predicted" }, "geometry": { "type": "Polygon", "coordinates": [ [ [ 30.45484, 59.89911 ], [ 30.45534, 59.89921 ], [ 30.45557, 59.89892 ], [ 30.45507, 59.89882 ], [ 30.45484, 59.89911 ] ] ] } },
{ "type": "Feature", "properties": { "height": 12.7, "match_type": "only_a", "height_source": "ml_predicted" }, "geometry": { "type": "Polygon", "coordinates": [ [ [ 30.45505, 59.90139 ], [ 30.45505, 59.90134 ], [ 30.45509, 59.90135 ], [ 30.45524, 59.90116 ], [ 30.455, 59.90108 ], [ 30.4549, 59.90112 ], [ 30.45476, 59.90128 ], [ 30.45505, 59.90139 ] ] ] } },
{ "type": "Feature", "properties": { "height": 6.5, "match_type": "only_a", "height_source": "ml_predicted" }, "geometry": { "type": "Polygon", "coordinates": [ [ [ 30.45508, 59.89787 ], [ 30.45525, 59.89763 ], [ 30.45486, 59.89755 ], [ 30.45467, 59.89778 ], [ 30.45508, 59.89787 ] ] ] } },
{ "type": "Feature", "properties": { "height": 5.4, "match_type": "only_a", "height_source": "ml_predicted" }, "geometry": { "type": "Polygon", "coordinates": [ [ [ 30.4552, 59.8933 ], [ 30.45521, 59.89325 ], [ 30.4551, 59.89324 ], [ 30.45509, 59.89329 ], [ 30.4552, 59.8933 ] ] ] } },
{ "type": "Feature", "properties": { "height": 5.5, "match_type": "only_a", "height_source": "ml_predicted" }, "geometry": { "type": "Polygon", "coordinates": [ [ [ 30.4553, 59.9007 ], [ 30.45545, 59.90052 ], [ 30.45524, 59.90047 ], [ 30.45509, 59.90066 ], [ 30.4553, 59.9007 ] ] ] } },
{ "type": "Feature", "properties": { "height": 7.2, "match_type": "only_a", "height_source": "ml_predicted" }, "geometry": { "type": "Polygon", "coordinates": [ [ [ 30.45552, 59.89608 ], [ 30.4558, 59.89605 ], [ 30.45566, 59.89566 ], [ 30.45539, 59.89569 ], [ 30.45552, 59.89608 ] ] ] } },
{ "type": "Feature", "properties": { "height": 9.9, "match_type": "matched", "height_source": "source_b" }, "geometry": { "type": "Polygon", "coordinates": [ [ [ 30.456253, 59.905916999998624 ], [ 30.455957, 59.906240999998623 ], [ 30.456256, 59.906309999998641 ], [ 30.456353, 59.906203999998645 ], [ 30.456437, 59.90622299999864 ], [ 30.456537, 59.906113999998631 ], [ 30.456453, 59.906093999998639 ], [ 30.456552, 59.905985999998634 ], [ 30.456253, 59.905916999998624 ] ] ] } },
{ "type": "Feature", "properties": { "height": 18.0, "match_type": "matched", "height_source": "source_b" }, "geometry": { "type": "Polygon", "coordinates": [ [ [ 30.455556, 59.906169999998639 ], [ 30.455939, 59.90625999999866 ], [ 30.456331, 59.905830999998642 ], [ 30.45595, 59.905742999998637 ], [ 30.455556, 59.906169999998639 ] ] ] } },
{ "type": "Feature", "properties": { "height": 9.9, "match_type": "matched", "height_source": "source_b" }, "geometry": { "type": "Polygon", "coordinates": [ [ [ 30.455867, 59.905832999998651 ], [ 30.455544, 59.90575799999862 ], [ 30.455439, 59.905872999998671 ], [ 30.455345, 59.905850999998648 ], [ 30.455258, 59.905944999998624 ], [ 30.45535, 59.905966999998647 ], [ 30.455254, 59.90607099999864 ], [ 30.455578, 59.906146999998633 ], [ 30.455867, 59.905832999998651 ] ] ] } },
{ "type": "Feature", "properties": { "height": 10.4, "match_type": "only_a", "height_source": "ml_predicted" }, "geometry": { "type": "Polygon", "coordinates": [ [ [ 30.45558, 59.89986 ], [ 30.45653, 59.90006 ], [ 30.45644, 59.9002 ], [ 30.45665, 59.90024 ], [ 30.45682, 59.90001 ], [ 30.45567, 59.89976 ], [ 30.45558, 59.89986 ] ] ] } },
{ "type": "Feature", "properties": { "height": 19.4, "match_type": "only_a", "height_source": "ml_predicted" }, "geometry": { "type": "Polygon", "coordinates": [ [ [ 30.4556, 59.89329 ], [ 30.45574, 59.8933 ], [ 30.45575, 59.89327 ], [ 30.45561, 59.89326 ], [ 30.4556, 59.89329 ] ] ] } },
{ "type": "Feature", "properties": { "height": 4.5, "match_type": "matched", "height_source": "source_b" }, "geometry": { "type": "Polygon", "coordinates": [ [ [ 30.455633, 59.898604999998632 ], [ 30.455783, 59.898690999998642 ], [ 30.455889, 59.898642999998621 ], [ 30.455739, 59.898557999998637 ], [ 30.455633, 59.898604999998632 ] ] ] } },
{ "type": "Feature", "properties": { "height": 15.0, "match_type": "matched", "height_source": "source_b" }, "geometry": { "type": "Polygon", "coordinates": [ [ [ 30.457103, 59.900822999998638 ], [ 30.455731, 59.900534999998634 ], [ 30.455588, 59.900705999998635 ], [ 30.456793, 59.900958999998643 ], [ 30.456425, 59.901388999998638 ], [ 30.455484, 59.901215999998641 ], [ 30.45538, 59.901334999998625 ], [ 30.455519, 59.901365999998646 ], [ 30.455487, 59.901401999998626 ], [ 30.455758, 59.901461999998631 ], [ 30.455795, 59.901419999998645 ], [ 30.455967, 59.901456999998636 ], [ 30.455934, 59.901495999998637 ], [ 30.456679, 59.901635999998646 ], [ 30.457245, 59.900973999998634 ], [ 30.457103, 59.900822999998638 ] ] ] } },
{ "type": "Feature", "properties": { "height": 6.7, "match_type": "only_a", "height_source": "ml_predicted" }, "geometry": { "type": "Polygon", "coordinates": [ [ [ 30.45585, 59.89659 ], [ 30.45612, 59.89656 ], [ 30.45598, 59.89617 ], [ 30.45571, 59.8962 ], [ 30.45585, 59.89659 ] ] ] } },
{ "type": "Feature", "properties": { "height": 4.0, "match_type": "matched", "height_source": "source_b" }, "geometry": { "type": "Polygon", "coordinates": [ [ [ 30.455831, 59.895224999998639 ], [ 30.4556, 59.89524999999864 ], [ 30.455631, 59.895332999998637 ], [ 30.455678, 59.895327999998642 ], [ 30.455724, 59.895459999998629 ], [ 30.455679, 59.895464999998623 ], [ 30.455711, 59.895546999998651 ], [ 30.455752, 59.895542999998611 ], [ 30.455799, 59.895681999998644 ], [ 30.455755, 59.895685999998634 ], [ 30.455787, 59.89576899999863 ], [ 30.455827, 59.895764999998626 ], [ 30.455873, 59.895899999998626 ], [ 30.455831, 59.895903999998637 ], [ 30.455863, 59.895986999998641 ], [ 30.455901, 59.895982999998644 ], [ 30.456046, 59.896405999998642 ], [ 30.456207, 59.89639099999863 ], [ 30.455831, 59.895224999998639 ] ] ] } },
{ "type": "Feature", "properties": { "height": 4.5, "match_type": "matched", "height_source": "source_b" }, "geometry": { "type": "Polygon", "coordinates": [ [ [ 30.455943, 59.906380999998653 ], [ 30.455886, 59.906440999998651 ], [ 30.456028, 59.906475999998648 ], [ 30.456085, 59.906414999998624 ], [ 30.455943, 59.906380999998653 ] ] ] } },
{ "type": "Feature", "properties": { "height": 24.0, "match_type": "matched", "height_source": "source_b" }, "geometry": { "type": "Polygon", "coordinates": [ [ [ 30.455972, 59.905026999998633 ], [ 30.456028, 59.905240999998625 ], [ 30.456479, 59.90523799999864 ], [ 30.456693, 59.905387999998645 ], [ 30.457044, 59.905261999998658 ], [ 30.456828, 59.905109999998658 ], [ 30.457003, 59.90492099999863 ], [ 30.456564, 59.904819999998615 ], [ 30.456397, 59.905002999998651 ], [ 30.455972, 59.905026999998633 ] ], [ [ 30.456366, 59.905170999998653 ], [ 30.456356, 59.905070999998642 ], [ 30.456502, 59.905066999998624 ], [ 30.456512, 59.905166999998642 ], [ 30.456366, 59.905170999998653 ] ] ] } },
{ "type": "Feature", "properties": { "height": 27.0, "match_type": "matched", "height_source": "source_b" }, "geometry": { "type": "Polygon", "coordinates": [ [ [ 30.456366, 59.905170999998653 ], [ 30.456512, 59.905166999998642 ], [ 30.456502, 59.905066999998624 ], [ 30.456356, 59.905070999998642 ], [ 30.456366, 59.905170999998653 ] ] ] } },
{ "type": "Feature", "properties": { "height": 13.2, "match_type": "matched", "height_source": "source_b" }, "geometry": { "type": "Polygon", "coordinates": [ [ [ 30.456833, 59.904881999998643 ], [ 30.456985, 59.904718999998664 ], [ 30.456845, 59.904644999998638 ], [ 30.4566, 59.904827999998645 ], [ 30.456833, 59.904881999998643 ] ] ] } },
{ "type": "Feature", "properties": { "height": 9.9, "match_type": "matched", "height_source": "source_b" }, "geometry": { "type": "Polygon", "coordinates": [ [ [ 30.456985, 59.904718999998664 ], [ 30.457106, 59.904587999998625 ], [ 30.456801, 59.904514999998618 ], [ 30.455972, 59.905026999998633 ], [ 30.456397, 59.905002999998651 ], [ 30.456564, 59.904819999998615 ], [ 30.456845, 59.904644999998638 ], [ 30.456985, 59.904718999998664 ] ] ] } },
{ "type": "Feature", "properties": { "height": 7.2, "match_type": "only_a", "height_source": "ml_predicted" }, "geometry": { "type": "Polygon", "coordinates": [ [ [ 30.45618, 59.89366 ], [ 30.45618, 59.89362 ], [ 30.45614, 59.89362 ], [ 30.45613, 59.89365 ], [ 30.45618, 59.89366 ] ] ] } },
{ "type": "Feature", "properties": { "height": 4.0, "match_type": "matched", "height_source": "source_b" }, "geometry": { "type": "Polygon", "coordinates": [ [ [ 30.456533, 59.897366999998624 ], [ 30.456316, 59.897384999998657 ], [ 30.456412, 59.897644999998619 ], [ 30.456625, 59.897624999998612 ], [ 30.456533, 59.897366999998624 ] ] ] } },
{ "type": "Feature", "properties": { "height": 10.4, "match_type": "only_a", "height_source": "ml_predicted" }, "geometry": { "type": "Polygon", "coordinates": [ [ [ 30.45646, 59.90196 ], [ 30.45634, 59.90193 ], [ 30.4564, 59.90186 ], [ 30.45607, 59.90179 ], [ 30.45596, 59.90191 ], [ 30.4559, 59.90189 ], [ 30.45582, 59.90199 ], [ 30.45586, 59.902 ], [ 30.4555, 59.90235 ], [ 30.45557, 59.90236 ], [ 30.45548, 59.90248 ], [ 30.45581, 59.90255 ], [ 30.45587, 59.90248 ], [ 30.45599, 59.90251 ], [ 30.45646, 59.90196 ] ] ] } },
{ "type": "Feature", "properties": { "height": 4.0, "match_type": "matched", "height_source": "source_b" }, "geometry": { "type": "Polygon", "coordinates": [ [ [ 30.456508, 59.896406999998646 ], [ 30.456242, 59.896424999998615 ], [ 30.456269, 59.896527999998654 ], [ 30.456069, 59.896540999998642 ], [ 30.456248, 59.897142999998643 ], [ 30.456464, 59.89712499999866 ], [ 30.456329, 59.896670999998634 ], [ 30.456571, 59.896653999998655 ], [ 30.456508, 59.896406999998646 ] ] ] } },
{ "type": "Feature", "properties": { "height": 4.5, "match_type": "matched", "height_source": "source_b" }, "geometry": { "type": "Polygon", "coordinates": [ [ [ 30.456536, 59.899256999998627 ], [ 30.456812, 59.899243999998653 ], [ 30.456798, 59.899168999998622 ], [ 30.456522, 59.899181999998639 ], [ 30.456536, 59.899256999998627 ] ] ] } },
{ "type": "Feature", "properties": { "height": 4.2, "match_type": "only_a", "height_source": "ml_predicted" }, "geometry": { "type": "Polygon", "coordinates": [ [ [ 30.45658, 59.89764 ], [ 30.45651, 59.89761 ], [ 30.45644, 59.89765 ], [ 30.45651, 59.89768 ], [ 30.45658, 59.89764 ] ] ] } },
{ "type": "Feature", "properties": { "height": 4.7, "match_type": "only_a", "height_source": "ml_predicted" }, "geometry": { "type": "Polygon", "coordinates": [ [ [ 30.45669, 59.9019 ], [ 30.45666, 59.90194 ], [ 30.45673, 59.90196 ], [ 30.45677, 59.90191 ], [ 30.45669, 59.9019 ] ] ] } },
{ "type": "Feature", "properties": { "height": 6.6, "match_type": "matched", "height_source": "source_b" }, "geometry": { "type": "Polygon", "coordinates": [ [ [ 30.456228, 59.894122999998636 ], [ 30.456702, 59.894154999998619 ], [ 30.456736, 59.894025999998632 ], [ 30.456262, 59.893993999998635 ], [ 30.456228, 59.894122999998636 ] ] ] } },
{ "type": "Feature", "properties": { "height": 4.5, "match_type": "matched", "height_source": "source_b" }, "geometry": { "type": "Polygon", "coordinates": [ [ [ 30.457044, 59.896210999998644 ], [ 30.456707, 59.896222999998642 ], [ 30.45673, 59.896400999998633 ], [ 30.456839, 59.896395999998653 ], [ 30.456832, 59.896337999998615 ], [ 30.45706, 59.896328999998666 ], [ 30.457044, 59.896210999998644 ] ] ] } },
{ "type": "Feature", "properties": { "height": 13.8, "match_type": "only_a", "height_source": "ml_predicted" }, "geometry": { "type": "Polygon", "coordinates": [ [ [ 30.45712, 59.89531 ], [ 30.45712, 59.89524 ], [ 30.45708, 59.89524 ], [ 30.45709, 59.89506 ], [ 30.4567, 59.89507 ], [ 30.45668, 59.89531 ], [ 30.45712, 59.89531 ] ] ] } },
{ "type": "Feature", "properties": { "height": 4.0, "match_type": "only_b", "height_source": "source_b" }, "geometry": { "type": "Polygon", "coordinates": [ [ [ 30.442904, 59.901553999998654 ], [ 30.44277, 59.901667999998644 ], [ 30.443213, 59.901797999998635 ], [ 30.443344, 59.901682999998627 ], [ 30.442904, 59.901553999998654 ] ] ] } },
{ "type": "Feature", "properties": { "height": 21.0, "match_type": "matched", "height_source": "source_b" }, "geometry": { "type": "Polygon", "coordinates": [ [ [ 30.443022, 59.902789999998639 ], [ 30.443109, 59.902838999998643 ], [ 30.443294, 59.902746999998641 ], [ 30.443202, 59.902699999998646 ], [ 30.443022, 59.902789999998639 ] ] ] } },
{ "type": "Feature", "properties": { "height": 24.5, "match_type": "only_b", "height_source": "source_b" }, "geometry": { "type": "Polygon", "coordinates": [ [ [ 30.443128, 59.905706999998635 ], [ 30.442968, 59.905776999998643 ], [ 30.443994, 59.906356999998636 ], [ 30.444154, 59.906286999998642 ], [ 30.443128, 59.905706999998635 ] ] ] } },
{ "type": "Feature", "properties": { "height": 12.0, "match_type": "only_b", "height_source": "source_b" }, "geometry": { "type": "Polygon", "coordinates": [ [ [ 30.443171, 59.90351299999864 ], [ 30.442857, 59.903666999998634 ], [ 30.444282, 59.904474999998641 ], [ 30.44418, 59.904520999998638 ], [ 30.44431, 59.904593999998639 ], [ 30.444662, 59.904436999998651 ], [ 30.44463, 59.904386999998636 ], [ 30.444691, 59.90435999999864 ], [ 30.443171, 59.90351299999864 ] ] ] } },
{ "type": "Feature", "properties": { "height": 20.0, "match_type": "only_b", "height_source": "source_b" }, "geometry": { "type": "Polygon", "coordinates": [ [ [ 30.443473, 59.905534999998629 ], [ 30.442645, 59.905894999998658 ], [ 30.443755, 59.90654399999864 ], [ 30.444582, 59.906183999998667 ], [ 30.443473, 59.905534999998629 ] ], [ [ 30.443128, 59.905706999998635 ], [ 30.444154, 59.906286999998642 ], [ 30.443994, 59.906356999998636 ], [ 30.442968, 59.905776999998643 ], [ 30.443128, 59.905706999998635 ] ] ] } },
{ "type": "Feature", "properties": { "height": 4.5, "match_type": "only_b", "height_source": "source_b" }, "geometry": { "type": "Polygon", "coordinates": [ [ [ 30.443525, 59.89935199999865 ], [ 30.443444, 59.899424999998644 ], [ 30.443566, 59.899458999998629 ], [ 30.443646, 59.899385999998657 ], [ 30.443525, 59.89935199999865 ] ] ] } },
{ "type": "Feature", "properties": { "height": 12.0, "match_type": "only_b", "height_source": "source_b" }, "geometry": { "type": "Polygon", "coordinates": [ [ [ 30.443563, 59.899831999998611 ], [ 30.443374, 59.899999999998641 ], [ 30.443653, 59.90007899999862 ], [ 30.443841, 59.899911999998622 ], [ 30.443563, 59.899831999998611 ] ] ] } },
{ "type": "Feature", "properties": { "height": 4.5, "match_type": "only_b", "height_source": "source_b" }, "geometry": { "type": "Polygon", "coordinates": [ [ [ 30.443738, 59.899133999998639 ], [ 30.443596, 59.899261999998608 ], [ 30.443719, 59.899295999998628 ], [ 30.443862, 59.89916799999866 ], [ 30.443738, 59.899133999998639 ] ] ] } },
{ "type": "Feature", "properties": { "height": 12.0, "match_type": "only_b", "height_source": "source_b" }, "geometry": { "type": "Polygon", "coordinates": [ [ [ 30.443801, 59.904733999998633 ], [ 30.443628, 59.904806999998641 ], [ 30.443956, 59.905002999998651 ], [ 30.444128, 59.904928999998639 ], [ 30.443801, 59.904733999998633 ] ] ] } },
{ "type": "Feature", "properties": { "height": 4.5, "match_type": "only_b", "height_source": "source_b" }, "geometry": { "type": "Polygon", "coordinates": [ [ [ 30.443972, 59.905253999998628 ], [ 30.44387, 59.905298999998649 ], [ 30.444156, 59.905464999998621 ], [ 30.444257, 59.90542099999864 ], [ 30.443972, 59.905253999998628 ] ] ] } },
{ "type": "Feature", "properties": { "height": 4.0, "match_type": "only_b", "height_source": "source_b" }, "geometry": { "type": "Polygon", "coordinates": [ [ [ 30.444256, 59.899711999998623 ], [ 30.44451, 59.899489999998636 ], [ 30.444022, 59.899347999998646 ], [ 30.443768, 59.899570999998637 ], [ 30.444256, 59.899711999998623 ] ] ] } },
{ "type": "Feature", "properties": { "height": 6.0, "match_type": "only_b", "height_source": "source_b" }, "geometry": { "type": "Polygon", "coordinates": [ [ [ 30.444395, 59.905087999998621 ], [ 30.4443, 59.905107999998648 ], [ 30.444393, 59.905115999998628 ], [ 30.444395, 59.905087999998621 ] ] ] } },
{ "type": "Feature", "properties": { "height": 6.0, "match_type": "only_b", "height_source": "source_b" }, "geometry": { "type": "Polygon", "coordinates": [ [ [ 30.444495, 59.905154999998643 ], [ 30.4444, 59.905174999998643 ], [ 30.444493, 59.905182999998615 ], [ 30.444495, 59.905154999998643 ] ] ] } },
{ "type": "Feature", "properties": { "height": 6.0, "match_type": "only_b", "height_source": "source_b" }, "geometry": { "type": "Polygon", "coordinates": [ [ [ 30.444596, 59.905214999998613 ], [ 30.444501, 59.905234999998626 ], [ 30.444593, 59.905242999998649 ], [ 30.444596, 59.905214999998613 ] ] ] } },
{ "type": "Feature", "properties": { "height": 4.0, "match_type": "only_b", "height_source": "source_b" }, "geometry": { "type": "Polygon", "coordinates": [ [ [ 30.44467, 59.90445399999863 ], [ 30.444608, 59.90448199999863 ], [ 30.444675, 59.904518999998636 ], [ 30.444734, 59.904489999998631 ], [ 30.44467, 59.90445399999863 ] ] ] } },
{ "type": "Feature", "properties": { "height": 4.5, "match_type": "only_b", "height_source": "source_b" }, "geometry": { "type": "Polygon", "coordinates": [ [ [ 30.444679, 59.898852999998645 ], [ 30.444537, 59.898992999998619 ], [ 30.444775, 59.899023999998633 ], [ 30.444895, 59.898908999998667 ], [ 30.444679, 59.898852999998645 ] ] ] } },
{ "type": "Feature", "properties": { "height": 12.0, "match_type": "only_b", "height_source": "source_b" }, "geometry": { "type": "Polygon", "coordinates": [ [ [ 30.444929, 59.904535999998636 ], [ 30.444661, 59.904660999998626 ], [ 30.444853, 59.904785999998644 ], [ 30.444978, 59.904735999998628 ], [ 30.445745, 59.905188999998636 ], [ 30.445935, 59.905116999998633 ], [ 30.444929, 59.904535999998636 ] ] ] } },
{ "type": "Feature", "properties": { "height": 6.0, "match_type": "only_b", "height_source": "source_b" }, "geometry": { "type": "Polygon", "coordinates": [ [ [ 30.445906, 59.90431999999862 ], [ 30.445812, 59.904340999998652 ], [ 30.445913, 59.90433499999866 ], [ 30.445906, 59.90431999999862 ] ] ] } },
{ "type": "Feature", "properties": { "height": 4.5, "match_type": "only_b", "height_source": "source_b" }, "geometry": { "type": "Polygon", "coordinates": [ [ [ 30.445895, 59.901801999998625 ], [ 30.445828, 59.901857999998647 ], [ 30.446019, 59.901915999998636 ], [ 30.446085, 59.901859999998656 ], [ 30.445895, 59.901801999998625 ] ] ] } },
{ "type": "Feature", "properties": { "height": 6.0, "match_type": "only_b", "height_source": "source_b" }, "geometry": { "type": "Polygon", "coordinates": [ [ [ 30.446008, 59.904382999998646 ], [ 30.445914, 59.904402999998645 ], [ 30.446006, 59.904410999998653 ], [ 30.446008, 59.904382999998646 ] ] ] } },
{ "type": "Feature", "properties": { "height": 6.0, "match_type": "only_b", "height_source": "source_b" }, "geometry": { "type": "Polygon", "coordinates": [ [ [ 30.446106, 59.904444999998631 ], [ 30.446012, 59.904464999998638 ], [ 30.446104, 59.904473999998608 ], [ 30.446106, 59.904444999998631 ] ] ] } },
{ "type": "Feature", "properties": { "height": 4.0, "match_type": "only_b", "height_source": "source_b" }, "geometry": { "type": "Polygon", "coordinates": [ [ [ 30.446059, 59.905163999998642 ], [ 30.445351, 59.905468999998625 ], [ 30.445496, 59.905554999998635 ], [ 30.446204, 59.905248999998648 ], [ 30.446059, 59.905163999998642 ] ] ] } },
{ "type": "Feature", "properties": { "height": 9.9, "match_type": "only_b", "height_source": "source_b" }, "geometry": { "type": "Polygon", "coordinates": [ [ [ 30.44609, 59.905989999998638 ], [ 30.445858, 59.906094999998643 ], [ 30.445929, 59.906134999998663 ], [ 30.446161, 59.90602999999863 ], [ 30.44609, 59.905989999998638 ] ] ] } },
{ "type": "Feature", "properties": { "height": 6.0, "match_type": "only_b", "height_source": "source_b" }, "geometry": { "type": "Polygon", "coordinates": [ [ [ 30.446124, 59.904208999998652 ], [ 30.446051, 59.904238999998633 ], [ 30.446153, 59.904232999998634 ], [ 30.446124, 59.904208999998652 ] ] ] } },
{ "type": "Feature", "properties": { "height": 6.0, "match_type": "only_b", "height_source": "source_b" }, "geometry": { "type": "Polygon", "coordinates": [ [ [ 30.446217, 59.904503999998653 ], [ 30.446123, 59.904523999998631 ], [ 30.446215, 59.904531999998646 ], [ 30.446217, 59.904503999998653 ] ] ] } },
{ "type": "Feature", "properties": { "height": 6.0, "match_type": "only_b", "height_source": "source_b" }, "geometry": { "type": "Polygon", "coordinates": [ [ [ 30.446236, 59.904384999998626 ], [ 30.446141, 59.90440499999864 ], [ 30.446234, 59.904412999998613 ], [ 30.446236, 59.904384999998626 ] ] ] } },
{ "type": "Feature", "properties": { "height": 4.0, "match_type": "only_b", "height_source": "source_b" }, "geometry": { "type": "Polygon", "coordinates": [ [ [ 30.446197, 59.901379999998639 ], [ 30.445919, 59.901615999998633 ], [ 30.446306, 59.901730999998627 ], [ 30.446584, 59.901495999998652 ], [ 30.446197, 59.901379999998639 ] ] ] } },
{ "type": "Feature", "properties": { "height": 6.0, "match_type": "only_b", "height_source": "source_b" }, "geometry": { "type": "Polygon", "coordinates": [ [ [ 30.446246, 59.904279999998657 ], [ 30.446152, 59.904299999998635 ], [ 30.446244, 59.90430799999865 ], [ 30.446246, 59.904279999998657 ] ] ] } },
{ "type": "Feature", "properties": { "height": 4.5, "match_type": "only_b", "height_source": "source_b" }, "geometry": { "type": "Polygon", "coordinates": [ [ [ 30.44621, 59.90170599999864 ], [ 30.44605, 59.90183599999861 ], [ 30.446137, 59.901862999998642 ], [ 30.446296, 59.901732999998636 ], [ 30.44621, 59.90170599999864 ] ] ] } },
{ "type": "Feature", "properties": { "height": 6.0, "match_type": "only_b", "height_source": "source_b" }, "geometry": { "type": "Polygon", "coordinates": [ [ [ 30.446297, 59.904147999998642 ], [ 30.446202, 59.904166999998644 ], [ 30.446294, 59.904175999998635 ], [ 30.446297, 59.904147999998642 ] ] ] } },
{ "type": "Feature", "properties": { "height": 6.0, "match_type": "only_b", "height_source": "source_b" }, "geometry": { "type": "Polygon", "coordinates": [ [ [ 30.446338, 59.90443599999864 ], [ 30.446264, 59.904465999998628 ], [ 30.446367, 59.904459999998643 ], [ 30.446338, 59.90443599999864 ] ] ] } },
{ "type": "Feature", "properties": { "height": 6.0, "match_type": "only_b", "height_source": "source_b" }, "geometry": { "type": "Polygon", "coordinates": [ [ [ 30.446359, 59.904341999998636 ], [ 30.446265, 59.904361999998621 ], [ 30.446357, 59.904369999998629 ], [ 30.446359, 59.904341999998636 ] ] ] } },
{ "type": "Feature", "properties": { "height": 6.0, "match_type": "only_b", "height_source": "source_b" }, "geometry": { "type": "Polygon", "coordinates": [ [ [ 30.446382, 59.904218999998605 ], [ 30.446287, 59.904238999998633 ], [ 30.44638, 59.904246999998641 ], [ 30.446382, 59.904218999998605 ] ] ] } },
{ "type": "Feature", "properties": { "height": 6.0, "match_type": "only_b", "height_source": "source_b" }, "geometry": { "type": "Polygon", "coordinates": [ [ [ 30.44644, 59.904387999998626 ], [ 30.446367, 59.904417999998628 ], [ 30.446469, 59.904411999998658 ], [ 30.44644, 59.904387999998626 ] ] ] } },
{ "type": "Feature", "properties": { "height": 12.0, "match_type": "only_b", "height_source": "source_b" }, "geometry": { "type": "Polygon", "coordinates": [ [ [ 30.446417, 59.906091999998658 ], [ 30.446114, 59.906251999998645 ], [ 30.446331, 59.90635799999864 ], [ 30.446425, 59.906306999998655 ], [ 30.447198, 59.906681999998625 ], [ 30.447505, 59.906520999998634 ], [ 30.446885, 59.906220999998659 ], [ 30.446646, 59.906345999998642 ], [ 30.446483, 59.906266999998635 ], [ 30.446625, 59.906191999998633 ], [ 30.446584, 59.906171999998641 ], [ 30.44639, 59.906277999998629 ], [ 30.446293, 59.906232999998643 ], [ 30.446489, 59.906126999998634 ], [ 30.446417, 59.906091999998658 ] ] ] } },
{ "type": "Feature", "properties": { "height": 6.0, "match_type": "only_b", "height_source": "source_b" }, "geometry": { "type": "Polygon", "coordinates": [ [ [ 30.446468, 59.904264999998645 ], [ 30.446394, 59.904294999998655 ], [ 30.446496, 59.904288999998627 ], [ 30.446468, 59.904264999998645 ] ] ] } },
{ "type": "Feature", "properties": { "height": 6.0, "match_type": "only_b", "height_source": "source_b" }, "geometry": { "type": "Polygon", "coordinates": [ [ [ 30.446562, 59.904030999998639 ], [ 30.446468, 59.904049999998648 ], [ 30.44656, 59.904058999998632 ], [ 30.446562, 59.904030999998639 ] ] ] } },
{ "type": "Feature", "properties": { "height": 6.0, "match_type": "only_b", "height_source": "source_b" }, "geometry": { "type": "Polygon", "coordinates": [ [ [ 30.446591, 59.904337999998617 ], [ 30.446496, 59.90435699999864 ], [ 30.446589, 59.904365999998639 ], [ 30.446591, 59.904337999998617 ] ] ] } },
{ "type": "Feature", "properties": { "height": 16.0, "match_type": "only_b", "height_source": "source_b" }, "geometry": { "type": "Polygon", "coordinates": [ [ [ 30.446584, 59.906171999998641 ], [ 30.446489, 59.906126999998634 ], [ 30.446293, 59.906232999998643 ], [ 30.44639, 59.906277999998629 ], [ 30.446584, 59.906171999998641 ] ] ] } },
{ "type": "Feature", "properties": { "height": 4.5, "match_type": "only_b", "height_source": "source_b" }, "geometry": { "type": "Polygon", "coordinates": [ [ [ 30.446627, 59.901290999998629 ], [ 30.446562, 59.901346999998623 ], [ 30.446652, 59.90137399999864 ], [ 30.446717, 59.901317999998646 ], [ 30.446627, 59.901290999998629 ] ] ] } },
{ "type": "Feature", "properties": { "height": 6.0, "match_type": "only_b", "height_source": "source_b" }, "geometry": { "type": "Polygon", "coordinates": [ [ [ 30.446677, 59.904088999998649 ], [ 30.446583, 59.904108999998641 ], [ 30.446675, 59.904116999998635 ], [ 30.446677, 59.904088999998649 ] ] ] } },
{ "type": "Feature", "properties": { "height": 12.0, "match_type": "only_b", "height_source": "source_b" }, "geometry": { "type": "Polygon", "coordinates": [ [ [ 30.446734, 59.900934999998626 ], [ 30.446379, 59.901234999998636 ], [ 30.446564, 59.901285999998635 ], [ 30.446926, 59.900994999998645 ], [ 30.446734, 59.900934999998626 ] ] ] } },
{ "type": "Feature", "properties": { "height": 6.0, "match_type": "only_b", "height_source": "source_b" }, "geometry": { "type": "Polygon", "coordinates": [ [ [ 30.446792, 59.904150999998627 ], [ 30.446698, 59.904170999998634 ], [ 30.44679, 59.904178999998649 ], [ 30.446792, 59.904150999998627 ] ] ] } },
{ "type": "Feature", "properties": { "height": 4.0, "match_type": "only_b", "height_source": "source_b" }, "geometry": { "type": "Polygon", "coordinates": [ [ [ 30.446796, 59.901161999998642 ], [ 30.446656, 59.901277999998641 ], [ 30.446773, 59.901313999998621 ], [ 30.446914, 59.901196999998639 ], [ 30.446796, 59.901161999998642 ] ] ] } },
{ "type": "Feature", "properties": { "height": 12.0, "match_type": "only_b", "height_source": "source_b" }, "geometry": { "type": "Polygon", "coordinates": [ [ [ 30.446796, 59.901161999998642 ], [ 30.446914, 59.901196999998639 ], [ 30.447094, 59.901049999998648 ], [ 30.446977, 59.901013999998618 ], [ 30.446796, 59.901161999998642 ] ] ] } },
{ "type": "Feature", "properties": { "height": 4.0, "match_type": "only_b", "height_source": "source_b" }, "geometry": { "type": "Polygon", "coordinates": [ [ [ 30.446831, 59.900711999998634 ], [ 30.446723, 59.900806999998636 ], [ 30.447092, 59.900911999998648 ], [ 30.4472, 59.900817999998644 ], [ 30.446831, 59.900711999998634 ] ] ] } },
{ "type": "Feature", "properties": { "height": 6.0, "match_type": "only_b", "height_source": "source_b" }, "geometry": { "type": "Polygon", "coordinates": [ [ [ 30.44689, 59.90421599999862 ], [ 30.446796, 59.904234999998657 ], [ 30.446888, 59.904243999998641 ], [ 30.44689, 59.90421599999862 ] ] ] } },
{ "type": "Feature", "properties": { "height": 4.0, "match_type": "only_b", "height_source": "source_b" }, "geometry": { "type": "Polygon", "coordinates": [ [ [ 30.446988, 59.904478999998616 ], [ 30.44631, 59.904793999998653 ], [ 30.446511, 59.904900999998631 ], [ 30.447191, 59.904588999998644 ], [ 30.446988, 59.904478999998616 ] ] ] } },
{ "type": "Feature", "properties": { "height": 4.0, "match_type": "only_b", "height_source": "source_b" }, "geometry": { "type": "Polygon", "coordinates": [ [ [ 30.447307, 59.895526999998651 ], [ 30.446219, 59.896894999998629 ], [ 30.447434, 59.897141999998624 ], [ 30.448068, 59.896343999998635 ], [ 30.448349, 59.896399999998629 ], [ 30.448822, 59.895807999998631 ], [ 30.447307, 59.895526999998651 ] ] ] } },
{ "type": "Feature", "properties": { "height": 20.0, "match_type": "only_b", "height_source": "source_b" }, "geometry": { "type": "Polygon", "coordinates": [ [ [ 30.447307, 59.895526999998651 ], [ 30.447665, 59.895593999998638 ], [ 30.447708, 59.895268999998649 ], [ 30.447354, 59.895253999998666 ], [ 30.447307, 59.895526999998651 ] ] ] } },
{ "type": "Feature", "properties": { "height": 4.5, "match_type": "only_b", "height_source": "source_b" }, "geometry": { "type": "Polygon", "coordinates": [ [ [ 30.447761, 59.905161999998647 ], [ 30.447666, 59.905199999998644 ], [ 30.447734, 59.905243999998639 ], [ 30.447829, 59.90520599999865 ], [ 30.447761, 59.905161999998647 ] ] ] } },
{ "type": "Feature", "properties": { "height": 4.0, "match_type": "only_b", "height_source": "source_b" }, "geometry": { "type": "Polygon", "coordinates": [ [ [ 30.448002, 59.906805999998667 ], [ 30.447872, 59.906873999998659 ], [ 30.447978, 59.90692599999862 ], [ 30.448109, 59.906857999998621 ], [ 30.448002, 59.906805999998667 ] ] ] } },
{ "type": "Feature", "properties": { "height": 4.5, "match_type": "only_b", "height_source": "source_b" }, "geometry": { "type": "Polygon", "coordinates": [ [ [ 30.448007, 59.898518999998622 ], [ 30.448182, 59.898542999998632 ], [ 30.448218, 59.89847799999864 ], [ 30.448043, 59.898452999998646 ], [ 30.448007, 59.898518999998622 ] ] ] } },
{ "type": "Feature", "properties": { "height": 15.0, "match_type": "only_b", "height_source": "source_b" }, "geometry": { "type": "Polygon", "coordinates": [ [ [ 30.448208, 59.905011999998621 ], [ 30.447984, 59.904993999998631 ], [ 30.447949, 59.905055999998645 ], [ 30.44803, 59.905105999998653 ], [ 30.448202, 59.905076999998641 ], [ 30.448208, 59.905011999998621 ] ] ] } },
{ "type": "Feature", "properties": { "height": 4.5, "match_type": "only_b", "height_source": "source_b" }, "geometry": { "type": "Polygon", "coordinates": [ [ [ 30.448155, 59.900577999998639 ], [ 30.448079, 59.900665999998637 ], [ 30.448279, 59.900709999998597 ], [ 30.448356, 59.90062099999863 ], [ 30.448155, 59.900577999998639 ] ] ] } },
{ "type": "Feature", "properties": { "height": 15.0, "match_type": "only_b", "height_source": "source_b" }, "geometry": { "type": "Polygon", "coordinates": [ [ [ 30.44841, 59.905142999998631 ], [ 30.448288, 59.905163999998614 ], [ 30.448253, 59.905225999998628 ], [ 30.448333, 59.905275999998636 ], [ 30.448506, 59.905245999998648 ], [ 30.448512, 59.905180999998642 ], [ 30.44841, 59.905142999998631 ] ] ] } },
{ "type": "Feature", "properties": { "height": 4.0, "match_type": "matched", "height_source": "source_b" }, "geometry": { "type": "Polygon", "coordinates": [ [ [ 30.448481, 59.906554999998633 ], [ 30.448332, 59.906631999998616 ], [ 30.448453, 59.906691999998635 ], [ 30.448602, 59.906612999998622 ], [ 30.448481, 59.906554999998633 ] ] ] } },
{ "type": "Feature", "properties": { "height": 4.0, "match_type": "only_b", "height_source": "source_b" }, "geometry": { "type": "Polygon", "coordinates": [ [ [ 30.44916, 59.904734999998638 ], [ 30.448674, 59.904957999998615 ], [ 30.448879, 59.905077999998653 ], [ 30.44937, 59.904850999998636 ], [ 30.44916, 59.904734999998638 ] ] ] } },
{ "type": "Feature", "properties": { "height": 4.5, "match_type": "only_b", "height_source": "source_b" }, "geometry": { "type": "Polygon", "coordinates": [ [ [ 30.449325, 59.905929999998627 ], [ 30.44925, 59.905969999998632 ], [ 30.44941, 59.906046999998672 ], [ 30.449485, 59.906006999998617 ], [ 30.449325, 59.905929999998627 ] ] ] } },
{ "type": "Feature", "properties": { "height": 4.5, "match_type": "only_b", "height_source": "source_b" }, "geometry": { "type": "Polygon", "coordinates": [ [ [ 30.450246, 59.904774999998644 ], [ 30.450145, 59.904856999998636 ], [ 30.450241, 59.904885999998648 ], [ 30.450341, 59.904802999998651 ], [ 30.450246, 59.904774999998644 ] ] ] } },
{ "type": "Feature", "properties": { "height": 4.0, "match_type": "only_b", "height_source": "source_b" }, "geometry": { "type": "Polygon", "coordinates": [ [ [ 30.450302, 59.898961999998633 ], [ 30.450225, 59.899065999998626 ], [ 30.450621, 59.899140999998615 ], [ 30.450699, 59.899038999998645 ], [ 30.450302, 59.898961999998633 ] ] ] } },
{ "type": "Feature", "properties": { "height": 4.0, "match_type": "only_b", "height_source": "source_b" }, "geometry": { "type": "Polygon", "coordinates": [ [ [ 30.450496, 59.905138999998627 ], [ 30.449647, 59.905570999998659 ], [ 30.449984, 59.905740999998656 ], [ 30.450833, 59.905308999998631 ], [ 30.450496, 59.905138999998627 ] ] ] } },
{ "type": "Feature", "properties": { "height": 4.0, "match_type": "only_b", "height_source": "source_b" }, "geometry": { "type": "Polygon", "coordinates": [ [ [ 30.450858, 59.894078999998641 ], [ 30.450802, 59.894267999998618 ], [ 30.451362, 59.894307999998638 ], [ 30.451419, 59.894118999998646 ], [ 30.450858, 59.894078999998641 ] ] ] } },
{ "type": "Feature", "properties": { "height": 4.5, "match_type": "only_b", "height_source": "source_b" }, "geometry": { "type": "Polygon", "coordinates": [ [ [ 30.451541, 59.899703999998643 ], [ 30.452087, 59.899814999998661 ], [ 30.452138, 59.899751999998628 ], [ 30.451592, 59.899640999998631 ], [ 30.451541, 59.899703999998643 ] ] ] } },
{ "type": "Feature", "properties": { "height": 4.5, "match_type": "only_b", "height_source": "source_b" }, "geometry": { "type": "Polygon", "coordinates": [ [ [ 30.451827, 59.899281999998635 ], [ 30.451743, 59.899383999998648 ], [ 30.452279, 59.899495999998635 ], [ 30.452363, 59.899394999998641 ], [ 30.451827, 59.899281999998635 ] ] ] } },
{ "type": "Feature", "properties": { "height": 4.5, "match_type": "only_b", "height_source": "source_b" }, "geometry": { "type": "Polygon", "coordinates": [ [ [ 30.45247, 59.899545999998665 ], [ 30.452565, 59.899566999998619 ], [ 30.452655, 59.89946299999864 ], [ 30.45256, 59.899441999998636 ], [ 30.45247, 59.899545999998665 ] ] ] } },
{ "type": "Feature", "properties": { "height": 4.5, "match_type": "only_b", "height_source": "source_b" }, "geometry": { "type": "Polygon", "coordinates": [ [ [ 30.452734, 59.894288999998651 ], [ 30.452642, 59.894312999998633 ], [ 30.452917, 59.894574999998603 ], [ 30.453007, 59.894549999998645 ], [ 30.452734, 59.894288999998651 ] ] ] } },
{ "type": "Feature", "properties": { "height": 4.5, "match_type": "only_b", "height_source": "source_b" }, "geometry": { "type": "Polygon", "coordinates": [ [ [ 30.454672, 59.902314999998673 ], [ 30.454608, 59.902329999998642 ], [ 30.45487, 59.902677999998645 ], [ 30.454941, 59.903018999998658 ], [ 30.455126, 59.903007999998636 ], [ 30.455082, 59.902796999998642 ], [ 30.455025, 59.902800999998632 ], [ 30.454672, 59.902314999998673 ] ] ] } },
{ "type": "Feature", "properties": { "height": 4.0, "match_type": "only_b", "height_source": "source_b" }, "geometry": { "type": "Polygon", "coordinates": [ [ [ 30.455004, 59.900537999998633 ], [ 30.454749, 59.900836999998631 ], [ 30.45496, 59.900882999998636 ], [ 30.455211, 59.900582999998633 ], [ 30.455004, 59.900537999998633 ] ] ] } },
{ "type": "Feature", "properties": { "height": 4.5, "match_type": "only_b", "height_source": "source_b" }, "geometry": { "type": "Polygon", "coordinates": [ [ [ 30.455095, 59.898743999998636 ], [ 30.455311, 59.898862999998649 ], [ 30.455385, 59.898829999998604 ], [ 30.455169, 59.898709999998644 ], [ 30.455095, 59.898743999998636 ] ] ] } },
{ "type": "Feature", "properties": { "height": 4.5, "match_type": "only_b", "height_source": "source_b" }, "geometry": { "type": "Polygon", "coordinates": [ [ [ 30.455175, 59.896117999998637 ], [ 30.455069, 59.896126999998657 ], [ 30.455103, 59.896249999998645 ], [ 30.455209, 59.896240999998639 ], [ 30.455175, 59.896117999998637 ] ] ] } },
{ "type": "Feature", "properties": { "height": 4.5, "match_type": "only_b", "height_source": "source_b" }, "geometry": { "type": "Polygon", "coordinates": [ [ [ 30.455185, 59.895019999998645 ], [ 30.455175, 59.89507099999863 ], [ 30.455253, 59.895074999998634 ], [ 30.455264, 59.895023999998635 ], [ 30.455185, 59.895019999998645 ] ] ] } },
{ "type": "Feature", "properties": { "height": 4.0, "match_type": "only_b", "height_source": "source_b" }, "geometry": { "type": "Polygon", "coordinates": [ [ [ 30.4554, 59.896785999998642 ], [ 30.45508, 59.896822999998633 ], [ 30.455116, 59.896906999998627 ], [ 30.455238, 59.896942999998636 ], [ 30.455269, 59.897038999998635 ], [ 30.455542, 59.897252999998642 ], [ 30.455699, 59.897209999998637 ], [ 30.455506, 59.89702999999863 ], [ 30.4554, 59.896785999998642 ] ] ] } },
{ "type": "Feature", "properties": { "height": 4.5, "match_type": "only_b", "height_source": "source_b" }, "geometry": { "type": "Polygon", "coordinates": [ [ [ 30.45541, 59.899276999998605 ], [ 30.455654, 59.899323999998636 ], [ 30.455698, 59.899264999998621 ], [ 30.455454, 59.899217999998626 ], [ 30.45541, 59.899276999998605 ] ] ] } },
{ "type": "Feature", "properties": { "height": 4.0, "match_type": "only_b", "height_source": "source_b" }, "geometry": { "type": "Polygon", "coordinates": [ [ [ 30.455414, 59.902942999998636 ], [ 30.455165, 59.903122999998608 ], [ 30.455424, 59.903212999998622 ], [ 30.455672, 59.903033999998655 ], [ 30.455414, 59.902942999998636 ] ] ] } },
{ "type": "Feature", "properties": { "height": 4.5, "match_type": "only_b", "height_source": "source_b" }, "geometry": { "type": "Polygon", "coordinates": [ [ [ 30.455574, 59.898886999998652 ], [ 30.455692, 59.898829999998618 ], [ 30.455608, 59.898785999998637 ], [ 30.45549, 59.898842999998621 ], [ 30.455574, 59.898886999998652 ] ] ] } },
{ "type": "Feature", "properties": { "height": 4.5, "match_type": "only_b", "height_source": "source_b" }, "geometry": { "type": "Polygon", "coordinates": [ [ [ 30.455642, 59.897838999998633 ], [ 30.455521, 59.898044999998646 ], [ 30.455633, 59.898061999998639 ], [ 30.455756, 59.897857999998642 ], [ 30.455642, 59.897838999998633 ] ] ] } },
{ "type": "Feature", "properties": { "height": 4.5, "match_type": "only_b", "height_source": "source_b" }, "geometry": { "type": "Polygon", "coordinates": [ [ [ 30.455778, 59.896779999998657 ], [ 30.455609, 59.896795999998645 ], [ 30.455689, 59.897006999998638 ], [ 30.455854, 59.89699199999864 ], [ 30.455778, 59.896779999998657 ] ] ] } },
{ "type": "Feature", "properties": { "height": 4.5, "match_type": "only_b", "height_source": "source_b" }, "geometry": { "type": "Polygon", "coordinates": [ [ [ 30.45578, 59.89893099999864 ], [ 30.455871, 59.898973999998631 ], [ 30.455935, 59.898940999998651 ], [ 30.455844, 59.898896999998641 ], [ 30.45578, 59.89893099999864 ] ] ] } },
{ "type": "Feature", "properties": { "height": 4.0, "match_type": "only_b", "height_source": "source_b" }, "geometry": { "type": "Polygon", "coordinates": [ [ [ 30.455882, 59.900119999998658 ], [ 30.455983, 59.900139999998636 ], [ 30.456033, 59.900077999998643 ], [ 30.455933, 59.900056999998661 ], [ 30.455882, 59.900119999998658 ] ] ] } },
{ "type": "Feature", "properties": { "height": 4.5, "match_type": "only_b", "height_source": "source_b" }, "geometry": { "type": "Polygon", "coordinates": [ [ [ 30.456039, 59.89512899999864 ], [ 30.455934, 59.895138999998643 ], [ 30.455966, 59.895240999998656 ], [ 30.456071, 59.895231999998657 ], [ 30.456039, 59.89512899999864 ] ] ] } },
{ "type": "Feature", "properties": { "height": 12.0, "match_type": "only_b", "height_source": "source_b" }, "geometry": { "type": "Polygon", "coordinates": [ [ [ 30.456182, 59.89494099999861 ], [ 30.455486, 59.894953999998634 ], [ 30.455491, 59.89506999999864 ], [ 30.456105, 59.895063999998627 ], [ 30.456188, 59.895040999998635 ], [ 30.456182, 59.89494099999861 ] ] ] } },
{ "type": "Feature", "properties": { "height": 4.5, "match_type": "only_b", "height_source": "source_b" }, "geometry": { "type": "Polygon", "coordinates": [ [ [ 30.456424, 59.894909999998632 ], [ 30.456386, 59.895036999998645 ], [ 30.45705, 59.895083999998633 ], [ 30.457065, 59.895034999998636 ], [ 30.456535, 59.894997999998644 ], [ 30.456559, 59.894918999998637 ], [ 30.456424, 59.894909999998632 ] ] ] } },
{ "type": "Feature", "properties": { "height": 4.5, "match_type": "only_b", "height_source": "source_b" }, "geometry": { "type": "Polygon", "coordinates": [ [ [ 30.456462, 59.895753999998632 ], [ 30.456276, 59.89576799999864 ], [ 30.456352, 59.896036999998643 ], [ 30.456538, 59.896022999998642 ], [ 30.456462, 59.895753999998632 ] ] ] } },
{ "type": "Feature", "properties": { "height": 4.5, "match_type": "only_b", "height_source": "source_b" }, "geometry": { "type": "Polygon", "coordinates": [ [ [ 30.456647, 59.89521899999864 ], [ 30.456601, 59.895466999998632 ], [ 30.456699, 59.895470999998658 ], [ 30.456745, 59.895223999998635 ], [ 30.456647, 59.89521899999864 ] ] ] } },
{ "type": "Feature", "properties": { "height": 4.5, "match_type": "only_b", "height_source": "source_b" }, "geometry": { "type": "Polygon", "coordinates": [ [ [ 30.456686, 59.895534999998631 ], [ 30.456572, 59.895543999998644 ], [ 30.456633, 59.895754999998637 ], [ 30.456748, 59.895744999998648 ], [ 30.456686, 59.895534999998631 ] ] ] } },
{ "type": "Feature", "properties": { "height": 4.5, "match_type": "only_b", "height_source": "source_b" }, "geometry": { "type": "Polygon", "coordinates": [ [ [ 30.45669, 59.895891999998632 ], [ 30.456564, 59.89589999999864 ], [ 30.45659, 59.896001999998632 ], [ 30.456715, 59.895991999998643 ], [ 30.45669, 59.895891999998632 ] ] ] } },
{ "type": "Feature", "properties": { "height": 4.5, "match_type": "only_b", "height_source": "source_b" }, "geometry": { "type": "Polygon", "coordinates": [ [ [ 30.456694, 59.897172999998631 ], [ 30.456585, 59.897180999998639 ], [ 30.456629, 59.897343999998611 ], [ 30.456735, 59.897335999998639 ], [ 30.456694, 59.897172999998631 ] ] ] } },
{ "type": "Feature", "properties": { "height": 4.5, "match_type": "only_b", "height_source": "source_b" }, "geometry": { "type": "Polygon", "coordinates": [ [ [ 30.457069, 59.89596599999863 ], [ 30.45685, 59.895972999998634 ], [ 30.456855, 59.896018999998638 ], [ 30.457074, 59.896011999998635 ], [ 30.457069, 59.89596599999863 ] ] ] } }
]
}
