{
"type": "FeatureCollection",
"name": "petrogradskaya",
"crs": { "type": "name", "properties": { "name": "urn:ogc:def:crs:OGC:1.3:CRS84" } },
"features": [
{ "type": "Feature", "properties": { "height": 15.0, "match_type": "matched", "height_source": "source_b" }, "geometry": { "type": "Polygon", "coordinates": [ [ [ 30.306375, 59.962139999998662 ], [ 30.306593, 59.962045999998658 ], [ 30.306021, 59.961678999998647 ], [ 30.305811, 59.961768999998647 ], [ 30.306375, 59.962139999998662 ] ] ] } },
{ "type": "Feature", "properties": { "height": 15.0, "match_type": "matched", "height_source": "source_b" }, "geometry": { "type": "Polygon", "coordinates": [ [ [ 30.306593, 59.962045999998658 ], [ 30.307038, 59.961862999998651 ], [ 30.307085, 59.961841999998633 ], [ 30.306977, 59.961774999998667 ], [ 30.306836, 59.961832999998649 ], [ 30.306803, 59.961810999998647 ], [ 30.306869, 59.961782999998654 ], [ 30.306687, 59.961668999998658 ], [ 30.306505, 59.96169999999865 ], [ 30.306546, 59.961726999998675 ], [ 30.306479, 59.96175199999864 ], [ 30.306663, 59.961865999998665 ], [ 30.306765, 59.961862999998651 ], [ 30.306485, 59.961981999998649 ], [ 30.306593, 59.962045999998658 ] ] ] } },
{ "type": "Feature", "properties": { "height": 4.5, "match_type": "matched", "height_source": "source_b" }, "geometry": { "type": "Polygon", "coordinates": [ [ [ 30.307038, 59.961862999998651 ], [ 30.307136, 59.96192099999864 ], [ 30.307327, 59.961839999998674 ], [ 30.307132, 59.961709999998639 ], [ 30.306977, 59.961774999998667 ], [ 30.307085, 59.961841999998633 ], [ 30.307038, 59.961862999998651 ] ] ] } },
{ "type": "Feature", "properties": { "height": 4.5, "match_type": "matched", "height_source": "source_b" }, "geometry": { "type": "Polygon", "coordinates": [ [ [ 30.306748, 59.961981999998663 ], [ 30.30682, 59.962026999998663 ], [ 30.307113, 59.961906999998661 ], [ 30.307038, 59.961862999998651 ], [ 30.306748, 59.961981999998663 ] ] ] } },
{ "type": "Feature", "properties": { "height": 5.4, "match_type": "only_a", "height_source": "ml_predicted" }, "geometry": { "type": "Polygon", "coordinates": [ [ [ 30.3084, 59.96497 ], [ 30.30816, 59.96507 ], [ 30.30812, 59.96501 ], [ 30.3081, 59.96506 ], [ 30.30816, 59.96509 ], [ 30.30844, 59.96499 ], [ 30.3084, 59.96497 ] ] ] } },
{ "type": "Feature", "properties": { "height": 9.9, "match_type": "matched", "height_source": "source_b" }, "geometry": { "type": "Polygon", "coordinates": [ [ [ 30.314374, 59.959320999998646 ], [ 30.314682, 59.95893099999865 ], [ 30.314723, 59.958883999998662 ], [ 30.31461, 59.958858999998654 ], [ 30.314268, 59.959274999998655 ], [ 30.314374, 59.959320999998646 ] ] ] } },
{ "type": "Feature", "properties": { "height": 39.0, "match_type": "matched", "height_source": "source_b" }, "geometry": { "type": "Polygon", "coordinates": [ [ [ 30.315784, 59.964801999998677 ], [ 30.315775, 59.964863999998656 ], [ 30.315707, 59.964865999998665 ], [ 30.315719, 59.964934999998661 ], [ 30.316185, 59.964926999998653 ], [ 30.31621, 59.964667999998674 ], [ 30.315702, 59.964719999998664 ], [ 30.315784, 59.964801999998677 ] ] ] } },
{ "type": "Feature", "properties": { "height": 24.0, "match_type": "matched", "height_source": "source_b" }, "geometry": { "type": "Polygon", "coordinates": [ [ [ 30.304312, 59.97035299999866 ], [ 30.304233, 59.970363999998654 ], [ 30.304265, 59.970421999998663 ], [ 30.304345, 59.970410999998656 ], [ 30.304312, 59.97035299999866 ] ] ] } },
{ "type": "Feature", "properties": { "height": 21.0, "match_type": "matched", "height_source": "source_b" }, "geometry": { "type": "Polygon", "coordinates": [ [ [ 30.303813, 59.97043899999867 ], [ 30.303785, 59.970387999998671 ], [ 30.303599, 59.970413999998655 ], [ 30.303627, 59.970464999998669 ], [ 30.303328, 59.970506999998655 ], [ 30.303362, 59.970567999998657 ], [ 30.304355, 59.970429999998672 ], [ 30.305655, 59.970539999998657 ], [ 30.305696, 59.970416999998669 ], [ 30.305072, 59.970364999998679 ], [ 30.305043, 59.970461999998655 ], [ 30.304899, 59.97045199999868 ], [ 30.30471, 59.970410999998656 ], [ 30.304723, 59.970373999998664 ], [ 30.304671, 59.970369999998674 ], [ 30.304691, 59.970310999998667 ], [ 30.30438, 59.970287999998668 ], [ 30.304292, 59.970316999998644 ], [ 30.304345, 59.970410999998656 ], [ 30.304265, 59.970421999998663 ], [ 30.304242, 59.970379999998663 ], [ 30.303813, 59.97043899999867 ] ], [ [ 30.304369, 59.970372999998673 ], [ 30.304393, 59.970323999998655 ], [ 30.304536, 59.970340999998662 ], [ 30.304513, 59.970390999998671 ], [ 30.304369, 59.970372999998673 ] ] ] } },
{ "type": "Feature", "properties": { "height": 18.0, "match_type": "matched", "height_source": "source_b" }, "geometry": { "type": "Polygon", "coordinates": [ [ [ 30.303813, 59.97043899999867 ], [ 30.304242, 59.970379999998663 ], [ 30.304312, 59.97035299999866 ], [ 30.304292, 59.970316999998644 ], [ 30.303785, 59.970387999998671 ], [ 30.303813, 59.97043899999867 ] ] ] } },
{ "type": "Feature", "properties": { "height": 21.0, "match_type": "matched", "height_source": "source_b" }, "geometry": { "type": "Polygon", "coordinates": [ [ [ 30.306220373429063, 59.970128051325368 ], [ 30.306353661932388, 59.969954040044371 ], [ 30.305471516765497, 59.96982234759998 ], [ 30.304474471270165, 59.969808503703696 ], [ 30.304431536417813, 59.969813014259948 ], [ 30.304523677035814, 59.970265109340183 ], [ 30.304063663597336, 59.970329354133064 ], [ 30.303804278779403, 59.969855036484091 ], [ 30.303221745624622, 59.969994544668637 ], [ 30.303357488140048, 59.970093278741494 ], [ 30.303646442543084, 59.970020975277237 ], [ 30.303858258119611, 59.970377230875826 ], [ 30.301690347836001, 59.97067601438772 ], [ 30.301746536668851, 59.970802553605033 ], [ 30.305174621130231, 59.970363227839563 ], [ 30.305557261275844, 59.970377411812763 ], [ 30.30566025104816, 59.970289054593124 ], [ 30.306185974684915, 59.970351837695645 ], [ 30.306253919165083, 59.970196390490919 ], [ 30.306607951703068, 59.970220771978838 ], [ 30.306524716120236, 59.970363333668921 ], [ 30.306779639969704, 59.97041099973125 ], [ 30.307015231809928, 59.970072907143965 ], [ 30.306968160793279, 59.970021510410547 ], [ 30.306712221328802, 59.96996776046273 ], [ 30.306620850147041, 59.970157221038988 ], [ 30.306220373429063, 59.970128051325368 ] ], [ [ 30.30554346760109, 59.969967617534444 ], [ 30.306073474697378, 59.970059777338392 ], [ 30.306007495901333, 59.970203864474811 ], [ 30.30520828641739, 59.970214294319767 ], [ 30.304793349985374, 59.970265393077582 ], [ 30.304705551437831, 59.969907780135664 ], [ 30.30554346760109, 59.969967617534444 ] ] ] } },
{ "type": "Feature", "properties": { "height": 24.0, "match_type": "matched", "height_source": "source_b" }, "geometry": { "type": "Polygon", "coordinates": [ [ [ 30.305081, 59.970333999998658 ], [ 30.304691, 59.970310999998667 ], [ 30.304671, 59.970369999998674 ], [ 30.304723, 59.970373999998664 ], [ 30.30471, 59.970410999998656 ], [ 30.305043, 59.970461999998655 ], [ 30.305081, 59.970333999998658 ] ] ] } },
{ "type": "Feature", "properties": { "height": 18.0, "match_type": "matched", "height_source": "source_b" }, "geometry": { "type": "Polygon", "coordinates": [ [ [ 30.304899, 59.970250999998676 ], [ 30.305012, 59.969911999998672 ], [ 30.304873, 59.969900999998679 ], [ 30.304761, 59.970239999998647 ], [ 30.304899, 59.970250999998676 ] ] ] } },
{ "type": "Feature", "properties": { "height": 15.0, "match_type": "matched", "height_source": "source_b" }, "geometry": { "type": "Polygon", "coordinates": [ [ [ 30.304761, 59.970239999998647 ], [ 30.304859, 59.969944999998674 ], [ 30.304657, 59.969927999998646 ], [ 30.304582, 59.970301999998661 ], [ 30.305081, 59.970333999998658 ], [ 30.305139, 59.970147999998652 ], [ 30.305023, 59.970138999998653 ], [ 30.305067, 59.969997999998654 ], [ 30.305201, 59.970028999998675 ], [ 30.305185, 59.97007899999867 ], [ 30.30587, 59.970132999998668 ], [ 30.305882, 59.970092999998663 ], [ 30.306482, 59.970140999998662 ], [ 30.306502, 59.97007599999867 ], [ 30.306297, 59.970059999998647 ], [ 30.306287, 59.970091999998672 ], [ 30.305789, 59.970019999998676 ], [ 30.305779, 59.970051999998674 ], [ 30.304997, 59.969956999998679 ], [ 30.304899, 59.970250999998676 ], [ 30.304761, 59.970239999998647 ] ] ] } },
{ "type": "Feature", "properties": { "height": 9.9, "match_type": "matched", "height_source": "source_b" }, "geometry": { "type": "Polygon", "coordinates": [ [ [ 30.30599, 59.970203999998652 ], [ 30.305739, 59.970194999998647 ], [ 30.305713, 59.970278999998669 ], [ 30.30596, 59.970298999998661 ], [ 30.30599, 59.970203999998652 ] ] ] } },
{ "type": "Feature", "properties": { "height": 9.9, "match_type": "matched", "height_source": "source_b" }, "geometry": { "type": "Polygon", "coordinates": [ [ [ 30.306473, 59.970256999998647 ], [ 30.306244, 59.970223999998666 ], [ 30.306214, 59.970319999998644 ], [ 30.306447, 59.970337999998662 ], [ 30.306473, 59.970256999998647 ] ] ] } },
{ "type": "Feature", "properties": { "height": 18.0, "match_type": "matched", "height_source": "source_b" }, "geometry": { "type": "Polygon", "coordinates": [ [ [ 30.306384, 59.970234999998638 ], [ 30.306415, 59.970134999998649 ], [ 30.305882, 59.970092999998663 ], [ 30.305851, 59.970191999998647 ], [ 30.306254, 59.970192999998659 ], [ 30.306244, 59.970223999998666 ], [ 30.306384, 59.970234999998638 ] ] ] } },
{ "type": "Feature", "properties": { "height": 6.6, "match_type": "matched", "height_source": "source_b" }, "geometry": { "type": "Polygon", "coordinates": [ [ [ 30.306796, 59.970102999998659 ], [ 30.306502, 59.97007599999867 ], [ 30.306482, 59.970140999998662 ], [ 30.306749, 59.970165999998692 ], [ 30.306796, 59.970102999998659 ] ] ] } },
{ "type": "Feature", "properties": { "height": 9.9, "match_type": "matched", "height_source": "source_b" }, "geometry": { "type": "Polygon", "coordinates": [ [ [ 30.306796, 59.970102999998659 ], [ 30.306629, 59.97032499999866 ], [ 30.306947, 59.970349999998675 ], [ 30.306989, 59.970293999998667 ], [ 30.306842, 59.970266999998636 ], [ 30.306908, 59.970177999998654 ], [ 30.307055, 59.970205999998676 ], [ 30.307091, 59.970156999998672 ], [ 30.306796, 59.970102999998659 ] ] ] } },
{ "type": "Feature", "properties": { "height": 9.9, "match_type": "matched", "height_source": "source_b" }, "geometry": { "type": "Polygon", "coordinates": [ [ [ 30.306989, 59.970293999998667 ], [ 30.307055, 59.970205999998676 ], [ 30.306908, 59.970177999998654 ], [ 30.306842, 59.970266999998636 ], [ 30.306989, 59.970293999998667 ] ] ] } },
{ "type": "Feature", "properties": { "height": 10.8, "match_type": "only_a", "height_source": "ml_predicted" }, "geometry": { "type": "Polygon", "coordinates": [ [ [ 30.30713, 59.97017 ], [ 30.30718, 59.97006 ], [ 30.30716, 59.97 ], [ 30.30676, 59.96993 ], [ 30.30671, 59.97001 ], [ 30.30685, 59.97003 ], [ 30.30679, 59.97014 ], [ 30.30713, 59.97017 ] ] ] } },
{ "type": "Feature", "properties": { "height": 13.2, "match_type": "matched", "height_source": "source_b" }, "geometry": { "type": "Polygon", "coordinates": [ [ [ 30.303881, 59.959861999998665 ], [ 30.303944, 59.959837999998655 ], [ 30.304655, 59.95955299999865 ], [ 30.304197, 59.959257999998655 ], [ 30.304105, 59.959241999998667 ], [ 30.303382, 59.959545999998674 ], [ 30.303791, 59.959758999998648 ], [ 30.303744, 59.95977699999866 ], [ 30.303881, 59.959861999998665 ] ], [ [ 30.303894, 59.959658999998659 ], [ 30.303716, 59.95955299999865 ], [ 30.304083, 59.959398999998676 ], [ 30.304261, 59.959504999998664 ], [ 30.303894, 59.959658999998659 ] ] ] } },
{ "type": "Feature", "properties": { "height": 13.2, "match_type": "matched", "height_source": "source_b" }, "geometry": { "type": "Polygon", "coordinates": [ [ [ 30.303728, 59.966508999998659 ], [ 30.303899, 59.96662399999866 ], [ 30.304461, 59.966402999998664 ], [ 30.304287, 59.966290999998662 ], [ 30.303728, 59.966508999998659 ] ] ] } },
{ "type": "Feature", "properties": { "height": 18.0, "match_type": "matched", "height_source": "source_b" }, "geometry": { "type": "Polygon", "coordinates": [ [ [ 30.304531, 59.964757999998675 ], [ 30.304168, 59.964507999998638 ], [ 30.304277, 59.964461999998633 ], [ 30.304126, 59.964372999998652 ], [ 30.303798, 59.964492999998669 ], [ 30.304342, 59.964832999998663 ], [ 30.304531, 59.964757999998675 ] ] ] } },
{ "type": "Feature", "properties": { "height": 18.0, "match_type": "matched", "height_source": "source_b" }, "geometry": { "type": "Polygon", "coordinates": [ [ [ 30.304374, 59.964636999998653 ], [ 30.304531, 59.964757999998675 ], [ 30.304754, 59.964670999998674 ], [ 30.304575, 59.964556999998663 ], [ 30.304374, 59.964636999998653 ] ] ] } },
{ "type": "Feature", "properties": { "height": 15.0, "match_type": "matched", "height_source": "source_b" }, "geometry": { "type": "Polygon", "coordinates": [ [ [ 30.304422, 59.961490999998666 ], [ 30.304622, 59.961411999998674 ], [ 30.304277, 59.961192999998659 ], [ 30.304039, 59.961257999998637 ], [ 30.304422, 59.961490999998666 ] ] ] } },
{ "type": "Feature", "properties": { "height": 13.2, "match_type": "matched", "height_source": "source_b" }, "geometry": { "type": "Polygon", "coordinates": [ [ [ 30.304389, 59.963007999998659 ], [ 30.304008, 59.963155999998648 ], [ 30.304136, 59.963238999998659 ], [ 30.304529, 59.963088999998661 ], [ 30.304389, 59.963007999998659 ] ] ] } },
{ "type": "Feature", "properties": { "height": 8.8, "match_type": "only_a", "height_source": "ml_predicted" }, "geometry": { "type": "Polygon", "coordinates": [ [ [ 30.30401, 59.97089 ], [ 30.30412, 59.97089 ], [ 30.30412, 59.97063 ], [ 30.30397, 59.97065 ], [ 30.30401, 59.97089 ] ] ] } },
{ "type": "Feature", "properties": { "height": 21.0, "match_type": "matched", "height_source": "source_b" }, "geometry": { "type": "Polygon", "coordinates": [ [ [ 30.304366, 59.970696999998673 ], [ 30.304612, 59.970668999998658 ], [ 30.304562, 59.970543999998661 ], [ 30.304359, 59.970575999998651 ], [ 30.304366, 59.970696999998673 ] ] ] } },
{ "type": "Feature", "properties": { "height": 15.0, "match_type": "matched", "height_source": "source_b" }, "geometry": { "type": "Polygon", "coordinates": [ [ [ 30.304416, 59.970738999998659 ], [ 30.304574, 59.970735999998681 ], [ 30.304571, 59.970693999998659 ], [ 30.304414, 59.970695999998668 ], [ 30.304416, 59.970738999998659 ] ] ] } },
{ "type": "Feature", "properties": { "height": 13.2, "match_type": "matched", "height_source": "source_b" }, "geometry": { "type": "Polygon", "coordinates": [ [ [ 30.304422, 59.97082299999866 ], [ 30.304579, 59.970820999998679 ], [ 30.304574, 59.970735999998681 ], [ 30.304416, 59.970738999998659 ], [ 30.304422, 59.97082299999866 ] ] ] } },
{ "type": "Feature", "properties": { "height": 18.0, "match_type": "matched", "height_source": "source_b" }, "geometry": { "type": "Polygon", "coordinates": [ [ [ 30.304597, 59.971105999998656 ], [ 30.304579, 59.970820999998679 ], [ 30.304422, 59.97082299999866 ], [ 30.304429, 59.970950999998671 ], [ 30.304237, 59.97095399999867 ], [ 30.304135, 59.970954999998661 ], [ 30.304127, 59.970824999998669 ], [ 30.303967, 59.970826999998664 ], [ 30.303985, 59.971115999998659 ], [ 30.304597, 59.971105999998656 ] ] ] } },
{ "type": "Feature", "properties": { "height": 15.0, "match_type": "matched", "height_source": "source_b" }, "geometry": { "type": "Polygon", "coordinates": [ [ [ 30.304353, 59.960944999998659 ], [ 30.3046, 59.960841999998671 ], [ 30.304268, 59.96060999999866 ], [ 30.303995, 59.96071899999864 ], [ 30.304353, 59.960944999998659 ] ] ] } },
{ "type": "Feature", "properties": { "height": 15.0, "match_type": "matched", "height_source": "source_b" }, "geometry": { "type": "Polygon", "coordinates": [ [ [ 30.30404, 59.962794999998643 ], [ 30.304199, 59.962897999998646 ], [ 30.30467, 59.962714999998674 ], [ 30.304508, 59.962609999998655 ], [ 30.30404, 59.962794999998643 ] ] ] } },
{ "type": "Feature", "properties": { "height": 4.5, "match_type": "matched", "height_source": "source_b" }, "geometry": { "type": "Polygon", "coordinates": [ [ [ 30.303973, 59.960046999998667 ], [ 30.304068, 59.960108999998688 ], [ 30.304179, 59.960065999998633 ], [ 30.304085, 59.960003999998662 ], [ 30.303973, 59.960046999998667 ] ] ] } },
{ "type": "Feature", "properties": { "height": 6.6, "match_type": "matched", "height_source": "source_b" }, "geometry": { "type": "Polygon", "coordinates": [ [ [ 30.304049, 59.96516999999865 ], [ 30.303987, 59.965197999998658 ], [ 30.304078, 59.965253999998659 ], [ 30.304142, 59.965228999998665 ], [ 30.304049, 59.96516999999865 ] ] ] } },
{ "type": "Feature", "properties": { "height": 18.0, "match_type": "matched", "height_source": "source_b" }, "geometry": { "type": "Polygon", "coordinates": [ [ [ 30.304022, 59.959988999998671 ], [ 30.304146, 59.960044999998665 ], [ 30.304583, 59.959860999998661 ], [ 30.304452, 59.95977399999866 ], [ 30.304138, 59.959897999998667 ], [ 30.303993, 59.959817999998641 ], [ 30.303881, 59.959861999998665 ], [ 30.30406, 59.95997399999866 ], [ 30.304022, 59.959988999998671 ] ] ] } },
{ "type": "Feature", "properties": { "height": 18.0, "match_type": "matched", "height_source": "source_b" }, "geometry": { "type": "Polygon", "coordinates": [ [ [ 30.303842, 59.961682999998636 ], [ 30.303998, 59.96177399999867 ], [ 30.304731, 59.961481999998654 ], [ 30.304622, 59.961411999998674 ], [ 30.303842, 59.961682999998636 ] ] ] } },
{ "type": "Feature", "properties": { "height": 21.0, "match_type": "matched", "height_source": "source_b" }, "geometry": { "type": "Polygon", "coordinates": [ [ [ 30.304097, 59.961968999998675 ], [ 30.304182, 59.961938999998672 ], [ 30.304114, 59.961889999998654 ], [ 30.304028, 59.961918999998666 ], [ 30.304097, 59.961968999998675 ] ] ] } },
{ "type": "Feature", "properties": { "height": 18.0, "match_type": "matched", "height_source": "source_b" }, "geometry": { "type": "Polygon", "coordinates": [ [ [ 30.303888, 59.962537999998659 ], [ 30.304135, 59.962699999998648 ], [ 30.304411, 59.962551999998624 ], [ 30.304204, 59.962411999998672 ], [ 30.303888, 59.962537999998659 ] ] ] } },
{ "type": "Feature", "properties": { "height": 9.9, "match_type": "only_a", "height_source": "ml_predicted" }, "geometry": { "type": "Polygon", "coordinates": [ [ [ 30.3042, 59.9629 ], [ 30.30471, 59.96273 ], [ 30.30467, 59.96271 ], [ 30.3042, 59.9629 ] ] ] } },
{ "type": "Feature", "properties": { "height": 13.2, "match_type": "matched", "height_source": "source_b" }, "geometry": { "type": "Polygon", "coordinates": [ [ [ 30.30423, 59.965842999998664 ], [ 30.304059, 59.965744999998655 ], [ 30.303819, 59.96584199999868 ], [ 30.303986, 59.965940999998665 ], [ 30.30423, 59.965842999998664 ] ] ] } },
{ "type": "Feature", "properties": { "height": 18.0, "match_type": "matched", "height_source": "source_b" }, "geometry": { "type": "Polygon", "coordinates": [ [ [ 30.304107, 59.965766999998678 ], [ 30.304246, 59.965852999998674 ], [ 30.304582, 59.965711999998668 ], [ 30.304445, 59.965627999998674 ], [ 30.304107, 59.965766999998678 ] ] ] } },
{ "type": "Feature", "properties": { "height": 4.5, "match_type": "matched", "height_source": "source_b" }, "geometry": { "type": "Polygon", "coordinates": [ [ [ 30.304125, 59.960383999998669 ], [ 30.304238, 59.960342999998645 ], [ 30.304146, 59.960278999998671 ], [ 30.304033, 59.960318999998648 ], [ 30.304125, 59.960383999998669 ] ] ] } },
{ "type": "Feature", "properties": { "height": 9.9, "match_type": "matched", "height_source": "source_b" }, "geometry": { "type": "Polygon", "coordinates": [ [ [ 30.304199, 59.962897999998646 ], [ 30.304067, 59.962810999998673 ], [ 30.303835, 59.962896999998669 ], [ 30.30399, 59.962996999998659 ], [ 30.304199, 59.962897999998646 ] ] ] } },
{ "type": "Feature", "properties": { "height": 6.6, "match_type": "matched", "height_source": "source_b" }, "geometry": { "type": "Polygon", "coordinates": [ [ [ 30.304235, 59.967688999998671 ], [ 30.304396, 59.967623999998672 ], [ 30.303896, 59.967312999998647 ], [ 30.303735, 59.967377999998675 ], [ 30.304235, 59.967688999998671 ] ] ] } },
{ "type": "Feature", "properties": { "height": 1.0, "match_type": "only_a", "height_source": "ml_predicted" }, "geometry": { "type": "Polygon", "coordinates": [ [ [ 30.30427, 59.96877 ], [ 30.30431, 59.9687 ], [ 30.30419, 59.96868 ], [ 30.30416, 59.96876 ], [ 30.30427, 59.96877 ] ] ] } },
{ "type": "Feature", "properties": { "height": 9.9, "match_type": "matched", "height_source": "source_b" }, "geometry": { "type": "Polygon", "coordinates": [ [ [ 30.303752, 59.964142999998671 ], [ 30.303945, 59.964249999998664 ], [ 30.304249, 59.964131999998664 ], [ 30.303997, 59.963975999998674 ], [ 30.303885, 59.964019999998641 ], [ 30.304072, 59.964135999998653 ], [ 30.303965, 59.964181999998658 ], [ 30.303813, 59.964118999998661 ], [ 30.303752, 59.964142999998671 ] ] ] } },
{ "type": "Feature", "properties": { "height": 15.0, "match_type": "matched", "height_source": "source_b" }, "geometry": { "type": "Polygon", "coordinates": [ [ [ 30.304287, 59.966290999998662 ], [ 30.304442, 59.966390999998652 ], [ 30.304757, 59.966268999998668 ], [ 30.304606, 59.966168999998651 ], [ 30.304287, 59.966290999998662 ] ] ] } },
{ "type": "Feature", "properties": { "height": 18.0, "match_type": "matched", "height_source": "source_b" }, "geometry": { "type": "Polygon", "coordinates": [ [ [ 30.304702, 59.958919999998656 ], [ 30.304269, 59.959096999998657 ], [ 30.304625, 59.959313999998649 ], [ 30.305086, 59.959129999998645 ], [ 30.304996, 59.959072999998646 ], [ 30.304742, 59.959171999998674 ], [ 30.304571, 59.959065999998657 ], [ 30.304823, 59.958962999998661 ], [ 30.304702, 59.958919999998656 ] ] ] } },
{ "type": "Feature", "properties": { "height": 13.2, "match_type": "matched", "height_source": "source_b" }, "geometry": { "type": "Polygon", "coordinates": [ [ [ 30.304375, 59.96066799999867 ], [ 30.304574, 59.960593999998672 ], [ 30.304529, 59.960565999998664 ], [ 30.304581, 59.960544999998639 ], [ 30.304525, 59.960506999998643 ], [ 30.304268, 59.96060999999866 ], [ 30.304375, 59.96066799999867 ] ] ] } },
{ "type": "Feature", "properties": { "height": 4.5, "match_type": "matched", "height_source": "source_b" }, "geometry": { "type": "Polygon", "coordinates": [ [ [ 30.304525, 59.960506999998643 ], [ 30.304654, 59.960532999998648 ], [ 30.304746, 59.96049299999865 ], [ 30.304671, 59.960447999998678 ], [ 30.304525, 59.960506999998643 ] ] ] } },
{ "type": "Feature", "properties": { "height": 9.9, "match_type": "matched", "height_source": "source_b" }, "geometry": { "type": "Polygon", "coordinates": [ [ [ 30.304268, 59.96060999999866 ], [ 30.304525, 59.960506999998643 ], [ 30.304763, 59.960409999998639 ], [ 30.304612, 59.960318999998648 ], [ 30.304363, 59.960420999998632 ], [ 30.304444, 59.96047299999865 ], [ 30.304179, 59.96056099999867 ], [ 30.304268, 59.96060999999866 ] ] ] } },
{ "type": "Feature", "properties": { "height": 2.7, "match_type": "only_a", "height_source": "ml_predicted" }, "geometry": { "type": "Polygon", "coordinates": [ [ [ 30.30435, 59.96374 ], [ 30.30444, 59.96379 ], [ 30.30453, 59.96376 ], [ 30.30444, 59.9637 ], [ 30.30435, 59.96374 ] ] ] } },
{ "type": "Feature", "properties": { "height": 15.0, "match_type": "matched", "height_source": "source_b" }, "geometry": { "type": "Polygon", "coordinates": [ [ [ 30.304389, 59.963007999998659 ], [ 30.304516, 59.963081999998657 ], [ 30.304784, 59.962979999998666 ], [ 30.304663, 59.962903999998666 ], [ 30.304389, 59.963007999998659 ] ] ] } },
{ "type": "Feature", "properties": { "height": 15.0, "match_type": "matched", "height_source": "source_b" }, "geometry": { "type": "Polygon", "coordinates": [ [ [ 30.304895, 59.963580999998648 ], [ 30.304743, 59.963487999998634 ], [ 30.304538, 59.96357299999864 ], [ 30.304684, 59.963663999998658 ], [ 30.304895, 59.963580999998648 ] ] ] } },
{ "type": "Feature", "properties": { "height": 15.0, "match_type": "matched", "height_source": "source_b" }, "geometry": { "type": "Polygon", "coordinates": [ [ [ 30.304538, 59.96357299999864 ], [ 30.304349, 59.963648999998661 ], [ 30.304495, 59.963737999998656 ], [ 30.304684, 59.963663999998658 ], [ 30.304538, 59.96357299999864 ] ] ] } },
{ "type": "Feature", "properties": { "height": 15.0, "match_type": "matched", "height_source": "source_b" }, "geometry": { "type": "Polygon", "coordinates": [ [ [ 30.304162, 59.963726999998663 ], [ 30.304104, 59.963751999998664 ], [ 30.304132, 59.963766999998633 ], [ 30.303842, 59.963858999998664 ], [ 30.304054, 59.963991999998662 ], [ 30.304369, 59.963865999998667 ], [ 30.304162, 59.963726999998663 ] ] ] } },
{ "type": "Feature", "properties": { "height": 15.0, "match_type": "matched", "height_source": "source_b" }, "geometry": { "type": "Polygon", "coordinates": [ [ [ 30.304205, 59.963359999998666 ], [ 30.304024, 59.963434999998668 ], [ 30.30381, 59.963505999998659 ], [ 30.303999, 59.963619999998663 ], [ 30.304378, 59.963468999998661 ], [ 30.304205, 59.963359999998666 ] ] ] } },
{ "type": "Feature", "properties": { "height": 9.9, "match_type": "matched", "height_source": "source_b" }, "geometry": { "type": "Polygon", "coordinates": [ [ [ 30.304154, 59.965317999998675 ], [ 30.304046, 59.965360999998666 ], [ 30.304283, 59.965510999998649 ], [ 30.30439, 59.965468999998649 ], [ 30.304154, 59.965317999998675 ] ] ] } },
{ "type": "Feature", "properties": { "height": 13.2, "match_type": "matched", "height_source": "source_b" }, "geometry": { "type": "Polygon", "coordinates": [ [ [ 30.304521, 59.965166999998658 ], [ 30.304393, 59.965216999998695 ], [ 30.3042, 59.965294999998633 ], [ 30.304442, 59.965444999998667 ], [ 30.304765, 59.965318999998665 ], [ 30.304521, 59.965166999998658 ] ] ] } },
{ "type": "Feature", "properties": { "height": 4.5, "match_type": "matched", "height_source": "source_b" }, "geometry": { "type": "Polygon", "coordinates": [ [ [ 30.304521, 59.965166999998658 ], [ 30.304425, 59.965104999998672 ], [ 30.304298, 59.965154999998667 ], [ 30.304393, 59.965216999998695 ], [ 30.304521, 59.965166999998658 ] ] ] } },
{ "type": "Feature", "properties": { "height": 15.0, "match_type": "matched", "height_source": "source_b" }, "geometry": { "type": "Polygon", "coordinates": [ [ [ 30.30436, 59.96592199999867 ], [ 30.304206, 59.965989999998655 ], [ 30.304366, 59.966082999998655 ], [ 30.30457, 59.965993999998688 ], [ 30.30436, 59.96592199999867 ] ] ] } },
{ "type": "Feature", "properties": { "height": 18.0, "match_type": "matched", "height_source": "source_b" }, "geometry": { "type": "Polygon", "coordinates": [ [ [ 30.304473, 59.96029299999865 ], [ 30.304789, 59.960138999998676 ], [ 30.305009, 59.960054999998661 ], [ 30.30487, 59.959963999998649 ], [ 30.304306, 59.960188999998635 ], [ 30.304473, 59.96029299999865 ] ] ] } },
{ "type": "Feature", "properties": { "height": 18.0, "match_type": "matched", "height_source": "source_b" }, "geometry": { "type": "Polygon", "coordinates": [ [ [ 30.305186, 59.960171999998671 ], [ 30.305413, 59.960078999998672 ], [ 30.305086, 59.95987999999867 ], [ 30.30487, 59.959963999998649 ], [ 30.305186, 59.960171999998671 ] ] ] } },
{ "type": "Feature", "properties": { "height": 9.9, "match_type": "matched", "height_source": "source_b" }, "geometry": { "type": "Polygon", "coordinates": [ [ [ 30.305073, 59.964205999998661 ], [ 30.304643, 59.964379999998677 ], [ 30.304811, 59.96448899999865 ], [ 30.305255, 59.964306999998641 ], [ 30.305073, 59.964205999998661 ] ] ] } },
{ "type": "Feature", "properties": { "height": 15.0, "match_type": "matched", "height_source": "source_b" }, "geometry": { "type": "Polygon", "coordinates": [ [ [ 30.305017, 59.968435999998675 ], [ 30.305743, 59.96853199999866 ], [ 30.305824, 59.968377999998673 ], [ 30.30563, 59.968317999998639 ], [ 30.305613, 59.96835099999867 ], [ 30.30533, 59.968313999998664 ], [ 30.305347, 59.968279999998657 ], [ 30.305274, 59.968269999998654 ], [ 30.305255, 59.968304999998679 ], [ 30.305099, 59.968283999998654 ], [ 30.305017, 59.968435999998675 ] ] ] } },
{ "type": "Feature", "properties": { "height": 4.5, "match_type": "matched", "height_source": "source_b" }, "geometry": { "type": "Polygon", "coordinates": [ [ [ 30.305017, 59.968435999998675 ], [ 30.305045, 59.968382999998653 ], [ 30.304961, 59.968371999998659 ], [ 30.304933, 59.968423999998663 ], [ 30.305017, 59.968435999998675 ] ] ] } },
{ "type": "Feature", "properties": { "height": 4.5, "match_type": "matched", "height_source": "source_b" }, "geometry": { "type": "Polygon", "coordinates": [ [ [ 30.305141, 59.96906699999866 ], [ 30.305236, 59.969078999998672 ], [ 30.30526, 59.969030999998672 ], [ 30.305165, 59.969018999998674 ], [ 30.305141, 59.96906699999866 ] ] ] } },
{ "type": "Feature", "properties": { "height": 4.5, "match_type": "matched", "height_source": "source_b" }, "geometry": { "type": "Polygon", "coordinates": [ [ [ 30.305265, 59.967975999998664 ], [ 30.305293, 59.967922999998642 ], [ 30.305209, 59.967911999998691 ], [ 30.305181, 59.967964999998671 ], [ 30.305265, 59.967975999998664 ] ] ] } },
{ "type": "Feature", "properties": { "height": 24.0, "match_type": "matched", "height_source": "source_b" }, "geometry": { "type": "Polygon", "coordinates": [ [ [ 30.304845, 59.968754999998666 ], [ 30.304916, 59.968712999998658 ], [ 30.305001, 59.968555999998649 ], [ 30.304956, 59.968548999998646 ], [ 30.305017, 59.968435999998675 ], [ 30.304933, 59.968423999998663 ], [ 30.304961, 59.968371999998659 ], [ 30.305045, 59.968382999998653 ], [ 30.30528, 59.968036999998674 ], [ 30.305235, 59.968030999998689 ], [ 30.305265, 59.967975999998664 ], [ 30.305181, 59.967964999998671 ], [ 30.305209, 59.967911999998691 ], [ 30.305828, 59.968055999998661 ], [ 30.305899, 59.967924999998665 ], [ 30.30532, 59.967845999998666 ], [ 30.305353, 59.967784999998685 ], [ 30.305149, 59.967757999998661 ], [ 30.304599, 59.968776999998674 ], [ 30.304904, 59.969035999998667 ], [ 30.305141, 59.96906699999866 ], [ 30.305165, 59.969018999998674 ], [ 30.30526, 59.969030999998672 ], [ 30.305236, 59.969078999998672 ], [ 30.305472, 59.969107999998648 ], [ 30.305539, 59.96899799999867 ], [ 30.305073, 59.968938999998663 ], [ 30.304845, 59.968754999998666 ] ] ] } },
{ "type": "Feature", "properties": { "height": 13.2, "match_type": "matched", "height_source": "source_b" }, "geometry": { "type": "Polygon", "coordinates": [ [ [ 30.3045, 59.960783999998633 ], [ 30.304643, 59.960867999998634 ], [ 30.304889, 59.960760999998655 ], [ 30.304817, 59.960690999998647 ], [ 30.304726, 59.960694999998651 ], [ 30.3045, 59.960783999998633 ] ] ] } },
{ "type": "Feature", "properties": { "height": 2.3, "match_type": "only_a", "height_source": "ml_predicted" }, "geometry": { "type": "Polygon", "coordinates": [ [ [ 30.30465, 59.96446 ], [ 30.30472, 59.9645 ], [ 30.30477, 59.96448 ], [ 30.3047, 59.96444 ], [ 30.30465, 59.96446 ] ] ] } },
{ "type": "Feature", "properties": { "height": 21.0, "match_type": "matched", "height_source": "source_b" }, "geometry": { "type": "Polygon", "coordinates": [ [ [ 30.305092, 59.966033999998679 ], [ 30.305506, 59.966293999998662 ], [ 30.305955, 59.966110999998655 ], [ 30.305812, 59.966025999998664 ], [ 30.305552, 59.96612699999865 ], [ 30.305233, 59.965927999998669 ], [ 30.304985, 59.966018999998674 ], [ 30.305092, 59.966033999998679 ] ] ] } },
{ "type": "Feature", "properties": { "height": 21.0, "match_type": "matched", "height_source": "source_b" }, "geometry": { "type": "Polygon", "coordinates": [ [ [ 30.304985, 59.966018999998674 ], [ 30.305233, 59.965927999998669 ], [ 30.304621, 59.965554999998666 ], [ 30.304445, 59.965627999998674 ], [ 30.304865, 59.965888999998654 ], [ 30.304785, 59.965916999998676 ], [ 30.30483, 59.965949999998692 ], [ 30.304985, 59.966018999998674 ] ] ] } },
{ "type": "Feature", "properties": { "height": 21.0, "match_type": "matched", "height_source": "source_b" }, "geometry": { "type": "Polygon", "coordinates": [ [ [ 30.304621, 59.965554999998666 ], [ 30.304765, 59.96564299999865 ], [ 30.305006, 59.965541999998671 ], [ 30.304867, 59.965455999998682 ], [ 30.304621, 59.965554999998666 ] ] ] } },
{ "type": "Feature", "properties": { "height": 4.5, "match_type": "matched", "height_source": "source_b" }, "geometry": { "type": "Polygon", "coordinates": [ [ [ 30.30446, 59.963893999998668 ], [ 30.304375, 59.963926999998669 ], [ 30.304526, 59.964023999998659 ], [ 30.304613, 59.963990999998657 ], [ 30.30446, 59.963893999998668 ] ] ] } },
{ "type": "Feature", "properties": { "height": 9.9, "match_type": "matched", "height_source": "source_b" }, "geometry": { "type": "Polygon", "coordinates": [ [ [ 30.304555, 59.959592999998641 ], [ 30.304671, 59.959719999998661 ], [ 30.304797, 59.959672999998652 ], [ 30.304655, 59.95955299999865 ], [ 30.304555, 59.959592999998641 ] ] ] } },
{ "type": "Feature", "properties": { "height": 6.6, "match_type": "matched", "height_source": "source_b" }, "geometry": { "type": "Polygon", "coordinates": [ [ [ 30.304576, 59.959656999998664 ], [ 30.304467, 59.959699999998648 ], [ 30.304565, 59.959764999998661 ], [ 30.304671, 59.959719999998661 ], [ 30.304576, 59.959656999998664 ] ] ] } },
{ "type": "Feature", "properties": { "height": 5.5, "match_type": "only_a", "height_source": "ml_predicted" }, "geometry": { "type": "Polygon", "coordinates": [ [ [ 30.30468, 59.96404 ], [ 30.30476, 59.96401 ], [ 30.30466, 59.96403 ], [ 30.30468, 59.96404 ] ] ] } },
{ "type": "Feature", "properties": { "height": 24.0, "match_type": "matched", "height_source": "source_b" }, "geometry": { "type": "Polygon", "coordinates": [ [ [ 30.304495, 59.967757999998675 ], [ 30.30459, 59.967770999998663 ], [ 30.304615, 59.967725999998649 ], [ 30.30452, 59.967712999998653 ], [ 30.304495, 59.967757999998675 ] ] ] } },
{ "type": "Feature", "properties": { "height": 24.0, "match_type": "matched", "height_source": "source_b" }, "geometry": { "type": "Polygon", "coordinates": [ [ [ 30.30462, 59.967531999998648 ], [ 30.304714, 59.967543999998647 ], [ 30.304739, 59.967498999998647 ], [ 30.304644, 59.967485999998672 ], [ 30.30462, 59.967531999998648 ] ] ] } },
{ "type": "Feature", "properties": { "height": 24.0, "match_type": "matched", "height_source": "source_b" }, "geometry": { "type": "Polygon", "coordinates": [ [ [ 30.304713, 59.967346999998654 ], [ 30.304767, 59.967352999998653 ], [ 30.304794, 59.967296999998659 ], [ 30.30474, 59.967289999998648 ], [ 30.304713, 59.967346999998654 ] ] ] } },
{ "type": "Feature", "properties": { "height": 21.0, "match_type": "matched", "height_source": "source_b" }, "geometry": { "type": "Polygon", "coordinates": [ [ [ 30.303437, 59.96715999999865 ], [ 30.304685, 59.967368999998662 ], [ 30.304436, 59.967815999998649 ], [ 30.303986, 59.967935999998666 ], [ 30.304201, 59.96808199999866 ], [ 30.304675, 59.967890999998659 ], [ 30.304998, 59.967252999998649 ], [ 30.303203, 59.966969999998668 ], [ 30.303437, 59.96715999999865 ] ], [ [ 30.30462, 59.967531999998648 ], [ 30.304644, 59.967485999998672 ], [ 30.304739, 59.967498999998647 ], [ 30.304714, 59.967543999998647 ], [ 30.30462, 59.967531999998648 ] ], [ [ 30.304495, 59.967757999998675 ], [ 30.30452, 59.967712999998653 ], [ 30.304615, 59.967725999998649 ], [ 30.30459, 59.967770999998663 ], [ 30.304495, 59.967757999998675 ] ], [ [ 30.304315, 59.967269999998678 ], [ 30.304342, 59.967223999998666 ], [ 30.304431, 59.96723799999868 ], [ 30.304403, 59.967283999998664 ], [ 30.304315, 59.967269999998678 ] ], [ [ 30.30385, 59.967193999998649 ], [ 30.303877, 59.967147999998666 ], [ 30.303966, 59.967161999998659 ], [ 30.303938, 59.967206999998645 ], [ 30.30385, 59.967193999998649 ] ], [ [ 30.303417, 59.967118999998647 ], [ 30.303444, 59.967073999998654 ], [ 30.303533, 59.967086999998685 ], [ 30.303505, 59.967132999998661 ], [ 30.303417, 59.967118999998647 ] ], [ [ 30.304713, 59.967346999998654 ], [ 30.30474, 59.967289999998648 ], [ 30.304794, 59.967296999998659 ], [ 30.304767, 59.967352999998653 ], [ 30.304713, 59.967346999998654 ] ] ] } },
{ "type": "Feature", "properties": { "height": 24.0, "match_type": "matched", "height_source": "source_b" }, "geometry": { "type": "Polygon", "coordinates": [ [ [ 30.304315, 59.967269999998678 ], [ 30.304403, 59.967283999998664 ], [ 30.304431, 59.96723799999868 ], [ 30.304342, 59.967223999998666 ], [ 30.304315, 59.967269999998678 ] ] ] } },
{ "type": "Feature", "properties": { "height": 18.0, "match_type": "matched", "height_source": "source_b" }, "geometry": { "type": "Polygon", "coordinates": [ [ [ 30.305202, 59.960590999998672 ], [ 30.305423, 59.960499999998667 ], [ 30.304789, 59.960138999998676 ], [ 30.304579, 59.960220999998647 ], [ 30.305202, 59.960590999998672 ] ] ] } },
{ "type": "Feature", "properties": { "height": 9.9, "match_type": "matched", "height_source": "source_b" }, "geometry": { "type": "Polygon", "coordinates": [ [ [ 30.30463, 59.964996999998647 ], [ 30.304755, 59.964941999998665 ], [ 30.304622, 59.964864999998653 ], [ 30.304494, 59.964916999998678 ], [ 30.30463, 59.964996999998647 ] ] ] } },
{ "type": "Feature", "properties": { "height": 9.9, "match_type": "matched", "height_source": "source_b" }, "geometry": { "type": "Polygon", "coordinates": [ [ [ 30.304622, 59.964864999998653 ], [ 30.304884, 59.965016999998653 ], [ 30.304966, 59.964982999998682 ], [ 30.305044, 59.965027999998647 ], [ 30.30541, 59.964875999998654 ], [ 30.305339, 59.964832999998663 ], [ 30.305187, 59.964896999998651 ], [ 30.305099, 59.964843999998656 ], [ 30.30494, 59.964910999998679 ], [ 30.304764, 59.964806999998665 ], [ 30.304622, 59.964864999998653 ] ] ] } },
{ "type": "Feature", "properties": { "height": 9.9, "match_type": "matched", "height_source": "source_b" }, "geometry": { "type": "Polygon", "coordinates": [ [ [ 30.304884, 59.965016999998653 ], [ 30.304755, 59.964941999998665 ], [ 30.30463, 59.964996999998647 ], [ 30.304751, 59.965066999998633 ], [ 30.304884, 59.965016999998653 ] ] ] } },
{ "type": "Feature", "properties": { "height": 15.0, "match_type": "matched", "height_source": "source_b" }, "geometry": { "type": "Polygon", "coordinates": [ [ [ 30.304636, 59.963368999998636 ], [ 30.304465, 59.963259999998662 ], [ 30.304205, 59.963359999998666 ], [ 30.304378, 59.963468999998661 ], [ 30.304636, 59.963368999998636 ] ] ] } },
{ "type": "Feature", "properties": { "height": 15.0, "match_type": "matched", "height_source": "source_b" }, "geometry": { "type": "Polygon", "coordinates": [ [ [ 30.304857, 59.963280999998645 ], [ 30.304673, 59.96317499999865 ], [ 30.304465, 59.963259999998662 ], [ 30.304636, 59.963368999998636 ], [ 30.304857, 59.963280999998645 ] ] ] } },
{ "type": "Feature", "properties": { "height": 18.0, "match_type": "matched", "height_source": "source_b" }, "geometry": { "type": "Polygon", "coordinates": [ [ [ 30.304597, 59.971105999998656 ], [ 30.305205, 59.97109699999865 ], [ 30.305184, 59.970808999998667 ], [ 30.305049, 59.970811999998681 ], [ 30.305057, 59.970918999998659 ], [ 30.304726, 59.97092499999868 ], [ 30.304718, 59.970817999998651 ], [ 30.304579, 59.970820999998679 ], [ 30.304597, 59.971105999998656 ] ] ] } },
{ "type": "Feature", "properties": { "height": 18.0, "match_type": "matched", "height_source": "source_b" }, "geometry": { "type": "Polygon", "coordinates": [ [ [ 30.304747, 59.961190999998664 ], [ 30.305001, 59.961079999998674 ], [ 30.304775, 59.96098299999867 ], [ 30.3046, 59.960841999998671 ], [ 30.304353, 59.960944999998659 ], [ 30.304747, 59.961190999998664 ] ] ] } },
{ "type": "Feature", "properties": { "height": 21.0, "match_type": "matched", "height_source": "source_b" }, "geometry": { "type": "Polygon", "coordinates": [ [ [ 30.305055, 59.962426999998669 ], [ 30.305139, 59.962392999998656 ], [ 30.304797, 59.962181999998649 ], [ 30.304569, 59.962269999998654 ], [ 30.30475, 59.962381999998669 ], [ 30.304894, 59.962323999998638 ], [ 30.305055, 59.962426999998669 ] ] ] } },
{ "type": "Feature", "properties": { "height": 18.0, "match_type": "matched", "height_source": "source_b" }, "geometry": { "type": "Polygon", "coordinates": [ [ [ 30.305058, 59.966877999998658 ], [ 30.304144, 59.966755999998661 ], [ 30.304068, 59.966878999998663 ], [ 30.304978, 59.967017999998653 ], [ 30.305058, 59.966877999998658 ] ] ] } },
{ "type": "Feature", "properties": { "height": 15.0, "match_type": "matched", "height_source": "source_b" }, "geometry": { "type": "Polygon", "coordinates": [ [ [ 30.304663, 59.962903999998666 ], [ 30.304768, 59.962969999998663 ], [ 30.304992, 59.962879999998663 ], [ 30.304891, 59.96281699999868 ], [ 30.304663, 59.962903999998666 ] ] ] } },
{ "type": "Feature", "properties": { "height": 2.2, "match_type": "only_a", "height_source": "ml_predicted" }, "geometry": { "type": "Polygon", "coordinates": [ [ [ 30.30483, 59.95926 ], [ 30.30496, 59.95926 ], [ 30.30491, 59.95923 ], [ 30.30483, 59.95926 ] ] ] } },
{ "type": "Feature", "properties": { "height": 15.0, "match_type": "matched", "height_source": "source_b" }, "geometry": { "type": "Polygon", "coordinates": [ [ [ 30.304775, 59.96098299999867 ], [ 30.30514, 59.960876999998654 ], [ 30.305285, 59.960963999998647 ], [ 30.305481, 59.960879999998653 ], [ 30.305078, 59.960643999998666 ], [ 30.304914, 59.960712999998634 ], [ 30.304978, 59.960777999998648 ], [ 30.304722, 59.960884999998676 ], [ 30.304769, 59.960913999998652 ], [ 30.304711, 59.960937999998656 ], [ 30.304775, 59.96098299999867 ] ] ] } },
{ "type": "Feature", "properties": { "height": 4.5, "match_type": "matched", "height_source": "source_b" }, "geometry": { "type": "Polygon", "coordinates": [ [ [ 30.304914, 59.960712999998634 ], [ 30.305005, 59.960674999998673 ], [ 30.305046, 59.960657999998666 ], [ 30.304977, 59.960619999998649 ], [ 30.304866, 59.960683999998672 ], [ 30.304914, 59.960712999998634 ] ] ] } },
{ "type": "Feature", "properties": { "height": 26.0, "match_type": "matched", "height_source": "source_b" }, "geometry": { "type": "Polygon", "coordinates": [ [ [ 30.304961718535072, 59.970567538069218 ], [ 30.304832529489552, 59.970569121367937 ], [ 30.304842138960453, 59.97076613776084 ], [ 30.305396632048815, 59.970759340107143 ], [ 30.305390253547511, 59.970628633454929 ], [ 30.304964953738359, 59.970633847833277 ], [ 30.304961718535072, 59.970567538069218 ] ] ] } },
{ "type": "Feature", "properties": { "height": 15.0, "match_type": "matched", "height_source": "source_b" }, "geometry": { "type": "Polygon", "coordinates": [ [ [ 30.304393, 59.963851999998667 ], [ 30.304613, 59.963990999998657 ], [ 30.305054, 59.963820999998667 ], [ 30.304842, 59.963680999998665 ], [ 30.304756, 59.963717999998671 ], [ 30.304806, 59.963750999998673 ], [ 30.304544, 59.963854999998667 ], [ 30.304457, 59.963800999998668 ], [ 30.304408, 59.963819999998655 ], [ 30.304393, 59.963851999998667 ] ] ] } },
{ "type": "Feature", "properties": { "height": 15.0, "match_type": "matched", "height_source": "source_b" }, "geometry": { "type": "Polygon", "coordinates": [ [ [ 30.304527, 59.962621999998674 ], [ 30.304683, 59.962722999998668 ], [ 30.305181, 59.962531999998674 ], [ 30.305001, 59.96244699999864 ], [ 30.304527, 59.962621999998674 ] ] ] } },
{ "type": "Feature", "properties": { "height": 9.0, "match_type": "only_a", "height_source": "ml_predicted" }, "geometry": { "type": "Polygon", "coordinates": [ [ [ 30.30504, 59.9639 ], [ 30.30513, 59.96386 ], [ 30.30502, 59.96389 ], [ 30.30504, 59.9639 ] ] ] } },
{ "type": "Feature", "properties": { "height": 4.5, "match_type": "matched", "height_source": "source_b" }, "geometry": { "type": "Polygon", "coordinates": [ [ [ 30.305158, 59.961015999998658 ], [ 30.305079, 59.961046999998658 ], [ 30.305134, 59.961078999998655 ], [ 30.30521, 59.96104599999866 ], [ 30.305158, 59.961015999998658 ] ] ] } },
{ "type": "Feature", "properties": { "height": 15.0, "match_type": "matched", "height_source": "source_b" }, "geometry": { "type": "Polygon", "coordinates": [ [ [ 30.305373, 59.959780999998664 ], [ 30.305549, 59.959710999998642 ], [ 30.305346, 59.959581999998647 ], [ 30.305768, 59.959421999998682 ], [ 30.305639, 59.959338999998671 ], [ 30.305046, 59.959571999998651 ], [ 30.305373, 59.959780999998664 ] ] ] } },
{ "type": "Feature", "properties": { "height": 21.0, "match_type": "matched", "height_source": "source_b" }, "geometry": { "type": "Polygon", "coordinates": [ [ [ 30.30489, 59.966853999998662 ], [ 30.30509, 59.966882999998639 ], [ 30.305356, 59.966418999998659 ], [ 30.305506, 59.966293999998662 ], [ 30.305361, 59.966202999998657 ], [ 30.305255, 59.966275999998672 ], [ 30.30489, 59.966853999998662 ] ] ] } },
{ "type": "Feature", "properties": { "height": 18.0, "match_type": "matched", "height_source": "source_b" }, "geometry": { "type": "Polygon", "coordinates": [ [ [ 30.305157, 59.96069299999867 ], [ 30.305311, 59.960630999998678 ], [ 30.305357, 59.960607999998665 ], [ 30.305274, 59.96056099999867 ], [ 30.305078, 59.960643999998666 ], [ 30.305157, 59.96069299999867 ] ] ] } },
{ "type": "Feature", "properties": { "height": 18.0, "match_type": "matched", "height_source": "source_b" }, "geometry": { "type": "Polygon", "coordinates": [ [ [ 30.305395, 59.965230999998674 ], [ 30.305546, 59.96532399999866 ], [ 30.30594, 59.965165999998668 ], [ 30.305786, 59.965077999998655 ], [ 30.305395, 59.965230999998674 ] ] ] } },
{ "type": "Feature", "properties": { "height": 18.0, "match_type": "matched", "height_source": "source_b" }, "geometry": { "type": "Polygon", "coordinates": [ [ [ 30.305668, 59.965427999998653 ], [ 30.305395, 59.965230999998674 ], [ 30.305166, 59.965323999998674 ], [ 30.30546, 59.96550299999867 ], [ 30.305668, 59.965427999998653 ] ] ] } },
{ "type": "Feature", "properties": { "height": 15.0, "match_type": "matched", "height_source": "source_b" }, "geometry": { "type": "Polygon", "coordinates": [ [ [ 30.305121, 59.961417999998673 ], [ 30.305358, 59.961320999998669 ], [ 30.304978, 59.961089999998656 ], [ 30.304747, 59.961190999998664 ], [ 30.305121, 59.961417999998673 ] ] ] } },
{ "type": "Feature", "properties": { "height": 9.9, "match_type": "matched", "height_source": "source_b" }, "geometry": { "type": "Polygon", "coordinates": [ [ [ 30.304959, 59.96356499999866 ], [ 30.305005, 59.963589999998682 ], [ 30.305103, 59.963548999998665 ], [ 30.305057, 59.963521999998655 ], [ 30.304959, 59.96356499999866 ] ] ] } },
{ "type": "Feature", "properties": { "height": 13.2, "match_type": "matched", "height_source": "source_b" }, "geometry": { "type": "Polygon", "coordinates": [ [ [ 30.305005, 59.963589999998682 ], [ 30.304935, 59.963550999998667 ], [ 30.305259, 59.963419999998649 ], [ 30.30512, 59.963332999998663 ], [ 30.304743, 59.963487999998634 ], [ 30.30495, 59.963613999998643 ], [ 30.305005, 59.963589999998682 ] ] ] } },
{ "type": "Feature", "properties": { "height": 13.2, "match_type": "matched", "height_source": "source_b" }, "geometry": { "type": "Polygon", "coordinates": [ [ [ 30.30512, 59.963332999998663 ], [ 30.305185, 59.963373999998673 ], [ 30.305245, 59.963348999998658 ], [ 30.305379, 59.963435999998651 ], [ 30.30555, 59.963366999998669 ], [ 30.305472, 59.963355999998626 ], [ 30.305349, 59.963244999998672 ], [ 30.30512, 59.963332999998663 ] ] ] } },
{ "type": "Feature", "properties": { "height": 15.0, "match_type": "matched", "height_source": "source_b" }, "geometry": { "type": "Polygon", "coordinates": [ [ [ 30.305142, 59.959108999998641 ], [ 30.305353, 59.95925499999867 ], [ 30.305592, 59.959163999998665 ], [ 30.30512, 59.958844999998661 ], [ 30.305181, 59.958815999998663 ], [ 30.305097, 59.958762999998633 ], [ 30.304915, 59.958844999998661 ], [ 30.305253, 59.959060999998663 ], [ 30.305142, 59.959108999998641 ] ] ] } },
{ "type": "Feature", "properties": { "height": 15.0, "match_type": "matched", "height_source": "source_b" }, "geometry": { "type": "Polygon", "coordinates": [ [ [ 30.305128, 59.962927999998648 ], [ 30.305196, 59.96290199999865 ], [ 30.305116, 59.962853999998664 ], [ 30.305419, 59.962742999998667 ], [ 30.305488, 59.962783999998649 ], [ 30.305568, 59.962749999998643 ], [ 30.305378, 59.962627999998674 ], [ 30.304891, 59.96281699999868 ], [ 30.305128, 59.962927999998648 ] ] ] } },
{ "type": "Feature", "properties": { "height": 15.0, "match_type": "matched", "height_source": "source_b" }, "geometry": { "type": "Polygon", "coordinates": [ [ [ 30.305256, 59.963043999998661 ], [ 30.305332, 59.963091999998646 ], [ 30.305458, 59.963041999998651 ], [ 30.305217, 59.962893999998641 ], [ 30.305128, 59.962927999998648 ], [ 30.305292, 59.963028999998656 ], [ 30.305256, 59.963043999998661 ] ] ] } },
{ "type": "Feature", "properties": { "height": 15.0, "match_type": "matched", "height_source": "source_b" }, "geometry": { "type": "Polygon", "coordinates": [ [ [ 30.305467, 59.964768999998661 ], [ 30.305353, 59.964816999998661 ], [ 30.30548, 59.964892999998661 ], [ 30.305282, 59.964974999998681 ], [ 30.305432, 59.965063999998662 ], [ 30.305745, 59.964933999998657 ], [ 30.305467, 59.964768999998661 ] ] ] } },
{ "type": "Feature", "properties": { "height": 15.0, "match_type": "matched", "height_source": "source_b" }, "geometry": { "type": "Polygon", "coordinates": [ [ [ 30.305467, 59.964768999998661 ], [ 30.305745, 59.964933999998657 ], [ 30.30597, 59.964839999998667 ], [ 30.305829, 59.96475599999868 ], [ 30.305687, 59.96481499999868 ], [ 30.305551, 59.964733999998664 ], [ 30.305467, 59.964768999998661 ] ] ] } },
{ "type": "Feature", "properties": { "height": 4.5, "match_type": "matched", "height_source": "source_b" }, "geometry": { "type": "Polygon", "coordinates": [ [ [ 30.305557, 59.963527999998639 ], [ 30.305157, 59.963691999998666 ], [ 30.305259, 59.963763999998662 ], [ 30.305669, 59.963600999998675 ], [ 30.305557, 59.963527999998639 ] ] ] } },
{ "type": "Feature", "properties": { "height": 9.9, "match_type": "matched", "height_source": "source_b" }, "geometry": { "type": "Polygon", "coordinates": [ [ [ 30.305229, 59.964878999998668 ], [ 30.305317, 59.964841999998661 ], [ 30.305228, 59.964787999998677 ], [ 30.305346, 59.964738999998659 ], [ 30.305168, 59.964632999998663 ], [ 30.30496, 59.964718999998659 ], [ 30.305229, 59.964878999998668 ] ] ] } },
{ "type": "Feature", "properties": { "height": 9.9, "match_type": "matched", "height_source": "source_b" }, "geometry": { "type": "Polygon", "coordinates": [ [ [ 30.304754, 59.963221999998652 ], [ 30.304857, 59.963280999998645 ], [ 30.305332, 59.963091999998646 ], [ 30.305197, 59.963042999998656 ], [ 30.304754, 59.963221999998652 ] ] ] } },
{ "type": "Feature", "properties": { "height": 3.1, "match_type": "only_a", "height_source": "ml_predicted" }, "geometry": { "type": "Polygon", "coordinates": [ [ [ 30.30536, 59.96096 ], [ 30.30546, 59.96102 ], [ 30.30552, 59.96099 ], [ 30.30543, 59.96094 ], [ 30.30536, 59.96096 ] ] ] } },
{ "type": "Feature", "properties": { "height": 4.5, "match_type": "matched", "height_source": "source_b" }, "geometry": { "type": "Polygon", "coordinates": [ [ [ 30.305217, 59.962893999998641 ], [ 30.305292, 59.96293999999866 ], [ 30.305358, 59.96291299999865 ], [ 30.305286, 59.962865999998648 ], [ 30.305217, 59.962893999998641 ] ] ] } },
{ "type": "Feature", "properties": { "height": 15.0, "match_type": "matched", "height_source": "source_b" }, "geometry": { "type": "Polygon", "coordinates": [ [ [ 30.305349, 59.963244999998672 ], [ 30.305452, 59.963306999998657 ], [ 30.305688, 59.963217999998648 ], [ 30.305583, 59.963150999998668 ], [ 30.305349, 59.963244999998672 ] ] ] } },
{ "type": "Feature", "properties": { "height": 18.0, "match_type": "matched", "height_source": "source_b" }, "geometry": { "type": "Polygon", "coordinates": [ [ [ 30.30546, 59.961379999998648 ], [ 30.30574, 59.961263999998657 ], [ 30.305636, 59.961203999998666 ], [ 30.305121, 59.961417999998673 ], [ 30.305488, 59.961647999998668 ], [ 30.305586, 59.961616999998647 ], [ 30.305688, 59.961647999998668 ], [ 30.306134, 59.96145699999866 ], [ 30.305955, 59.96135399999865 ], [ 30.30565, 59.961483999998656 ], [ 30.30546, 59.961379999998648 ] ] ] } },
{ "type": "Feature", "properties": { "height": 21.0, "match_type": "matched", "height_source": "source_b" }, "geometry": { "type": "Polygon", "coordinates": [ [ [ 30.305672, 59.961655999998648 ], [ 30.305586, 59.961616999998647 ], [ 30.305516, 59.961655999998655 ], [ 30.305602, 59.961694999998649 ], [ 30.305672, 59.961655999998648 ] ] ] } },
{ "type": "Feature", "properties": { "height": 15.0, "match_type": "matched", "height_source": "source_b" }, "geometry": { "type": "Polygon", "coordinates": [ [ [ 30.306134, 59.96145699999866 ], [ 30.307037, 59.961070999998661 ], [ 30.306602, 59.960792999998681 ], [ 30.30612, 59.960999999998663 ], [ 30.306244, 59.961064999998662 ], [ 30.306171, 59.961092999998648 ], [ 30.306305, 59.961176999998656 ], [ 30.306105, 59.961257999998651 ], [ 30.305865, 59.961106999998663 ], [ 30.305636, 59.961203999998666 ], [ 30.306134, 59.96145699999866 ] ], [ [ 30.306362, 59.961013999998642 ], [ 30.306532, 59.960962999998642 ], [ 30.306665, 59.961051999998638 ], [ 30.306526, 59.961110999998617 ], [ 30.306362, 59.961013999998642 ] ] ] } },
{ "type": "Feature", "properties": { "height": 18.0, "match_type": "matched", "height_source": "source_b" }, "geometry": { "type": "Polygon", "coordinates": [ [ [ 30.305353, 59.967784999998685 ], [ 30.305467, 59.967677999998656 ], [ 30.305429, 59.967673999998652 ], [ 30.30552, 59.967524999998659 ], [ 30.305488, 59.967492999998662 ], [ 30.306299, 59.967646999998657 ], [ 30.306273, 59.967682999998658 ], [ 30.306423, 59.96771099999868 ], [ 30.306534, 59.967556999998656 ], [ 30.305379, 59.967340999998655 ], [ 30.305149, 59.967757999998661 ], [ 30.305353, 59.967784999998685 ] ] ] } },
{ "type": "Feature", "properties": { "height": 15.0, "match_type": "matched", "height_source": "source_b" }, "geometry": { "type": "Polygon", "coordinates": [ [ [ 30.305298, 59.963896999998653 ], [ 30.304986, 59.964025999998668 ], [ 30.305129, 59.964113999998673 ], [ 30.30545, 59.963988999998648 ], [ 30.305298, 59.963896999998653 ] ] ] } },
{ "type": "Feature", "properties": { "height": 15.0, "match_type": "matched", "height_source": "source_b" }, "geometry": { "type": "Polygon", "coordinates": [ [ [ 30.305298, 59.963896999998653 ], [ 30.305523, 59.964031999998639 ], [ 30.305629, 59.96398999999866 ], [ 30.305516, 59.963918999998661 ], [ 30.305581, 59.963934999998649 ], [ 30.305958, 59.963779999998671 ], [ 30.305807, 59.96368599999866 ], [ 30.305298, 59.963896999998653 ] ] ] } },
{ "type": "Feature", "properties": { "height": 18.0, "match_type": "matched", "height_source": "source_b" }, "geometry": { "type": "Polygon", "coordinates": [ [ [ 30.305481, 59.960879999998653 ], [ 30.305627, 59.960819999998634 ], [ 30.305683, 59.960794999998647 ], [ 30.30559, 59.960746999998676 ], [ 30.305389, 59.960828999998661 ], [ 30.305481, 59.960879999998653 ] ] ] } },
{ "type": "Feature", "properties": { "height": 15.0, "match_type": "matched", "height_source": "source_b" }, "geometry": { "type": "Polygon", "coordinates": [ [ [ 30.305683, 59.960794999998647 ], [ 30.306021, 59.960648999998647 ], [ 30.306226, 59.960564999998681 ], [ 30.305838, 59.960327999998661 ], [ 30.305274, 59.96056099999867 ], [ 30.305683, 59.960794999998647 ] ], [ [ 30.305791, 59.960461999998657 ], [ 30.30597, 59.960590999998672 ], [ 30.305829, 59.960640999998652 ], [ 30.305649, 59.960511999998637 ], [ 30.305791, 59.960461999998657 ] ] ] } },
{ "type": "Feature", "properties": { "height": 6.6, "match_type": "matched", "height_source": "source_b" }, "geometry": { "type": "Polygon", "coordinates": [ [ [ 30.305473, 59.970741999998644 ], [ 30.305614, 59.970753999998664 ], [ 30.30566, 59.970622999998682 ], [ 30.305519, 59.970610999998648 ], [ 30.305473, 59.970741999998644 ] ] ] } },
{ "type": "Feature", "properties": { "height": 6.1, "match_type": "only_a", "height_source": "ml_predicted" }, "geometry": { "type": "Polygon", "coordinates": [ [ [ 30.30555, 59.96451 ], [ 30.30549, 59.96454 ], [ 30.30564, 59.96464 ], [ 30.3057, 59.96461 ], [ 30.30555, 59.96451 ] ] ] } },
{ "type": "Feature", "properties": { "height": 4.5, "match_type": "matched", "height_source": "source_b" }, "geometry": { "type": "Polygon", "coordinates": [ [ [ 30.305416, 59.970935999998645 ], [ 30.305541, 59.970935999998645 ], [ 30.305542, 59.970864999998675 ], [ 30.305417, 59.970863999998684 ], [ 30.305416, 59.970935999998645 ] ] ] } },
{ "type": "Feature", "properties": { "height": 18.0, "match_type": "matched", "height_source": "source_b" }, "geometry": { "type": "Polygon", "coordinates": [ [ [ 30.305452, 59.960486999998679 ], [ 30.305838, 59.960327999998661 ], [ 30.305413, 59.960078999998672 ], [ 30.305186, 59.960171999998671 ], [ 30.305511, 59.960362999998658 ], [ 30.305325, 59.960440999998653 ], [ 30.305452, 59.960486999998679 ] ] ] } },
{ "type": "Feature", "properties": { "height": 13.2, "match_type": "matched", "height_source": "source_b" }, "geometry": { "type": "Polygon", "coordinates": [ [ [ 30.305758, 59.960025999998663 ], [ 30.305948, 59.960144999998661 ], [ 30.306168, 59.960060999998689 ], [ 30.305972, 59.959941999998662 ], [ 30.305758, 59.960025999998663 ] ] ] } },
{ "type": "Feature", "properties": { "height": 15.0, "match_type": "matched", "height_source": "source_b" }, "geometry": { "type": "Polygon", "coordinates": [ [ [ 30.305627, 59.959938999998649 ], [ 30.305758, 59.960025999998663 ], [ 30.305972, 59.959941999998662 ], [ 30.30588, 59.959883999998645 ], [ 30.305972, 59.959848999998663 ], [ 30.305921, 59.959817999998656 ], [ 30.305627, 59.959938999998649 ] ] ] } },
{ "type": "Feature", "properties": { "height": 15.0, "match_type": "matched", "height_source": "source_b" }, "geometry": { "type": "Polygon", "coordinates": [ [ [ 30.305869, 59.959785999998644 ], [ 30.30575, 59.959830999998658 ], [ 30.305609, 59.959740999998658 ], [ 30.305722, 59.959694999998653 ], [ 30.305665, 59.959663999998646 ], [ 30.305373, 59.959780999998664 ], [ 30.305627, 59.959938999998649 ], [ 30.305921, 59.959817999998656 ], [ 30.305869, 59.959785999998644 ] ] ] } },
{ "type": "Feature", "properties": { "height": 6.6, "match_type": "matched", "height_source": "source_b" }, "geometry": { "type": "Polygon", "coordinates": [ [ [ 30.305986, 59.964331999998677 ], [ 30.305557, 59.964504999998667 ], [ 30.305725, 59.964613999998647 ], [ 30.306169, 59.964432999998657 ], [ 30.305986, 59.964331999998677 ] ] ] } },
{ "type": "Feature", "properties": { "height": 8.7, "match_type": "only_a", "height_source": "ml_predicted" }, "geometry": { "type": "Polygon", "coordinates": [ [ [ 30.30571, 59.96312 ], [ 30.30561, 59.96316 ], [ 30.30573, 59.96324 ], [ 30.30583, 59.9632 ], [ 30.30571, 59.96312 ] ] ] } },
{ "type": "Feature", "properties": { "height": 15.0, "match_type": "matched", "height_source": "source_b" }, "geometry": { "type": "Polygon", "coordinates": [ [ [ 30.305552, 59.964158999998666 ], [ 30.305334, 59.964245999998667 ], [ 30.305471, 59.964329999998647 ], [ 30.305695, 59.964229999998672 ], [ 30.305552, 59.964158999998666 ] ] ] } },
{ "type": "Feature", "properties": { "height": 15.0, "match_type": "matched", "height_source": "source_b" }, "geometry": { "type": "Polygon", "coordinates": [ [ [ 30.306244, 59.968859999998656 ], [ 30.306315, 59.968717999998681 ], [ 30.305717, 59.968640999998655 ], [ 30.305646, 59.968783999998664 ], [ 30.306244, 59.968859999998656 ] ] ] } },
{ "type": "Feature", "properties": { "height": 3.9, "match_type": "only_a", "height_source": "ml_predicted" }, "geometry": { "type": "Polygon", "coordinates": [ [ [ 30.30581, 59.95972 ], [ 30.30587, 59.9597 ], [ 30.30575, 59.95968 ], [ 30.30581, 59.95972 ] ] ] } },
{ "type": "Feature", "properties": { "height": 18.0, "match_type": "matched", "height_source": "source_b" }, "geometry": { "type": "Polygon", "coordinates": [ [ [ 30.305791, 59.959437999998642 ], [ 30.30615, 59.959661999998623 ], [ 30.30627, 59.959615999998647 ], [ 30.305922, 59.959391999998651 ], [ 30.305791, 59.959437999998642 ] ] ] } },
{ "type": "Feature", "properties": { "height": 4.5, "match_type": "matched", "height_source": "source_b" }, "geometry": { "type": "Polygon", "coordinates": [ [ [ 30.305538, 59.960854999998674 ], [ 30.30541, 59.960909999998648 ], [ 30.305674, 59.961067999998647 ], [ 30.305972, 59.96117399999865 ], [ 30.306055, 59.961139999998665 ], [ 30.305538, 59.960854999998674 ] ] ] } },
{ "type": "Feature", "properties": { "height": 7.4, "match_type": "only_a", "height_source": "ml_predicted" }, "geometry": { "type": "Polygon", "coordinates": [ [ [ 30.30587, 59.96305 ], [ 30.30599, 59.96313 ], [ 30.30608, 59.96309 ], [ 30.30596, 59.96302 ], [ 30.30587, 59.96305 ] ] ] } },
{ "type": "Feature", "properties": { "height": 15.0, "match_type": "matched", "height_source": "source_b" }, "geometry": { "type": "Polygon", "coordinates": [ [ [ 30.305881, 59.965766999998657 ], [ 30.306074, 59.965683999998667 ], [ 30.305668, 59.965427999998653 ], [ 30.30546, 59.96550299999867 ], [ 30.305881, 59.965766999998657 ] ] ] } },
{ "type": "Feature", "properties": { "height": 6.6, "match_type": "matched", "height_source": "source_b" }, "geometry": { "type": "Polygon", "coordinates": [ [ [ 30.306253, 59.959723999998651 ], [ 30.305983, 59.959559999998639 ], [ 30.305894, 59.959597999998664 ], [ 30.306124, 59.959777999998664 ], [ 30.306253, 59.959723999998651 ] ] ] } },
{ "type": "Feature", "properties": { "height": 13.1, "match_type": "only_a", "height_source": "ml_predicted" }, "geometry": { "type": "Polygon", "coordinates": [ [ [ 30.30595, 59.96157 ], [ 30.30601, 59.96155 ], [ 30.30592, 59.96155 ], [ 30.30595, 59.96157 ] ] ] } },
{ "type": "Feature", "properties": { "height": 21.0, "match_type": "matched", "height_source": "source_b" }, "geometry": { "type": "Polygon", "coordinates": [ [ [ 30.305518, 59.962250999998673 ], [ 30.305671, 59.96235299999865 ], [ 30.305939, 59.962225999998658 ], [ 30.305732, 59.962097999998662 ], [ 30.305515, 59.962187999998662 ], [ 30.305577, 59.962228999998658 ], [ 30.305518, 59.962250999998673 ] ] ] } },
{ "type": "Feature", "properties": { "height": 21.0, "match_type": "matched", "height_source": "source_b" }, "geometry": { "type": "Polygon", "coordinates": [ [ [ 30.305292, 59.962117999998675 ], [ 30.305337, 59.962100999998647 ], [ 30.305579, 59.962006999998657 ], [ 30.305422, 59.96193499999864 ], [ 30.305162, 59.962038999998661 ], [ 30.305292, 59.962117999998675 ] ] ] } },
{ "type": "Feature", "properties": { "height": 21.0, "match_type": "matched", "height_source": "source_b" }, "geometry": { "type": "Polygon", "coordinates": [ [ [ 30.305058, 59.962455999998653 ], [ 30.305181, 59.962531999998674 ], [ 30.305671, 59.96235299999865 ], [ 30.305518, 59.962250999998673 ], [ 30.30526, 59.96233899999865 ], [ 30.305107, 59.962239999998651 ], [ 30.305328, 59.962138999998636 ], [ 30.305162, 59.962038999998661 ], [ 30.304797, 59.962181999998649 ], [ 30.305139, 59.962392999998656 ], [ 30.305058, 59.962455999998653 ] ] ] } },
{ "type": "Feature", "properties": { "height": 21.0, "match_type": "matched", "height_source": "source_b" }, "geometry": { "type": "Polygon", "coordinates": [ [ [ 30.305579, 59.962006999998657 ], [ 30.305292, 59.962117999998675 ], [ 30.305515, 59.962187999998662 ], [ 30.305732, 59.962097999998662 ], [ 30.305579, 59.962006999998657 ] ] ] } },
{ "type": "Feature", "properties": { "height": 18.0, "match_type": "matched", "height_source": "source_b" }, "geometry": { "type": "Polygon", "coordinates": [ [ [ 30.306689, 59.963733999998645 ], [ 30.306512, 59.963624999998672 ], [ 30.306032, 59.963826999998652 ], [ 30.305958, 59.963779999998671 ], [ 30.305853, 59.963826999998666 ], [ 30.306098, 59.96397199999867 ], [ 30.306689, 59.963733999998645 ] ] ] } },
{ "type": "Feature", "properties": { "height": 21.0, "match_type": "matched", "height_source": "source_b" }, "geometry": { "type": "Polygon", "coordinates": [ [ [ 30.306092, 59.963076999998655 ], [ 30.305761, 59.963202999998657 ], [ 30.305871, 59.963276999998669 ], [ 30.306203, 59.963150999998668 ], [ 30.306092, 59.963076999998655 ] ] ] } },
{ "type": "Feature", "properties": { "height": 4.5, "match_type": "matched", "height_source": "source_b" }, "geometry": { "type": "Polygon", "coordinates": [ [ [ 30.305927, 59.968267999998673 ], [ 30.305892, 59.968317999998654 ], [ 30.305985, 59.968334999998667 ], [ 30.305953, 59.968379999998668 ], [ 30.30607, 59.96839999999866 ], [ 30.306166, 59.968309999998681 ], [ 30.305927, 59.968267999998673 ] ] ] } },
{ "type": "Feature", "properties": { "height": 13.2, "match_type": "matched", "height_source": "source_b" }, "geometry": { "type": "Polygon", "coordinates": [ [ [ 30.306244, 59.961064999998662 ], [ 30.306083, 59.961014999998667 ], [ 30.305948, 59.961071999998651 ], [ 30.306055, 59.961139999998665 ], [ 30.306244, 59.961064999998662 ] ] ] } },
{ "type": "Feature", "properties": { "height": 6.6, "match_type": "matched", "height_source": "source_b" }, "geometry": { "type": "Polygon", "coordinates": [ [ [ 30.305948, 59.961071999998651 ], [ 30.306083, 59.961014999998667 ], [ 30.305683, 59.960794999998647 ], [ 30.305538, 59.960854999998674 ], [ 30.305948, 59.961071999998651 ] ] ] } },
{ "type": "Feature", "properties": { "height": 4.8, "match_type": "only_a", "height_source": "ml_predicted" }, "geometry": { "type": "Polygon", "coordinates": [ [ [ 30.30604, 59.95982 ], [ 30.30597, 59.95977 ], [ 30.30593, 59.95979 ], [ 30.30601, 59.95984 ], [ 30.30604, 59.95982 ] ] ] } },
{ "type": "Feature", "properties": { "height": 15.0, "match_type": "matched", "height_source": "source_b" }, "geometry": { "type": "Polygon", "coordinates": [ [ [ 30.305695, 59.964229999998672 ], [ 30.305987, 59.964106999998677 ], [ 30.305853, 59.964028999998639 ], [ 30.305572, 59.964150999998665 ], [ 30.305695, 59.964229999998672 ] ] ] } },
{ "type": "Feature", "properties": { "height": 15.0, "match_type": "matched", "height_source": "source_b" }, "geometry": { "type": "Polygon", "coordinates": [ [ [ 30.305878, 59.963372999998654 ], [ 30.305575, 59.963498999998684 ], [ 30.305738, 59.96359599999866 ], [ 30.306041, 59.963470999998648 ], [ 30.305878, 59.963372999998654 ] ] ] } },
{ "type": "Feature", "properties": { "height": 15.0, "match_type": "matched", "height_source": "source_b" }, "geometry": { "type": "Polygon", "coordinates": [ [ [ 30.306062, 59.969176999998652 ], [ 30.306128, 59.969039999998671 ], [ 30.305553, 59.96897399999866 ], [ 30.305472, 59.969107999998648 ], [ 30.306062, 59.969176999998652 ] ] ] } },
{ "type": "Feature", "properties": { "height": 1.3, "match_type": "only_a", "height_source": "ml_predicted" }, "geometry": { "type": "Polygon", "coordinates": [ [ [ 30.30609, 59.96344 ], [ 30.30595, 59.96336 ], [ 30.30591, 59.96338 ], [ 30.30604, 59.96346 ], [ 30.30609, 59.96344 ] ] ] } },
{ "type": "Feature", "properties": { "height": 5.3, "match_type": "only_a", "height_source": "ml_predicted" }, "geometry": { "type": "Polygon", "coordinates": [ [ [ 30.30615, 59.96443 ], [ 30.3062, 59.96441 ], [ 30.30605, 59.96431 ], [ 30.306, 59.96434 ], [ 30.30615, 59.96443 ] ] ] } },
{ "type": "Feature", "properties": { "height": 15.0, "match_type": "matched", "height_source": "source_b" }, "geometry": { "type": "Polygon", "coordinates": [ [ [ 30.306939, 59.964095999998662 ], [ 30.306717, 59.963962999998657 ], [ 30.30619, 59.964172999998659 ], [ 30.306422, 59.964317999998663 ], [ 30.30653, 59.964274999998658 ], [ 30.306455, 59.964229999998672 ], [ 30.306787, 59.964101999998647 ], [ 30.306844, 59.964135999998682 ], [ 30.306939, 59.964095999998662 ] ] ] } },
{ "type": "Feature", "properties": { "height": 9.9, "match_type": "matched", "height_source": "source_b" }, "geometry": { "type": "Polygon", "coordinates": [ [ [ 30.306908, 59.964076999998653 ], [ 30.306989, 59.964045999998682 ], [ 30.306903, 59.963998999998651 ], [ 30.307012, 59.963934999998649 ], [ 30.306918, 59.96387999999866 ], [ 30.306717, 59.963962999998657 ], [ 30.306908, 59.964076999998653 ] ] ] } },
{ "type": "Feature", "properties": { "height": 21.0, "match_type": "matched", "height_source": "source_b" }, "geometry": { "type": "Polygon", "coordinates": [ [ [ 30.306176, 59.964924999998672 ], [ 30.305786, 59.965077999998655 ], [ 30.30594, 59.965165999998668 ], [ 30.306269, 59.965033999998667 ], [ 30.306312, 59.96505499999865 ], [ 30.306268, 59.965077999998663 ], [ 30.306625, 59.965265999998657 ], [ 30.306839, 59.965207999998647 ], [ 30.306785, 59.965179999998675 ], [ 30.306725, 59.965212999998677 ], [ 30.306176, 59.964924999998672 ] ] ] } },
{ "type": "Feature", "properties": { "height": 15.0, "match_type": "matched", "height_source": "source_b" }, "geometry": { "type": "Polygon", "coordinates": [ [ [ 30.306017, 59.965648999998656 ], [ 30.306074, 59.965683999998667 ], [ 30.306459, 59.96552199999865 ], [ 30.30622, 59.965377999998644 ], [ 30.306012, 59.965462999998664 ], [ 30.306173, 59.965559999998646 ], [ 30.306017, 59.965648999998656 ] ] ] } },
{ "type": "Feature", "properties": { "height": 4.5, "match_type": "matched", "height_source": "source_b" }, "geometry": { "type": "Polygon", "coordinates": [ [ [ 30.306449, 59.959645999998649 ], [ 30.306516, 59.95968799999865 ], [ 30.30659, 59.959657999998662 ], [ 30.306519, 59.959616999998651 ], [ 30.306449, 59.959645999998649 ] ] ] } },
{ "type": "Feature", "properties": { "height": 18.0, "match_type": "matched", "height_source": "source_b" }, "geometry": { "type": "Polygon", "coordinates": [ [ [ 30.306396, 59.95954899999866 ], [ 30.306611, 59.959463999998668 ], [ 30.306413, 59.959341999998628 ], [ 30.306206, 59.959428999998657 ], [ 30.306396, 59.95954899999866 ] ] ] } },
{ "type": "Feature", "properties": { "height": 15.0, "match_type": "matched", "height_source": "source_b" }, "geometry": { "type": "Polygon", "coordinates": [ [ [ 30.30679, 59.95978699999867 ], [ 30.30699, 59.959701999998643 ], [ 30.306718, 59.959534999998652 ], [ 30.306519, 59.959616999998651 ], [ 30.30679, 59.95978699999867 ] ] ] } },
{ "type": "Feature", "properties": { "height": 18.0, "match_type": "matched", "height_source": "source_b" }, "geometry": { "type": "Polygon", "coordinates": [ [ [ 30.306249, 59.959406999998649 ], [ 30.306413, 59.959341999998628 ], [ 30.306115, 59.959157999998638 ], [ 30.305962, 59.959218999998654 ], [ 30.306249, 59.959406999998649 ] ] ] } },
{ "type": "Feature", "properties": { "height": 18.0, "match_type": "matched", "height_source": "source_b" }, "geometry": { "type": "Polygon", "coordinates": [ [ [ 30.305639, 59.959338999998671 ], [ 30.305791, 59.959437999998642 ], [ 30.306107, 59.959319999998634 ], [ 30.305962, 59.959218999998654 ], [ 30.305639, 59.959338999998671 ] ] ] } },
{ "type": "Feature", "properties": { "height": 18.0, "match_type": "matched", "height_source": "source_b" }, "geometry": { "type": "Polygon", "coordinates": [ [ [ 30.306449, 59.959645999998649 ], [ 30.306519, 59.959616999998651 ], [ 30.306718, 59.959534999998652 ], [ 30.306611, 59.959463999998668 ], [ 30.306338, 59.959571999998658 ], [ 30.306449, 59.959645999998649 ] ] ] } },
{ "type": "Feature", "properties": { "height": 6.6, "match_type": "matched", "height_source": "source_b" }, "geometry": { "type": "Polygon", "coordinates": [ [ [ 30.306051, 59.963943999998669 ], [ 30.305853, 59.964028999998639 ], [ 30.305987, 59.964106999998677 ], [ 30.306186, 59.96402099999866 ], [ 30.306051, 59.963943999998669 ] ] ] } },
{ "type": "Feature", "properties": { "height": 4.5, "match_type": "matched", "height_source": "source_b" }, "geometry": { "type": "Polygon", "coordinates": [ [ [ 30.306145, 59.96253199999866 ], [ 30.306208, 59.962564999998662 ], [ 30.306332, 59.962505999998648 ], [ 30.306269, 59.962472999998681 ], [ 30.306145, 59.96253199999866 ] ] ] } },
{ "type": "Feature", "properties": { "height": 15.0, "match_type": "matched", "height_source": "source_b" }, "geometry": { "type": "Polygon", "coordinates": [ [ [ 30.306702, 59.960597999998662 ], [ 30.306934, 59.96051299999867 ], [ 30.30645, 59.960158999998669 ], [ 30.306378, 59.960185999998657 ], [ 30.306168, 59.960060999998689 ], [ 30.305948, 59.960144999998661 ], [ 30.306164, 59.960277999998652 ], [ 30.306263, 59.960227999998651 ], [ 30.306581, 59.960435999998658 ], [ 30.306495, 59.960469999998679 ], [ 30.306702, 59.960597999998662 ] ] ] } },
{ "type": "Feature", "properties": { "height": 15.0, "match_type": "matched", "height_source": "source_b" }, "geometry": { "type": "Polygon", "coordinates": [ [ [ 30.30688, 59.965735999998635 ], [ 30.306663, 59.965608999998651 ], [ 30.306225, 59.965780999998657 ], [ 30.306074, 59.965683999998667 ], [ 30.305881, 59.965766999998657 ], [ 30.306245, 59.96599099999866 ], [ 30.30688, 59.965735999998635 ] ] ] } },
{ "type": "Feature", "properties": { "height": 9.2, "match_type": "only_a", "height_source": "ml_predicted" }, "geometry": { "type": "Polygon", "coordinates": [ [ [ 30.30625, 59.96884 ], [ 30.3064, 59.96888 ], [ 30.30641, 59.96886 ], [ 30.30625, 59.96884 ] ] ] } },
{ "type": "Feature", "properties": { "height": 21.0, "match_type": "matched", "height_source": "source_b" }, "geometry": { "type": "Polygon", "coordinates": [ [ [ 30.306415, 59.963628999998662 ], [ 30.306611, 59.963578999998681 ], [ 30.306529, 59.963534999998672 ], [ 30.306712, 59.963455999998665 ], [ 30.306778, 59.963493999998647 ], [ 30.307056, 59.963378999998675 ], [ 30.30701, 59.963349999998663 ], [ 30.307111, 59.963304999998648 ], [ 30.307069, 59.96327999999864 ], [ 30.307427, 59.963137999998665 ], [ 30.307317, 59.963068999998661 ], [ 30.306231, 59.963508999998659 ], [ 30.306415, 59.963628999998662 ] ] ] } },
{ "type": "Feature", "properties": { "height": 21.0, "match_type": "matched", "height_source": "source_b" }, "geometry": { "type": "Polygon", "coordinates": [ [ [ 30.307142, 59.963249999998673 ], [ 30.307564, 59.963455999998665 ], [ 30.307785, 59.963352999998676 ], [ 30.307427, 59.963137999998665 ], [ 30.307142, 59.963249999998673 ] ] ] } },
{ "type": "Feature", "properties": { "height": 21.0, "match_type": "matched", "height_source": "source_b" }, "geometry": { "type": "Polygon", "coordinates": [ [ [ 30.306512, 59.963624999998672 ], [ 30.306771, 59.963783999998675 ], [ 30.307564, 59.963455999998665 ], [ 30.307379, 59.963343999998663 ], [ 30.307164, 59.963436999998677 ], [ 30.307056, 59.963378999998675 ], [ 30.306778, 59.963493999998647 ], [ 30.306887, 59.963557999998649 ], [ 30.306707, 59.963632999998666 ], [ 30.306611, 59.963578999998681 ], [ 30.306512, 59.963624999998672 ] ] ] } },
{ "type": "Feature", "properties": { "height": 13.2, "match_type": "matched", "height_source": "source_b" }, "geometry": { "type": "Polygon", "coordinates": [ [ [ 30.306427, 59.963299999998661 ], [ 30.306267, 59.963192999998668 ], [ 30.306044, 59.963277999998674 ], [ 30.306204, 59.963383999998662 ], [ 30.306427, 59.963299999998661 ] ] ] } },
{ "type": "Feature", "properties": { "height": 4.5, "match_type": "matched", "height_source": "source_b" }, "geometry": { "type": "Polygon", "coordinates": [ [ [ 30.306033, 59.968472999998667 ], [ 30.305995, 59.968541999998671 ], [ 30.3063, 59.968583999998657 ], [ 30.306338, 59.968512999998659 ], [ 30.306033, 59.968472999998667 ] ] ] } },
{ "type": "Feature", "properties": { "height": 4.5, "match_type": "matched", "height_source": "source_b" }, "geometry": { "type": "Polygon", "coordinates": [ [ [ 30.306234, 59.968346999998651 ], [ 30.306193, 59.96839999999866 ], [ 30.306898, 59.96852799999867 ], [ 30.306938, 59.968477999998662 ], [ 30.306234, 59.968346999998651 ] ] ] } },
{ "type": "Feature", "properties": { "height": 15.0, "match_type": "matched", "height_source": "source_b" }, "geometry": { "type": "Polygon", "coordinates": [ [ [ 30.306263, 59.968822999998665 ], [ 30.306803, 59.968926999998658 ], [ 30.306825, 59.968882999998662 ], [ 30.307056, 59.968910999998656 ], [ 30.307121, 59.968780999998664 ], [ 30.306332, 59.968682999998641 ], [ 30.306263, 59.968822999998665 ] ] ] } },
{ "type": "Feature", "properties": { "height": 15.0, "match_type": "matched", "height_source": "source_b" }, "geometry": { "type": "Polygon", "coordinates": [ [ [ 30.306804, 59.962941999998669 ], [ 30.30701, 59.963074999998682 ], [ 30.30722, 59.962994999998664 ], [ 30.30701, 59.96285499999864 ], [ 30.306804, 59.962941999998669 ] ] ] } },
{ "type": "Feature", "properties": { "height": 15.0, "match_type": "matched", "height_source": "source_b" }, "geometry": { "type": "Polygon", "coordinates": [ [ [ 30.306221, 59.963162999998652 ], [ 30.306321, 59.963114999998666 ], [ 30.306265, 59.963080999998667 ], [ 30.306609, 59.962992999998662 ], [ 30.306549, 59.962955999998648 ], [ 30.306713, 59.962887999998671 ], [ 30.306544, 59.962780999998664 ], [ 30.30597, 59.96299599999864 ], [ 30.306221, 59.963162999998652 ] ] ] } },
{ "type": "Feature", "properties": { "height": 15.0, "match_type": "matched", "height_source": "source_b" }, "geometry": { "type": "Polygon", "coordinates": [ [ [ 30.306544, 59.962780999998664 ], [ 30.306804, 59.962941999998669 ], [ 30.30701, 59.96285499999864 ], [ 30.306771, 59.962695999998651 ], [ 30.306544, 59.962780999998664 ] ] ] } },
{ "type": "Feature", "properties": { "height": 18.0, "match_type": "matched", "height_source": "source_b" }, "geometry": { "type": "Polygon", "coordinates": [ [ [ 30.306221, 59.963162999998652 ], [ 30.306427, 59.963299999998661 ], [ 30.30701, 59.963074999998682 ], [ 30.306855, 59.962973999998667 ], [ 30.306691, 59.963041999998644 ], [ 30.306609, 59.962992999998662 ], [ 30.306462, 59.963052999998645 ], [ 30.30652, 59.963089999998665 ], [ 30.306221, 59.963162999998652 ] ] ] } },
{ "type": "Feature", "properties": { "height": 9.9, "match_type": "matched", "height_source": "source_b" }, "geometry": { "type": "Polygon", "coordinates": [ [ [ 30.306954, 59.968043999998663 ], [ 30.307196, 59.968091999998663 ], [ 30.307326, 59.967924999998665 ], [ 30.306372, 59.96773999999867 ], [ 30.306249, 59.967909999998668 ], [ 30.306498, 59.967954999998668 ], [ 30.306553, 59.967886999998662 ], [ 30.307006, 59.967971999998667 ], [ 30.306954, 59.968043999998663 ] ] ] } },
{ "type": "Feature", "properties": { "height": 8.6, "match_type": "only_a", "height_source": "ml_predicted" }, "geometry": { "type": "Polygon", "coordinates": [ [ [ 30.3065, 59.96888 ], [ 30.3067, 59.96893 ], [ 30.30671, 59.96891 ], [ 30.3065, 59.96888 ] ] ] } },
{ "type": "Feature", "properties": { "height": 9.9, "match_type": "matched", "height_source": "source_b" }, "geometry": { "type": "Polygon", "coordinates": [ [ [ 30.306598, 59.964389999998666 ], [ 30.306381, 59.964477999998643 ], [ 30.306525, 59.964567999998671 ], [ 30.306757, 59.964481999998675 ], [ 30.306598, 59.964389999998666 ] ] ] } },
{ "type": "Feature", "properties": { "height": 15.0, "match_type": "matched", "height_source": "source_b" }, "geometry": { "type": "Polygon", "coordinates": [ [ [ 30.306227, 59.961810999998661 ], [ 30.306505, 59.96169999999865 ], [ 30.306748, 59.961601999998663 ], [ 30.306567, 59.961490999998666 ], [ 30.306045, 59.961694999998649 ], [ 30.306227, 59.961810999998661 ] ] ] } },
{ "type": "Feature", "properties": { "height": 18.0, "match_type": "matched", "height_source": "source_b" }, "geometry": { "type": "Polygon", "coordinates": [ [ [ 30.30656, 59.959898999998671 ], [ 30.306695, 59.959848999998663 ], [ 30.30644, 59.959676999998671 ], [ 30.306305, 59.95972799999867 ], [ 30.30656, 59.959898999998671 ] ] ] } },
{ "type": "Feature", "properties": { "height": 8.3, "match_type": "only_a", "height_source": "ml_predicted" }, "geometry": { "type": "Polygon", "coordinates": [ [ [ 30.30655, 59.96607 ], [ 30.30664, 59.96602 ], [ 30.30654, 59.96606 ], [ 30.30655, 59.96607 ] ] ] } },
{ "type": "Feature", "properties": { "height": 18.0, "match_type": "matched", "height_source": "source_b" }, "geometry": { "type": "Polygon", "coordinates": [ [ [ 30.306649, 59.966218999998674 ], [ 30.306855, 59.96612599999866 ], [ 30.307076, 59.966030999998665 ], [ 30.306904, 59.965931999998659 ], [ 30.306725, 59.966007999998666 ], [ 30.306767, 59.966035999998645 ], [ 30.306654, 59.966038999998645 ], [ 30.306491, 59.966139999998653 ], [ 30.306649, 59.966218999998674 ] ] ] } },
{ "type": "Feature", "properties": { "height": 21.0, "match_type": "matched", "height_source": "source_b" }, "geometry": { "type": "Polygon", "coordinates": [ [ [ 30.308137, 59.967092999998684 ], [ 30.308191, 59.967040999998652 ], [ 30.308013, 59.966929999998662 ], [ 30.308095, 59.966893999998661 ], [ 30.307245, 59.966384999998667 ], [ 30.307165, 59.966419999998656 ], [ 30.307086, 59.966373999998659 ], [ 30.306977, 59.966423999998682 ], [ 30.307956, 59.967040999998666 ], [ 30.308137, 59.967092999998684 ] ] ] } },
{ "type": "Feature", "properties": { "height": 4.5, "match_type": "matched", "height_source": "source_b" }, "geometry": { "type": "Polygon", "coordinates": [ [ [ 30.308095, 59.966893999998661 ], [ 30.308013, 59.966929999998662 ], [ 30.308119, 59.966993999998657 ], [ 30.308198, 59.966952999998647 ], [ 30.308095, 59.966893999998661 ] ] ] } },
{ "type": "Feature", "properties": { "height": 18.0, "match_type": "matched", "height_source": "source_b" }, "geometry": { "type": "Polygon", "coordinates": [ [ [ 30.306977, 59.966423999998682 ], [ 30.307086, 59.966373999998659 ], [ 30.307419, 59.966226999998653 ], [ 30.307231, 59.966114999998659 ], [ 30.306998, 59.966204999998681 ], [ 30.306855, 59.96612599999866 ], [ 30.306649, 59.966218999998674 ], [ 30.306977, 59.966423999998682 ] ] ] } },
{ "type": "Feature", "properties": { "height": 15.0, "match_type": "matched", "height_source": "source_b" }, "geometry": { "type": "Polygon", "coordinates": [ [ [ 30.306661, 59.96924699999866 ], [ 30.30673, 59.96909599999865 ], [ 30.306132, 59.969029999998654 ], [ 30.306062, 59.969176999998652 ], [ 30.306661, 59.96924699999866 ] ] ] } },
{ "type": "Feature", "properties": { "height": 18.0, "match_type": "matched", "height_source": "source_b" }, "geometry": { "type": "Polygon", "coordinates": [ [ [ 30.306602, 59.960792999998681 ], [ 30.306226, 59.960564999998681 ], [ 30.306021, 59.960648999998647 ], [ 30.306409, 59.960878999998663 ], [ 30.306602, 59.960792999998681 ] ] ] } },
{ "type": "Feature", "properties": { "height": 15.0, "match_type": "matched", "height_source": "source_b" }, "geometry": { "type": "Polygon", "coordinates": [ [ [ 30.306677, 59.962331999998675 ], [ 30.306872, 59.962249999998654 ], [ 30.306567, 59.96205699999868 ], [ 30.306375, 59.962139999998662 ], [ 30.306677, 59.962331999998675 ] ] ] } },
{ "type": "Feature", "properties": { "height": 21.0, "match_type": "matched", "height_source": "source_b" }, "geometry": { "type": "Polygon", "coordinates": [ [ [ 30.306385, 59.965042999998666 ], [ 30.306478, 59.964996999998647 ], [ 30.306624, 59.96493699999867 ], [ 30.306414, 59.964822999998646 ], [ 30.306176, 59.964924999998672 ], [ 30.306385, 59.965042999998666 ] ] ] } },
{ "type": "Feature", "properties": { "height": 15.0, "match_type": "matched", "height_source": "source_b" }, "geometry": { "type": "Polygon", "coordinates": [ [ [ 30.306385, 59.965042999998666 ], [ 30.306725, 59.965212999998677 ], [ 30.306814, 59.965162999998633 ], [ 30.306739, 59.965124999998658 ], [ 30.30686, 59.965064999998653 ], [ 30.306753, 59.965004999998655 ], [ 30.306624, 59.965066999998648 ], [ 30.306478, 59.964996999998647 ], [ 30.306385, 59.965042999998666 ] ] ] } },
{ "type": "Feature", "properties": { "height": 15.0, "match_type": "matched", "height_source": "source_b" }, "geometry": { "type": "Polygon", "coordinates": [ [ [ 30.307169, 59.960655999998636 ], [ 30.306934, 59.96051299999867 ], [ 30.306702, 59.960597999998662 ], [ 30.306932, 59.960745999998657 ], [ 30.307169, 59.960655999998636 ] ] ] } },
{ "type": "Feature", "properties": { "height": 15.0, "match_type": "matched", "height_source": "source_b" }, "geometry": { "type": "Polygon", "coordinates": [ [ [ 30.307106, 59.960448999998654 ], [ 30.307328, 59.960598999998652 ], [ 30.307571, 59.960511999998651 ], [ 30.307354, 59.960359999998637 ], [ 30.307595, 59.960286999998665 ], [ 30.307486, 59.960229999998653 ], [ 30.307171, 59.96034199999864 ], [ 30.307252, 59.960394999998648 ], [ 30.307106, 59.960448999998654 ] ] ] } },
{ "type": "Feature", "properties": { "height": 15.0, "match_type": "matched", "height_source": "source_b" }, "geometry": { "type": "Polygon", "coordinates": [ [ [ 30.306186, 59.96402099999866 ], [ 30.306771, 59.963783999998675 ], [ 30.306689, 59.963733999998645 ], [ 30.306098, 59.96397199999867 ], [ 30.306186, 59.96402099999866 ] ] ] } },
{ "type": "Feature", "properties": { "height": 18.0, "match_type": "matched", "height_source": "source_b" }, "geometry": { "type": "Polygon", "coordinates": [ [ [ 30.30656, 59.959898999998671 ], [ 30.306784, 59.960050999998657 ], [ 30.306919, 59.959999999998665 ], [ 30.306695, 59.959848999998663 ], [ 30.30656, 59.959898999998671 ] ] ] } },
{ "type": "Feature", "properties": { "height": 7.1, "match_type": "only_a", "height_source": "ml_predicted" }, "geometry": { "type": "Polygon", "coordinates": [ [ [ 30.30621, 59.96404 ], [ 30.30679, 59.96379 ], [ 30.30619, 59.96403 ], [ 30.30621, 59.96404 ] ] ] } },
{ "type": "Feature", "properties": { "height": 10.7, "match_type": "only_a", "height_source": "ml_predicted" }, "geometry": { "type": "Polygon", "coordinates": [ [ [ 30.30672, 59.966 ], [ 30.3068, 59.96595 ], [ 30.3067, 59.96599 ], [ 30.30672, 59.966 ] ] ] } },
{ "type": "Feature", "properties": { "height": 4.5, "match_type": "matched", "height_source": "source_b" }, "geometry": { "type": "Polygon", "coordinates": [ [ [ 30.306789, 59.964408999998668 ], [ 30.30707, 59.964288999998651 ], [ 30.306961, 59.964219999998654 ], [ 30.306668, 59.964340999998662 ], [ 30.306789, 59.964408999998668 ] ] ] } },
{ "type": "Feature", "properties": { "height": 13.2, "match_type": "matched", "height_source": "source_b" }, "geometry": { "type": "Polygon", "coordinates": [ [ [ 30.306554, 59.97092699999866 ], [ 30.306834, 59.970513999998659 ], [ 30.305702, 59.970399999998662 ], [ 30.305655, 59.970539999998657 ], [ 30.305852, 59.970555999998673 ], [ 30.305744, 59.970879999998658 ], [ 30.306554, 59.97092699999866 ] ], [ [ 30.306497, 59.970610999998662 ], [ 30.306319, 59.970824999998669 ], [ 30.306023, 59.970800999998652 ], [ 30.306098, 59.970576999998663 ], [ 30.306497, 59.970610999998662 ] ] ] } },
{ "type": "Feature", "properties": { "height": 13.2, "match_type": "matched", "height_source": "source_b" }, "geometry": { "type": "Polygon", "coordinates": [ [ [ 30.306677, 59.962331999998675 ], [ 30.306883, 59.962460999998662 ], [ 30.306983, 59.96246599999867 ], [ 30.307147, 59.962379999998674 ], [ 30.307064, 59.962303999998653 ], [ 30.30741, 59.962171999998652 ], [ 30.307561, 59.962216999998653 ], [ 30.307729, 59.962151999998675 ], [ 30.307479, 59.961997999998651 ], [ 30.306677, 59.962331999998675 ] ] ] } },
{ "type": "Feature", "properties": { "height": 4.5, "match_type": "matched", "height_source": "source_b" }, "geometry": { "type": "Polygon", "coordinates": [ [ [ 30.306843, 59.970364999998679 ], [ 30.3069, 59.970367999998665 ], [ 30.306947, 59.970349999998675 ], [ 30.306866, 59.970333999998658 ], [ 30.306843, 59.970364999998679 ] ] ] } },
{ "type": "Feature", "properties": { "height": 4.5, "match_type": "matched", "height_source": "source_b" }, "geometry": { "type": "Polygon", "coordinates": [ [ [ 30.306954, 59.968043999998663 ], [ 30.307006, 59.967971999998667 ], [ 30.306553, 59.967886999998662 ], [ 30.306484, 59.967972999998651 ], [ 30.306954, 59.968043999998663 ] ] ] } },
{ "type": "Feature", "properties": { "height": 18.0, "match_type": "matched", "height_source": "source_b" }, "geometry": { "type": "Polygon", "coordinates": [ [ [ 30.307131, 59.970724999998694 ], [ 30.306858, 59.971080999998648 ], [ 30.307535, 59.971092999998667 ], [ 30.307516, 59.970922999998663 ], [ 30.307303, 59.970928999998648 ], [ 30.307386, 59.970803999998672 ], [ 30.30746, 59.970803999998658 ], [ 30.307447, 59.970733999998664 ], [ 30.307131, 59.970724999998694 ] ] ] } },
{ "type": "Feature", "properties": { "height": 4.5, "match_type": "matched", "height_source": "source_b" }, "geometry": { "type": "Polygon", "coordinates": [ [ [ 30.306709, 59.968611999998672 ], [ 30.306926, 59.968650999998673 ], [ 30.306967, 59.968591999998665 ], [ 30.30675, 59.968553999998655 ], [ 30.306709, 59.968611999998672 ] ] ] } },
{ "type": "Feature", "properties": { "height": 9.5, "match_type": "only_a", "height_source": "ml_predicted" }, "geometry": { "type": "Polygon", "coordinates": [ [ [ 30.30681, 59.96892 ], [ 30.30706, 59.96893 ], [ 30.30681, 59.96891 ], [ 30.30681, 59.96892 ] ] ] } },
{ "type": "Feature", "properties": { "height": 9.9, "match_type": "matched", "height_source": "source_b" }, "geometry": { "type": "Polygon", "coordinates": [ [ [ 30.307944, 59.964369999998667 ], [ 30.307757, 59.964260999998679 ], [ 30.306728, 59.964692999998633 ], [ 30.306995, 59.964835999998648 ], [ 30.307124, 59.964771999998639 ], [ 30.307022, 59.964707999998652 ], [ 30.307268, 59.964617999998651 ], [ 30.307343, 59.96466299999868 ], [ 30.307509, 59.964592999998644 ], [ 30.307428, 59.964548999998662 ], [ 30.307944, 59.964369999998667 ] ] ] } },
{ "type": "Feature", "properties": { "height": 21.0, "match_type": "matched", "height_source": "source_b" }, "geometry": { "type": "Polygon", "coordinates": [ [ [ 30.307296, 59.961386999998673 ], [ 30.307361, 59.961360999998647 ], [ 30.307271, 59.961303999998655 ], [ 30.307206, 59.961328999998663 ], [ 30.307296, 59.961386999998673 ] ] ] } },
{ "type": "Feature", "properties": { "height": 18.0, "match_type": "matched", "height_source": "source_b" }, "geometry": { "type": "Polygon", "coordinates": [ [ [ 30.307563, 59.961580999998638 ], [ 30.307736, 59.961507999998673 ], [ 30.307296, 59.961235999998664 ], [ 30.306605, 59.961512999998668 ], [ 30.306748, 59.961601999998663 ], [ 30.306849, 59.961586999998651 ], [ 30.307261, 59.961392999998637 ], [ 30.307563, 59.961580999998638 ] ], [ [ 30.307296, 59.961386999998673 ], [ 30.307206, 59.961328999998663 ], [ 30.307271, 59.961303999998655 ], [ 30.307361, 59.961360999998647 ], [ 30.307296, 59.961386999998673 ] ], [ [ 30.307459, 59.961478999998647 ], [ 30.307405, 59.961444999998641 ], [ 30.307496, 59.961408999998646 ], [ 30.30755, 59.961442999998653 ], [ 30.307459, 59.961478999998647 ] ] ] } },
{ "type": "Feature", "properties": { "height": 21.0, "match_type": "matched", "height_source": "source_b" }, "geometry": { "type": "Polygon", "coordinates": [ [ [ 30.307459, 59.961478999998647 ], [ 30.30755, 59.961442999998653 ], [ 30.307496, 59.961408999998646 ], [ 30.307405, 59.961444999998641 ], [ 30.307459, 59.961478999998647 ] ] ] } },
{ "type": "Feature", "properties": { "height": 6.6, "match_type": "matched", "height_source": "source_b" }, "geometry": { "type": "Polygon", "coordinates": [ [ [ 30.306995, 59.960169999998648 ], [ 30.306918, 59.96019899999866 ], [ 30.307006, 59.960256999998663 ], [ 30.307083, 59.960227999998637 ], [ 30.306995, 59.960169999998648 ] ] ] } },
{ "type": "Feature", "properties": { "height": 18.0, "match_type": "matched", "height_source": "source_b" }, "geometry": { "type": "Polygon", "coordinates": [ [ [ 30.307448, 59.96281699999868 ], [ 30.307669, 59.962715999998665 ], [ 30.307289, 59.962483999998646 ], [ 30.307065, 59.96257099999864 ], [ 30.307448, 59.96281699999868 ] ] ] } },
{ "type": "Feature", "properties": { "height": 18.0, "match_type": "matched", "height_source": "source_b" }, "geometry": { "type": "Polygon", "coordinates": [ [ [ 30.307585, 59.962660999998661 ], [ 30.307669, 59.962715999998665 ], [ 30.308394, 59.962386999998664 ], [ 30.308145, 59.962257999998663 ], [ 30.307955, 59.962333999998641 ], [ 30.308112, 59.962435999998661 ], [ 30.307585, 59.962660999998661 ] ] ] } },
{ "type": "Feature", "properties": { "height": 15.0, "match_type": "matched", "height_source": "source_b" }, "geometry": { "type": "Polygon", "coordinates": [ [ [ 30.307126, 59.969300999998673 ], [ 30.307175, 59.969187999998667 ], [ 30.306711, 59.969137999998665 ], [ 30.306661, 59.96924699999866 ], [ 30.307126, 59.969300999998673 ] ] ] } },
{ "type": "Feature", "properties": { "height": 4.5, "match_type": "matched", "height_source": "source_b" }, "geometry": { "type": "Polygon", "coordinates": [ [ [ 30.307169, 59.965030999998667 ], [ 30.307238, 59.965019999998667 ], [ 30.307575, 59.964858999998661 ], [ 30.307359, 59.964745999998648 ], [ 30.306971, 59.964931999998662 ], [ 30.307169, 59.965030999998667 ] ] ] } },
{ "type": "Feature", "properties": { "height": 9.9, "match_type": "matched", "height_source": "source_b" }, "geometry": { "type": "Polygon", "coordinates": [ [ [ 30.306876, 59.960446999998638 ], [ 30.306976, 59.960534999998679 ], [ 30.307252, 59.960394999998648 ], [ 30.307171, 59.96034199999864 ], [ 30.306876, 59.960446999998638 ] ] ] } },
{ "type": "Feature", "properties": { "height": 4.5, "match_type": "matched", "height_source": "source_b" }, "geometry": { "type": "Polygon", "coordinates": [ [ [ 30.307447, 59.970733999998664 ], [ 30.30746, 59.970660999998643 ], [ 30.307258, 59.97064299999866 ], [ 30.307226, 59.970727999998665 ], [ 30.307447, 59.970733999998664 ] ] ] } },
{ "type": "Feature", "properties": { "height": 15.0, "match_type": "matched", "height_source": "source_b" }, "geometry": { "type": "Polygon", "coordinates": [ [ [ 30.307326072467504, 59.970637553636251 ], [ 30.307541041476178, 59.970656711376492 ], [ 30.308020469261621, 59.970093892217086 ], [ 30.307812391605601, 59.970070204037334 ], [ 30.307326072467504, 59.970637553636251 ] ] ] } },
{ "type": "Feature", "properties": { "height": 15.0, "match_type": "matched", "height_source": "source_b" }, "geometry": { "type": "Polygon", "coordinates": [ [ [ 30.307856795245083, 59.970341874947628 ], [ 30.308162388375365, 59.970921975553026 ], [ 30.308359688907569, 59.970919027718907 ], [ 30.308011896787018, 59.970174740871101 ], [ 30.307856795245083, 59.970341874947628 ] ] ] } },
{ "type": "Feature", "properties": { "height": 5.5, "match_type": "only_a", "height_source": "ml_predicted" }, "geometry": { "type": "Polygon", "coordinates": [ [ [ 30.30723, 59.96071 ], [ 30.30728, 59.96069 ], [ 30.30719, 59.96068 ], [ 30.30723, 59.96071 ] ] ] } },
{ "type": "Feature", "properties": { "height": 13.2, "match_type": "matched", "height_source": "source_b" }, "geometry": { "type": "Polygon", "coordinates": [ [ [ 30.307149, 59.960111999998674 ], [ 30.307376, 59.960027999998658 ], [ 30.3074, 59.960017999998641 ], [ 30.307176, 59.95987099999865 ], [ 30.306969, 59.959958999998662 ], [ 30.307149, 59.960111999998674 ] ] ] } },
{ "type": "Feature", "properties": { "height": 24.0, "match_type": "matched", "height_source": "source_b" }, "geometry": { "type": "Polygon", "coordinates": [ [ [ 30.307298, 59.960773999998644 ], [ 30.307352, 59.960809999998695 ], [ 30.307401, 59.960790999998657 ], [ 30.307347, 59.960754999998642 ], [ 30.307298, 59.960773999998644 ] ] ] } },
{ "type": "Feature", "properties": { "height": 24.0, "match_type": "matched", "height_source": "source_b" }, "geometry": { "type": "Polygon", "coordinates": [ [ [ 30.307566, 59.96067399999864 ], [ 30.307621, 59.960709999998642 ], [ 30.30767, 59.960691999998652 ], [ 30.307616, 59.96065499999866 ], [ 30.307566, 59.96067399999864 ] ] ] } },
{ "type": "Feature", "properties": { "height": 24.0, "match_type": "matched", "height_source": "source_b" }, "geometry": { "type": "Polygon", "coordinates": [ [ [ 30.307156, 59.960712999998655 ], [ 30.307078, 59.960743999998641 ], [ 30.307201, 59.96074199999866 ], [ 30.307156, 59.960712999998655 ] ] ] } },
{ "type": "Feature", "properties": { "height": 21.0, "match_type": "matched", "height_source": "source_b" }, "geometry": { "type": "Polygon", "coordinates": [ [ [ 30.307263, 59.960952999998675 ], [ 30.307786, 59.960723999998635 ], [ 30.307648, 59.960642999998676 ], [ 30.307616, 59.96065499999866 ], [ 30.30767, 59.960691999998652 ], [ 30.307566, 59.96067399999864 ], [ 30.307347, 59.960754999998642 ], [ 30.307401, 59.960790999998657 ], [ 30.307352, 59.960809999998695 ], [ 30.307201, 59.96074199999866 ], [ 30.307123, 59.960771999998663 ], [ 30.307078, 59.960743999998641 ], [ 30.307156, 59.960712999998655 ], [ 30.307105, 59.960679999998639 ], [ 30.306932, 59.960745999998657 ], [ 30.307263, 59.960952999998675 ] ] ] } },
{ "type": "Feature", "properties": { "height": 6.6, "match_type": "matched", "height_source": "source_b" }, "geometry": { "type": "Polygon", "coordinates": [ [ [ 30.307456, 59.964175999998673 ], [ 30.307301, 59.964070999998675 ], [ 30.307157, 59.964132999998654 ], [ 30.307022, 59.964045999998682 ], [ 30.306908, 59.964076999998653 ], [ 30.307221, 59.964266999998678 ], [ 30.307456, 59.964175999998673 ] ] ] } },
{ "type": "Feature", "properties": { "height": 5.1, "match_type": "only_a", "height_source": "ml_predicted" }, "geometry": { "type": "Polygon", "coordinates": [ [ [ 30.30729, 59.96444 ], [ 30.30725, 59.96442 ], [ 30.307, 59.96453 ], [ 30.30703, 59.96455 ], [ 30.30729, 59.96444 ] ] ] } },
{ "type": "Feature", "properties": { "height": 18.0, "match_type": "matched", "height_source": "source_b" }, "geometry": { "type": "Polygon", "coordinates": [ [ [ 30.307016, 59.959938999998649 ], [ 30.307226, 59.959850999998658 ], [ 30.30699, 59.959701999998643 ], [ 30.306781, 59.959790999998653 ], [ 30.307016, 59.959938999998649 ] ] ] } },
{ "type": "Feature", "properties": { "height": 18.0, "match_type": "matched", "height_source": "source_b" }, "geometry": { "type": "Polygon", "coordinates": [ [ [ 30.307292, 59.959306999998667 ], [ 30.307346, 59.959178999998635 ], [ 30.306841, 59.959136999998648 ], [ 30.306768, 59.959267999998666 ], [ 30.307292, 59.959306999998667 ] ] ] } },
{ "type": "Feature", "properties": { "height": 13.2, "match_type": "matched", "height_source": "source_b" }, "geometry": { "type": "Polygon", "coordinates": [ [ [ 30.307412, 59.965109999998653 ], [ 30.307213, 59.965008999998673 ], [ 30.306881, 59.965175999998671 ], [ 30.307083, 59.96527599999866 ], [ 30.307412, 59.965109999998653 ] ] ] } },
{ "type": "Feature", "properties": { "height": 4.5, "match_type": "matched", "height_source": "source_b" }, "geometry": { "type": "Polygon", "coordinates": [ [ [ 30.307432, 59.961679999998651 ], [ 30.307276, 59.961740999998639 ], [ 30.307334, 59.96177999999864 ], [ 30.307493, 59.961715999998653 ], [ 30.307432, 59.961679999998651 ] ] ] } },
{ "type": "Feature", "properties": { "height": 18.0, "match_type": "matched", "height_source": "source_b" }, "geometry": { "type": "Polygon", "coordinates": [ [ [ 30.30722, 59.96401699999867 ], [ 30.307456, 59.964175999998673 ], [ 30.308269, 59.963830999998635 ], [ 30.308084, 59.963720999998671 ], [ 30.307415, 59.964006999998638 ], [ 30.307339, 59.963970999998665 ], [ 30.30722, 59.96401699999867 ] ] ] } },
{ "type": "Feature", "properties": { "height": 18.0, "match_type": "matched", "height_source": "source_b" }, "geometry": { "type": "Polygon", "coordinates": [ [ [ 30.30722, 59.96401699999867 ], [ 30.307339, 59.963970999998665 ], [ 30.307269, 59.963932999998654 ], [ 30.307577, 59.963794999998669 ], [ 30.307396, 59.963684999998655 ], [ 30.306971, 59.963856999998661 ], [ 30.30722, 59.96401699999867 ] ] ] } },
{ "type": "Feature", "properties": { "height": 18.0, "match_type": "matched", "height_source": "source_b" }, "geometry": { "type": "Polygon", "coordinates": [ [ [ 30.308038, 59.963693999998661 ], [ 30.308269, 59.963830999998635 ], [ 30.308502, 59.96373099999866 ], [ 30.30828, 59.963594999998641 ], [ 30.308038, 59.963693999998661 ] ] ] } },
{ "type": "Feature", "properties": { "height": 18.0, "match_type": "matched", "height_source": "source_b" }, "geometry": { "type": "Polygon", "coordinates": [ [ [ 30.307776, 59.963531999998686 ], [ 30.308038, 59.963693999998661 ], [ 30.30828, 59.963594999998641 ], [ 30.308012, 59.963433999998664 ], [ 30.307776, 59.963531999998686 ] ] ] } },
{ "type": "Feature", "properties": { "height": 18.0, "match_type": "matched", "height_source": "source_b" }, "geometry": { "type": "Polygon", "coordinates": [ [ [ 30.307396, 59.963684999998655 ], [ 30.307577, 59.963794999998669 ], [ 30.307951, 59.963639999998669 ], [ 30.307776, 59.963531999998686 ], [ 30.307396, 59.963684999998655 ] ] ] } },
{ "type": "Feature", "properties": { "height": 15.0, "match_type": "matched", "height_source": "source_b" }, "geometry": { "type": "Polygon", "coordinates": [ [ [ 30.308125, 59.968474999998662 ], [ 30.308589, 59.968587999998661 ], [ 30.30874, 59.968429999998648 ], [ 30.308548, 59.968387999998662 ], [ 30.308522, 59.968428999998672 ], [ 30.307872, 59.968283999998654 ], [ 30.307782, 59.968386999998671 ], [ 30.307855, 59.968421999998668 ], [ 30.307797, 59.968483999998675 ], [ 30.308068, 59.968542999998661 ], [ 30.308125, 59.968474999998662 ] ] ] } },
{ "type": "Feature", "properties": { "height": 15.0, "match_type": "matched", "height_source": "source_b" }, "geometry": { "type": "Polygon", "coordinates": [ [ [ 30.30709, 59.968480999998675 ], [ 30.308445, 59.968775999998655 ], [ 30.308615, 59.968592999998648 ], [ 30.308398, 59.968544999998649 ], [ 30.30831, 59.968632999998654 ], [ 30.307797, 59.968483999998675 ], [ 30.307725, 59.968516999998648 ], [ 30.307556, 59.96848199999868 ], [ 30.307534, 59.96845899999866 ], [ 30.307613, 59.968371999998659 ], [ 30.307782, 59.968386999998671 ], [ 30.307872, 59.968283999998654 ], [ 30.307535, 59.968164999998642 ], [ 30.307372, 59.968182999998653 ], [ 30.307305, 59.968252999998676 ], [ 30.307392, 59.968275999998667 ], [ 30.30724, 59.968447999998659 ], [ 30.307149, 59.968415999998655 ], [ 30.30709, 59.968480999998675 ] ] ] } },
{ "type": "Feature", "properties": { "height": 4.5, "match_type": "matched", "height_source": "source_b" }, "geometry": { "type": "Polygon", "coordinates": [ [ [ 30.307305, 59.961676999998666 ], [ 30.307387, 59.961697999998655 ], [ 30.307432, 59.961679999998651 ], [ 30.307384, 59.961647999998668 ], [ 30.307305, 59.961676999998666 ] ] ] } },
{ "type": "Feature", "properties": { "height": 18.0, "match_type": "matched", "height_source": "source_b" }, "geometry": { "type": "Polygon", "coordinates": [ [ [ 30.308548, 59.968387999998662 ], [ 30.308765, 59.968433999998652 ], [ 30.309122, 59.968062999998658 ], [ 30.307446, 59.967727999998658 ], [ 30.307302, 59.967870999998667 ], [ 30.308736, 59.96812299999867 ], [ 30.308533, 59.968351999998646 ], [ 30.308576, 59.96836099999868 ], [ 30.308548, 59.968387999998662 ] ] ] } },
{ "type": "Feature", "properties": { "height": 4.5, "match_type": "matched", "height_source": "source_b" }, "geometry": { "type": "Polygon", "coordinates": [ [ [ 30.30747, 59.966301999998642 ], [ 30.307411, 59.966327999998668 ], [ 30.307602, 59.966453999998649 ], [ 30.307667, 59.966427999998658 ], [ 30.30747, 59.966301999998642 ] ] ] } },
{ "type": "Feature", "properties": { "height": 13.2, "match_type": "matched", "height_source": "source_b" }, "geometry": { "type": "Polygon", "coordinates": [ [ [ 30.307669, 59.962715999998665 ], [ 30.307448, 59.96281699999868 ], [ 30.308163, 59.963242999998663 ], [ 30.308544, 59.963081999998657 ], [ 30.308369, 59.962972999998676 ], [ 30.308217, 59.963038999998659 ], [ 30.307669, 59.962715999998665 ] ] ] } },
{ "type": "Feature", "properties": { "height": 18.0, "match_type": "matched", "height_source": "source_b" }, "geometry": { "type": "Polygon", "coordinates": [ [ [ 30.307359, 59.964745999998648 ], [ 30.307575, 59.964858999998661 ], [ 30.307951, 59.96467999999868 ], [ 30.307736, 59.964565999998648 ], [ 30.307359, 59.964745999998648 ] ] ] } },
{ "type": "Feature", "properties": { "height": 4.5, "match_type": "matched", "height_source": "source_b" }, "geometry": { "type": "Polygon", "coordinates": [ [ [ 30.307464, 59.965273999998651 ], [ 30.307544, 59.965237999998664 ], [ 30.307448, 59.965183999998665 ], [ 30.307368, 59.965219999998666 ], [ 30.307464, 59.965273999998651 ] ] ] } },
{ "type": "Feature", "properties": { "height": 18.0, "match_type": "matched", "height_source": "source_b" }, "geometry": { "type": "Polygon", "coordinates": [ [ [ 30.306663, 59.965608999998651 ], [ 30.30688, 59.965735999998635 ], [ 30.307493, 59.965479999998664 ], [ 30.307264, 59.965362999998675 ], [ 30.306663, 59.965608999998651 ] ] ] } },
{ "type": "Feature", "properties": { "height": 6.6, "match_type": "matched", "height_source": "source_b" }, "geometry": { "type": "Polygon", "coordinates": [ [ [ 30.307452, 59.959590999998689 ], [ 30.307386, 59.959604999998668 ], [ 30.307369, 59.959636999998651 ], [ 30.307515, 59.959647999998673 ], [ 30.307452, 59.959590999998689 ] ] ] } },
{ "type": "Feature", "properties": { "height": 9.9, "match_type": "matched", "height_source": "source_b" }, "geometry": { "type": "Polygon", "coordinates": [ [ [ 30.307327, 59.960124999998662 ], [ 30.307595, 59.960286999998665 ], [ 30.307802, 59.960215999998667 ], [ 30.307459, 59.959995999998632 ], [ 30.306995, 59.960169999998648 ], [ 30.307083, 59.960227999998637 ], [ 30.307327, 59.960124999998662 ] ] ] } },
{ "type": "Feature", "properties": { "height": 18.0, "match_type": "matched", "height_source": "source_b" }, "geometry": { "type": "Polygon", "coordinates": [ [ [ 30.307289, 59.962483999998646 ], [ 30.307416, 59.962560999998658 ], [ 30.308204, 59.962229999998648 ], [ 30.30806, 59.962150999998656 ], [ 30.307289, 59.962483999998646 ] ] ] } },
{ "type": "Feature", "properties": { "height": 6.6, "match_type": "matched", "height_source": "source_b" }, "geometry": { "type": "Polygon", "coordinates": [ [ [ 30.308077, 59.962159999998669 ], [ 30.308204, 59.962229999998648 ], [ 30.308271, 59.962201999998669 ], [ 30.308147, 59.962130999998664 ], [ 30.308077, 59.962159999998669 ] ] ] } },
{ "type": "Feature", "properties": { "height": 15.0, "match_type": "matched", "height_source": "source_b" }, "geometry": { "type": "Polygon", "coordinates": [ [ [ 30.307956, 59.961830999998661 ], [ 30.308189, 59.96173399999865 ], [ 30.307797, 59.961483999998656 ], [ 30.307563, 59.961580999998638 ], [ 30.307956, 59.961830999998661 ] ] ] } },
{ "type": "Feature", "properties": { "height": 15.0, "match_type": "matched", "height_source": "source_b" }, "geometry": { "type": "Polygon", "coordinates": [ [ [ 30.307826, 59.965909999998658 ], [ 30.307654, 59.965984999998653 ], [ 30.307821, 59.966088999998668 ], [ 30.307997, 59.966013999998665 ], [ 30.307826, 59.965909999998658 ] ] ] } },
{ "type": "Feature", "properties": { "height": 3.1, "match_type": "only_a", "height_source": "ml_predicted" }, "geometry": { "type": "Polygon", "coordinates": [ [ [ 30.30766, 59.96494 ], [ 30.30775, 59.96499 ], [ 30.30783, 59.96495 ], [ 30.30774, 59.9649 ], [ 30.30766, 59.96494 ] ] ] } },
{ "type": "Feature", "properties": { "height": 4.5, "match_type": "matched", "height_source": "source_b" }, "geometry": { "type": "Polygon", "coordinates": [ [ [ 30.307561, 59.965183999998665 ], [ 30.30762, 59.965153999998648 ], [ 30.307473, 59.965034999998672 ], [ 30.307365, 59.965086999998661 ], [ 30.307561, 59.965183999998665 ] ] ] } },
{ "type": "Feature", "properties": { "height": 3.7, "match_type": "only_a", "height_source": "ml_predicted" }, "geometry": { "type": "Polygon", "coordinates": [ [ [ 30.30767, 59.95974 ], [ 30.30757, 59.95968 ], [ 30.30748, 59.95972 ], [ 30.30759, 59.95977 ], [ 30.30767, 59.95974 ] ] ] } },
{ "type": "Feature", "properties": { "height": 2.8, "match_type": "only_a", "height_source": "ml_predicted" }, "geometry": { "type": "Polygon", "coordinates": [ [ [ 30.30763, 59.96544 ], [ 30.30781, 59.96541 ], [ 30.30776, 59.96538 ], [ 30.30763, 59.96544 ] ] ] } },
{ "type": "Feature", "properties": { "height": 9.9, "match_type": "matched", "height_source": "source_b" }, "geometry": { "type": "Polygon", "coordinates": [ [ [ 30.307689, 59.965826999998662 ], [ 30.30751, 59.965717999998674 ], [ 30.307342, 59.965793999998631 ], [ 30.307521, 59.965905999998647 ], [ 30.307689, 59.965826999998662 ] ] ] } },
{ "type": "Feature", "properties": { "height": 4.5, "match_type": "matched", "height_source": "source_b" }, "geometry": { "type": "Polygon", "coordinates": [ [ [ 30.307944, 59.964369999998667 ], [ 30.307773, 59.96444499999869 ], [ 30.308045, 59.964601999998678 ], [ 30.308301, 59.964582999998655 ], [ 30.307944, 59.964369999998667 ] ] ] } },
{ "type": "Feature", "properties": { "height": 4.5, "match_type": "matched", "height_source": "source_b" }, "geometry": { "type": "Polygon", "coordinates": [ [ [ 30.3079, 59.966519999998667 ], [ 30.307829, 59.966540999998649 ], [ 30.307872, 59.966577999998641 ], [ 30.307944, 59.966557999998663 ], [ 30.3079, 59.966519999998667 ] ] ] } },
{ "type": "Feature", "properties": { "height": 18.0, "match_type": "matched", "height_source": "source_b" }, "geometry": { "type": "Polygon", "coordinates": [ [ [ 30.307784, 59.959320999998639 ], [ 30.307808, 59.959191999998659 ], [ 30.307346, 59.959178999998635 ], [ 30.307292, 59.959306999998667 ], [ 30.307784, 59.959320999998639 ] ] ] } },
{ "type": "Feature", "properties": { "height": 18.0, "match_type": "matched", "height_source": "source_b" }, "geometry": { "type": "Polygon", "coordinates": [ [ [ 30.30751, 59.965717999998674 ], [ 30.307997, 59.966013999998665 ], [ 30.308353, 59.965869999998667 ], [ 30.307849, 59.965578999998634 ], [ 30.30751, 59.965717999998674 ] ], [ [ 30.307944, 59.96569999999867 ], [ 30.308062, 59.965775999998648 ], [ 30.307924, 59.965834999998641 ], [ 30.3078, 59.965756999998639 ], [ 30.307944, 59.96569999999867 ] ] ] } },
{ "type": "Feature", "properties": { "height": 15.0, "match_type": "matched", "height_source": "source_b" }, "geometry": { "type": "Polygon", "coordinates": [ [ [ 30.307822, 59.95911899999868 ], [ 30.307849, 59.958993999998654 ], [ 30.307428, 59.958959999998648 ], [ 30.307373, 59.95907999999865 ], [ 30.307822, 59.95911899999868 ] ] ] } },
{ "type": "Feature", "properties": { "height": 21.0, "match_type": "matched", "height_source": "source_b" }, "geometry": { "type": "Polygon", "coordinates": [ [ [ 30.307595, 59.960286999998665 ], [ 30.308092, 59.960591999998663 ], [ 30.308276, 59.960508999998666 ], [ 30.307802, 59.960215999998667 ], [ 30.307595, 59.960286999998665 ] ] ] } },
{ "type": "Feature", "properties": { "height": 21.0, "match_type": "matched", "height_source": "source_b" }, "geometry": { "type": "Polygon", "coordinates": [ [ [ 30.307479, 59.960543999998663 ], [ 30.307786, 59.960723999998635 ], [ 30.308092, 59.960591999998663 ], [ 30.307915, 59.960487999998655 ], [ 30.307725, 59.960569999998675 ], [ 30.307614, 59.960496999998639 ], [ 30.307479, 59.960543999998663 ] ] ] } },
{ "type": "Feature", "properties": { "height": 18.0, "match_type": "matched", "height_source": "source_b" }, "geometry": { "type": "Polygon", "coordinates": [ [ [ 30.307819, 59.969376999998666 ], [ 30.307691, 59.969240999998661 ], [ 30.307178, 59.96918099999867 ], [ 30.307126, 59.969300999998673 ], [ 30.307819, 59.969376999998666 ] ] ] } },
{ "type": "Feature", "properties": { "height": 18.0, "match_type": "matched", "height_source": "source_b" }, "geometry": { "type": "Polygon", "coordinates": [ [ [ 30.308149, 59.969091999998675 ], [ 30.307924, 59.969040999998661 ], [ 30.307691, 59.969240999998661 ], [ 30.307819, 59.969376999998666 ], [ 30.308149, 59.969091999998675 ] ] ] } },
{ "type": "Feature", "properties": { "height": 18.0, "match_type": "matched", "height_source": "source_b" }, "geometry": { "type": "Polygon", "coordinates": [ [ [ 30.307264, 59.965362999998675 ], [ 30.307493, 59.965479999998664 ], [ 30.30786, 59.965332999998644 ], [ 30.307609, 59.965207999998647 ], [ 30.307264, 59.965362999998675 ] ] ] } },
{ "type": "Feature", "properties": { "height": 18.0, "match_type": "matched", "height_source": "source_b" }, "geometry": { "type": "Polygon", "coordinates": [ [ [ 30.307882, 59.969031999998663 ], [ 30.308149, 59.969091999998675 ], [ 30.308445, 59.968775999998655 ], [ 30.308174, 59.968716999998676 ], [ 30.307882, 59.969031999998663 ] ] ] } },
{ "type": "Feature", "properties": { "height": 9.9, "match_type": "matched", "height_source": "source_b" }, "geometry": { "type": "Polygon", "coordinates": [ [ [ 30.30747, 59.966301999998642 ], [ 30.307667, 59.966427999998658 ], [ 30.308087, 59.966250999998657 ], [ 30.30789, 59.966127999998641 ], [ 30.30747, 59.966301999998642 ] ] ] } },
{ "type": "Feature", "properties": { "height": 4.5, "match_type": "matched", "height_source": "source_b" }, "geometry": { "type": "Polygon", "coordinates": [ [ [ 30.30796, 59.965040999998649 ], [ 30.308271, 59.965208999998637 ], [ 30.308574, 59.96508899999867 ], [ 30.308404, 59.964998999998642 ], [ 30.308164, 59.96509699999865 ], [ 30.308048, 59.965000999998665 ], [ 30.30796, 59.965040999998649 ] ] ] } },
{ "type": "Feature", "properties": { "height": 7.9, "match_type": "only_a", "height_source": "ml_predicted" }, "geometry": { "type": "Polygon", "coordinates": [ [ [ 30.30805, 59.96876 ], [ 30.3081, 59.9687 ], [ 30.30761, 59.96859 ], [ 30.30757, 59.96865 ], [ 30.30805, 59.96876 ] ] ] } },
{ "type": "Feature", "properties": { "height": 13.2, "match_type": "matched", "height_source": "source_b" }, "geometry": { "type": "Polygon", "coordinates": [ [ [ 30.307464, 59.970829999998649 ], [ 30.308048, 59.970832999998649 ], [ 30.308041, 59.97072499999868 ], [ 30.307447, 59.970733999998664 ], [ 30.307464, 59.970829999998649 ] ] ] } },
{ "type": "Feature", "properties": { "height": 18.0, "match_type": "matched", "height_source": "source_b" }, "geometry": { "type": "Polygon", "coordinates": [ [ [ 30.308606, 59.960184999998681 ], [ 30.308776, 59.960290999998655 ], [ 30.309173, 59.960114999998673 ], [ 30.308678, 59.959881999998693 ], [ 30.308887, 59.959786999998663 ], [ 30.309314, 59.960045999998663 ], [ 30.309583, 59.959926999998643 ], [ 30.308959, 59.959578999998662 ], [ 30.308606, 59.959705999998647 ], [ 30.308273, 59.959516999998662 ], [ 30.308045, 59.959517999998653 ], [ 30.307765, 59.959652999998653 ], [ 30.30796, 59.959771999998651 ], [ 30.308186, 59.959682999998655 ], [ 30.308365, 59.959799999998673 ], [ 30.308151, 59.959895999998658 ], [ 30.308327, 59.960008999998657 ], [ 30.308465, 59.959961999998661 ], [ 30.30872, 59.960121999998648 ], [ 30.308606, 59.960184999998681 ] ] ] } },
{ "type": "Feature", "properties": { "height": 15.0, "match_type": "matched", "height_source": "source_b" }, "geometry": { "type": "Polygon", "coordinates": [ [ [ 30.309389, 59.959815999998632 ], [ 30.309583, 59.959926999998643 ], [ 30.309973, 59.959747999998655 ], [ 30.309975, 59.959700999998653 ], [ 30.309595, 59.959685999998669 ], [ 30.309389, 59.959815999998632 ] ] ] } },
{ "type": "Feature", "properties": { "height": 21.0, "match_type": "matched", "height_source": "source_b" }, "geometry": { "type": "Polygon", "coordinates": [ [ [ 30.310047, 59.95972499999867 ], [ 30.309995, 59.959698999998665 ], [ 30.309944, 59.959724999998684 ], [ 30.309995, 59.959750999998647 ], [ 30.310047, 59.95972499999867 ] ] ] } },
{ "type": "Feature", "properties": { "height": 4.5, "match_type": "matched", "height_source": "source_b" }, "geometry": { "type": "Polygon", "coordinates": [ [ [ 30.308327, 59.960008999998657 ], [ 30.308594, 59.960176999998652 ], [ 30.30872, 59.960121999998648 ], [ 30.308465, 59.959961999998661 ], [ 30.308327, 59.960008999998657 ] ] ] } },
{ "type": "Feature", "properties": { "height": 15.0, "match_type": "matched", "height_source": "source_b" }, "geometry": { "type": "Polygon", "coordinates": [ [ [ 30.307551, 59.962036999998666 ], [ 30.307729, 59.962151999998675 ], [ 30.308073, 59.962013999998661 ], [ 30.307889, 59.961899999998657 ], [ 30.307551, 59.962036999998666 ] ] ] } },
{ "type": "Feature", "properties": { "height": 18.0, "match_type": "matched", "height_source": "source_b" }, "geometry": { "type": "Polygon", "coordinates": [ [ [ 30.307911, 59.96191399999865 ], [ 30.308073, 59.962013999998661 ], [ 30.30842, 59.961876999998665 ], [ 30.308189, 59.96173399999865 ], [ 30.30802, 59.961803999998672 ], [ 30.308089, 59.961842999998673 ], [ 30.307911, 59.96191399999865 ] ], [ [ 30.308187, 59.961865999998665 ], [ 30.308093, 59.961810999998647 ], [ 30.30816, 59.961781999998671 ], [ 30.308253, 59.961836999998646 ], [ 30.308187, 59.961865999998665 ] ] ] } },
{ "type": "Feature", "properties": { "height": 21.0, "match_type": "matched", "height_source": "source_b" }, "geometry": { "type": "Polygon", "coordinates": [ [ [ 30.308187, 59.961865999998665 ], [ 30.308253, 59.961836999998646 ], [ 30.30816, 59.961781999998671 ], [ 30.308093, 59.961810999998647 ], [ 30.308187, 59.961865999998665 ] ] ] } },
{ "type": "Feature", "properties": { "height": 13.2, "match_type": "matched", "height_source": "source_b" }, "geometry": { "type": "Polygon", "coordinates": [ [ [ 30.307561, 59.965183999998665 ], [ 30.30781, 59.965308999998662 ], [ 30.308158, 59.965146999998673 ], [ 30.30796, 59.965040999998649 ], [ 30.307561, 59.965183999998665 ] ] ] } },
{ "type": "Feature", "properties": { "height": 6.6, "match_type": "matched", "height_source": "source_b" }, "geometry": { "type": "Polygon", "coordinates": [ [ [ 30.308151, 59.959895999998658 ], [ 30.30822, 59.959857999998647 ], [ 30.308047, 59.959740999998665 ], [ 30.30796, 59.959771999998651 ], [ 30.308151, 59.959895999998658 ] ] ] } },
{ "type": "Feature", "properties": { "height": 4.5, "match_type": "matched", "height_source": "source_b" }, "geometry": { "type": "Polygon", "coordinates": [ [ [ 30.30829, 59.966229999998667 ], [ 30.308191, 59.966165999998651 ], [ 30.308044, 59.966223999998654 ], [ 30.308137, 59.966290999998662 ], [ 30.30829, 59.966229999998667 ] ] ] } },
{ "type": "Feature", "properties": { "height": 5.2, "match_type": "only_a", "height_source": "ml_predicted" }, "geometry": { "type": "Polygon", "coordinates": [ [ [ 30.30828, 59.96006 ], [ 30.30852, 59.9602 ], [ 30.30859, 59.96017 ], [ 30.30836, 59.96003 ], [ 30.30828, 59.96006 ] ] ] } },
{ "type": "Feature", "properties": { "height": 18.0, "match_type": "matched", "height_source": "source_b" }, "geometry": { "type": "Polygon", "coordinates": [ [ [ 30.308241, 59.964845999998666 ], [ 30.308059, 59.964742999998663 ], [ 30.307704, 59.964903999998661 ], [ 30.307884, 59.965000999998644 ], [ 30.308241, 59.964845999998666 ] ] ] } },
{ "type": "Feature", "properties": { "height": 6.6, "match_type": "matched", "height_source": "source_b" }, "geometry": { "type": "Polygon", "coordinates": [ [ [ 30.308191, 59.966165999998651 ], [ 30.30829, 59.966229999998667 ], [ 30.308626, 59.966095999998657 ], [ 30.30851, 59.966038999998659 ], [ 30.308191, 59.966165999998651 ] ] ] } },
{ "type": "Feature", "properties": { "height": 12.6, "match_type": "only_a", "height_source": "ml_predicted" }, "geometry": { "type": "Polygon", "coordinates": [ [ [ 30.30831, 59.96294 ], [ 30.30857, 59.9628 ], [ 30.30812, 59.96256 ], [ 30.30787, 59.96267 ], [ 30.30831, 59.96294 ] ] ] } },
{ "type": "Feature", "properties": { "height": 24.0, "match_type": "matched", "height_source": "source_b" }, "geometry": { "type": "Polygon", "coordinates": [ [ [ 30.308445, 59.966663999998666 ], [ 30.308726, 59.966735999998669 ], [ 30.308923, 59.966542999998666 ], [ 30.308642, 59.966470999998648 ], [ 30.308445, 59.966663999998666 ] ], [ [ 30.308591, 59.966637999998653 ], [ 30.308695, 59.966539999998673 ], [ 30.308785, 59.966562999998658 ], [ 30.308681, 59.966661999998657 ], [ 30.308591, 59.966637999998653 ] ] ] } },
{ "type": "Feature", "properties": { "height": 21.0, "match_type": "matched", "height_source": "source_b" }, "geometry": { "type": "Polygon", "coordinates": [ [ [ 30.308726, 59.966735999998669 ], [ 30.309334, 59.966891999998666 ], [ 30.309517, 59.966871999998673 ], [ 30.309595, 59.966797999998647 ], [ 30.309519, 59.966695999998663 ], [ 30.308923, 59.966542999998666 ], [ 30.308726, 59.966735999998669 ] ] ] } },
{ "type": "Feature", "properties": { "height": 27.0, "match_type": "matched", "height_source": "source_b" }, "geometry": { "type": "Polygon", "coordinates": [ [ [ 30.308591, 59.966637999998653 ], [ 30.308681, 59.966661999998657 ], [ 30.308785, 59.966562999998658 ], [ 30.308695, 59.966539999998673 ], [ 30.308591, 59.966637999998653 ] ] ] } },
{ "type": "Feature", "properties": { "height": 18.0, "match_type": "matched", "height_source": "source_b" }, "geometry": { "type": "Polygon", "coordinates": [ [ [ 30.308779, 59.966894999998651 ], [ 30.309879, 59.967168999998677 ], [ 30.310455, 59.966524999998661 ], [ 30.310215, 59.966469999998672 ], [ 30.309982, 59.966688999998638 ], [ 30.309698, 59.966612999998667 ], [ 30.309732, 59.966572999998675 ], [ 30.3097, 59.966559999998672 ], [ 30.309633, 59.966594999998669 ], [ 30.308843, 59.966336999998646 ], [ 30.308763, 59.966395999998689 ], [ 30.308529, 59.966333999998653 ], [ 30.308426, 59.966421999998659 ], [ 30.30829, 59.96638699999864 ], [ 30.308092, 59.966563999998662 ], [ 30.308234, 59.966602999998692 ], [ 30.308129, 59.966698999998634 ], [ 30.308375, 59.96677199999867 ], [ 30.308298, 59.966839999998662 ], [ 30.30853, 59.966905999998652 ], [ 30.30857, 59.966873999998668 ], [ 30.308779, 59.966894999998651 ] ], [ [ 30.308642, 59.966470999998648 ], [ 30.309519, 59.966695999998663 ], [ 30.309595, 59.966797999998647 ], [ 30.309517, 59.966871999998673 ], [ 30.309334, 59.966891999998666 ], [ 30.308445, 59.966663999998666 ], [ 30.308642, 59.966470999998648 ] ] ] } },
{ "type": "Feature", "properties": { "height": 9.9, "match_type": "matched", "height_source": "source_b" }, "geometry": { "type": "Polygon", "coordinates": [ [ [ 30.309675, 59.966560999998663 ], [ 30.309732, 59.966572999998675 ], [ 30.309698, 59.966612999998667 ], [ 30.309982, 59.966688999998638 ], [ 30.310049, 59.966622999998656 ], [ 30.309713, 59.966527999998632 ], [ 30.309675, 59.966560999998663 ] ] ] } },
{ "type": "Feature", "properties": { "height": 4.5, "match_type": "matched", "height_source": "source_b" }, "geometry": { "type": "Polygon", "coordinates": [ [ [ 30.309633, 59.966594999998669 ], [ 30.309713, 59.966527999998632 ], [ 30.309256, 59.966401999998673 ], [ 30.309191, 59.966397999998669 ], [ 30.309132, 59.966456999998634 ], [ 30.309633, 59.966594999998669 ] ] ] } },
{ "type": "Feature", "properties": { "height": 27.0, "match_type": "matched", "height_source": "source_b" }, "geometry": { "type": "Polygon", "coordinates": [ [ [ 30.308706, 59.963553999998659 ], [ 30.308954, 59.963452999998665 ], [ 30.308538, 59.963229999998674 ], [ 30.308352, 59.963311999998638 ], [ 30.308706, 59.963553999998659 ] ] ] } },
{ "type": "Feature", "properties": { "height": 18.0, "match_type": "matched", "height_source": "source_b" }, "geometry": { "type": "Polygon", "coordinates": [ [ [ 30.308327, 59.95937399999864 ], [ 30.308405, 59.959092999998667 ], [ 30.308639, 59.959114999998675 ], [ 30.308675, 59.959018999998641 ], [ 30.308638, 59.958985999998674 ], [ 30.308481, 59.958969999998658 ], [ 30.308382, 59.959075999998689 ], [ 30.308164, 59.959056999998651 ], [ 30.308192, 59.958972999998657 ], [ 30.308153, 59.958938999998651 ], [ 30.307973, 59.958923999998667 ], [ 30.307905, 59.959054999998678 ], [ 30.307836, 59.959051999998657 ], [ 30.307784, 59.959320999998639 ], [ 30.308327, 59.95937399999864 ] ], [ [ 30.307989, 59.959133999998649 ], [ 30.308234, 59.959148999998654 ], [ 30.308221, 59.959199999998653 ], [ 30.307977, 59.959184999998669 ], [ 30.307989, 59.959133999998649 ] ] ] } },
{ "type": "Feature", "properties": { "height": 4.5, "match_type": "matched", "height_source": "source_b" }, "geometry": { "type": "Polygon", "coordinates": [ [ [ 30.308229, 59.966048999998662 ], [ 30.308054, 59.966117999998666 ], [ 30.308132, 59.96616299999868 ], [ 30.308306, 59.966095999998686 ], [ 30.308229, 59.966048999998662 ] ] ] } },
{ "type": "Feature", "properties": { "height": 13.2, "match_type": "matched", "height_source": "source_b" }, "geometry": { "type": "Polygon", "coordinates": [ [ [ 30.308794, 59.970252999998671 ], [ 30.30876, 59.970172999998674 ], [ 30.308348, 59.970170999998686 ], [ 30.308344, 59.970300999998685 ], [ 30.308794, 59.970252999998671 ] ] ] } },
{ "type": "Feature", "properties": { "height": 9.9, "match_type": "matched", "height_source": "source_b" }, "geometry": { "type": "Polygon", "coordinates": [ [ [ 30.309592, 59.967437999998673 ], [ 30.309443, 59.967403999998652 ], [ 30.309217, 59.96760799999867 ], [ 30.309397, 59.967643999998643 ], [ 30.309592, 59.967437999998673 ] ] ] } },
{ "type": "Feature", "properties": { "height": 21.0, "match_type": "matched", "height_source": "source_b" }, "geometry": { "type": "Polygon", "coordinates": [ [ [ 30.309217, 59.96760799999867 ], [ 30.309443, 59.967403999998652 ], [ 30.309619, 59.967444999998648 ], [ 30.309879, 59.967168999998677 ], [ 30.30967, 59.967121999998653 ], [ 30.309498, 59.967297999998664 ], [ 30.30824, 59.967013999998663 ], [ 30.308137, 59.967092999998684 ], [ 30.308382, 59.967156999998664 ], [ 30.308333, 59.967209999998644 ], [ 30.308888, 59.967537999998662 ], [ 30.309217, 59.96760799999867 ] ] ] } },
{ "type": "Feature", "properties": { "height": 1.5, "match_type": "only_a", "height_source": "ml_predicted" }, "geometry": { "type": "Polygon", "coordinates": [ [ [ 30.30843, 59.95914 ], [ 30.30858, 59.95915 ], [ 30.3086, 59.9591 ], [ 30.30844, 59.95908 ], [ 30.30843, 59.95914 ] ] ] } },
{ "type": "Feature", "properties": { "height": 9.9, "match_type": "matched", "height_source": "source_b" }, "geometry": { "type": "Polygon", "coordinates": [ [ [ 30.308135, 59.964785999998654 ], [ 30.308316, 59.964888999998657 ], [ 30.308495, 59.964796999998633 ], [ 30.30842, 59.964730999998665 ], [ 30.308542, 59.964675999998654 ], [ 30.308469, 59.964632999998663 ], [ 30.308135, 59.964785999998654 ] ] ] } },
{ "type": "Feature", "properties": { "height": 6.0, "match_type": "only_a", "height_source": "ml_predicted" }, "geometry": { "type": "Polygon", "coordinates": [ [ [ 30.30847, 59.96605 ], [ 30.30852, 59.96602 ], [ 30.3086, 59.96597 ], [ 30.30852, 59.96593 ], [ 30.30837, 59.966 ], [ 30.30847, 59.96605 ] ] ] } },
{ "type": "Feature", "properties": { "height": 18.0, "match_type": "matched", "height_source": "source_b" }, "geometry": { "type": "Polygon", "coordinates": [ [ [ 30.308599, 59.969080999998667 ], [ 30.308388, 59.969292999998665 ], [ 30.308864, 59.969385999998664 ], [ 30.30907, 59.969257999998668 ], [ 30.308743, 59.969220999998676 ], [ 30.308828, 59.96913499999868 ], [ 30.308599, 59.969080999998667 ] ] ] } },
{ "type": "Feature", "properties": { "height": 4.5, "match_type": "matched", "height_source": "source_b" }, "geometry": { "type": "Polygon", "coordinates": [ [ [ 30.308492, 59.962025999998659 ], [ 30.308376, 59.962067999998659 ], [ 30.308454, 59.962120999998668 ], [ 30.308568, 59.962078999998667 ], [ 30.308492, 59.962025999998659 ] ] ] } },
{ "type": "Feature", "properties": { "height": 4.5, "match_type": "matched", "height_source": "source_b" }, "geometry": { "type": "Polygon", "coordinates": [ [ [ 30.30871, 59.964445999998659 ], [ 30.308562, 59.96444299999866 ], [ 30.308623, 59.964481999998675 ], [ 30.30871, 59.964445999998659 ] ] ] } },
{ "type": "Feature", "properties": { "height": 4.5, "match_type": "matched", "height_source": "source_b" }, "geometry": { "type": "Polygon", "coordinates": [ [ [ 30.308059, 59.964742999998663 ], [ 30.308135, 59.964785999998654 ], [ 30.308395, 59.964666999998656 ], [ 30.308329, 59.964626999998664 ], [ 30.308059, 59.964742999998663 ] ] ] } },
{ "type": "Feature", "properties": { "height": 18.0, "match_type": "matched", "height_source": "source_b" }, "geometry": { "type": "Polygon", "coordinates": [ [ [ 30.308779, 59.960650999998656 ], [ 30.30853, 59.960759999998665 ], [ 30.309077, 59.961056999998632 ], [ 30.309325, 59.960944999998674 ], [ 30.308779, 59.960650999998656 ] ] ] } },
{ "type": "Feature", "properties": { "height": 18.0, "match_type": "matched", "height_source": "source_b" }, "geometry": { "type": "Polygon", "coordinates": [ [ [ 30.309237, 59.959268999998663 ], [ 30.308371, 59.959208999998665 ], [ 30.308327, 59.95937399999864 ], [ 30.309423, 59.959448999998656 ], [ 30.309485, 59.959425999998643 ], [ 30.309581, 59.959186999998657 ], [ 30.309327, 59.959180999998658 ], [ 30.309237, 59.959268999998663 ] ] ] } },
{ "type": "Feature", "properties": { "height": 18.0, "match_type": "matched", "height_source": "source_b" }, "geometry": { "type": "Polygon", "coordinates": [ [ [ 30.308814, 59.962845999998656 ], [ 30.308873, 59.962810999998673 ], [ 30.3088, 59.96282199999866 ], [ 30.308814, 59.962845999998656 ] ] ] } },
{ "type": "Feature", "properties": { "height": 15.0, "match_type": "matched", "height_source": "source_b" }, "geometry": { "type": "Polygon", "coordinates": [ [ [ 30.308702, 59.962739999998654 ], [ 30.308271, 59.962911999998639 ], [ 30.308544, 59.963081999998657 ], [ 30.308658, 59.96303599999866 ], [ 30.308555, 59.962970999998667 ], [ 30.308862, 59.962848999998656 ], [ 30.308702, 59.962739999998654 ] ] ] } },
{ "type": "Feature", "properties": { "height": 15.0, "match_type": "matched", "height_source": "source_b" }, "geometry": { "type": "Polygon", "coordinates": [ [ [ 30.308715, 59.963335999998662 ], [ 30.309029, 59.963206999998647 ], [ 30.309253, 59.963115999998671 ], [ 30.309068, 59.963017999998648 ], [ 30.308538, 59.963229999998674 ], [ 30.308715, 59.963335999998662 ] ] ] } },
{ "type": "Feature", "properties": { "height": 15.0, "match_type": "matched", "height_source": "source_b" }, "geometry": { "type": "Polygon", "coordinates": [ [ [ 30.307711, 59.964234999998652 ], [ 30.30789, 59.964338999998667 ], [ 30.308529, 59.96405899999867 ], [ 30.308345, 59.963951999998663 ], [ 30.307711, 59.964234999998652 ] ] ] } },
{ "type": "Feature", "properties": { "height": 15.0, "match_type": "matched", "height_source": "source_b" }, "geometry": { "type": "Polygon", "coordinates": [ [ [ 30.308589, 59.964123999998648 ], [ 30.30884, 59.964011999998661 ], [ 30.308599, 59.963868999998681 ], [ 30.308345, 59.963951999998663 ], [ 30.308589, 59.964123999998648 ] ] ] } },
{ "type": "Feature", "properties": { "height": 9.9, "match_type": "matched", "height_source": "source_b" }, "geometry": { "type": "Polygon", "coordinates": [ [ [ 30.308606, 59.960184999998681 ], [ 30.30829, 59.960322999998652 ], [ 30.308462, 59.960429999998659 ], [ 30.308776, 59.960290999998655 ], [ 30.308606, 59.960184999998681 ] ] ] } },
{ "type": "Feature", "properties": { "height": 15.0, "match_type": "matched", "height_source": "source_b" }, "geometry": { "type": "Polygon", "coordinates": [ [ [ 30.308433, 59.962368999998667 ], [ 30.308225, 59.962462999998657 ], [ 30.308594, 59.962685999998662 ], [ 30.3088, 59.962598999998661 ], [ 30.308433, 59.962368999998667 ] ] ] } },
{ "type": "Feature", "properties": { "height": 18.0, "match_type": "matched", "height_source": "source_b" }, "geometry": { "type": "Polygon", "coordinates": [ [ [ 30.308599, 59.969080999998667 ], [ 30.308855, 59.969141999998676 ], [ 30.309319, 59.968664999998637 ], [ 30.309068, 59.968601999998668 ], [ 30.308599, 59.969080999998667 ] ] ] } },
{ "type": "Feature", "properties": { "height": 9.9, "match_type": "matched", "height_source": "source_b" }, "geometry": { "type": "Polygon", "coordinates": [ [ [ 30.30851, 59.966038999998659 ], [ 30.308645, 59.96610499999867 ], [ 30.308996, 59.965910999998663 ], [ 30.308861, 59.965844999998673 ], [ 30.30851, 59.966038999998659 ] ] ] } },
{ "type": "Feature", "properties": { "height": 18.0, "match_type": "matched", "height_source": "source_b" }, "geometry": { "type": "Polygon", "coordinates": [ [ [ 30.308562, 59.96444299999866 ], [ 30.308913, 59.964299999998666 ], [ 30.308975, 59.96433199999867 ], [ 30.309213, 59.964234999998666 ], [ 30.30884, 59.964011999998661 ], [ 30.308553, 59.964139999998672 ], [ 30.308658, 59.964130999998659 ], [ 30.308737, 59.964177999998654 ], [ 30.308368, 59.964325999998671 ], [ 30.308562, 59.96444299999866 ] ] ] } },
{ "type": "Feature", "properties": { "height": 4.5, "match_type": "matched", "height_source": "source_b" }, "geometry": { "type": "Polygon", "coordinates": [ [ [ 30.308658, 59.964503999998662 ], [ 30.308578, 59.964537999998655 ], [ 30.308655, 59.964583999998673 ], [ 30.308735, 59.964548999998648 ], [ 30.308658, 59.964503999998662 ] ] ] } },
{ "type": "Feature", "properties": { "height": 4.5, "match_type": "matched", "height_source": "source_b" }, "geometry": { "type": "Polygon", "coordinates": [ [ [ 30.308658, 59.96303599999866 ], [ 30.308974, 59.962909999998658 ], [ 30.308862, 59.962848999998656 ], [ 30.308555, 59.962970999998667 ], [ 30.308658, 59.96303599999866 ] ] ] } },
{ "type": "Feature", "properties": { "height": 9.9, "match_type": "matched", "height_source": "source_b" }, "geometry": { "type": "Polygon", "coordinates": [ [ [ 30.308959, 59.964917999998654 ], [ 30.308753, 59.964805999998674 ], [ 30.308471, 59.964949999998652 ], [ 30.308649, 59.965047999998674 ], [ 30.308959, 59.964917999998654 ] ] ] } },
{ "type": "Feature", "properties": { "height": 18.0, "match_type": "matched", "height_source": "source_b" }, "geometry": { "type": "Polygon", "coordinates": [ [ [ 30.309298, 59.970363999998654 ], [ 30.309124, 59.970125999998679 ], [ 30.30876, 59.970172999998674 ], [ 30.308822, 59.970317999998656 ], [ 30.309081, 59.970288999998658 ], [ 30.309134, 59.970386999998652 ], [ 30.309298, 59.970363999998654 ] ] ] } },
{ "type": "Feature", "properties": { "height": 8.8, "match_type": "only_a", "height_source": "ml_predicted" }, "geometry": { "type": "Polygon", "coordinates": [ [ [ 30.30889, 59.96399 ], [ 30.30885, 59.96401 ], [ 30.30898, 59.96405 ], [ 30.30889, 59.96399 ] ] ] } },
{ "type": "Feature", "properties": { "height": 15.0, "match_type": "matched", "height_source": "source_b" }, "geometry": { "type": "Polygon", "coordinates": [ [ [ 30.309669, 59.960585999998663 ], [ 30.309726, 59.960659999998654 ], [ 30.309999, 59.96061399999865 ], [ 30.309851, 59.960417999998647 ], [ 30.309902, 59.960408999998648 ], [ 30.309858, 59.960352999998662 ], [ 30.309488, 59.96041999999867 ], [ 30.309359, 59.960350999998639 ], [ 30.308804, 59.960602999998656 ], [ 30.308841, 59.96062299999867 ], [ 30.308779, 59.960650999998656 ], [ 30.308845, 59.960686999998657 ], [ 30.308986, 59.960641999998657 ], [ 30.309046, 59.960679999998639 ], [ 30.309366, 59.960544999998653 ], [ 30.30947, 59.960619999998634 ], [ 30.309669, 59.960585999998663 ] ] ] } },
{ "type": "Feature", "properties": { "height": 15.0, "match_type": "matched", "height_source": "source_b" }, "geometry": { "type": "Polygon", "coordinates": [ [ [ 30.30898, 59.963718999998662 ], [ 30.309393, 59.963557999998663 ], [ 30.309321, 59.963513999998675 ], [ 30.309131, 59.963590999998665 ], [ 30.308924, 59.963464999998635 ], [ 30.308706, 59.963553999998659 ], [ 30.30898, 59.963718999998662 ] ] ] } },
{ "type": "Feature", "properties": { "height": 18.0, "match_type": "matched", "height_source": "source_b" }, "geometry": { "type": "Polygon", "coordinates": [ [ [ 30.309253, 59.964233999998662 ], [ 30.30893, 59.964372999998666 ], [ 30.309177, 59.964532999998674 ], [ 30.309505, 59.96439899999865 ], [ 30.309253, 59.964233999998662 ] ] ] } },
{ "type": "Feature", "properties": { "height": 15.0, "match_type": "matched", "height_source": "source_b" }, "geometry": { "type": "Polygon", "coordinates": [ [ [ 30.308822, 59.965398999998648 ], [ 30.308524, 59.96552599999864 ], [ 30.308602, 59.965568999998673 ], [ 30.308675, 59.965542999998682 ], [ 30.308987, 59.965712999998672 ], [ 30.309206, 59.965615999998654 ], [ 30.308822, 59.965398999998648 ] ] ] } },
{ "type": "Feature", "properties": { "height": 9.9, "match_type": "matched", "height_source": "source_b" }, "geometry": { "type": "Polygon", "coordinates": [ [ [ 30.308924, 59.963464999998635 ], [ 30.309001, 59.963511999998659 ], [ 30.309178, 59.963430999998657 ], [ 30.309113, 59.963388999998656 ], [ 30.308924, 59.963464999998635 ] ] ] } },
{ "type": "Feature", "properties": { "height": 15.0, "match_type": "matched", "height_source": "source_b" }, "geometry": { "type": "Polygon", "coordinates": [ [ [ 30.308751, 59.961605999998639 ], [ 30.308519, 59.961695999998653 ], [ 30.308878, 59.961915999998652 ], [ 30.309113, 59.961826999998657 ], [ 30.308751, 59.961605999998639 ] ] ] } },
{ "type": "Feature", "properties": { "height": 3.8, "match_type": "only_a", "height_source": "ml_predicted" }, "geometry": { "type": "Polygon", "coordinates": [ [ [ 30.30903, 59.9619 ], [ 30.30913, 59.96186 ], [ 30.30901, 59.96189 ], [ 30.30903, 59.9619 ] ] ] } },
{ "type": "Feature", "properties": { "height": 15.0, "match_type": "matched", "height_source": "source_b" }, "geometry": { "type": "Polygon", "coordinates": [ [ [ 30.309068, 59.963017999998648 ], [ 30.309253, 59.963115999998671 ], [ 30.309723, 59.962905999998661 ], [ 30.30955, 59.962806999998641 ], [ 30.309068, 59.963017999998648 ] ] ] } },
{ "type": "Feature", "properties": { "height": 15.0, "match_type": "matched", "height_source": "source_b" }, "geometry": { "type": "Polygon", "coordinates": [ [ [ 30.30954, 59.965102999998649 ], [ 30.308918, 59.965358999998656 ], [ 30.309079, 59.96545599999866 ], [ 30.30969, 59.965198999998663 ], [ 30.30954, 59.965102999998649 ] ] ] } },
{ "type": "Feature", "properties": { "height": 13.2, "match_type": "matched", "height_source": "source_b" }, "geometry": { "type": "Polygon", "coordinates": [ [ [ 30.308124, 59.971076999998672 ], [ 30.30906, 59.971051999998672 ], [ 30.309045, 59.970911999998677 ], [ 30.308109, 59.970936999998649 ], [ 30.308124, 59.971076999998672 ] ] ] } },
{ "type": "Feature", "properties": { "height": 15.0, "match_type": "matched", "height_source": "source_b" }, "geometry": { "type": "Polygon", "coordinates": [ [ [ 30.308875, 59.963402999998657 ], [ 30.308954, 59.963452999998665 ], [ 30.309156, 59.963370999998631 ], [ 30.309431, 59.96354299999868 ], [ 30.30966, 59.963452999998665 ], [ 30.309378, 59.963280999998659 ], [ 30.30948, 59.963238999998673 ], [ 30.309406, 59.963198999998667 ], [ 30.309251, 59.963267999998642 ], [ 30.309139, 59.963202999998643 ], [ 30.308961, 59.963234999998626 ], [ 30.309001, 59.963259999998662 ], [ 30.308935, 59.963288999998667 ], [ 30.309021, 59.963342999998652 ], [ 30.308875, 59.963402999998657 ] ] ] } },
{ "type": "Feature", "properties": { "height": 4.5, "match_type": "matched", "height_source": "source_b" }, "geometry": { "type": "Polygon", "coordinates": [ [ [ 30.30956, 59.967092999998656 ], [ 30.309212, 59.967001999998651 ], [ 30.309129, 59.967054999998659 ], [ 30.309507, 59.967152999998675 ], [ 30.30956, 59.967092999998656 ] ] ] } },
{ "type": "Feature", "properties": { "height": 21.0, "match_type": "matched", "height_source": "source_b" }, "geometry": { "type": "Polygon", "coordinates": [ [ [ 30.30962, 59.97013199999865 ], [ 30.309489, 59.970021999998657 ], [ 30.309124, 59.970125999998679 ], [ 30.309212, 59.970241999998677 ], [ 30.30962, 59.97013199999865 ] ] ] } },
{ "type": "Feature", "properties": { "height": 15.0, "match_type": "matched", "height_source": "source_b" }, "geometry": { "type": "Polygon", "coordinates": [ [ [ 30.309276, 59.970966999998666 ], [ 30.309051, 59.970972999998679 ], [ 30.309056, 59.971014999998665 ], [ 30.309281, 59.971008999998645 ], [ 30.309276, 59.970966999998666 ] ] ] } },
{ "type": "Feature", "properties": { "height": 9.5, "match_type": "only_a", "height_source": "ml_predicted" }, "geometry": { "type": "Polygon", "coordinates": [ [ [ 30.30916, 59.96759 ], [ 30.3092, 59.96763 ], [ 30.30922, 59.96761 ], [ 30.30916, 59.96759 ] ] ] } },
{ "type": "Feature", "properties": { "height": 12.7, "match_type": "only_a", "height_source": "ml_predicted" }, "geometry": { "type": "Polygon", "coordinates": [ [ [ 30.30917, 59.96416 ], [ 30.30923, 59.96423 ], [ 30.30926, 59.96421 ], [ 30.30917, 59.96416 ] ] ] } },
{ "type": "Feature", "properties": { "height": 9.9, "match_type": "matched", "height_source": "source_b" }, "geometry": { "type": "Polygon", "coordinates": [ [ [ 30.309289, 59.968905999998675 ], [ 30.309048, 59.969125999998681 ], [ 30.308983, 59.969107999998656 ], [ 30.308938, 59.969148999998659 ], [ 30.309125, 59.969200999998655 ], [ 30.30941, 59.968940999998644 ], [ 30.309289, 59.968905999998675 ] ] ] } },
{ "type": "Feature", "properties": { "height": 15.0, "match_type": "matched", "height_source": "source_b" }, "geometry": { "type": "Polygon", "coordinates": [ [ [ 30.309278, 59.963898999998669 ], [ 30.309827, 59.963662999998654 ], [ 30.309874, 59.963690999998654 ], [ 30.309979, 59.963649999998665 ], [ 30.309868, 59.96363799999866 ], [ 30.30965, 59.963506999998664 ], [ 30.309709, 59.963484999998663 ], [ 30.30966, 59.963452999998665 ], [ 30.30898, 59.963718999998662 ], [ 30.309278, 59.963898999998669 ] ], [ [ 30.309458, 59.963597999998662 ], [ 30.309618, 59.963692999998649 ], [ 30.309424, 59.963775999998667 ], [ 30.309255, 59.963679999998661 ], [ 30.309458, 59.963597999998662 ] ] ] } },
{ "type": "Feature", "properties": { "height": 15.0, "match_type": "matched", "height_source": "source_b" }, "geometry": { "type": "Polygon", "coordinates": [ [ [ 30.309255, 59.970431999998652 ], [ 30.308922, 59.970456999998675 ], [ 30.308976, 59.970579999998662 ], [ 30.309429, 59.970548999998641 ], [ 30.309298, 59.970363999998654 ], [ 30.309216, 59.970375999998673 ], [ 30.309255, 59.970431999998652 ] ] ] } },
{ "type": "Feature", "properties": { "height": 27.0, "match_type": "matched", "height_source": "source_b" }, "geometry": { "type": "Polygon", "coordinates": [ [ [ 30.309038, 59.970845999998659 ], [ 30.309051, 59.970972999998679 ], [ 30.309568, 59.970958999998665 ], [ 30.30955, 59.970791999998653 ], [ 30.309328, 59.970797999998652 ], [ 30.309324, 59.970762999998676 ], [ 30.309146, 59.970767999998685 ], [ 30.309154, 59.970842999998652 ], [ 30.309038, 59.970845999998659 ] ], [ [ 30.309116, 59.970851999998644 ], [ 30.309237, 59.970849999998677 ], [ 30.309242, 59.970910999998651 ], [ 30.309121, 59.970912999998681 ], [ 30.309116, 59.970851999998644 ] ] ] } },
{ "type": "Feature", "properties": { "height": 30.0, "match_type": "matched", "height_source": "source_b" }, "geometry": { "type": "Polygon", "coordinates": [ [ [ 30.309116, 59.970851999998644 ], [ 30.309121, 59.970912999998681 ], [ 30.309242, 59.970910999998651 ], [ 30.309237, 59.970849999998677 ], [ 30.309116, 59.970851999998644 ] ] ] } },
{ "type": "Feature", "properties": { "height": 15.0, "match_type": "matched", "height_source": "source_b" }, "geometry": { "type": "Polygon", "coordinates": [ [ [ 30.309216, 59.964647999998654 ], [ 30.309396, 59.964760999998674 ], [ 30.309785, 59.964598999998657 ], [ 30.309504, 59.964420999998673 ], [ 30.309307, 59.964498999998668 ], [ 30.309419, 59.964570999998642 ], [ 30.309216, 59.964647999998654 ] ] ] } },
{ "type": "Feature", "properties": { "height": 18.0, "match_type": "matched", "height_source": "source_b" }, "geometry": { "type": "Polygon", "coordinates": [ [ [ 30.308786, 59.964820999998665 ], [ 30.308959, 59.964917999998654 ], [ 30.309373, 59.964746999998638 ], [ 30.309216, 59.964647999998654 ], [ 30.308786, 59.964820999998665 ] ] ] } },
{ "type": "Feature", "properties": { "height": 12.2, "match_type": "only_a", "height_source": "ml_predicted" }, "geometry": { "type": "Polygon", "coordinates": [ [ [ 30.30937, 59.96875 ], [ 30.30958, 59.96879 ], [ 30.30965, 59.96872 ], [ 30.30945, 59.96867 ], [ 30.30937, 59.96875 ] ] ] } },
{ "type": "Feature", "properties": { "height": 33.0, "match_type": "matched", "height_source": "source_b" }, "geometry": { "type": "Polygon", "coordinates": [ [ [ 30.308838, 59.966158999998655 ], [ 30.30971, 59.966356999998673 ], [ 30.310125, 59.965896999998662 ], [ 30.309577, 59.965771999998658 ], [ 30.309411, 59.965956999998667 ], [ 30.309581, 59.965995999998647 ], [ 30.30945, 59.966140999998672 ], [ 30.309191, 59.966110999998662 ], [ 30.309241, 59.966052999998666 ], [ 30.308983, 59.965998999998654 ], [ 30.308838, 59.966158999998655 ] ], [ [ 30.309616, 59.965949999998692 ], [ 30.309677, 59.96588599999864 ], [ 30.309763, 59.965906999998658 ], [ 30.309701, 59.965970999998646 ], [ 30.309616, 59.965949999998692 ] ], [ [ 30.309546, 59.966092999998658 ], [ 30.309594, 59.96603599999866 ], [ 30.309686, 59.966054999998661 ], [ 30.309639, 59.96611199999866 ], [ 30.309546, 59.966092999998658 ] ] ] } },
{ "type": "Feature", "properties": { "height": 36.0, "match_type": "matched", "height_source": "source_b" }, "geometry": { "type": "Polygon", "coordinates": [ [ [ 30.309616, 59.965949999998692 ], [ 30.309701, 59.965970999998646 ], [ 30.309763, 59.965906999998658 ], [ 30.309677, 59.96588599999864 ], [ 30.309616, 59.965949999998692 ] ] ] } },
{ "type": "Feature", "properties": { "height": 36.0, "match_type": "matched", "height_source": "source_b" }, "geometry": { "type": "Polygon", "coordinates": [ [ [ 30.309191, 59.966110999998662 ], [ 30.309361, 59.966078999998665 ], [ 30.309241, 59.966052999998666 ], [ 30.309191, 59.966110999998662 ] ] ] } },
{ "type": "Feature", "properties": { "height": 9.9, "match_type": "matched", "height_source": "source_b" }, "geometry": { "type": "Polygon", "coordinates": [ [ [ 30.309738, 59.965396999998667 ], [ 30.309217, 59.965629999998647 ], [ 30.309384, 59.965670999998679 ], [ 30.309826, 59.965446999998647 ], [ 30.309738, 59.965396999998667 ] ] ] } },
{ "type": "Feature", "properties": { "height": 21.0, "match_type": "matched", "height_source": "source_b" }, "geometry": { "type": "Polygon", "coordinates": [ [ [ 30.309068, 59.968601999998668 ], [ 30.309584, 59.968731999998674 ], [ 30.309694, 59.968640999998655 ], [ 30.309394, 59.968609999998662 ], [ 30.309552, 59.968449999998668 ], [ 30.30928, 59.968386999998657 ], [ 30.309068, 59.968601999998668 ] ] ] } },
{ "type": "Feature", "properties": { "height": 4.5, "match_type": "matched", "height_source": "source_b" }, "geometry": { "type": "Polygon", "coordinates": [ [ [ 30.30938, 59.970402999998655 ], [ 30.30948, 59.970384999998672 ], [ 30.309428, 59.970311999998671 ], [ 30.309327, 59.970330999998673 ], [ 30.30938, 59.970402999998655 ] ] ] } },
{ "type": "Feature", "properties": { "height": 15.0, "match_type": "matched", "height_source": "source_b" }, "geometry": { "type": "Polygon", "coordinates": [ [ [ 30.30973, 59.964744999998686 ], [ 30.309288, 59.964926999998639 ], [ 30.309431, 59.965015999998663 ], [ 30.309656, 59.964977999998652 ], [ 30.309566, 59.964921999998694 ], [ 30.309838, 59.964810999998662 ], [ 30.30973, 59.964744999998686 ] ] ] } },
{ "type": "Feature", "properties": { "height": 15.0, "match_type": "matched", "height_source": "source_b" }, "geometry": { "type": "Polygon", "coordinates": [ [ [ 30.30973, 59.964744999998686 ], [ 30.309915, 59.964859999998666 ], [ 30.310152, 59.964773999998648 ], [ 30.309956, 59.964652999998648 ], [ 30.30973, 59.964744999998686 ] ] ] } },
{ "type": "Feature", "properties": { "height": 4.5, "match_type": "matched", "height_source": "source_b" }, "geometry": { "type": "Polygon", "coordinates": [ [ [ 30.30959, 59.96313499999868 ], [ 30.309437, 59.963194999998677 ], [ 30.309531, 59.963253999998656 ], [ 30.309683, 59.963192999998654 ], [ 30.30959, 59.96313499999868 ] ] ] } },
{ "type": "Feature", "properties": { "height": 8.4, "match_type": "only_a", "height_source": "ml_predicted" }, "geometry": { "type": "Polygon", "coordinates": [ [ [ 30.30947, 59.96432 ], [ 30.30925, 59.96422 ], [ 30.30922, 59.96423 ], [ 30.30951, 59.96441 ], [ 30.30947, 59.96432 ] ] ] } },
{ "type": "Feature", "properties": { "height": 4.7, "match_type": "only_a", "height_source": "ml_predicted" }, "geometry": { "type": "Polygon", "coordinates": [ [ [ 30.30949, 59.96385 ], [ 30.30957, 59.96385 ], [ 30.30965, 59.96379 ], [ 30.30961, 59.96377 ], [ 30.30949, 59.96385 ] ] ] } },
{ "type": "Feature", "properties": { "height": 4.5, "match_type": "only_a", "height_source": "ml_predicted" }, "geometry": { "type": "Polygon", "coordinates": [ [ [ 30.30949, 59.96886 ], [ 30.30956, 59.9688 ], [ 30.30945, 59.96877 ], [ 30.30938, 59.96883 ], [ 30.30949, 59.96886 ] ] ] } },
{ "type": "Feature", "properties": { "height": 12.3, "match_type": "only_a", "height_source": "ml_predicted" }, "geometry": { "type": "Polygon", "coordinates": [ [ [ 30.30951, 59.95946 ], [ 30.30961, 59.95918 ], [ 30.3095, 59.95942 ], [ 30.30918, 59.95944 ], [ 30.30951, 59.95946 ] ] ] } },
{ "type": "Feature", "properties": { "height": 6.0, "match_type": "only_a", "height_source": "ml_predicted" }, "geometry": { "type": "Polygon", "coordinates": [ [ [ 30.30953, 59.96504 ], [ 30.3096, 59.96509 ], [ 30.30976, 59.96504 ], [ 30.30968, 59.96498 ], [ 30.30953, 59.96504 ] ] ] } },
{ "type": "Feature", "properties": { "height": 18.0, "match_type": "matched", "height_source": "source_b" }, "geometry": { "type": "Polygon", "coordinates": [ [ [ 30.30928, 59.968386999998657 ], [ 30.309475, 59.968431999998685 ], [ 30.309623, 59.968283999998654 ], [ 30.309862, 59.968341999998671 ], [ 30.309999, 59.968465999998678 ], [ 30.310293, 59.968355999998664 ], [ 30.309499, 59.968159999998676 ], [ 30.30928, 59.968386999998657 ] ] ] } },
{ "type": "Feature", "properties": { "height": 15.0, "match_type": "matched", "height_source": "source_b" }, "geometry": { "type": "Polygon", "coordinates": [ [ [ 30.309441, 59.959075999998674 ], [ 30.309413, 59.959171999998674 ], [ 30.309546, 59.959183999998658 ], [ 30.309586, 59.959084999998659 ], [ 30.309856, 59.959107999998636 ], [ 30.309817, 59.959196999998653 ], [ 30.309945, 59.959206999998656 ], [ 30.310021, 59.95898499999867 ], [ 30.309405, 59.958919999998663 ], [ 30.309363, 59.959067999998666 ], [ 30.309441, 59.959075999998674 ] ] ] } },
{ "type": "Feature", "properties": { "height": 6.6, "match_type": "matched", "height_source": "source_b" }, "geometry": { "type": "Polygon", "coordinates": [ [ [ 30.3098, 59.970633999998661 ], [ 30.309647, 59.970672999998676 ], [ 30.30958, 59.970628999998681 ], [ 30.309501, 59.970646999998664 ], [ 30.309581, 59.970755999998659 ], [ 30.309845, 59.970685999998665 ], [ 30.3098, 59.970633999998661 ] ] ] } },
{ "type": "Feature", "properties": { "height": 6.6, "match_type": "matched", "height_source": "source_b" }, "geometry": { "type": "Polygon", "coordinates": [ [ [ 30.310024, 59.960710999998646 ], [ 30.309489, 59.960792999998681 ], [ 30.309291, 59.960877999998658 ], [ 30.309386, 59.960936999998665 ], [ 30.310059, 59.960768999998663 ], [ 30.310024, 59.960710999998646 ] ] ] } },
{ "type": "Feature", "properties": { "height": 15.0, "match_type": "matched", "height_source": "source_b" }, "geometry": { "type": "Polygon", "coordinates": [ [ [ 30.309682, 59.964147999998652 ], [ 30.309872, 59.964066999998664 ], [ 30.30946, 59.96382599999864 ], [ 30.309278, 59.963898999998669 ], [ 30.309682, 59.964147999998652 ] ] ] } },
{ "type": "Feature", "properties": { "height": 15.0, "match_type": "matched", "height_source": "source_b" }, "geometry": { "type": "Polygon", "coordinates": [ [ [ 30.310114, 59.965211999998672 ], [ 30.310507, 59.965049999998683 ], [ 30.31011, 59.964817999998679 ], [ 30.309667, 59.965009999998664 ], [ 30.30977, 59.965070999998652 ], [ 30.310026, 59.964958999998679 ], [ 30.310186, 59.96505199999865 ], [ 30.309982, 59.965139999998655 ], [ 30.310114, 59.965211999998672 ] ] ] } },
{ "type": "Feature", "properties": { "height": 9.9, "match_type": "matched", "height_source": "source_b" }, "geometry": { "type": "Polygon", "coordinates": [ [ [ 30.309665, 59.97017299999866 ], [ 30.309948, 59.970428999998653 ], [ 30.310097, 59.970387999998657 ], [ 30.309814, 59.97013199999865 ], [ 30.309665, 59.97017299999866 ] ] ] } },
{ "type": "Feature", "properties": { "height": 15.0, "match_type": "matched", "height_source": "source_b" }, "geometry": { "type": "Polygon", "coordinates": [ [ [ 30.309809, 59.962951999998644 ], [ 30.309949, 59.962892999998651 ], [ 30.310038, 59.962946999998664 ], [ 30.310128, 59.962908999998653 ], [ 30.30979, 59.962707999998656 ], [ 30.30955, 59.962806999998641 ], [ 30.309809, 59.962951999998644 ] ] ] } },
{ "type": "Feature", "properties": { "height": 3.1, "match_type": "only_a", "height_source": "ml_predicted" }, "geometry": { "type": "Polygon", "coordinates": [ [ [ 30.30979, 59.96341 ], [ 30.30972, 59.96338 ], [ 30.30963, 59.96342 ], [ 30.30969, 59.96346 ], [ 30.30979, 59.96341 ] ] ] } },
{ "type": "Feature", "properties": { "height": 13.2, "match_type": "matched", "height_source": "source_b" }, "geometry": { "type": "Polygon", "coordinates": [ [ [ 30.310057, 59.970903999998662 ], [ 30.30968, 59.970914999998641 ], [ 30.309761, 59.971041999998661 ], [ 30.310134, 59.971031999998672 ], [ 30.310057, 59.970903999998662 ] ] ] } },
{ "type": "Feature", "properties": { "height": 21.0, "match_type": "matched", "height_source": "source_b" }, "geometry": { "type": "Polygon", "coordinates": [ [ [ 30.310495, 59.962937999998651 ], [ 30.311058, 59.96276099999865 ], [ 30.311198, 59.962611999998657 ], [ 30.310964, 59.962547999998662 ], [ 30.310723, 59.962744999998662 ], [ 30.310132, 59.962315999998658 ], [ 30.309864, 59.962233999998666 ], [ 30.309712, 59.962355999998692 ], [ 30.310507, 59.962858999998666 ], [ 30.310435, 59.962900999998659 ], [ 30.310495, 59.962937999998651 ] ] ] } },
{ "type": "Feature", "properties": { "height": 21.0, "match_type": "matched", "height_source": "source_b" }, "geometry": { "type": "Polygon", "coordinates": [ [ [ 30.309864, 59.962233999998666 ], [ 30.311198, 59.962611999998657 ], [ 30.31129, 59.962592999998662 ], [ 30.311502, 59.962423999998641 ], [ 30.311249, 59.96235299999865 ], [ 30.31117, 59.962415999998633 ], [ 30.310051, 59.96210299999867 ], [ 30.309864, 59.962233999998666 ] ] ] } },
{ "type": "Feature", "properties": { "height": 9.6, "match_type": "only_a", "height_source": "ml_predicted" }, "geometry": { "type": "Polygon", "coordinates": [ [ [ 30.30981, 59.96427 ], [ 30.30985, 59.96426 ], [ 30.3097, 59.96421 ], [ 30.30981, 59.96427 ] ] ] } },
{ "type": "Feature", "properties": { "height": 18.0, "match_type": "matched", "height_source": "source_b" }, "geometry": { "type": "Polygon", "coordinates": [ [ [ 30.311045, 59.96407999999866 ], [ 30.31055, 59.963766999998633 ], [ 30.310458, 59.963810999998643 ], [ 30.310509, 59.963839999998655 ], [ 30.310424, 59.96387499999868 ], [ 30.310378, 59.963846999998658 ], [ 30.309682, 59.964147999998652 ], [ 30.310188, 59.964416999998647 ], [ 30.311045, 59.96407999999866 ] ], [ [ 30.310764, 59.964003999998653 ], [ 30.310481, 59.964118999998675 ], [ 30.310413, 59.964081999998633 ], [ 30.310474, 59.964057999998666 ], [ 30.310345, 59.96397899999868 ], [ 30.310572, 59.963883999998664 ], [ 30.310764, 59.964003999998653 ] ], [ [ 30.310315, 59.964185999998648 ], [ 30.310174, 59.96424299999866 ], [ 30.309994, 59.964130999998659 ], [ 30.310133, 59.964073999998668 ], [ 30.310315, 59.964185999998648 ] ] ] } },
{ "type": "Feature", "properties": { "height": 9.9, "match_type": "matched", "height_source": "source_b" }, "geometry": { "type": "Polygon", "coordinates": [ [ [ 30.309904, 59.963359999998666 ], [ 30.310087, 59.963290999998648 ], [ 30.310005, 59.963236999998664 ], [ 30.309701, 59.963346999998656 ], [ 30.309789, 59.963403999998647 ], [ 30.30966, 59.963452999998665 ], [ 30.309765, 59.963462999998669 ], [ 30.309979, 59.963595999998645 ], [ 30.309923, 59.963619999998649 ], [ 30.309979, 59.963649999998665 ], [ 30.310125, 59.963585999998671 ], [ 30.30999, 59.96350899999868 ], [ 30.310059, 59.963477999998652 ], [ 30.309904, 59.963359999998666 ] ] ] } },
{ "type": "Feature", "properties": { "height": 4.5, "match_type": "matched", "height_source": "source_b" }, "geometry": { "type": "Polygon", "coordinates": [ [ [ 30.309753, 59.965588999998637 ], [ 30.309688, 59.965636999998658 ], [ 30.309803, 59.965675999998652 ], [ 30.309867, 59.965628999998671 ], [ 30.309753, 59.965588999998637 ] ] ] } },
{ "type": "Feature", "properties": { "height": 36.0, "match_type": "matched", "height_source": "source_b" }, "geometry": { "type": "Polygon", "coordinates": [ [ [ 30.309546, 59.966092999998658 ], [ 30.309639, 59.96611199999866 ], [ 30.309686, 59.966054999998661 ], [ 30.309594, 59.96603599999866 ], [ 30.309546, 59.966092999998658 ] ] ] } },
{ "type": "Feature", "properties": { "height": 4.5, "match_type": "matched", "height_source": "source_b" }, "geometry": { "type": "Polygon", "coordinates": [ [ [ 30.309361, 59.966078999998665 ], [ 30.309329, 59.966113999998662 ], [ 30.30945, 59.966140999998672 ], [ 30.309581, 59.965995999998647 ], [ 30.309411, 59.965956999998667 ], [ 30.309577, 59.965771999998658 ], [ 30.309245, 59.965696999998642 ], [ 30.308983, 59.965998999998654 ], [ 30.309361, 59.966078999998665 ] ] ] } },
{ "type": "Feature", "properties": { "height": 4.5, "match_type": "matched", "height_source": "source_b" }, "geometry": { "type": "Polygon", "coordinates": [ [ [ 30.309891, 59.965224999998647 ], [ 30.309808, 59.965262999998643 ], [ 30.309862, 59.96529299999866 ], [ 30.309946, 59.965254999998642 ], [ 30.309891, 59.965224999998647 ] ] ] } },
{ "type": "Feature", "properties": { "height": 5.0, "match_type": "only_a", "height_source": "ml_predicted" }, "geometry": { "type": "Polygon", "coordinates": [ [ [ 30.30997, 59.96066 ], [ 30.31004, 59.96065 ], [ 30.30995, 59.96063 ], [ 30.30997, 59.96066 ] ] ] } },
{ "type": "Feature", "properties": { "height": 10.9, "match_type": "only_a", "height_source": "ml_predicted" }, "geometry": { "type": "Polygon", "coordinates": [ [ [ 30.30987, 59.96431 ], [ 30.31001, 59.96436 ], [ 30.3099, 59.96429 ], [ 30.30987, 59.96431 ] ] ] } },
{ "type": "Feature", "properties": { "height": 2.9, "match_type": "only_a", "height_source": "ml_predicted" }, "geometry": { "type": "Polygon", "coordinates": [ [ [ 30.30999, 59.96366 ], [ 30.31005, 59.96369 ], [ 30.31016, 59.96365 ], [ 30.3101, 59.96361 ], [ 30.30999, 59.96366 ] ] ] } },
{ "type": "Feature", "properties": { "height": 8.6, "match_type": "only_a", "height_source": "ml_predicted" }, "geometry": { "type": "Polygon", "coordinates": [ [ [ 30.31005, 59.96613 ], [ 30.3101, 59.96607 ], [ 30.31002, 59.96612 ], [ 30.31005, 59.96613 ] ] ] } },
{ "type": "Feature", "properties": { "height": 1.1, "match_type": "only_a", "height_source": "ml_predicted" }, "geometry": { "type": "Polygon", "coordinates": [ [ [ 30.31008, 59.9659 ], [ 30.31013, 59.96587 ], [ 30.30986, 59.96577 ], [ 30.30981, 59.96582 ], [ 30.31008, 59.9659 ] ] ] } },
{ "type": "Feature", "properties": { "height": 9.6, "match_type": "only_a", "height_source": "ml_predicted" }, "geometry": { "type": "Polygon", "coordinates": [ [ [ 30.31003, 59.96441 ], [ 30.31014, 59.96445 ], [ 30.31029, 59.96439 ], [ 30.31003, 59.96441 ] ] ] } },
{ "type": "Feature", "properties": { "height": 5.1, "match_type": "only_a", "height_source": "ml_predicted" }, "geometry": { "type": "Polygon", "coordinates": [ [ [ 30.31017, 59.96093 ], [ 30.31022, 59.96093 ], [ 30.31021, 59.9609 ], [ 30.31017, 59.96093 ] ] ] } },
{ "type": "Feature", "properties": { "height": 6.6, "match_type": "matched", "height_source": "source_b" }, "geometry": { "type": "Polygon", "coordinates": [ [ [ 30.310087, 59.963724999998661 ], [ 30.309875, 59.963810999998657 ], [ 30.310009, 59.96388399999865 ], [ 30.310204, 59.963800999998654 ], [ 30.310087, 59.963724999998661 ] ] ] } },
{ "type": "Feature", "properties": { "height": 15.0, "match_type": "matched", "height_source": "source_b" }, "geometry": { "type": "Polygon", "coordinates": [ [ [ 30.309489, 59.970021999998657 ], [ 30.309665, 59.97017299999866 ], [ 30.309814, 59.97013199999865 ], [ 30.309768, 59.970090999998668 ], [ 30.309873, 59.970027999998642 ], [ 30.310084, 59.970178999998673 ], [ 30.310199, 59.970144999998659 ], [ 30.309868, 59.969853999998655 ], [ 30.309489, 59.970021999998657 ] ] ] } },
{ "type": "Feature", "properties": { "height": 6.6, "match_type": "matched", "height_source": "source_b" }, "geometry": { "type": "Polygon", "coordinates": [ [ [ 30.310117, 59.959070999998652 ], [ 30.310054, 59.95926299999865 ], [ 30.310204, 59.959279999998664 ], [ 30.310237, 59.959215999998669 ], [ 30.310321, 59.959222999998666 ], [ 30.310335, 59.959094999998634 ], [ 30.310117, 59.959070999998652 ] ] ] } },
{ "type": "Feature", "properties": { "height": 21.0, "match_type": "matched", "height_source": "source_b" }, "geometry": { "type": "Polygon", "coordinates": [ [ [ 30.310215, 59.966469999998672 ], [ 30.310501, 59.966535999998641 ], [ 30.310914, 59.966106999998665 ], [ 30.310873, 59.966097999998638 ], [ 30.310926, 59.966044999998658 ], [ 30.310693, 59.965986999998655 ], [ 30.310478, 59.966205999998657 ], [ 30.310426, 59.966206999998661 ], [ 30.310441, 59.966242999998663 ], [ 30.310215, 59.966469999998672 ] ] ] } },
{ "type": "Feature", "properties": { "height": 15.0, "match_type": "matched", "height_source": "source_b" }, "geometry": { "type": "Polygon", "coordinates": [ [ [ 30.310655, 59.965339999998655 ], [ 30.310838, 59.965262999998643 ], [ 30.310507, 59.965049999998683 ], [ 30.310295, 59.965142999998669 ], [ 30.310655, 59.965339999998655 ] ] ] } },
{ "type": "Feature", "properties": { "height": 4.5, "match_type": "matched", "height_source": "source_b" }, "geometry": { "type": "Polygon", "coordinates": [ [ [ 30.310242, 59.960240999998675 ], [ 30.310352, 59.960254999998668 ], [ 30.310381, 59.960198999998674 ], [ 30.31027, 59.960184999998681 ], [ 30.310242, 59.960240999998675 ] ] ] } },
{ "type": "Feature", "properties": { "height": 12.0, "match_type": "only_a", "height_source": "ml_predicted" }, "geometry": { "type": "Polygon", "coordinates": [ [ [ 30.31034, 59.96603 ], [ 30.31036, 59.966 ], [ 30.31028, 59.96602 ], [ 30.31034, 59.96603 ] ] ] } },
{ "type": "Feature", "properties": { "height": 12.7, "match_type": "only_a", "height_source": "ml_predicted" }, "geometry": { "type": "Polygon", "coordinates": [ [ [ 30.31034, 59.96833 ], [ 30.31038, 59.96828 ], [ 30.31031, 59.96823 ], [ 30.31001, 59.9682 ], [ 30.30974, 59.9681 ], [ 30.30963, 59.96809 ], [ 30.30958, 59.96814 ], [ 30.31034, 59.96833 ] ] ] } },
{ "type": "Feature", "properties": { "height": 21.0, "match_type": "matched", "height_source": "source_b" }, "geometry": { "type": "Polygon", "coordinates": [ [ [ 30.309868, 59.969853999998655 ], [ 30.310048, 59.970011999998668 ], [ 30.310126, 59.969952999998654 ], [ 30.31024, 59.970093999998653 ], [ 30.310345, 59.970144999998659 ], [ 30.310211, 59.97018299999867 ], [ 30.310463, 59.970401999998671 ], [ 30.310641, 59.970349999998675 ], [ 30.310508, 59.97027399999866 ], [ 30.310721, 59.970211999998661 ], [ 30.31077, 59.970299999998666 ], [ 30.311024, 59.97022699999868 ], [ 30.310952, 59.970163999998661 ], [ 30.311424, 59.970088999998673 ], [ 30.311236, 59.969925999998686 ], [ 30.311136, 59.969954999998649 ], [ 30.311064, 59.969891999998666 ], [ 30.311142, 59.969869999998657 ], [ 30.310853, 59.969618999998666 ], [ 30.311006, 59.969601999998666 ], [ 30.310828, 59.969446999998667 ], [ 30.310513, 59.969586999998654 ], [ 30.31081, 59.96993699999868 ], [ 30.310867, 59.969920999998671 ], [ 30.31095, 59.969992999998674 ], [ 30.310549, 59.970108999998651 ], [ 30.310466, 59.970037999998674 ], [ 30.310548, 59.970013999998663 ], [ 30.310247, 59.96974799999866 ], [ 30.31014, 59.969741999998661 ], [ 30.309868, 59.969853999998655 ] ] ] } },
{ "type": "Feature", "properties": { "height": 9.9, "match_type": "matched", "height_source": "source_b" }, "geometry": { "type": "Polygon", "coordinates": [ [ [ 30.310082, 59.970677999998657 ], [ 30.310077, 59.970627999998676 ], [ 30.31049, 59.970654999998672 ], [ 30.310476, 59.970523999998683 ], [ 30.309905, 59.97053999999865 ], [ 30.30992, 59.970682999998665 ], [ 30.310082, 59.970677999998657 ] ] ] } },
{ "type": "Feature", "properties": { "height": 13.2, "match_type": "matched", "height_source": "source_b" }, "geometry": { "type": "Polygon", "coordinates": [ [ [ 30.310312, 59.970837999998665 ], [ 30.31042, 59.970834999998679 ], [ 30.310398, 59.970619999998647 ], [ 30.310077, 59.970627999998676 ], [ 30.310096, 59.970806999998658 ], [ 30.310173, 59.970804999998663 ], [ 30.31018, 59.970887999998659 ], [ 30.310316, 59.970885999998679 ], [ 30.310312, 59.970837999998665 ] ] ] } },
{ "type": "Feature", "properties": { "height": 15.0, "match_type": "matched", "height_source": "source_b" }, "geometry": { "type": "Polygon", "coordinates": [ [ [ 30.310711, 59.960715999998669 ], [ 30.310584, 59.960510999998661 ], [ 30.310385, 59.960542999998658 ], [ 30.310457, 59.960563999998655 ], [ 30.310519, 59.960658999998657 ], [ 30.310483, 59.960684999998648 ], [ 30.310711, 59.960715999998669 ] ] ] } },
{ "type": "Feature", "properties": { "height": 18.0, "match_type": "matched", "height_source": "source_b" }, "geometry": { "type": "Polygon", "coordinates": [ [ [ 30.310711, 59.960715999998669 ], [ 30.311176, 59.960782999998656 ], [ 30.311338, 59.960495999998663 ], [ 30.310692, 59.960412999998667 ], [ 30.310584, 59.960510999998661 ], [ 30.310711, 59.960715999998669 ] ], [ [ 30.310769, 59.960509999998671 ], [ 30.31098, 59.960523999998671 ], [ 30.310932, 59.960638999998672 ], [ 30.310795, 59.960625999998655 ], [ 30.310769, 59.960509999998671 ] ] ] } },
{ "type": "Feature", "properties": { "height": 15.0, "match_type": "matched", "height_source": "source_b" }, "geometry": { "type": "Polygon", "coordinates": [ [ [ 30.310385, 59.960542999998658 ], [ 30.31064, 59.960499999998667 ], [ 30.310484, 59.960272999998637 ], [ 30.310169, 59.960231999998662 ], [ 30.310385, 59.960542999998658 ] ] ] } },
{ "type": "Feature", "properties": { "height": 15.0, "match_type": "matched", "height_source": "source_b" }, "geometry": { "type": "Polygon", "coordinates": [ [ [ 30.309892, 59.965331999998654 ], [ 30.310202, 59.965517999998646 ], [ 30.310405, 59.965431999998678 ], [ 30.310092, 59.965239999998673 ], [ 30.309892, 59.965331999998654 ] ] ] } },
{ "type": "Feature", "properties": { "height": 9.9, "match_type": "matched", "height_source": "source_b" }, "geometry": { "type": "Polygon", "coordinates": [ [ [ 30.312593, 59.962234999998671 ], [ 30.312409, 59.962156999998669 ], [ 30.312474, 59.962105999998656 ], [ 30.312319, 59.962065999998678 ], [ 30.312189, 59.962179999998646 ], [ 30.312515, 59.962279999998685 ], [ 30.312593, 59.962234999998671 ] ] ] } },
{ "type": "Feature", "properties": { "height": 4.5, "match_type": "matched", "height_source": "source_b" }, "geometry": { "type": "Polygon", "coordinates": [ [ [ 30.312028, 59.962131999998647 ], [ 30.312084, 59.962146999998652 ], [ 30.312146, 59.962094999998662 ], [ 30.312095, 59.962079999998679 ], [ 30.312028, 59.962131999998647 ] ] ] } },
{ "type": "Feature", "properties": { "height": 18.0, "match_type": "matched", "height_source": "source_b" }, "geometry": { "type": "Polygon", "coordinates": [ [ [ 30.311565, 59.962362999998653 ], [ 30.311803, 59.962153999998669 ], [ 30.312455, 59.962350999998634 ], [ 30.312535, 59.962286999998675 ], [ 30.311761, 59.962045999998658 ], [ 30.311655, 59.962137999998667 ], [ 30.311432, 59.96206899999865 ], [ 30.311542, 59.961978999998649 ], [ 30.311306, 59.961905999998656 ], [ 30.311207, 59.961995999998656 ], [ 30.310723, 59.961843999998663 ], [ 30.311267, 59.961442999998653 ], [ 30.31102, 59.961361999998651 ], [ 30.310297, 59.961914999998662 ], [ 30.311346, 59.962229999998662 ], [ 30.311314, 59.962294999998669 ], [ 30.311565, 59.962362999998653 ] ] ] } },
{ "type": "Feature", "properties": { "height": 18.0, "match_type": "matched", "height_source": "source_b" }, "geometry": { "type": "Polygon", "coordinates": [ [ [ 30.311764, 59.95959499999865 ], [ 30.31162, 59.959578999998662 ], [ 30.311589, 59.959644999998659 ], [ 30.310532, 59.959521999998643 ], [ 30.310614, 59.959349999998665 ], [ 30.310555, 59.959342999998661 ], [ 30.310453, 59.959557999998673 ], [ 30.311667, 59.959702999998662 ], [ 30.311764, 59.95959499999865 ] ] ] } },
{ "type": "Feature", "properties": { "height": 21.0, "match_type": "matched", "height_source": "source_b" }, "geometry": { "type": "Polygon", "coordinates": [ [ [ 30.310221, 59.965871999998662 ], [ 30.311111, 59.966089999998673 ], [ 30.311367, 59.965820999998662 ], [ 30.311152, 59.965695999998637 ], [ 30.310891, 59.965952999998677 ], [ 30.310499, 59.965858999998659 ], [ 30.311046, 59.965629999998647 ], [ 30.31095, 59.965566999998664 ], [ 30.310221, 59.965871999998662 ] ] ] } },
{ "type": "Feature", "properties": { "height": 21.0, "match_type": "matched", "height_source": "source_b" }, "geometry": { "type": "Polygon", "coordinates": [ [ [ 30.31095, 59.965566999998664 ], [ 30.311367, 59.965820999998662 ], [ 30.311501, 59.965676999998657 ], [ 30.311172, 59.96546999999866 ], [ 30.31095, 59.965566999998664 ] ] ] } },
{ "type": "Feature", "properties": { "height": 18.0, "match_type": "matched", "height_source": "source_b" }, "geometry": { "type": "Polygon", "coordinates": [ [ [ 30.310833, 59.963168999998651 ], [ 30.311343, 59.96289899999865 ], [ 30.311387, 59.962875999998658 ], [ 30.311227, 59.962777999998664 ], [ 30.310999, 59.962855999998659 ], [ 30.311113, 59.962935999998656 ], [ 30.310972, 59.963011999998677 ], [ 30.310738, 59.962862999998663 ], [ 30.310474, 59.962944999998669 ], [ 30.310833, 59.963168999998651 ] ] ] } },
{ "type": "Feature", "properties": { "height": 15.0, "match_type": "matched", "height_source": "source_b" }, "geometry": { "type": "Polygon", "coordinates": [ [ [ 30.310738, 59.962862999998663 ], [ 30.310824, 59.962911999998653 ], [ 30.311227, 59.962777999998664 ], [ 30.311152, 59.962731999998653 ], [ 30.310738, 59.962862999998663 ] ] ] } },
{ "type": "Feature", "properties": { "height": 18.0, "match_type": "matched", "height_source": "source_b" }, "geometry": { "type": "Polygon", "coordinates": [ [ [ 30.310766, 59.963902999998652 ], [ 30.310875, 59.963861999998663 ], [ 30.311133, 59.963762999998643 ], [ 30.311048, 59.963710999998654 ], [ 30.310801, 59.963804999998658 ], [ 30.310591, 59.963675999998671 ], [ 30.310454, 59.963728999998665 ], [ 30.310766, 59.963902999998652 ] ] ] } },
{ "type": "Feature", "properties": { "height": 4.5, "match_type": "matched", "height_source": "source_b" }, "geometry": { "type": "Polygon", "coordinates": [ [ [ 30.310408, 59.965792999998669 ], [ 30.310736, 59.965655999998674 ], [ 30.310808, 59.965625999998672 ], [ 30.310629, 59.965586999998656 ], [ 30.310293, 59.965732999998657 ], [ 30.310408, 59.965792999998669 ] ] ] } },
{ "type": "Feature", "properties": { "height": 13.2, "match_type": "matched", "height_source": "source_b" }, "geometry": { "type": "Polygon", "coordinates": [ [ [ 30.311596, 59.965102999998663 ], [ 30.310938, 59.964690999998659 ], [ 30.310696, 59.964778999998664 ], [ 30.311377, 59.965208999998652 ], [ 30.311596, 59.965102999998663 ] ] ] } },
{ "type": "Feature", "properties": { "height": 9.9, "match_type": "matched", "height_source": "source_b" }, "geometry": { "type": "Polygon", "coordinates": [ [ [ 30.310727, 59.969049999998674 ], [ 30.310478, 59.969103999998659 ], [ 30.310598, 59.969243999998646 ], [ 30.310847, 59.969189999998662 ], [ 30.310727, 59.969049999998674 ] ] ] } },
{ "type": "Feature", "properties": { "height": 15.0, "match_type": "matched", "height_source": "source_b" }, "geometry": { "type": "Polygon", "coordinates": [ [ [ 30.310571, 59.963393999998658 ], [ 30.310858, 59.963573999998644 ], [ 30.311076, 59.963492999998685 ], [ 30.310712, 59.963265999998661 ], [ 30.310618, 59.963301999998663 ], [ 30.310691, 59.963345999998651 ], [ 30.310571, 59.963393999998658 ] ] ] } },
{ "type": "Feature", "properties": { "height": 15.0, "match_type": "matched", "height_source": "source_b" }, "geometry": { "type": "Polygon", "coordinates": [ [ [ 30.310448, 59.963403999998647 ], [ 30.310691, 59.963345999998651 ], [ 30.309949, 59.962892999998651 ], [ 30.309809, 59.962951999998644 ], [ 30.309838, 59.962967999998654 ], [ 30.309799, 59.963003999998655 ], [ 30.310448, 59.963403999998647 ] ] ] } },
{ "type": "Feature", "properties": { "height": 15.0, "match_type": "matched", "height_source": "source_b" }, "geometry": { "type": "Polygon", "coordinates": [ [ [ 30.310417, 59.960262999998662 ], [ 30.310743, 59.960304999998648 ], [ 30.310776, 59.960236999998656 ], [ 30.310456, 59.960192999998661 ], [ 30.310417, 59.960262999998662 ] ] ] } },
{ "type": "Feature", "properties": { "height": 9.9, "match_type": "matched", "height_source": "source_b" }, "geometry": { "type": "Polygon", "coordinates": [ [ [ 30.310614, 59.959349999998665 ], [ 30.31079, 59.959370999998669 ], [ 30.310843, 59.959224999998654 ], [ 30.31095, 59.959237999998649 ], [ 30.311015, 59.959092999998667 ], [ 30.310687, 59.959064999998652 ], [ 30.310584, 59.959273999998665 ], [ 30.310647, 59.95928099999864 ], [ 30.310614, 59.959349999998665 ] ] ] } },
{ "type": "Feature", "properties": { "height": 13.2, "match_type": "matched", "height_source": "source_b" }, "geometry": { "type": "Polygon", "coordinates": [ [ [ 30.311015, 59.959092999998667 ], [ 30.310912, 59.959316999998649 ], [ 30.311543, 59.959390999998647 ], [ 30.311651, 59.95916499999867 ], [ 30.31142, 59.959138999998665 ], [ 30.311349, 59.959295999998652 ], [ 30.311178, 59.959275999998653 ], [ 30.311249, 59.959118999998665 ], [ 30.311015, 59.959092999998667 ] ] ] } },
{ "type": "Feature", "properties": { "height": 15.0, "match_type": "matched", "height_source": "source_b" }, "geometry": { "type": "Polygon", "coordinates": [ [ [ 30.311249, 59.959118999998665 ], [ 30.311178, 59.959275999998653 ], [ 30.311349, 59.959295999998652 ], [ 30.31142, 59.959138999998665 ], [ 30.311249, 59.959118999998665 ] ] ] } },
{ "type": "Feature", "properties": { "height": 9.9, "match_type": "matched", "height_source": "source_b" }, "geometry": { "type": "Polygon", "coordinates": [ [ [ 30.311629, 59.959467999998672 ], [ 30.311814, 59.95948899999869 ], [ 30.311846, 59.95943499999867 ], [ 30.311897, 59.95944199999866 ], [ 30.311999, 59.959222999998666 ], [ 30.311651, 59.95916499999867 ], [ 30.311581, 59.959312999998666 ], [ 30.31168, 59.959321999998629 ], [ 30.311629, 59.959467999998672 ] ] ] } },
{ "type": "Feature", "properties": { "height": 27.0, "match_type": "matched", "height_source": "source_b" }, "geometry": { "type": "Polygon", "coordinates": [ [ [ 30.310734, 59.965579999998667 ], [ 30.310808, 59.965625999998672 ], [ 30.311172, 59.96546999999866 ], [ 30.310838, 59.965262999998643 ], [ 30.310655, 59.965339999998655 ], [ 30.310915, 59.965500999998667 ], [ 30.310734, 59.965579999998667 ] ] ] } },
{ "type": "Feature", "properties": { "height": 3.5, "match_type": "only_a", "height_source": "ml_predicted" }, "geometry": { "type": "Polygon", "coordinates": [ [ [ 30.31081, 59.96073 ], [ 30.31079, 59.96077 ], [ 30.31094, 59.96079 ], [ 30.31096, 59.96075 ], [ 30.31081, 59.96073 ] ] ] } },
{ "type": "Feature", "properties": { "height": 18.0, "match_type": "matched", "height_source": "source_b" }, "geometry": { "type": "Polygon", "coordinates": [ [ [ 30.311019, 59.960450999998649 ], [ 30.311304, 59.960491999998638 ], [ 30.31157, 59.95995699999866 ], [ 30.311314, 59.959930999998654 ], [ 30.311266, 59.960028999998663 ], [ 30.311194, 59.96001899999866 ], [ 30.311162, 59.960079999998648 ], [ 30.311231, 59.960086999998673 ], [ 30.311138, 59.960246999998674 ], [ 30.310794, 59.960199999998665 ], [ 30.310692, 59.960412999998667 ], [ 30.310837, 59.960431999998654 ], [ 30.310872, 59.960354999998664 ], [ 30.311055, 59.960369999998647 ], [ 30.311019, 59.960450999998649 ] ] ] } },
{ "type": "Feature", "properties": { "height": 9.9, "match_type": "matched", "height_source": "source_b" }, "geometry": { "type": "Polygon", "coordinates": [ [ [ 30.311147, 59.96461399999864 ], [ 30.31131, 59.964553999998657 ], [ 30.311235, 59.964501999998653 ], [ 30.310813, 59.964656999998667 ], [ 30.310998, 59.964750999998685 ], [ 30.311224, 59.964661999998647 ], [ 30.311147, 59.96461399999864 ] ] ] } },
{ "type": "Feature", "properties": { "height": 9.9, "match_type": "matched", "height_source": "source_b" }, "geometry": { "type": "Polygon", "coordinates": [ [ [ 30.311257, 59.961949999998666 ], [ 30.311306, 59.961905999998656 ], [ 30.311495, 59.961963999998652 ], [ 30.311569, 59.961902999998671 ], [ 30.311112, 59.961756999998663 ], [ 30.311038, 59.96181899999867 ], [ 30.310851, 59.961758999998672 ], [ 30.310783, 59.961800999998644 ], [ 30.311257, 59.961949999998666 ] ] ] } },
{ "type": "Feature", "properties": { "height": 21.0, "match_type": "matched", "height_source": "source_b" }, "geometry": { "type": "Polygon", "coordinates": [ [ [ 30.311024, 59.967257999998687 ], [ 30.311267, 59.967339999998643 ], [ 30.311542, 59.967283999998664 ], [ 30.311302, 59.966904999998661 ], [ 30.310848, 59.966789999998653 ], [ 30.310469, 59.967151999998663 ], [ 30.310725, 59.967211999998668 ], [ 30.310976, 59.966953999998665 ], [ 30.311131, 59.967119999998658 ], [ 30.311024, 59.967257999998687 ] ] ] } },
{ "type": "Feature", "properties": { "height": 6.6, "match_type": "matched", "height_source": "source_b" }, "geometry": { "type": "Polygon", "coordinates": [ [ [ 30.31076, 59.970445999998667 ], [ 30.310562, 59.970496999998666 ], [ 30.310682, 59.970613999998662 ], [ 30.310879, 59.970562999998634 ], [ 30.31076, 59.970445999998667 ] ] ] } },
{ "type": "Feature", "properties": { "height": 15.0, "match_type": "matched", "height_source": "source_b" }, "geometry": { "type": "Polygon", "coordinates": [ [ [ 30.310696, 59.964778999998664 ], [ 30.310892, 59.964706999998661 ], [ 30.3106, 59.964521999998667 ], [ 30.310665, 59.964491999998664 ], [ 30.310541, 59.964415999998671 ], [ 30.310297, 59.964511999998663 ], [ 30.310696, 59.964778999998664 ] ] ] } },
{ "type": "Feature", "properties": { "height": 5.4, "match_type": "only_a", "height_source": "ml_predicted" }, "geometry": { "type": "Polygon", "coordinates": [ [ [ 30.31089, 59.97037 ], [ 30.31109, 59.9703 ], [ 30.31102, 59.97025 ], [ 30.31082, 59.97032 ], [ 30.31089, 59.97037 ] ] ] } },
{ "type": "Feature", "properties": { "height": 4.5, "match_type": "matched", "height_source": "source_b" }, "geometry": { "type": "Polygon", "coordinates": [ [ [ 30.310875, 59.963861999998663 ], [ 30.310766, 59.963902999998652 ], [ 30.310865, 59.963965999998656 ], [ 30.310975, 59.96392399999867 ], [ 30.310875, 59.963861999998663 ] ] ] } },
{ "type": "Feature", "properties": { "height": 13.2, "match_type": "matched", "height_source": "source_b" }, "geometry": { "type": "Polygon", "coordinates": [ [ [ 30.310967, 59.960753999998651 ], [ 30.310928, 59.960829999998658 ], [ 30.31101, 59.960844999998642 ], [ 30.310988, 59.960880999998658 ], [ 30.311112, 59.960897999998664 ], [ 30.311176, 59.960782999998656 ], [ 30.310967, 59.960753999998651 ] ] ] } },
{ "type": "Feature", "properties": { "height": 15.0, "match_type": "matched", "height_source": "source_b" }, "geometry": { "type": "Polygon", "coordinates": [ [ [ 30.310865, 59.963965999998656 ], [ 30.311045, 59.96407999999866 ], [ 30.31142, 59.963932999998669 ], [ 30.311241, 59.963821999998657 ], [ 30.310865, 59.963965999998656 ] ] ] } },
{ "type": "Feature", "properties": { "height": 15.0, "match_type": "matched", "height_source": "source_b" }, "geometry": { "type": "Polygon", "coordinates": [ [ [ 30.310958, 59.970876999998666 ], [ 30.310316, 59.970885999998679 ], [ 30.310048, 59.970889999998654 ], [ 30.310109, 59.970989999998686 ], [ 30.311044, 59.970976999998648 ], [ 30.310958, 59.970876999998666 ] ] ] } },
{ "type": "Feature", "properties": { "height": 4.5, "match_type": "only_a", "height_source": "ml_predicted" }, "geometry": { "type": "Polygon", "coordinates": [ [ [ 30.31106, 59.96367 ], [ 30.31111, 59.96365 ], [ 30.31101, 59.96364 ], [ 30.31106, 59.96367 ] ] ] } },
{ "type": "Feature", "properties": { "height": 9.9, "match_type": "matched", "height_source": "source_b" }, "geometry": { "type": "Polygon", "coordinates": [ [ [ 30.311024, 59.967257999998687 ], [ 30.311131, 59.967119999998658 ], [ 30.310826, 59.967098999998669 ], [ 30.310743, 59.967191999998654 ], [ 30.311024, 59.967257999998687 ] ] ] } },
{ "type": "Feature", "properties": { "height": 15.0, "match_type": "matched", "height_source": "source_b" }, "geometry": { "type": "Polygon", "coordinates": [ [ [ 30.311044, 59.970976999998648 ], [ 30.31199, 59.970951999998675 ], [ 30.311884, 59.970809999998657 ], [ 30.31092, 59.970833999998675 ], [ 30.311044, 59.970976999998648 ] ] ] } },
{ "type": "Feature", "properties": { "height": 4.5, "match_type": "matched", "height_source": "source_b" }, "geometry": { "type": "Polygon", "coordinates": [ [ [ 30.311156, 59.968839999998629 ], [ 30.311065, 59.968756999998661 ], [ 30.310899, 59.968828999998649 ], [ 30.310946, 59.968871999998669 ], [ 30.311156, 59.968839999998629 ] ] ] } },
{ "type": "Feature", "properties": { "height": 21.0, "match_type": "matched", "height_source": "source_b" }, "geometry": { "type": "Polygon", "coordinates": [ [ [ 30.311824, 59.966333999998668 ], [ 30.311701, 59.966267999998664 ], [ 30.311561, 59.966333999998668 ], [ 30.311684, 59.966398999998674 ], [ 30.311824, 59.966333999998668 ] ] ] } },
{ "type": "Feature", "properties": { "height": 21.0, "match_type": "matched", "height_source": "source_b" }, "geometry": { "type": "Polygon", "coordinates": [ [ [ 30.311593, 59.966389999998661 ], [ 30.311519, 59.966465999998654 ], [ 30.311416, 59.96644099999866 ], [ 30.311308, 59.966551999998678 ], [ 30.311646, 59.966634999998661 ], [ 30.311696, 59.966583999998655 ], [ 30.311546, 59.966546999998648 ], [ 30.311692, 59.966398999998674 ], [ 30.311593, 59.966389999998661 ] ] ] } },
{ "type": "Feature", "properties": { "height": 18.0, "match_type": "matched", "height_source": "source_b" }, "geometry": { "type": "Polygon", "coordinates": [ [ [ 30.311947, 59.966597999998648 ], [ 30.311696, 59.966583999998655 ], [ 30.311646, 59.966634999998661 ], [ 30.311308, 59.966551999998678 ], [ 30.311416, 59.96644099999866 ], [ 30.311519, 59.966465999998654 ], [ 30.311602, 59.966380999998648 ], [ 30.311561, 59.966333999998668 ], [ 30.311609, 59.966282999998661 ], [ 30.31196, 59.966271999998654 ], [ 30.311959, 59.966114999998666 ], [ 30.311551, 59.96610799999867 ], [ 30.311099, 59.966585999998664 ], [ 30.311921, 59.96677599999866 ], [ 30.311947, 59.966597999998648 ] ], [ [ 30.311825, 59.966249999998666 ], [ 30.311825, 59.966195999998661 ], [ 30.311911, 59.966195999998661 ], [ 30.311911, 59.966249999998652 ], [ 30.311825, 59.966249999998666 ] ] ] } },
{ "type": "Feature", "properties": { "height": 21.0, "match_type": "matched", "height_source": "source_b" }, "geometry": { "type": "Polygon", "coordinates": [ [ [ 30.311825, 59.966249999998666 ], [ 30.311911, 59.966249999998652 ], [ 30.311911, 59.966195999998661 ], [ 30.311825, 59.966195999998661 ], [ 30.311825, 59.966249999998666 ] ] ] } },
{ "type": "Feature", "properties": { "height": 18.0, "match_type": "matched", "height_source": "source_b" }, "geometry": { "type": "Polygon", "coordinates": [ [ [ 30.31114, 59.960109999998664 ], [ 30.311193, 59.959974999998664 ], [ 30.310959, 59.959942999998653 ], [ 30.310882, 59.960079999998662 ], [ 30.31114, 59.960109999998664 ] ] ] } },
{ "type": "Feature", "properties": { "height": 15.0, "match_type": "matched", "height_source": "source_b" }, "geometry": { "type": "Polygon", "coordinates": [ [ [ 30.31179, 59.962529999998665 ], [ 30.311465, 59.962631999998663 ], [ 30.31121, 59.96271399999867 ], [ 30.311337, 59.962767999998668 ], [ 30.311939, 59.962578999998641 ], [ 30.31179, 59.962529999998665 ] ] ] } },
{ "type": "Feature", "properties": { "height": 30.0, "match_type": "matched", "height_source": "source_b" }, "geometry": { "type": "Polygon", "coordinates": [ [ [ 30.31137, 59.961327999998673 ], [ 30.311423, 59.961289999998662 ], [ 30.311304, 59.961248999998652 ], [ 30.311251, 59.961286999998663 ], [ 30.31137, 59.961327999998673 ] ] ] } },
{ "type": "Feature", "properties": { "height": 27.0, "match_type": "matched", "height_source": "source_b" }, "geometry": { "type": "Polygon", "coordinates": [ [ [ 30.31102, 59.961361999998651 ], [ 30.311203, 59.961420999998658 ], [ 30.31137, 59.961327999998673 ], [ 30.311251, 59.961286999998663 ], [ 30.311304, 59.961248999998652 ], [ 30.311423, 59.961289999998662 ], [ 30.311511, 59.961186999998674 ], [ 30.311324, 59.961127999998659 ], [ 30.31102, 59.961361999998651 ] ] ] } },
{ "type": "Feature", "properties": { "height": 5.9, "match_type": "only_a", "height_source": "ml_predicted" }, "geometry": { "type": "Polygon", "coordinates": [ [ [ 30.31125, 59.96373 ], [ 30.3112, 59.9637 ], [ 30.31112, 59.96372 ], [ 30.31118, 59.96376 ], [ 30.31125, 59.96373 ] ] ] } },
{ "type": "Feature", "properties": { "height": 6.6, "match_type": "matched", "height_source": "source_b" }, "geometry": { "type": "Polygon", "coordinates": [ [ [ 30.310847, 59.969189999998662 ], [ 30.311218, 59.969109999998679 ], [ 30.311114, 59.968988999998643 ], [ 30.310743, 59.969068999998669 ], [ 30.310847, 59.969189999998662 ] ] ] } },
{ "type": "Feature", "properties": { "height": 9.9, "match_type": "matched", "height_source": "source_b" }, "geometry": { "type": "Polygon", "coordinates": [ [ [ 30.31127, 59.963435999998659 ], [ 30.311458, 59.963308999998652 ], [ 30.311741, 59.963117999998666 ], [ 30.311655, 59.963086999998652 ], [ 30.311392, 59.963269999998666 ], [ 30.311037, 59.963060999998667 ], [ 30.310833, 59.963168999998651 ], [ 30.31127, 59.963435999998659 ] ] ] } },
{ "type": "Feature", "properties": { "height": 12.0, "match_type": "only_a", "height_source": "ml_predicted" }, "geometry": { "type": "Polygon", "coordinates": [ [ [ 30.31133, 59.96044 ], [ 30.31134, 59.96049 ], [ 30.31137, 59.96045 ], [ 30.31133, 59.96044 ] ] ] } },
{ "type": "Feature", "properties": { "height": 9.9, "match_type": "matched", "height_source": "source_b" }, "geometry": { "type": "Polygon", "coordinates": [ [ [ 30.311232, 59.964582999998655 ], [ 30.311349, 59.964678999998675 ], [ 30.311628, 59.964574999998689 ], [ 30.311485, 59.96448799999866 ], [ 30.311373, 59.96453199999867 ], [ 30.311399, 59.964564999998657 ], [ 30.311232, 59.964582999998655 ] ] ] } },
{ "type": "Feature", "properties": { "height": 8.4, "match_type": "only_a", "height_source": "ml_predicted" }, "geometry": { "type": "Polygon", "coordinates": [ [ [ 30.31142, 59.96621 ], [ 30.31136, 59.96619 ], [ 30.31117, 59.9664 ], [ 30.31123, 59.96641 ], [ 30.31142, 59.96621 ] ] ] } },
{ "type": "Feature", "properties": { "height": 4.5, "match_type": "matched", "height_source": "source_b" }, "geometry": { "type": "Polygon", "coordinates": [ [ [ 30.311389, 59.964524999998652 ], [ 30.31147, 59.964493999998659 ], [ 30.311399, 59.96444399999865 ], [ 30.311317, 59.964471999998658 ], [ 30.311389, 59.964524999998652 ] ] ] } },
{ "type": "Feature", "properties": { "height": 6.6, "match_type": "matched", "height_source": "source_b" }, "geometry": { "type": "Polygon", "coordinates": [ [ [ 30.311584, 59.964961999998664 ], [ 30.311677, 59.964858999998675 ], [ 30.311402, 59.964795999998657 ], [ 30.311309, 59.964898999998667 ], [ 30.311584, 59.964961999998664 ] ] ] } },
{ "type": "Feature", "properties": { "height": 13.2, "match_type": "matched", "height_source": "source_b" }, "geometry": { "type": "Polygon", "coordinates": [ [ [ 30.311504, 59.965050999998645 ], [ 30.311775, 59.965204999998647 ], [ 30.311954, 59.965007999998669 ], [ 30.311886, 59.964988999998667 ], [ 30.311986, 59.964936999998656 ], [ 30.312068, 59.964783999998673 ], [ 30.311801, 59.964721999998659 ], [ 30.311504, 59.965050999998645 ] ] ] } },
{ "type": "Feature", "properties": { "height": 21.0, "match_type": "matched", "height_source": "source_b" }, "geometry": { "type": "Polygon", "coordinates": [ [ [ 30.311314, 59.962294999998669 ], [ 30.311249, 59.96235299999865 ], [ 30.311502, 59.962423999998641 ], [ 30.311565, 59.962362999998653 ], [ 30.311314, 59.962294999998669 ] ] ] } },
{ "type": "Feature", "properties": { "height": 15.0, "match_type": "matched", "height_source": "source_b" }, "geometry": { "type": "Polygon", "coordinates": [ [ [ 30.311495, 59.961963999998652 ], [ 30.311704, 59.962027999998654 ], [ 30.311973, 59.961808999998667 ], [ 30.31205, 59.961830999998654 ], [ 30.312176, 59.961721999998666 ], [ 30.311892, 59.961637999998665 ], [ 30.311495, 59.961963999998652 ] ] ] } },
{ "type": "Feature", "properties": { "height": 9.9, "match_type": "matched", "height_source": "source_b" }, "geometry": { "type": "Polygon", "coordinates": [ [ [ 30.311377, 59.965208999998652 ], [ 30.311705, 59.965407999998661 ], [ 30.311903, 59.965262999998643 ], [ 30.311596, 59.965102999998663 ], [ 30.311377, 59.965208999998652 ] ] ] } },
{ "type": "Feature", "properties": { "height": 6.6, "match_type": "matched", "height_source": "source_b" }, "geometry": { "type": "Polygon", "coordinates": [ [ [ 30.311569, 59.970610999998648 ], [ 30.311673, 59.970756999998642 ], [ 30.311832, 59.970727999998665 ], [ 30.311727, 59.970582999998676 ], [ 30.311569, 59.970610999998648 ] ] ] } },
{ "type": "Feature", "properties": { "height": 15.0, "match_type": "matched", "height_source": "source_b" }, "geometry": { "type": "Polygon", "coordinates": [ [ [ 30.31109, 59.963778999998667 ], [ 30.31142, 59.963932999998669 ], [ 30.311626, 59.963842999998668 ], [ 30.311367, 59.963672999998657 ], [ 30.31109, 59.963778999998667 ] ] ] } },
{ "type": "Feature", "properties": { "height": 21.0, "match_type": "matched", "height_source": "source_b" }, "geometry": { "type": "Polygon", "coordinates": [ [ [ 30.311814, 59.95948899999869 ], [ 30.310766, 59.959420999998663 ], [ 30.310706, 59.95941399999866 ], [ 30.31073, 59.95936299999866 ], [ 30.310614, 59.959349999998665 ], [ 30.310532, 59.959521999998643 ], [ 30.311589, 59.959644999998659 ], [ 30.31162, 59.959578999998662 ], [ 30.311764, 59.95959499999865 ], [ 30.311814, 59.95948899999869 ] ], [ [ 30.310781, 59.959522999998661 ], [ 30.310798, 59.959489999998667 ], [ 30.31086, 59.959497999998661 ], [ 30.310843, 59.959530999998663 ], [ 30.310781, 59.959522999998661 ] ], [ [ 30.311301, 59.959586999998635 ], [ 30.311319, 59.959553999998654 ], [ 30.31138, 59.959561999998662 ], [ 30.311363, 59.959594999998664 ], [ 30.311301, 59.959586999998635 ] ] ] } },
{ "type": "Feature", "properties": { "height": 24.0, "match_type": "matched", "height_source": "source_b" }, "geometry": { "type": "Polygon", "coordinates": [ [ [ 30.311301, 59.959586999998635 ], [ 30.311363, 59.959594999998664 ], [ 30.31138, 59.959561999998662 ], [ 30.311319, 59.959553999998654 ], [ 30.311301, 59.959586999998635 ] ] ] } },
{ "type": "Feature", "properties": { "height": 24.0, "match_type": "matched", "height_source": "source_b" }, "geometry": { "type": "Polygon", "coordinates": [ [ [ 30.310766, 59.959420999998663 ], [ 30.31073, 59.95936299999866 ], [ 30.310706, 59.95941399999866 ], [ 30.310766, 59.959420999998663 ] ] ] } },
{ "type": "Feature", "properties": { "height": 24.0, "match_type": "matched", "height_source": "source_b" }, "geometry": { "type": "Polygon", "coordinates": [ [ [ 30.310781, 59.959522999998661 ], [ 30.310843, 59.959530999998663 ], [ 30.31086, 59.959497999998661 ], [ 30.310798, 59.959489999998667 ], [ 30.310781, 59.959522999998661 ] ] ] } },
{ "type": "Feature", "properties": { "height": 8.2, "match_type": "only_a", "height_source": "ml_predicted" }, "geometry": { "type": "Polygon", "coordinates": [ [ [ 30.31164, 59.96695 ], [ 30.31162, 59.96691 ], [ 30.31157, 59.96693 ], [ 30.31158, 59.96695 ], [ 30.31164, 59.96695 ] ] ] } },
{ "type": "Feature", "properties": { "height": 15.0, "match_type": "matched", "height_source": "source_b" }, "geometry": { "type": "Polygon", "coordinates": [ [ [ 30.311856, 59.963984999998679 ], [ 30.311727, 59.963935999998668 ], [ 30.311361, 59.964073999998668 ], [ 30.31145, 59.964139999998672 ], [ 30.311856, 59.963984999998679 ] ] ] } },
{ "type": "Feature", "properties": { "height": 9.9, "match_type": "matched", "height_source": "source_b" }, "geometry": { "type": "Polygon", "coordinates": [ [ [ 30.311664, 59.969489999998643 ], [ 30.311268, 59.96956799999866 ], [ 30.31138, 59.969707999998661 ], [ 30.311639, 59.969656999998655 ], [ 30.31173, 59.969769999998654 ], [ 30.311866, 59.96974399999867 ], [ 30.31168, 59.96956499999866 ], [ 30.311717, 59.969556999998652 ], [ 30.311664, 59.969489999998643 ] ] ] } },
{ "type": "Feature", "properties": { "height": 6.6, "match_type": "matched", "height_source": "source_b" }, "geometry": { "type": "Polygon", "coordinates": [ [ [ 30.311682, 59.970474999998679 ], [ 30.312186, 59.970397999998681 ], [ 30.312107, 59.970277999998665 ], [ 30.311606, 59.970349999998675 ], [ 30.311682, 59.970474999998679 ] ] ] } },
{ "type": "Feature", "properties": { "height": 18.0, "match_type": "matched", "height_source": "source_b" }, "geometry": { "type": "Polygon", "coordinates": [ [ [ 30.312049, 59.964286999998677 ], [ 30.312127, 59.964405999998668 ], [ 30.311848, 59.964732999998652 ], [ 30.312034, 59.96477599999865 ], [ 30.312311, 59.964461999998662 ], [ 30.31232, 59.964350999998651 ], [ 30.312199, 59.964230999998662 ], [ 30.31223, 59.964219999998669 ], [ 30.311856, 59.963984999998679 ], [ 30.311632, 59.96407199999868 ], [ 30.311957, 59.964278999998662 ], [ 30.312049, 59.964286999998677 ] ] ] } },
{ "type": "Feature", "properties": { "height": 9.9, "match_type": "matched", "height_source": "source_b" }, "geometry": { "type": "Polygon", "coordinates": [ [ [ 30.311837, 59.96168199999866 ], [ 30.311892, 59.961637999998665 ], [ 30.31169, 59.961575999998658 ], [ 30.311638, 59.961618999998642 ], [ 30.311837, 59.96168199999866 ] ] ] } },
{ "type": "Feature", "properties": { "height": 6.6, "match_type": "matched", "height_source": "source_b" }, "geometry": { "type": "Polygon", "coordinates": [ [ [ 30.3115, 59.961513999998658 ], [ 30.312276, 59.961752999998673 ], [ 30.312377, 59.961673999998638 ], [ 30.311601, 59.961433999998661 ], [ 30.3115, 59.961513999998658 ] ] ] } },
{ "type": "Feature", "properties": { "height": 9.9, "match_type": "matched", "height_source": "source_b" }, "geometry": { "type": "Polygon", "coordinates": [ [ [ 30.3115, 59.961513999998658 ], [ 30.311322, 59.961664999998632 ], [ 30.311269, 59.961709999998668 ], [ 30.311461, 59.961766999998638 ], [ 30.31169, 59.961575999998658 ], [ 30.3115, 59.961513999998658 ] ] ] } },
{ "type": "Feature", "properties": { "height": 6.6, "match_type": "matched", "height_source": "source_b" }, "geometry": { "type": "Polygon", "coordinates": [ [ [ 30.312028, 59.962131999998647 ], [ 30.312145, 59.962041999998647 ], [ 30.311811, 59.961940999998653 ], [ 30.311704, 59.962027999998654 ], [ 30.312028, 59.962131999998647 ] ] ] } },
{ "type": "Feature", "properties": { "height": 15.0, "match_type": "matched", "height_source": "source_b" }, "geometry": { "type": "Polygon", "coordinates": [ [ [ 30.311777, 59.96309999999864 ], [ 30.311943, 59.962992999998654 ], [ 30.31184, 59.962940999998651 ], [ 30.311901, 59.962911999998653 ], [ 30.311787, 59.962857999998668 ], [ 30.311727, 59.962888999998661 ], [ 30.311481, 59.962827999998659 ], [ 30.311343, 59.96289899999865 ], [ 30.311777, 59.96309999999864 ] ] ] } },
{ "type": "Feature", "properties": { "height": 4.5, "match_type": "matched", "height_source": "source_b" }, "geometry": { "type": "Polygon", "coordinates": [ [ [ 30.311621, 59.967473999998674 ], [ 30.311481, 59.967498999998661 ], [ 30.311535, 59.967576999998649 ], [ 30.311682, 59.967552999998681 ], [ 30.311621, 59.967473999998674 ] ] ] } },
{ "type": "Feature", "properties": { "height": 15.0, "match_type": "matched", "height_source": "source_b" }, "geometry": { "type": "Polygon", "coordinates": [ [ [ 30.311714, 59.963706999998635 ], [ 30.311945, 59.963434999998654 ], [ 30.311829, 59.963400999998662 ], [ 30.311753, 59.963480999998659 ], [ 30.311458, 59.963308999998652 ], [ 30.31127, 59.963435999998659 ], [ 30.311714, 59.963706999998635 ] ] ] } },
{ "type": "Feature", "properties": { "height": 15.0, "match_type": "matched", "height_source": "source_b" }, "geometry": { "type": "Polygon", "coordinates": [ [ [ 30.312165, 59.960200999998641 ], [ 30.312097, 59.960109999998664 ], [ 30.311851, 59.960065999998633 ], [ 30.311755, 59.960250999998649 ], [ 30.312258, 59.960394999998634 ], [ 30.312376, 59.960259999998662 ], [ 30.312165, 59.960200999998641 ] ] ] } },
{ "type": "Feature", "properties": { "height": 9.9, "match_type": "matched", "height_source": "source_b" }, "geometry": { "type": "Polygon", "coordinates": [ [ [ 30.311998, 59.962507999998671 ], [ 30.312128, 59.962383999998664 ], [ 30.311766, 59.962295999998645 ], [ 30.311639, 59.962423999998641 ], [ 30.311998, 59.962507999998671 ] ] ] } },
{ "type": "Feature", "properties": { "height": 9.9, "match_type": "matched", "height_source": "source_b" }, "geometry": { "type": "Polygon", "coordinates": [ [ [ 30.311465, 59.962631999998663 ], [ 30.31179, 59.962529999998665 ], [ 30.311566, 59.962479999998671 ], [ 30.311427, 59.962601999998633 ], [ 30.311465, 59.962631999998663 ] ] ] } },
{ "type": "Feature", "properties": { "height": 13.2, "match_type": "matched", "height_source": "source_b" }, "geometry": { "type": "Polygon", "coordinates": [ [ [ 30.311982, 59.969177999998657 ], [ 30.311634, 59.969215999998667 ], [ 30.311601, 59.969278999998657 ], [ 30.311785, 59.969509999998643 ], [ 30.311982, 59.969499999998668 ], [ 30.311958, 59.969407999998658 ], [ 30.31207, 59.969391999998678 ], [ 30.312039, 59.969315999998663 ], [ 30.311942, 59.969325999998667 ], [ 30.311916, 59.969262999998662 ], [ 30.312013, 59.969252999998659 ], [ 30.311982, 59.969177999998657 ] ] ] } },
{ "type": "Feature", "properties": { "height": 15.0, "match_type": "matched", "height_source": "source_b" }, "geometry": { "type": "Polygon", "coordinates": [ [ [ 30.312039, 59.969315999998663 ], [ 30.312013, 59.969252999998659 ], [ 30.311916, 59.969262999998662 ], [ 30.311942, 59.969325999998667 ], [ 30.312039, 59.969315999998663 ] ] ] } },
{ "type": "Feature", "properties": { "height": 9.9, "match_type": "matched", "height_source": "source_b" }, "geometry": { "type": "Polygon", "coordinates": [ [ [ 30.311829, 59.963400999998662 ], [ 30.311945, 59.963434999998654 ], [ 30.312221, 59.963108999998667 ], [ 30.311943, 59.962992999998654 ], [ 30.311809, 59.963078999998672 ], [ 30.312039, 59.96317099999866 ], [ 30.311829, 59.963400999998662 ] ] ] } },
{ "type": "Feature", "properties": { "height": 4.5, "match_type": "matched", "height_source": "source_b" }, "geometry": { "type": "Polygon", "coordinates": [ [ [ 30.311973, 59.96267599999868 ], [ 30.311919, 59.962711999998689 ], [ 30.312002, 59.962742999998682 ], [ 30.312055, 59.962707999998642 ], [ 30.311973, 59.96267599999868 ] ] ] } },
{ "type": "Feature", "properties": { "height": 21.0, "match_type": "matched", "height_source": "source_b" }, "geometry": { "type": "Polygon", "coordinates": [ [ [ 30.311945, 59.968751999998666 ], [ 30.311915, 59.96871499999866 ], [ 30.311784, 59.968741999998663 ], [ 30.311815, 59.968778999998655 ], [ 30.311945, 59.968751999998666 ] ] ] } },
{ "type": "Feature", "properties": { "height": 21.0, "match_type": "matched", "height_source": "source_b" }, "geometry": { "type": "Polygon", "coordinates": [ [ [ 30.312084, 59.968921999998663 ], [ 30.312054, 59.968884999998679 ], [ 30.311924, 59.968911999998674 ], [ 30.311954, 59.968948999998638 ], [ 30.312084, 59.968921999998663 ] ] ] } },
{ "type": "Feature", "properties": { "height": 18.0, "match_type": "matched", "height_source": "source_b" }, "geometry": { "type": "Polygon", "coordinates": [ [ [ 30.312054, 59.968884999998679 ], [ 30.311945, 59.968751999998666 ], [ 30.311815, 59.968778999998655 ], [ 30.311784, 59.968741999998663 ], [ 30.311915, 59.96871499999866 ], [ 30.311835, 59.968618999998661 ], [ 30.311603, 59.968666999998668 ], [ 30.3119, 59.969027999998644 ], [ 30.312132, 59.968979999998652 ], [ 30.312084, 59.968921999998663 ], [ 30.311954, 59.968948999998638 ], [ 30.311924, 59.968911999998674 ], [ 30.312054, 59.968884999998679 ] ] ] } },
{ "type": "Feature", "properties": { "height": 21.0, "match_type": "matched", "height_source": "source_b" }, "geometry": { "type": "Polygon", "coordinates": [ [ [ 30.312351, 59.966361999998654 ], [ 30.312584, 59.966278999998671 ], [ 30.312265, 59.966057999998661 ], [ 30.311959, 59.966114999998666 ], [ 30.31196, 59.966271999998654 ], [ 30.312132, 59.966274999998667 ], [ 30.312167, 59.966223999998682 ], [ 30.312351, 59.966361999998654 ] ] ] } },
{ "type": "Feature", "properties": { "height": 21.0, "match_type": "matched", "height_source": "source_b" }, "geometry": { "type": "Polygon", "coordinates": [ [ [ 30.311939, 59.966764999998659 ], [ 30.31212, 59.966737999998664 ], [ 30.312148, 59.966583999998669 ], [ 30.31251, 59.966585999998649 ], [ 30.312504, 59.966521999998676 ], [ 30.312552, 59.966507999998655 ], [ 30.312708, 59.966653999998663 ], [ 30.313027, 59.966609999998667 ], [ 30.312584, 59.966278999998671 ], [ 30.312351, 59.966361999998654 ], [ 30.312451, 59.966426999998667 ], [ 30.312408, 59.966442999998669 ], [ 30.311955, 59.966438999998651 ], [ 30.311939, 59.966764999998659 ] ] ] } },
{ "type": "Feature", "properties": { "height": 18.0, "match_type": "matched", "height_source": "source_b" }, "geometry": { "type": "Polygon", "coordinates": [ [ [ 30.311851, 59.960065999998633 ], [ 30.312312, 59.960156999998674 ], [ 30.312472, 59.959978999998654 ], [ 30.312355, 59.959987999998667 ], [ 30.312271, 59.959969999998648 ], [ 30.312298, 59.959936999998632 ], [ 30.31196, 59.959870999998664 ], [ 30.311933, 59.95991799999868 ], [ 30.312037, 59.959934999998673 ], [ 30.311979, 59.960035999998652 ], [ 30.311867, 59.960020999998655 ], [ 30.311851, 59.960065999998633 ] ] ] } },
{ "type": "Feature", "properties": { "height": 30.0, "match_type": "matched", "height_source": "source_b" }, "geometry": { "type": "Polygon", "coordinates": [ [ [ 30.312765, 59.96764899999868 ], [ 30.312381, 59.967695999998661 ], [ 30.312133, 59.96727199999868 ], [ 30.312417, 59.967216999998662 ], [ 30.312364, 59.967115999998654 ], [ 30.312133, 59.967055999998664 ], [ 30.312025, 59.967150999998665 ], [ 30.311804, 59.967180999998661 ], [ 30.312195, 59.967859999998687 ], [ 30.312805, 59.967773999998677 ], [ 30.312765, 59.96764899999868 ] ] ] } },
{ "type": "Feature", "properties": { "height": 5.8, "match_type": "only_a", "height_source": "ml_predicted" }, "geometry": { "type": "Polygon", "coordinates": [ [ [ 30.3121, 59.96184 ], [ 30.312, 59.96181 ], [ 30.31186, 59.96193 ], [ 30.31195, 59.96196 ], [ 30.3121, 59.96184 ] ] ] } },
{ "type": "Feature", "properties": { "height": 7.8, "match_type": "only_a", "height_source": "ml_predicted" }, "geometry": { "type": "Polygon", "coordinates": [ [ [ 30.31211, 59.96211 ], [ 30.31223, 59.96215 ], [ 30.31229, 59.96211 ], [ 30.3122, 59.96208 ], [ 30.31224, 59.96205 ], [ 30.3122, 59.96204 ], [ 30.31211, 59.96211 ] ] ] } },
{ "type": "Feature", "properties": { "height": 15.0, "match_type": "matched", "height_source": "source_b" }, "geometry": { "type": "Polygon", "coordinates": [ [ [ 30.312083, 59.960799999998635 ], [ 30.312587, 59.960941999998674 ], [ 30.312702, 59.960821999998643 ], [ 30.311968, 59.960678999998649 ], [ 30.311715, 59.960861999998663 ], [ 30.311638, 59.960984999998665 ], [ 30.311876, 59.961047999998655 ], [ 30.312083, 59.960799999998635 ] ] ] } },
{ "type": "Feature", "properties": { "height": 15.0, "match_type": "matched", "height_source": "source_b" }, "geometry": { "type": "Polygon", "coordinates": [ [ [ 30.312146, 59.963975999998681 ], [ 30.312556, 59.963670999998676 ], [ 30.311927, 59.963455999998665 ], [ 30.311714, 59.963706999998635 ], [ 30.312146, 59.963975999998681 ] ], [ [ 30.312126, 59.963716999998667 ], [ 30.312259, 59.963632999998666 ], [ 30.312382, 59.963674999998652 ], [ 30.312263, 59.963785999998656 ], [ 30.312126, 59.963716999998667 ] ], [ [ 30.311882, 59.963579999998686 ], [ 30.311949, 59.963515999998634 ], [ 30.312082, 59.963558999998661 ], [ 30.311983, 59.963627999998657 ], [ 30.311882, 59.963579999998686 ] ] ] } },
{ "type": "Feature", "properties": { "height": 8.1, "match_type": "only_a", "height_source": "ml_predicted" }, "geometry": { "type": "Polygon", "coordinates": [ [ [ 30.31213, 59.9695 ], [ 30.31216, 59.96945 ], [ 30.31211, 59.96946 ], [ 30.31213, 59.9695 ] ] ] } },
{ "type": "Feature", "properties": { "height": 21.0, "match_type": "matched", "height_source": "source_b" }, "geometry": { "type": "Polygon", "coordinates": [ [ [ 30.312417, 59.969126999998657 ], [ 30.312012, 59.969168999998672 ], [ 30.312084, 59.969335999998655 ], [ 30.312395, 59.969275999998665 ], [ 30.31241, 59.969310999998662 ], [ 30.312312, 59.969321999998662 ], [ 30.312338, 59.969381999998674 ], [ 30.312435, 59.969371999998657 ], [ 30.31245, 59.969406999998661 ], [ 30.312142, 59.969439999998663 ], [ 30.312197, 59.969568999998678 ], [ 30.312589, 59.969526999998664 ], [ 30.312417, 59.969126999998657 ] ], [ [ 30.312379, 59.969500999998658 ], [ 30.312364, 59.969465999998661 ], [ 30.312454, 59.969456999998663 ], [ 30.312469, 59.969491999998652 ], [ 30.312379, 59.969500999998658 ] ], [ [ 30.312262, 59.96924799999865 ], [ 30.312247, 59.969212999998668 ], [ 30.312337, 59.969203999998669 ], [ 30.312352, 59.96923899999868 ], [ 30.312262, 59.96924799999865 ] ] ] } },
{ "type": "Feature", "properties": { "height": 21.0, "match_type": "matched", "height_source": "source_b" }, "geometry": { "type": "Polygon", "coordinates": [ [ [ 30.312262, 59.96924799999865 ], [ 30.312352, 59.96923899999868 ], [ 30.312337, 59.969203999998669 ], [ 30.312247, 59.969212999998668 ], [ 30.312262, 59.96924799999865 ] ] ] } },
{ "type": "Feature", "properties": { "height": 21.0, "match_type": "matched", "height_source": "source_b" }, "geometry": { "type": "Polygon", "coordinates": [ [ [ 30.312379, 59.969500999998658 ], [ 30.312469, 59.969491999998652 ], [ 30.312454, 59.969456999998663 ], [ 30.312364, 59.969465999998661 ], [ 30.312379, 59.969500999998658 ] ] ] } },
{ "type": "Feature", "properties": { "height": 13.2, "match_type": "matched", "height_source": "source_b" }, "geometry": { "type": "Polygon", "coordinates": [ [ [ 30.313031, 59.961492999998661 ], [ 30.312106, 59.961214999998681 ], [ 30.312031, 59.961275999998641 ], [ 30.312306, 59.96135699999865 ], [ 30.312252, 59.961404999998642 ], [ 30.312753, 59.96156399999866 ], [ 30.312444, 59.961805999998681 ], [ 30.312668, 59.96186899999865 ], [ 30.31298, 59.961576999998677 ], [ 30.313126, 59.961615999998649 ], [ 30.31349, 59.961238999998635 ], [ 30.312483, 59.960955999998653 ], [ 30.312414, 59.961023999998666 ], [ 30.313263, 59.961249999998657 ], [ 30.313031, 59.961492999998661 ] ] ] } },
{ "type": "Feature", "properties": { "height": 9.9, "match_type": "matched", "height_source": "source_b" }, "geometry": { "type": "Polygon", "coordinates": [ [ [ 30.311754, 59.961336999998672 ], [ 30.31192, 59.961377999998668 ], [ 30.312106, 59.961214999998681 ], [ 30.311928, 59.961176999998656 ], [ 30.311754, 59.961336999998672 ] ] ] } },
{ "type": "Feature", "properties": { "height": 9.9, "match_type": "matched", "height_source": "source_b" }, "geometry": { "type": "Polygon", "coordinates": [ [ [ 30.312106, 59.961214999998681 ], [ 30.312162, 59.961160999998661 ], [ 30.312467, 59.961241999998649 ], [ 30.312591, 59.961070999998647 ], [ 30.312392, 59.961018999998672 ], [ 30.312313, 59.961083999998664 ], [ 30.312118, 59.961023999998666 ], [ 30.311928, 59.961176999998656 ], [ 30.312106, 59.961214999998681 ] ] ] } },
{ "type": "Feature", "properties": { "height": 4.5, "match_type": "matched", "height_source": "source_b" }, "geometry": { "type": "Polygon", "coordinates": [ [ [ 30.312252, 59.961404999998642 ], [ 30.312306, 59.96135699999865 ], [ 30.312173, 59.961316999998665 ], [ 30.31212, 59.96136299999867 ], [ 30.312252, 59.961404999998642 ] ] ] } },
{ "type": "Feature", "properties": { "height": 13.2, "match_type": "matched", "height_source": "source_b" }, "geometry": { "type": "Polygon", "coordinates": [ [ [ 30.312201, 59.959421999998668 ], [ 30.31201, 59.959779999998673 ], [ 30.312258, 59.959812999998661 ], [ 30.312432, 59.959451999998656 ], [ 30.312201, 59.959421999998668 ] ] ] } },
{ "type": "Feature", "properties": { "height": 18.0, "match_type": "matched", "height_source": "source_b" }, "geometry": { "type": "Polygon", "coordinates": [ [ [ 30.312848, 59.96051599999867 ], [ 30.313213, 59.960131999998652 ], [ 30.312651, 59.959988999998671 ], [ 30.312258, 59.960394999998634 ], [ 30.312848, 59.96051599999867 ] ], [ [ 30.31266, 59.960150999998675 ], [ 30.312951, 59.960215999998667 ], [ 30.312847, 59.960333999998689 ], [ 30.312557, 59.960265999998647 ], [ 30.31266, 59.960150999998675 ] ] ] } },
{ "type": "Feature", "properties": { "height": 4.5, "match_type": "matched", "height_source": "source_b" }, "geometry": { "type": "Polygon", "coordinates": [ [ [ 30.312165, 59.962705999998647 ], [ 30.312338, 59.962750999998647 ], [ 30.31244, 59.962651999998663 ], [ 30.312267, 59.962606999998656 ], [ 30.312165, 59.962705999998647 ] ] ] } },
{ "type": "Feature", "properties": { "height": 6.6, "match_type": "matched", "height_source": "source_b" }, "geometry": { "type": "Polygon", "coordinates": [ [ [ 30.312404, 59.970214999998674 ], [ 30.312238, 59.970241999998663 ], [ 30.312337, 59.970399999998662 ], [ 30.312628, 59.970353999998665 ], [ 30.312491, 59.970136999998672 ], [ 30.312367, 59.970155999998646 ], [ 30.312404, 59.970214999998674 ] ] ] } },
{ "type": "Feature", "properties": { "height": 6.7, "match_type": "only_a", "height_source": "ml_predicted" }, "geometry": { "type": "Polygon", "coordinates": [ [ [ 30.31244, 59.96747 ], [ 30.31247, 59.96753 ], [ 30.31267, 59.9675 ], [ 30.31259, 59.96728 ], [ 30.31235, 59.96731 ], [ 30.31238, 59.96736 ], [ 30.31232, 59.96737 ], [ 30.31237, 59.96747 ], [ 30.31244, 59.96747 ] ] ] } },
{ "type": "Feature", "properties": { "height": 13.2, "match_type": "matched", "height_source": "source_b" }, "geometry": { "type": "Polygon", "coordinates": [ [ [ 30.312635, 59.959271999998649 ], [ 30.312726, 59.959142999998647 ], [ 30.312378, 59.959078999998674 ], [ 30.312304, 59.959205999998638 ], [ 30.312635, 59.959271999998649 ] ] ] } },
{ "type": "Feature", "properties": { "height": 13.2, "match_type": "matched", "height_source": "source_b" }, "geometry": { "type": "Polygon", "coordinates": [ [ [ 30.312726, 59.959142999998647 ], [ 30.312635, 59.959271999998649 ], [ 30.312953, 59.959339999998633 ], [ 30.313064, 59.95921399999866 ], [ 30.312726, 59.959142999998647 ] ] ] } },
{ "type": "Feature", "properties": { "height": 6.6, "match_type": "matched", "height_source": "source_b" }, "geometry": { "type": "Polygon", "coordinates": [ [ [ 30.312136, 59.962779999998659 ], [ 30.312014, 59.962915999998664 ], [ 30.312324, 59.96298699999867 ], [ 30.312446, 59.962850999998665 ], [ 30.312136, 59.962779999998659 ] ] ] } },
{ "type": "Feature", "properties": { "height": 7.8, "match_type": "only_a", "height_source": "ml_predicted" }, "geometry": { "type": "Polygon", "coordinates": [ [ [ 30.31248, 59.96196 ], [ 30.31236, 59.96192 ], [ 30.3123, 59.96197 ], [ 30.31231, 59.96203 ], [ 30.31236, 59.96205 ], [ 30.31248, 59.96196 ] ] ] } },
{ "type": "Feature", "properties": { "height": 4.0, "match_type": "only_a", "height_source": "ml_predicted" }, "geometry": { "type": "Polygon", "coordinates": [ [ [ 30.31249, 59.95984 ], [ 30.31252, 59.95978 ], [ 30.31245, 59.95983 ], [ 30.31249, 59.95984 ] ] ] } },
{ "type": "Feature", "properties": { "height": 4.5, "match_type": "matched", "height_source": "source_b" }, "geometry": { "type": "Polygon", "coordinates": [ [ [ 30.312465, 59.969907999998654 ], [ 30.312604, 59.969886999998657 ], [ 30.312535, 59.969769999998654 ], [ 30.312396, 59.969790999998665 ], [ 30.312465, 59.969907999998654 ] ] ] } },
{ "type": "Feature", "properties": { "height": 9.9, "match_type": "matched", "height_source": "source_b" }, "geometry": { "type": "Polygon", "coordinates": [ [ [ 30.312207, 59.970945999998676 ], [ 30.312471, 59.970940999998668 ], [ 30.31252, 59.970918999998666 ], [ 30.31252, 59.970851999998658 ], [ 30.312469, 59.970851999998658 ], [ 30.312469, 59.970807999998641 ], [ 30.312202, 59.970809999998657 ], [ 30.312207, 59.970945999998676 ] ] ] } },
{ "type": "Feature", "properties": { "height": 4.5, "match_type": "matched", "height_source": "source_b" }, "geometry": { "type": "Polygon", "coordinates": [ [ [ 30.312674, 59.962190999998661 ], [ 30.312785, 59.962133999998663 ], [ 30.312867, 59.962089999998668 ], [ 30.312592, 59.962007999998661 ], [ 30.312474, 59.962105999998656 ], [ 30.312674, 59.962190999998661 ] ] ] } },
{ "type": "Feature", "properties": { "height": 9.9, "match_type": "matched", "height_source": "source_b" }, "geometry": { "type": "Polygon", "coordinates": [ [ [ 30.312698, 59.961921999998644 ], [ 30.312736, 59.961888999998678 ], [ 30.312595, 59.961847999998668 ], [ 30.312558, 59.961879999998665 ], [ 30.312698, 59.961921999998644 ] ] ] } },
{ "type": "Feature", "properties": { "height": 27.0, "match_type": "matched", "height_source": "source_b" }, "geometry": { "type": "Polygon", "coordinates": [ [ [ 30.312319, 59.962065999998678 ], [ 30.312474, 59.962105999998656 ], [ 30.312698, 59.961921999998644 ], [ 30.312558, 59.961879999998665 ], [ 30.312319, 59.962065999998678 ] ] ] } },
{ "type": "Feature", "properties": { "height": 15.0, "match_type": "matched", "height_source": "source_b" }, "geometry": { "type": "Polygon", "coordinates": [ [ [ 30.312367, 59.970155999998646 ], [ 30.312538, 59.970128999998664 ], [ 30.312446, 59.969981999998652 ], [ 30.312274, 59.970008999998669 ], [ 30.312367, 59.970155999998646 ] ] ] } },
{ "type": "Feature", "properties": { "height": 15.0, "match_type": "matched", "height_source": "source_b" }, "geometry": { "type": "Polygon", "coordinates": [ [ [ 30.314291, 59.962685999998662 ], [ 30.314918, 59.961975999998664 ], [ 30.31488, 59.961967999998656 ], [ 30.314914, 59.961929999998674 ], [ 30.314523, 59.961818999998655 ], [ 30.314431, 59.961897999998648 ], [ 30.314631, 59.961950999998663 ], [ 30.314456, 59.962036999998652 ], [ 30.314533, 59.962054999998642 ], [ 30.314463, 59.962127999998657 ], [ 30.313983, 59.962029999998649 ], [ 30.313847, 59.962111999998655 ], [ 30.313946, 59.962135999998658 ], [ 30.313903, 59.962173999998647 ], [ 30.313759, 59.962135999998651 ], [ 30.313613, 59.962289999998646 ], [ 30.313506, 59.962261999998653 ], [ 30.313553, 59.962215999998662 ], [ 30.313302, 59.962209999998663 ], [ 30.313472, 59.962034999998671 ], [ 30.313167, 59.961934999998654 ], [ 30.313001, 59.962023999998621 ], [ 30.313129, 59.962048999998636 ], [ 30.312996, 59.962186999998636 ], [ 30.312785, 59.962133999998663 ], [ 30.312593, 59.962234999998671 ], [ 30.31385, 59.962528999998661 ], [ 30.313807, 59.962579999998646 ], [ 30.314291, 59.962685999998662 ] ], [ [ 30.314044, 59.962183999998658 ], [ 30.314268, 59.962234999998671 ], [ 30.314137, 59.962379999998646 ], [ 30.313913, 59.962329999998651 ], [ 30.314044, 59.962183999998658 ] ] ] } },
{ "type": "Feature", "properties": { "height": 4.5, "match_type": "matched", "height_source": "source_b" }, "geometry": { "type": "Polygon", "coordinates": [ [ [ 30.31297, 59.96239199999868 ], [ 30.312864, 59.962345999998639 ], [ 30.312785, 59.96239199999868 ], [ 30.312864, 59.962437999998656 ], [ 30.31297, 59.96239199999868 ] ] ] } },
{ "type": "Feature", "properties": { "height": 4.5, "match_type": "matched", "height_source": "source_b" }, "geometry": { "type": "Polygon", "coordinates": [ [ [ 30.312818, 59.962579999998646 ], [ 30.312725, 59.962539999998668 ], [ 30.312655, 59.962579999998646 ], [ 30.312748, 59.962620999998641 ], [ 30.312818, 59.962579999998646 ] ] ] } },
{ "type": "Feature", "properties": { "height": 18.0, "match_type": "matched", "height_source": "source_b" }, "geometry": { "type": "Polygon", "coordinates": [ [ [ 30.313841, 59.96317199999865 ], [ 30.314192, 59.962773999998667 ], [ 30.313703, 59.962667999998665 ], [ 30.313657, 59.962720999998659 ], [ 30.312921, 59.962560999998658 ], [ 30.313093, 59.962359999998654 ], [ 30.312834, 59.962296999998649 ], [ 30.31266, 59.962515999998651 ], [ 30.312128, 59.962383999998664 ], [ 30.311998, 59.962507999998671 ], [ 30.312532, 59.962632999998668 ], [ 30.312449, 59.962732999998664 ], [ 30.312715, 59.962802999998651 ], [ 30.312797, 59.962710999998684 ], [ 30.313163, 59.962793999998667 ], [ 30.313038, 59.962917999998638 ], [ 30.313277, 59.962993999998666 ], [ 30.313414, 59.962851999998669 ], [ 30.313703, 59.962917999998638 ], [ 30.313629, 59.96300099999867 ], [ 30.313531, 59.962978999998661 ], [ 30.313459, 59.963057999998668 ], [ 30.313841, 59.96317199999865 ] ], [ [ 30.31297, 59.96239199999868 ], [ 30.312891, 59.962437999998656 ], [ 30.312785, 59.96239199999868 ], [ 30.312864, 59.962345999998639 ], [ 30.31297, 59.96239199999868 ] ], [ [ 30.312818, 59.962579999998646 ], [ 30.312748, 59.962620999998641 ], [ 30.312655, 59.962579999998646 ], [ 30.312725, 59.962539999998668 ], [ 30.312818, 59.962579999998646 ] ] ] } },
{ "type": "Feature", "properties": { "height": 4.5, "match_type": "matched", "height_source": "source_b" }, "geometry": { "type": "Polygon", "coordinates": [ [ [ 30.313759, 59.962135999998651 ], [ 30.313903, 59.962173999998647 ], [ 30.313946, 59.962135999998658 ], [ 30.313793, 59.962097999998676 ], [ 30.313759, 59.962135999998651 ] ] ] } },
{ "type": "Feature", "properties": { "height": 21.0, "match_type": "matched", "height_source": "source_b" }, "geometry": { "type": "Polygon", "coordinates": [ [ [ 30.313198, 59.968377999998673 ], [ 30.312587, 59.968567999998648 ], [ 30.311786, 59.968567999998662 ], [ 30.311894, 59.96869099999865 ], [ 30.312648, 59.968670999998672 ], [ 30.31326, 59.968497999998654 ], [ 30.313198, 59.968377999998673 ] ] ] } },
{ "type": "Feature", "properties": { "height": 6.6, "match_type": "matched", "height_source": "source_b" }, "geometry": { "type": "Polygon", "coordinates": [ [ [ 30.312553, 59.969727999998668 ], [ 30.312702, 59.969710999998661 ], [ 30.312651, 59.969598999998681 ], [ 30.312501, 59.969615999998673 ], [ 30.312553, 59.969727999998668 ] ] ] } },
{ "type": "Feature", "properties": { "height": 5.4, "match_type": "only_a", "height_source": "ml_predicted" }, "geometry": { "type": "Polygon", "coordinates": [ [ [ 30.31262, 59.96665 ], [ 30.31259, 59.96659 ], [ 30.31228, 59.96663 ], [ 30.31231, 59.96669 ], [ 30.31262, 59.96665 ] ] ] } },
{ "type": "Feature", "properties": { "height": 4.5, "match_type": "matched", "height_source": "source_b" }, "geometry": { "type": "Polygon", "coordinates": [ [ [ 30.312527, 59.969382999998651 ], [ 30.312655, 59.969368999998657 ], [ 30.312622, 59.969291999998674 ], [ 30.312494, 59.969305999998653 ], [ 30.312527, 59.969382999998651 ] ] ] } },
{ "type": "Feature", "properties": { "height": 15.0, "match_type": "matched", "height_source": "source_b" }, "geometry": { "type": "Polygon", "coordinates": [ [ [ 30.312705, 59.964090999998639 ], [ 30.312892, 59.96420499999865 ], [ 30.313185, 59.963888999998673 ], [ 30.312556, 59.963670999998676 ], [ 30.312324, 59.963878999998656 ], [ 30.312467, 59.963945999998678 ], [ 30.312628, 59.96379699999865 ], [ 30.312874, 59.963863999998672 ], [ 30.312705, 59.964090999998639 ] ] ] } },
{ "type": "Feature", "properties": { "height": 15.0, "match_type": "matched", "height_source": "source_b" }, "geometry": { "type": "Polygon", "coordinates": [ [ [ 30.312892, 59.96420499999865 ], [ 30.312324, 59.963878999998656 ], [ 30.312146, 59.963975999998681 ], [ 30.312752, 59.964342999998657 ], [ 30.312892, 59.96420499999865 ] ] ] } },
{ "type": "Feature", "properties": { "height": 23.3, "match_type": "only_a", "height_source": "ml_predicted" }, "geometry": { "type": "Polygon", "coordinates": [ [ [ 30.31277, 59.96049 ], [ 30.31293, 59.96055 ], [ 30.31296, 59.96052 ], [ 30.31277, 59.96049 ] ] ] } },
{ "type": "Feature", "properties": { "height": 4.5, "match_type": "matched", "height_source": "source_b" }, "geometry": { "type": "Polygon", "coordinates": [ [ [ 30.312668, 59.96186899999865 ], [ 30.312768, 59.961897999998676 ], [ 30.312933, 59.961737999998661 ], [ 30.312836, 59.961711999998677 ], [ 30.312668, 59.96186899999865 ] ] ] } },
{ "type": "Feature", "properties": { "height": 4.5, "match_type": "matched", "height_source": "source_b" }, "geometry": { "type": "Polygon", "coordinates": [ [ [ 30.312802, 59.961910999998651 ], [ 30.31266, 59.961951999998661 ], [ 30.312727, 59.96197299999865 ], [ 30.312802, 59.961910999998651 ] ] ] } },
{ "type": "Feature", "properties": { "height": 4.5, "match_type": "matched", "height_source": "source_b" }, "geometry": { "type": "Polygon", "coordinates": [ [ [ 30.312625, 59.959450999998651 ], [ 30.312768, 59.959480999998661 ], [ 30.312836, 59.959398999998676 ], [ 30.312693, 59.959368999998674 ], [ 30.312625, 59.959450999998651 ] ] ] } },
{ "type": "Feature", "properties": { "height": 4.5, "match_type": "matched", "height_source": "source_b" }, "geometry": { "type": "Polygon", "coordinates": [ [ [ 30.312818, 59.970142999998664 ], [ 30.312918, 59.970133999998673 ], [ 30.312829, 59.969742999998672 ], [ 30.312728, 59.969747999998667 ], [ 30.312818, 59.970142999998664 ] ] ] } },
{ "type": "Feature", "properties": { "height": 21.0, "match_type": "matched", "height_source": "source_b" }, "geometry": { "type": "Polygon", "coordinates": [ [ [ 30.312719, 59.967513999998651 ], [ 30.313307, 59.967451999998666 ], [ 30.313569, 59.96742399999868 ], [ 30.313419, 59.967145999998664 ], [ 30.312627, 59.967249999998678 ], [ 30.312719, 59.967513999998651 ] ], [ [ 30.313235, 59.967222999998661 ], [ 30.313296, 59.967352999998653 ], [ 30.312915, 59.967397999998653 ], [ 30.312853, 59.967268999998666 ], [ 30.313235, 59.967222999998661 ] ] ] } },
{ "type": "Feature", "properties": { "height": 9.9, "match_type": "matched", "height_source": "source_b" }, "geometry": { "type": "Polygon", "coordinates": [ [ [ 30.312961, 59.959748999998652 ], [ 30.312832, 59.959840999998647 ], [ 30.313377, 59.95995599999867 ], [ 30.313466, 59.959854999998633 ], [ 30.312961, 59.959748999998652 ] ] ] } },
{ "type": "Feature", "properties": { "height": 4.5, "match_type": "matched", "height_source": "source_b" }, "geometry": { "type": "Polygon", "coordinates": [ [ [ 30.312763, 59.970831999998659 ], [ 30.312867, 59.970829999998649 ], [ 30.312858, 59.970716999998643 ], [ 30.312753, 59.970718999998631 ], [ 30.312763, 59.970831999998659 ] ] ] } },
{ "type": "Feature", "properties": { "height": 24.0, "match_type": "only_a", "height_source": "ml_predicted" }, "geometry": { "type": "Polygon", "coordinates": [ [ [ 30.31289, 59.96051 ], [ 30.31299, 59.96052 ], [ 30.31304, 59.96047 ], [ 30.31295, 59.96045 ], [ 30.31289, 59.96051 ] ] ] } },
{ "type": "Feature", "properties": { "height": 4.5, "match_type": "matched", "height_source": "source_b" }, "geometry": { "type": "Polygon", "coordinates": [ [ [ 30.312882, 59.969849999998651 ], [ 30.312968, 59.969845999998661 ], [ 30.312955, 59.969774999998663 ], [ 30.31287, 59.969778999998681 ], [ 30.312882, 59.969849999998651 ] ] ] } },
{ "type": "Feature", "properties": { "height": 4.5, "match_type": "matched", "height_source": "source_b" }, "geometry": { "type": "Polygon", "coordinates": [ [ [ 30.312664, 59.968953999998661 ], [ 30.313059, 59.968944999998662 ], [ 30.313051, 59.968860999998647 ], [ 30.312657, 59.968869999998674 ], [ 30.312664, 59.968953999998661 ] ] ] } },
{ "type": "Feature", "properties": { "height": 25.5, "match_type": "only_a", "height_source": "ml_predicted" }, "geometry": { "type": "Polygon", "coordinates": [ [ [ 30.31304, 59.96047 ], [ 30.31311, 59.96041 ], [ 30.31301, 59.96039 ], [ 30.31295, 59.96045 ], [ 30.31304, 59.96047 ] ] ] } },
{ "type": "Feature", "properties": { "height": 21.0, "match_type": "matched", "height_source": "source_b" }, "geometry": { "type": "Polygon", "coordinates": [ [ [ 30.313273, 59.966286999998658 ], [ 30.313569, 59.966195999998661 ], [ 30.313561, 59.966092999998658 ], [ 30.313399, 59.966121999998656 ], [ 30.3133, 59.966055999998666 ], [ 30.313317, 59.966024999998666 ], [ 30.313002, 59.96611899999867 ], [ 30.313273, 59.966286999998658 ] ] ] } },
{ "type": "Feature", "properties": { "height": 18.0, "match_type": "matched", "height_source": "source_b" }, "geometry": { "type": "Polygon", "coordinates": [ [ [ 30.312945, 59.964659999998652 ], [ 30.313135, 59.964780999998659 ], [ 30.31347, 59.964874999998663 ], [ 30.313399, 59.964954999998675 ], [ 30.313559, 59.965060999998649 ], [ 30.31369, 59.965034999998672 ], [ 30.314042, 59.96457699999867 ], [ 30.313196, 59.964396999998655 ], [ 30.312945, 59.964659999998652 ] ], [ [ 30.313192, 59.964636999998639 ], [ 30.313319, 59.964493999998659 ], [ 30.313644, 59.964565999998648 ], [ 30.313518, 59.964709999998632 ], [ 30.313192, 59.964636999998639 ] ] ] } },
{ "type": "Feature", "properties": { "height": 14.1, "match_type": "only_a", "height_source": "ml_predicted" }, "geometry": { "type": "Polygon", "coordinates": [ [ [ 30.31313, 59.96754 ], [ 30.31305, 59.96746 ], [ 30.31312, 59.96756 ], [ 30.31339, 59.96752 ], [ 30.31313, 59.96754 ] ] ] } },
{ "type": "Feature", "properties": { "height": 30.0, "match_type": "matched", "height_source": "source_b" }, "geometry": { "type": "Polygon", "coordinates": [ [ [ 30.313888, 59.960079999998648 ], [ 30.31384, 59.960137999998686 ], [ 30.31392, 59.960154999998664 ], [ 30.313968, 59.96009599999865 ], [ 30.313888, 59.960079999998648 ] ] ] } },
{ "type": "Feature", "properties": { "height": 30.0, "match_type": "matched", "height_source": "source_b" }, "geometry": { "type": "Polygon", "coordinates": [ [ [ 30.313068, 59.960329999998656 ], [ 30.3132, 59.960361999998668 ], [ 30.313237, 59.960322999998652 ], [ 30.31309, 59.960305999998639 ], [ 30.313068, 59.960329999998656 ] ] ] } },
{ "type": "Feature", "properties": { "height": 13.2, "match_type": "matched", "height_source": "source_b" }, "geometry": { "type": "Polygon", "coordinates": [ [ [ 30.313724, 59.960166999998677 ], [ 30.313868, 59.960022999998664 ], [ 30.313516, 59.959942999998638 ], [ 30.313247, 59.960065999998633 ], [ 30.313724, 59.960166999998677 ] ] ] } },
{ "type": "Feature", "properties": { "height": 27.0, "match_type": "matched", "height_source": "source_b" }, "geometry": { "type": "Polygon", "coordinates": [ [ [ 30.313605, 59.960290999998655 ], [ 30.313233, 59.960201999998674 ], [ 30.313129, 59.960217999998662 ], [ 30.312974, 59.96038199999866 ], [ 30.313067, 59.960403999998647 ], [ 30.313112, 59.960357999998642 ], [ 30.313054, 59.96034399999867 ], [ 30.31309, 59.960305999998639 ], [ 30.313163, 59.960304999998648 ], [ 30.313237, 59.960322999998652 ], [ 30.3132, 59.960361999998668 ], [ 30.313546, 59.960447999998678 ], [ 30.313718, 59.96027699999869 ], [ 30.313835, 59.960306999998664 ], [ 30.314034, 59.960109999998664 ], [ 30.313968, 59.96009599999865 ], [ 30.31392, 59.960154999998664 ], [ 30.31384, 59.960137999998686 ], [ 30.313888, 59.960079999998648 ], [ 30.313822, 59.960065999998641 ], [ 30.313605, 59.960290999998655 ] ] ] } },
{ "type": "Feature", "properties": { "height": 18.0, "match_type": "matched", "height_source": "source_b" }, "geometry": { "type": "Polygon", "coordinates": [ [ [ 30.314042, 59.96457699999867 ], [ 30.31432, 59.964245999998667 ], [ 30.314414, 59.964195999998651 ], [ 30.313592, 59.963988999998634 ], [ 30.313196, 59.964396999998655 ], [ 30.314042, 59.96457699999867 ] ], [ [ 30.313568, 59.964188999998662 ], [ 30.313885, 59.964248999998667 ], [ 30.31374, 59.964422999998661 ], [ 30.313426, 59.964355999998673 ], [ 30.313568, 59.964188999998662 ] ] ] } },
{ "type": "Feature", "properties": { "height": 21.0, "match_type": "matched", "height_source": "source_b" }, "geometry": { "type": "Polygon", "coordinates": [ [ [ 30.312765, 59.96764899999868 ], [ 30.312805, 59.967773999998677 ], [ 30.313187, 59.967751999998669 ], [ 30.313193, 59.967693999998694 ], [ 30.31334, 59.967678999998668 ], [ 30.313386, 59.967728999998663 ], [ 30.313686, 59.96770299999865 ], [ 30.313569, 59.96742399999868 ], [ 30.313307, 59.967451999998666 ], [ 30.313339, 59.967524999998659 ], [ 30.313048, 59.96756699999866 ], [ 30.312992, 59.967538999998652 ], [ 30.312765, 59.96764899999868 ] ] ] } },
{ "type": "Feature", "properties": { "height": 15.0, "match_type": "matched", "height_source": "source_b" }, "geometry": { "type": "Polygon", "coordinates": [ [ [ 30.312765, 59.96764899999868 ], [ 30.313034, 59.967535999998653 ], [ 30.313012, 59.967483999998649 ], [ 30.312728, 59.967536999998643 ], [ 30.312765, 59.96764899999868 ] ] ] } },
{ "type": "Feature", "properties": { "height": 13.2, "match_type": "matched", "height_source": "source_b" }, "geometry": { "type": "Polygon", "coordinates": [ [ [ 30.312726, 59.959756999998667 ], [ 30.31292, 59.959793999998652 ], [ 30.313117, 59.959533999998641 ], [ 30.313584, 59.959658999998659 ], [ 30.313683, 59.959528999998682 ], [ 30.313045, 59.959397999998664 ], [ 30.312726, 59.959756999998667 ] ] ] } },
{ "type": "Feature", "properties": { "height": 6.6, "match_type": "matched", "height_source": "source_b" }, "geometry": { "type": "Polygon", "coordinates": [ [ [ 30.313352, 59.969898999998655 ], [ 30.313196, 59.969899999998674 ], [ 30.313143, 59.969965999998664 ], [ 30.313234, 59.970012999998659 ], [ 30.313386, 59.970000999998653 ], [ 30.313352, 59.969898999998655 ] ] ] } },
{ "type": "Feature", "properties": { "height": 4.5, "match_type": "matched", "height_source": "source_b" }, "geometry": { "type": "Polygon", "coordinates": [ [ [ 30.312849, 59.962030999998653 ], [ 30.313026, 59.962010999998675 ], [ 30.31324, 59.961895999998667 ], [ 30.312924, 59.961796999998654 ], [ 30.312891, 59.961829999998649 ], [ 30.313056, 59.961884999998645 ], [ 30.312849, 59.962030999998653 ] ] ] } },
{ "type": "Feature", "properties": { "height": 4.5, "match_type": "matched", "height_source": "source_b" }, "geometry": { "type": "Polygon", "coordinates": [ [ [ 30.312981, 59.961772999998651 ], [ 30.313146, 59.961824999998655 ], [ 30.313224, 59.961761999998643 ], [ 30.313059, 59.961709999998654 ], [ 30.312981, 59.961772999998651 ] ] ] } },
{ "type": "Feature", "properties": { "height": 18.0, "match_type": "matched", "height_source": "source_b" }, "geometry": { "type": "Polygon", "coordinates": [ [ [ 30.313181, 59.961151999998648 ], [ 30.313238, 59.961092999998655 ], [ 30.313044, 59.961043999998658 ], [ 30.313127, 59.960951999998663 ], [ 30.313331, 59.96099999999867 ], [ 30.313462, 59.960870999998633 ], [ 30.313136, 59.960791999998662 ], [ 30.31287, 59.961064999998662 ], [ 30.313181, 59.961151999998648 ] ] ] } },
{ "type": "Feature", "properties": { "height": 4.8, "match_type": "only_a", "height_source": "ml_predicted" }, "geometry": { "type": "Polygon", "coordinates": [ [ [ 30.31331, 59.96146 ], [ 30.31343, 59.96149 ], [ 30.31348, 59.96144 ], [ 30.31335, 59.96141 ], [ 30.31331, 59.96146 ] ] ] } },
{ "type": "Feature", "properties": { "height": 21.0, "match_type": "matched", "height_source": "source_b" }, "geometry": { "type": "Polygon", "coordinates": [ [ [ 30.312249, 59.96700499999865 ], [ 30.313251, 59.966868999998688 ], [ 30.313027, 59.966609999998667 ], [ 30.312084, 59.966742999998672 ], [ 30.312271, 59.966960999998683 ], [ 30.312218, 59.966971999998663 ], [ 30.312249, 59.96700499999865 ] ], [ [ 30.312794, 59.96668999999865 ], [ 30.312896, 59.966824999998678 ], [ 30.31263, 59.966874999998673 ], [ 30.312528, 59.966739999998673 ], [ 30.312794, 59.96668999999865 ] ] ] } },
{ "type": "Feature", "properties": { "height": 16.7, "match_type": "only_a", "height_source": "ml_predicted" }, "geometry": { "type": "Polygon", "coordinates": [ [ [ 30.31334, 59.96684 ], [ 30.31346, 59.96712 ], [ 30.3135, 59.96712 ], [ 30.31334, 59.96684 ] ] ] } },
{ "type": "Feature", "properties": { "height": 13.2, "match_type": "matched", "height_source": "source_b" }, "geometry": { "type": "Polygon", "coordinates": [ [ [ 30.313785, 59.959079999998664 ], [ 30.313873, 59.958955999998643 ], [ 30.313742, 59.958928999998648 ], [ 30.313639, 59.959050999998624 ], [ 30.313785, 59.959079999998664 ] ] ] } },
{ "type": "Feature", "properties": { "height": 18.0, "match_type": "matched", "height_source": "source_b" }, "geometry": { "type": "Polygon", "coordinates": [ [ [ 30.313639, 59.959050999998624 ], [ 30.313684, 59.958996999998668 ], [ 30.313588, 59.958976999998661 ], [ 30.313542, 59.959030999998674 ], [ 30.313639, 59.959050999998624 ] ] ] } },
{ "type": "Feature", "properties": { "height": 18.0, "match_type": "matched", "height_source": "source_b" }, "geometry": { "type": "Polygon", "coordinates": [ [ [ 30.313955, 59.959058999998653 ], [ 30.313927, 59.959093999998657 ], [ 30.314029, 59.959073999998651 ], [ 30.313955, 59.959058999998653 ] ] ] } },
{ "type": "Feature", "properties": { "height": 18.0, "match_type": "matched", "height_source": "source_b" }, "geometry": { "type": "Polygon", "coordinates": [ [ [ 30.313181, 59.961151999998648 ], [ 30.31349, 59.961238999998635 ], [ 30.313773, 59.960946999998669 ], [ 30.313462, 59.960870999998633 ], [ 30.313331, 59.96099999999867 ], [ 30.313515, 59.961042999998654 ], [ 30.31342, 59.96113899999866 ], [ 30.313238, 59.961092999998655 ], [ 30.313181, 59.961151999998648 ] ] ] } },
{ "type": "Feature", "properties": { "height": 21.0, "match_type": "matched", "height_source": "source_b" }, "geometry": { "type": "Polygon", "coordinates": [ [ [ 30.312531, 59.966974999998648 ], [ 30.312656, 59.967245999998674 ], [ 30.313419, 59.967145999998664 ], [ 30.313251, 59.966868999998688 ], [ 30.312531, 59.966974999998648 ] ], [ [ 30.313056, 59.966974999998669 ], [ 30.313111, 59.967081999998676 ], [ 30.312799, 59.967122999998658 ], [ 30.312743, 59.967014999998653 ], [ 30.313056, 59.966974999998669 ] ] ] } },
{ "type": "Feature", "properties": { "height": 15.0, "match_type": "matched", "height_source": "source_b" }, "geometry": { "type": "Polygon", "coordinates": [ [ [ 30.313709, 59.969543999998663 ], [ 30.313615, 59.969110999998648 ], [ 30.313247, 59.969103999998666 ], [ 30.313279, 59.969252999998659 ], [ 30.313402, 59.969245999998655 ], [ 30.313443, 59.969434999998668 ], [ 30.31332, 59.969440999998668 ], [ 30.313353, 59.969589999998654 ], [ 30.313709, 59.969543999998663 ] ] ] } },
{ "type": "Feature", "properties": { "height": 9.9, "match_type": "matched", "height_source": "source_b" }, "geometry": { "type": "Polygon", "coordinates": [ [ [ 30.313544, 59.969882999998681 ], [ 30.313352, 59.969898999998655 ], [ 30.313382, 59.969988999998669 ], [ 30.313574, 59.969972999998653 ], [ 30.313544, 59.969882999998681 ] ] ] } },
{ "type": "Feature", "properties": { "height": 6.6, "match_type": "matched", "height_source": "source_b" }, "geometry": { "type": "Polygon", "coordinates": [ [ [ 30.313746, 59.970104999998654 ], [ 30.313621, 59.969725999998658 ], [ 30.313418, 59.969742999998672 ], [ 30.313467, 59.96988899999868 ], [ 30.313544, 59.969882999998681 ], [ 30.313574, 59.969972999998653 ], [ 30.313497, 59.969979999998657 ], [ 30.313544, 59.970121999998646 ], [ 30.313746, 59.970104999998654 ] ] ] } },
{ "type": "Feature", "properties": { "height": 21.0, "match_type": "matched", "height_source": "source_b" }, "geometry": { "type": "Polygon", "coordinates": [ [ [ 30.312559, 59.965813999998659 ], [ 30.312883, 59.965808999998664 ], [ 30.312884, 59.965790999998674 ], [ 30.312633, 59.965721999998664 ], [ 30.312559, 59.965813999998659 ] ] ] } },
{ "type": "Feature", "properties": { "height": 21.0, "match_type": "matched", "height_source": "source_b" }, "geometry": { "type": "Polygon", "coordinates": [ [ [ 30.313002, 59.96611899999867 ], [ 30.313259, 59.966031999998648 ], [ 30.312883, 59.965808999998664 ], [ 30.312571, 59.965851999998648 ], [ 30.313002, 59.96611899999867 ] ] ] } },
{ "type": "Feature", "properties": { "height": 21.0, "match_type": "matched", "height_source": "source_b" }, "geometry": { "type": "Polygon", "coordinates": [ [ [ 30.313259, 59.966031999998648 ], [ 30.313524, 59.965997999998663 ], [ 30.313463, 59.965665999998649 ], [ 30.312705, 59.965699999998684 ], [ 30.312884, 59.965790999998674 ], [ 30.312946, 59.965762999998653 ], [ 30.313182, 59.96583599999866 ], [ 30.313328, 59.965822999998657 ], [ 30.313362, 59.965933999998668 ], [ 30.313198, 59.965986999998634 ], [ 30.313259, 59.966031999998648 ] ] ] } },
{ "type": "Feature", "properties": { "height": 1.0, "match_type": "only_a", "height_source": "ml_predicted" }, "geometry": { "type": "Polygon", "coordinates": [ [ [ 30.31354, 59.96171 ], [ 30.31342, 59.96167 ], [ 30.31338, 59.96171 ], [ 30.31349, 59.96175 ], [ 30.31354, 59.96171 ] ] ] } },
{ "type": "Feature", "properties": { "height": 21.0, "match_type": "matched", "height_source": "source_b" }, "geometry": { "type": "Polygon", "coordinates": [ [ [ 30.313703, 59.966807999998657 ], [ 30.314232, 59.966750999998666 ], [ 30.314201, 59.966674999998659 ], [ 30.314042, 59.966694999998673 ], [ 30.313778, 59.966313999998654 ], [ 30.313666, 59.966320999998672 ], [ 30.313615, 59.966273999998663 ], [ 30.313857, 59.96625599999868 ], [ 30.313838, 59.966179999998673 ], [ 30.313569, 59.966195999998661 ], [ 30.313217, 59.966304999998655 ], [ 30.313375, 59.96644399999866 ], [ 30.313507, 59.966454999998668 ], [ 30.313672, 59.966616999998656 ], [ 30.313599, 59.966675999998664 ], [ 30.313703, 59.966807999998657 ] ] ] } },
{ "type": "Feature", "properties": { "height": 21.0, "match_type": "matched", "height_source": "source_b" }, "geometry": { "type": "Polygon", "coordinates": [ [ [ 30.314232, 59.966750999998666 ], [ 30.314603, 59.966712999998656 ], [ 30.314384, 59.966150999998668 ], [ 30.313838, 59.966179999998673 ], [ 30.313857, 59.96625599999868 ], [ 30.314128, 59.966242999998663 ], [ 30.314305, 59.966653999998663 ], [ 30.314201, 59.966674999998659 ], [ 30.314232, 59.966750999998666 ] ] ] } },
{ "type": "Feature", "properties": { "height": 9.2, "match_type": "only_a", "height_source": "ml_predicted" }, "geometry": { "type": "Polygon", "coordinates": [ [ [ 30.31364, 59.9612 ], [ 30.31368, 59.96116 ], [ 30.31359, 59.96114 ], [ 30.31356, 59.96118 ], [ 30.31364, 59.9612 ] ] ] } },
{ "type": "Feature", "properties": { "height": 15.6, "match_type": "only_a", "height_source": "ml_predicted" }, "geometry": { "type": "Polygon", "coordinates": [ [ [ 30.31365, 59.96739 ], [ 30.3135, 59.96712 ], [ 30.31346, 59.96712 ], [ 30.31362, 59.96739 ], [ 30.31365, 59.96739 ] ] ] } },
{ "type": "Feature", "properties": { "height": 18.5, "match_type": "only_a", "height_source": "ml_predicted" }, "geometry": { "type": "Polygon", "coordinates": [ [ [ 30.31365, 59.96739 ], [ 30.31361, 59.96739 ], [ 30.31365, 59.9675 ], [ 30.3137, 59.9675 ], [ 30.31365, 59.96739 ] ] ] } },
{ "type": "Feature", "properties": { "height": 18.0, "match_type": "matched", "height_source": "source_b" }, "geometry": { "type": "Polygon", "coordinates": [ [ [ 30.312958, 59.964962999998654 ], [ 30.313452, 59.96529699999865 ], [ 30.313667, 59.965217999998657 ], [ 30.313121, 59.964847999998675 ], [ 30.312958, 59.964962999998654 ] ] ] } },
{ "type": "Feature", "properties": { "height": 6.6, "match_type": "matched", "height_source": "source_b" }, "geometry": { "type": "Polygon", "coordinates": [ [ [ 30.313741, 59.97069799999867 ], [ 30.312858, 59.970716999998643 ], [ 30.312867, 59.970829999998649 ], [ 30.313745, 59.970808999998653 ], [ 30.313741, 59.97069799999867 ] ] ] } },
{ "type": "Feature", "properties": { "height": 18.0, "match_type": "matched", "height_source": "source_b" }, "geometry": { "type": "Polygon", "coordinates": [ [ [ 30.313613, 59.959817999998641 ], [ 30.314089, 59.959918999998635 ], [ 30.31452, 59.959525999998633 ], [ 30.314038, 59.959421999998668 ], [ 30.313875, 59.959573999998668 ], [ 30.314231, 59.959630999998637 ], [ 30.314098, 59.959762999998652 ], [ 30.313748, 59.95968899999864 ], [ 30.313613, 59.959817999998641 ] ] ] } },
{ "type": "Feature", "properties": { "height": 4.5, "match_type": "matched", "height_source": "source_b" }, "geometry": { "type": "Polygon", "coordinates": [ [ [ 30.313613, 59.959817999998641 ], [ 30.313669, 59.959764999998647 ], [ 30.313569, 59.959739999998654 ], [ 30.313511, 59.959793999998659 ], [ 30.313613, 59.959817999998641 ] ] ] } },
{ "type": "Feature", "properties": { "height": 21.0, "match_type": "matched", "height_source": "source_b" }, "geometry": { "type": "Polygon", "coordinates": [ [ [ 30.313692, 59.968848999998663 ], [ 30.313671, 59.968805999998686 ], [ 30.313552, 59.968821999998674 ], [ 30.313574, 59.968863999998689 ], [ 30.313692, 59.968848999998663 ] ] ] } },
{ "type": "Feature", "properties": { "height": 21.0, "match_type": "matched", "height_source": "source_b" }, "geometry": { "type": "Polygon", "coordinates": [ [ [ 30.313616, 59.968701999998672 ], [ 30.313595, 59.968660999998647 ], [ 30.313477, 59.968675999998652 ], [ 30.313498, 59.968717999998667 ], [ 30.313616, 59.968701999998672 ] ] ] } },
{ "type": "Feature", "properties": { "height": 18.0, "match_type": "matched", "height_source": "source_b" }, "geometry": { "type": "Polygon", "coordinates": [ [ [ 30.313718, 59.968897999998681 ], [ 30.313692, 59.968848999998663 ], [ 30.313574, 59.968863999998689 ], [ 30.313552, 59.968821999998674 ], [ 30.313671, 59.968805999998686 ], [ 30.313616, 59.968701999998672 ], [ 30.313498, 59.968717999998667 ], [ 30.313477, 59.968675999998652 ], [ 30.313595, 59.968660999998647 ], [ 30.31354, 59.968552999998678 ], [ 30.313422, 59.968568999998666 ], [ 30.3134, 59.968525999998647 ], [ 30.313518, 59.968510999998649 ], [ 30.313456, 59.968389999998671 ], [ 30.31322, 59.968420999998642 ], [ 30.313482, 59.96892799999867 ], [ 30.313718, 59.968897999998681 ] ] ] } },
{ "type": "Feature", "properties": { "height": 21.0, "match_type": "matched", "height_source": "source_b" }, "geometry": { "type": "Polygon", "coordinates": [ [ [ 30.31354, 59.968552999998678 ], [ 30.313518, 59.968510999998649 ], [ 30.3134, 59.968525999998647 ], [ 30.313422, 59.968568999998666 ], [ 30.31354, 59.968552999998678 ] ] ] } },
{ "type": "Feature", "properties": { "height": 16.0, "match_type": "only_a", "height_source": "ml_predicted" }, "geometry": { "type": "Polygon", "coordinates": [ [ [ 30.31377, 59.96767 ], [ 30.31373, 59.96758 ], [ 30.31369, 59.96759 ], [ 30.31372, 59.96765 ], [ 30.31365, 59.96766 ], [ 30.31377, 59.96767 ] ] ] } },
{ "type": "Feature", "properties": { "height": 15.0, "match_type": "matched", "height_source": "source_b" }, "geometry": { "type": "Polygon", "coordinates": [ [ [ 30.313942, 59.965803999998663 ], [ 30.313883, 59.965646999998675 ], [ 30.313463, 59.965665999998649 ], [ 30.313488, 59.965801999998675 ], [ 30.313942, 59.965803999998663 ] ] ] } },
{ "type": "Feature", "properties": { "height": 4.5, "match_type": "matched", "height_source": "source_b" }, "geometry": { "type": "Polygon", "coordinates": [ [ [ 30.313759, 59.96598499999866 ], [ 30.313555, 59.965997999998663 ], [ 30.313569, 59.966053999998671 ], [ 30.313773, 59.966040999998668 ], [ 30.313759, 59.96598499999866 ] ] ] } },
{ "type": "Feature", "properties": { "height": 18.0, "match_type": "matched", "height_source": "source_b" }, "geometry": { "type": "Polygon", "coordinates": [ [ [ 30.313369, 59.96547599999866 ], [ 30.313344, 59.965352999998657 ], [ 30.31305, 59.96536999999865 ], [ 30.312958, 59.96527199999867 ], [ 30.312664, 59.965353999998648 ], [ 30.312738, 59.965421999998654 ], [ 30.3127, 59.965434999998664 ], [ 30.312711, 59.965509999998666 ], [ 30.313369, 59.96547599999866 ] ] ] } },
{ "type": "Feature", "properties": { "height": 18.0, "match_type": "matched", "height_source": "source_b" }, "geometry": { "type": "Polygon", "coordinates": [ [ [ 30.312664, 59.965353999998648 ], [ 30.312958, 59.96527199999867 ], [ 30.312801, 59.965123999998653 ], [ 30.312565, 59.965062999998658 ], [ 30.31245, 59.96517799999868 ], [ 30.312459, 59.965218999998662 ], [ 30.312664, 59.965353999998648 ] ] ] } },
{ "type": "Feature", "properties": { "height": 18.0, "match_type": "matched", "height_source": "source_b" }, "geometry": { "type": "Polygon", "coordinates": [ [ [ 30.312565, 59.965062999998658 ], [ 30.312801, 59.965123999998653 ], [ 30.313135, 59.964780999998659 ], [ 30.312945, 59.964659999998652 ], [ 30.312565, 59.965062999998658 ] ] ] } },
{ "type": "Feature", "properties": { "height": 18.0, "match_type": "matched", "height_source": "source_b" }, "geometry": { "type": "Polygon", "coordinates": [ [ [ 30.313927, 59.965457999998669 ], [ 30.313904, 59.965325999998655 ], [ 30.313344, 59.965352999998657 ], [ 30.313369, 59.96547599999866 ], [ 30.313927, 59.965457999998669 ] ] ] } },
{ "type": "Feature", "properties": { "height": 21.0, "match_type": "matched", "height_source": "source_b" }, "geometry": { "type": "Polygon", "coordinates": [ [ [ 30.313869, 59.967088999998666 ], [ 30.314356, 59.967037999998652 ], [ 30.314321, 59.966957999998669 ], [ 30.314164, 59.966974999998662 ], [ 30.314098, 59.966842999998633 ], [ 30.31427, 59.966824999998664 ], [ 30.314232, 59.966750999998666 ], [ 30.313703, 59.966807999998657 ], [ 30.313869, 59.967088999998666 ] ] ] } },
{ "type": "Feature", "properties": { "height": 21.0, "match_type": "matched", "height_source": "source_b" }, "geometry": { "type": "Polygon", "coordinates": [ [ [ 30.314356, 59.967037999998652 ], [ 30.314747, 59.966996999998642 ], [ 30.314638, 59.96670999999867 ], [ 30.314232, 59.966750999998666 ], [ 30.31427, 59.966824999998664 ], [ 30.314354, 59.966815999998666 ], [ 30.314416, 59.966949999998661 ], [ 30.314321, 59.966957999998669 ], [ 30.314356, 59.967037999998652 ] ] ] } },
{ "type": "Feature", "properties": { "height": 4.5, "match_type": "matched", "height_source": "source_b" }, "geometry": { "type": "Polygon", "coordinates": [ [ [ 30.313966, 59.965207999998647 ], [ 30.314088, 59.965121999998672 ], [ 30.313954, 59.965074999998663 ], [ 30.313832, 59.965161999998664 ], [ 30.313966, 59.965207999998647 ] ] ] } },
{ "type": "Feature", "properties": { "height": 9.9, "match_type": "matched", "height_source": "source_b" }, "geometry": { "type": "Polygon", "coordinates": [ [ [ 30.313514, 59.961282999998659 ], [ 30.313438, 59.961361999998651 ], [ 30.313874, 59.961475999998648 ], [ 30.313958, 59.961396999998655 ], [ 30.313514, 59.961282999998659 ] ] ] } },
{ "type": "Feature", "properties": { "height": 24.0, "match_type": "matched", "height_source": "source_b" }, "geometry": { "type": "Polygon", "coordinates": [ [ [ 30.313569, 59.966195999998661 ], [ 30.313838, 59.966179999998673 ], [ 30.314408, 59.966148999998666 ], [ 30.314378, 59.966076999998648 ], [ 30.313561, 59.966092999998658 ], [ 30.313569, 59.966195999998661 ] ] ] } },
{ "type": "Feature", "properties": { "height": 27.0, "match_type": "matched", "height_source": "source_b" }, "geometry": { "type": "Polygon", "coordinates": [ [ [ 30.313902, 59.962062999998665 ], [ 30.31406, 59.961968999998675 ], [ 30.313422, 59.961766999998652 ], [ 30.313287, 59.961869999998655 ], [ 30.313902, 59.962062999998665 ] ] ] } },
{ "type": "Feature", "properties": { "height": 15.0, "match_type": "matched", "height_source": "source_b" }, "geometry": { "type": "Polygon", "coordinates": [ [ [ 30.314085, 59.965984999998653 ], [ 30.314359, 59.965963999998657 ], [ 30.314256, 59.965632999998647 ], [ 30.313883, 59.965646999998675 ], [ 30.313942, 59.965803999998663 ], [ 30.314027, 59.965796999998673 ], [ 30.314085, 59.965984999998653 ] ] ] } },
{ "type": "Feature", "properties": { "height": 15.0, "match_type": "matched", "height_source": "source_b" }, "geometry": { "type": "Polygon", "coordinates": [ [ [ 30.314144, 59.964434999998652 ], [ 30.314202, 59.964444999998683 ], [ 30.314172, 59.964480999998642 ], [ 30.314397, 59.964534999998641 ], [ 30.314503, 59.964402999998654 ], [ 30.314227, 59.964344999998652 ], [ 30.314144, 59.964434999998652 ] ] ] } },
{ "type": "Feature", "properties": { "height": 18.0, "match_type": "matched", "height_source": "source_b" }, "geometry": { "type": "Polygon", "coordinates": [ [ [ 30.314137, 59.960604999998637 ], [ 30.314293, 59.960449999998673 ], [ 30.3142, 59.960415999998652 ], [ 30.314146, 59.960466999998651 ], [ 30.313807, 59.960383999998669 ], [ 30.31388, 59.960317999998644 ], [ 30.313718, 59.96027699999869 ], [ 30.313546, 59.960447999998678 ], [ 30.314137, 59.960604999998637 ] ] ] } },
{ "type": "Feature", "properties": { "height": 18.0, "match_type": "matched", "height_source": "source_b" }, "geometry": { "type": "Polygon", "coordinates": [ [ [ 30.314668, 59.967488999998679 ], [ 30.314941, 59.967463999998657 ], [ 30.314747, 59.966996999998642 ], [ 30.314356, 59.967037999998652 ], [ 30.314383, 59.967108999998658 ], [ 30.314532, 59.967093999998674 ], [ 30.314668, 59.967488999998679 ] ] ] } },
{ "type": "Feature", "properties": { "height": 21.0, "match_type": "matched", "height_source": "source_b" }, "geometry": { "type": "Polygon", "coordinates": [ [ [ 30.314103, 59.967549999998667 ], [ 30.314432, 59.967513999998651 ], [ 30.314239, 59.967123999998677 ], [ 30.314383, 59.967108999998658 ], [ 30.314356, 59.967037999998652 ], [ 30.313869, 59.967088999998666 ], [ 30.314103, 59.967549999998667 ] ] ] } },
{ "type": "Feature", "properties": { "height": 21.0, "match_type": "matched", "height_source": "source_b" }, "geometry": { "type": "Polygon", "coordinates": [ [ [ 30.314103, 59.967549999998667 ], [ 30.31414, 59.967665999998658 ], [ 30.314232, 59.967688999998671 ], [ 30.314946, 59.967614999998659 ], [ 30.314982, 59.967569999998673 ], [ 30.314941, 59.967463999998657 ], [ 30.314103, 59.967549999998667 ] ] ] } },
{ "type": "Feature", "properties": { "height": 11.7, "match_type": "only_a", "height_source": "ml_predicted" }, "geometry": { "type": "Polygon", "coordinates": [ [ [ 30.3142, 59.96331 ], [ 30.31424, 59.96335 ], [ 30.31425, 59.96331 ], [ 30.3142, 59.96331 ] ] ] } },
{ "type": "Feature", "properties": { "height": 21.0, "match_type": "matched", "height_source": "source_b" }, "geometry": { "type": "Polygon", "coordinates": [ [ [ 30.314505, 59.961423999998672 ], [ 30.314236, 59.96136699999866 ], [ 30.313996, 59.961608999998639 ], [ 30.314253, 59.961682999998651 ], [ 30.314505, 59.961423999998672 ] ], [ [ 30.314221, 59.961487999998667 ], [ 30.31429, 59.961416999998683 ], [ 30.31437, 59.961460999998664 ], [ 30.314343, 59.961488999998657 ], [ 30.314221, 59.961487999998667 ] ] ] } },
{ "type": "Feature", "properties": { "height": 24.0, "match_type": "matched", "height_source": "source_b" }, "geometry": { "type": "Polygon", "coordinates": [ [ [ 30.314221, 59.961487999998667 ], [ 30.314343, 59.961488999998657 ], [ 30.31437, 59.961460999998664 ], [ 30.31429, 59.961416999998683 ], [ 30.314221, 59.961487999998667 ] ] ] } },
{ "type": "Feature", "properties": { "height": 3.2, "match_type": "only_a", "height_source": "ml_predicted" }, "geometry": { "type": "Polygon", "coordinates": [ [ [ 30.3143, 59.95996 ], [ 30.31439, 59.95986 ], [ 30.31426, 59.95982 ], [ 30.31415, 59.95992 ], [ 30.3143, 59.95996 ] ] ] } },
{ "type": "Feature", "properties": { "height": 2.2, "match_type": "only_a", "height_source": "ml_predicted" }, "geometry": { "type": "Polygon", "coordinates": [ [ [ 30.31436, 59.96042 ], [ 30.31426, 59.96039 ], [ 30.31423, 59.96041 ], [ 30.31433, 59.96044 ], [ 30.31436, 59.96042 ] ] ] } },
{ "type": "Feature", "properties": { "height": 13.9, "match_type": "only_a", "height_source": "ml_predicted" }, "geometry": { "type": "Polygon", "coordinates": [ [ [ 30.31438, 59.96339 ], [ 30.31441, 59.96342 ], [ 30.31448, 59.96341 ], [ 30.31438, 59.96339 ] ] ] } },
{ "type": "Feature", "properties": { "height": 3.3, "match_type": "only_a", "height_source": "ml_predicted" }, "geometry": { "type": "Polygon", "coordinates": [ [ [ 30.31439, 59.96472 ], [ 30.31426, 59.96466 ], [ 30.31419, 59.96471 ], [ 30.31432, 59.96476 ], [ 30.31439, 59.96472 ] ] ] } },
{ "type": "Feature", "properties": { "height": 9.9, "match_type": "matched", "height_source": "source_b" }, "geometry": { "type": "Polygon", "coordinates": [ [ [ 30.314397, 59.964534999998641 ], [ 30.314606, 59.964571999998647 ], [ 30.314682, 59.964468999998637 ], [ 30.31466, 59.964414999998667 ], [ 30.314521, 59.96438099999866 ], [ 30.314397, 59.964534999998641 ] ] ] } },
{ "type": "Feature", "properties": { "height": 13.2, "match_type": "matched", "height_source": "source_b" }, "geometry": { "type": "Polygon", "coordinates": [ [ [ 30.314467, 59.959201999998662 ], [ 30.314374, 59.959320999998646 ], [ 30.314703, 59.959391999998665 ], [ 30.3148, 59.95927299999866 ], [ 30.314467, 59.959201999998662 ] ] ] } },
{ "type": "Feature", "properties": { "height": 6.6, "match_type": "matched", "height_source": "source_b" }, "geometry": { "type": "Polygon", "coordinates": [ [ [ 30.314281, 59.964802999998675 ], [ 30.31409, 59.964938999998651 ], [ 30.313997, 59.965056999998659 ], [ 30.314117, 59.96509999999865 ], [ 30.314454, 59.964866999998684 ], [ 30.314281, 59.964802999998675 ] ] ] } },
{ "type": "Feature", "properties": { "height": 8.2, "match_type": "only_a", "height_source": "ml_predicted" }, "geometry": { "type": "Polygon", "coordinates": [ [ [ 30.31443, 59.96851 ], [ 30.3145, 59.96853 ], [ 30.3145, 59.96851 ], [ 30.31443, 59.96851 ] ] ] } },
{ "type": "Feature", "properties": { "height": 18.0, "match_type": "matched", "height_source": "source_b" }, "geometry": { "type": "Polygon", "coordinates": [ [ [ 30.315222, 59.961593999998669 ], [ 30.315459, 59.961331999998663 ], [ 30.314375, 59.961064999998676 ], [ 30.31426, 59.961189999998659 ], [ 30.314444, 59.961226999998651 ], [ 30.314295, 59.961379999998648 ], [ 30.314605, 59.961421999998663 ], [ 30.314739, 59.961289999998662 ], [ 30.315036, 59.961358999998652 ], [ 30.314897, 59.961517999998662 ], [ 30.315222, 59.961593999998669 ] ] ] } },
{ "type": "Feature", "properties": { "height": 24.0, "match_type": "matched", "height_source": "source_b" }, "geometry": { "type": "Polygon", "coordinates": [ [ [ 30.314983, 59.97058199999865 ], [ 30.315136, 59.970570999998657 ], [ 30.315118, 59.970509999998654 ], [ 30.314965, 59.970521999998667 ], [ 30.314983, 59.97058199999865 ] ] ] } },
{ "type": "Feature", "properties": { "height": 18.0, "match_type": "matched", "height_source": "source_b" }, "geometry": { "type": "Polygon", "coordinates": [ [ [ 30.314639, 59.970607999998649 ], [ 30.314604, 59.970489999998655 ], [ 30.314765, 59.970477999998657 ], [ 30.314618, 59.96998699999866 ], [ 30.314954, 59.969961999998667 ], [ 30.314941, 59.969917999998671 ], [ 30.314295, 59.969965999998664 ], [ 30.314491, 59.970618999998663 ], [ 30.314639, 59.970607999998649 ] ] ] } },
{ "type": "Feature", "properties": { "height": 21.0, "match_type": "matched", "height_source": "source_b" }, "geometry": { "type": "Polygon", "coordinates": [ [ [ 30.314639, 59.970607999998649 ], [ 30.314939, 59.970616999998647 ], [ 30.314983, 59.97058199999865 ], [ 30.314965, 59.970521999998667 ], [ 30.315176, 59.970505999998679 ], [ 30.315155, 59.970437999998666 ], [ 30.315098, 59.970442999998667 ], [ 30.314988, 59.970076999998675 ], [ 30.314865, 59.970085999998645 ], [ 30.314846, 59.970022999998662 ], [ 30.31497, 59.970013999998656 ], [ 30.314954, 59.969961999998667 ], [ 30.314618, 59.96998699999866 ], [ 30.314765, 59.970477999998657 ], [ 30.314604, 59.970489999998655 ], [ 30.314639, 59.970607999998649 ] ] ] } },
{ "type": "Feature", "properties": { "height": 24.0, "match_type": "matched", "height_source": "source_b" }, "geometry": { "type": "Polygon", "coordinates": [ [ [ 30.314988, 59.970076999998675 ], [ 30.31497, 59.970013999998656 ], [ 30.314846, 59.970022999998662 ], [ 30.314865, 59.970085999998645 ], [ 30.314988, 59.970076999998675 ] ] ] } },
{ "type": "Feature", "properties": { "height": 8.2, "match_type": "only_a", "height_source": "ml_predicted" }, "geometry": { "type": "Polygon", "coordinates": [ [ [ 30.31453, 59.95918 ], [ 30.31452, 59.95923 ], [ 30.31467, 59.95921 ], [ 30.31453, 59.95918 ] ] ] } },
{ "type": "Feature", "properties": { "height": 14.3, "match_type": "only_a", "height_source": "ml_predicted" }, "geometry": { "type": "Polygon", "coordinates": [ [ [ 30.31453, 59.9614 ], [ 30.3143, 59.96167 ], [ 30.31449, 59.96149 ], [ 30.31453, 59.9614 ] ] ] } },
{ "type": "Feature", "properties": { "height": 18.0, "match_type": "matched", "height_source": "source_b" }, "geometry": { "type": "Polygon", "coordinates": [ [ [ 30.314929, 59.960626999998659 ], [ 30.315021, 59.960652999998651 ], [ 30.315069, 59.96060999999866 ], [ 30.314976, 59.960583999998654 ], [ 30.314929, 59.960626999998659 ] ] ] } },
{ "type": "Feature", "properties": { "height": 15.0, "match_type": "matched", "height_source": "source_b" }, "geometry": { "type": "Polygon", "coordinates": [ [ [ 30.315147, 59.960687999998662 ], [ 30.314293, 59.960449999998673 ], [ 30.313952, 59.960787999998658 ], [ 30.314827, 59.961002999998662 ], [ 30.314956, 59.960867999998662 ], [ 30.314882, 59.960847999998684 ], [ 30.315026, 59.96069699999866 ], [ 30.315147, 59.960687999998662 ] ], [ [ 30.314648, 59.960785999998663 ], [ 30.314364, 59.960724999998682 ], [ 30.314508, 59.960602999998642 ], [ 30.314751, 59.960666999998651 ], [ 30.314648, 59.960785999998663 ] ] ] } },
{ "type": "Feature", "properties": { "height": 27.0, "match_type": "matched", "height_source": "source_b" }, "geometry": { "type": "Polygon", "coordinates": [ [ [ 30.314368, 59.961954999998696 ], [ 30.314523, 59.961818999998655 ], [ 30.313723, 59.961598999998664 ], [ 30.313579, 59.961707999998637 ], [ 30.314368, 59.961954999998696 ] ] ] } },
{ "type": "Feature", "properties": { "height": 15.0, "match_type": "only_a", "height_source": "ml_predicted" }, "geometry": { "type": "Polygon", "coordinates": [ [ [ 30.31457, 59.97075 ], [ 30.31483, 59.9707 ], [ 30.3148, 59.9706 ], [ 30.31454, 59.97062 ], [ 30.31457, 59.97075 ] ] ] } },
{ "type": "Feature", "properties": { "height": 4.5, "match_type": "matched", "height_source": "source_b" }, "geometry": { "type": "Polygon", "coordinates": [ [ [ 30.314598, 59.968748999998667 ], [ 30.314539, 59.968718999998657 ], [ 30.31448, 59.968748999998652 ], [ 30.314539, 59.968778999998655 ], [ 30.314598, 59.968748999998667 ] ] ] } },
{ "type": "Feature", "properties": { "height": 6.6, "match_type": "matched", "height_source": "source_b" }, "geometry": { "type": "Polygon", "coordinates": [ [ [ 30.31462, 59.964745999998634 ], [ 30.314581, 59.964567999998671 ], [ 30.314428, 59.964540999998654 ], [ 30.314488, 59.964808999998667 ], [ 30.31462, 59.964745999998634 ] ] ] } },
{ "type": "Feature", "properties": { "height": 13.2, "match_type": "matched", "height_source": "source_b" }, "geometry": { "type": "Polygon", "coordinates": [ [ [ 30.314621, 59.964753999998671 ], [ 30.314488, 59.964808999998667 ], [ 30.314527, 59.965001999998641 ], [ 30.314664, 59.964994999998666 ], [ 30.314621, 59.964753999998671 ] ] ] } },
{ "type": "Feature", "properties": { "height": 13.2, "match_type": "matched", "height_source": "source_b" }, "geometry": { "type": "Polygon", "coordinates": [ [ [ 30.314521, 59.96438099999866 ], [ 30.314884, 59.964481999998661 ], [ 30.314948, 59.964777999998674 ], [ 30.315061, 59.96477499999866 ], [ 30.315044, 59.964912999998646 ], [ 30.31522, 59.964903999998661 ], [ 30.315107, 59.964419999998647 ], [ 30.314581, 59.964255999998649 ], [ 30.314521, 59.96438099999866 ] ] ] } },
{ "type": "Feature", "properties": { "height": 18.0, "match_type": "matched", "height_source": "source_b" }, "geometry": { "type": "Polygon", "coordinates": [ [ [ 30.314454, 59.96300699999864 ], [ 30.314243, 59.963307999998662 ], [ 30.315057, 59.963487999998648 ], [ 30.31513, 59.963400999998662 ], [ 30.314479, 59.963259999998655 ], [ 30.314665, 59.963041999998644 ], [ 30.314454, 59.96300699999864 ] ] ] } },
{ "type": "Feature", "properties": { "height": 18.0, "match_type": "matched", "height_source": "source_b" }, "geometry": { "type": "Polygon", "coordinates": [ [ [ 30.315587, 59.963661999998664 ], [ 30.31598, 59.963180999998642 ], [ 30.314634, 59.962899999998655 ], [ 30.314533, 59.962909999998658 ], [ 30.314454, 59.96300699999864 ], [ 30.315737, 59.963263999998667 ], [ 30.315546, 59.963490999998676 ], [ 30.315455, 59.963469999998665 ], [ 30.315334, 59.963604999998644 ], [ 30.315587, 59.963661999998664 ] ] ] } },
{ "type": "Feature", "properties": { "height": 15.0, "match_type": "matched", "height_source": "source_b" }, "geometry": { "type": "Polygon", "coordinates": [ [ [ 30.31448, 59.969208999998678 ], [ 30.314281, 59.969898999998655 ], [ 30.314604, 59.969876999998647 ], [ 30.314733, 59.96936499999866 ], [ 30.314648, 59.969362999998637 ], [ 30.314658, 59.969288999998646 ], [ 30.314964, 59.969171999998672 ], [ 30.314909, 59.969060999998661 ], [ 30.314685, 59.969104999998649 ], [ 30.31448, 59.969208999998678 ] ], [ [ 30.314483, 59.969818999998658 ], [ 30.314491, 59.969753999998666 ], [ 30.314598, 59.96975699999868 ], [ 30.314589, 59.969822999998676 ], [ 30.314483, 59.969818999998658 ] ] ] } },
{ "type": "Feature", "properties": { "height": 15.0, "match_type": "matched", "height_source": "source_b" }, "geometry": { "type": "Polygon", "coordinates": [ [ [ 30.314604, 59.969876999998647 ], [ 30.314281, 59.969898999998655 ], [ 30.314295, 59.969965999998664 ], [ 30.314621, 59.969941999998674 ], [ 30.314604, 59.969876999998647 ] ] ] } },
{ "type": "Feature", "properties": { "height": 18.0, "match_type": "matched", "height_source": "source_b" }, "geometry": { "type": "Polygon", "coordinates": [ [ [ 30.314483, 59.969818999998658 ], [ 30.314589, 59.969822999998676 ], [ 30.314598, 59.96975699999868 ], [ 30.314491, 59.969753999998666 ], [ 30.314483, 59.969818999998658 ] ] ] } },
{ "type": "Feature", "properties": { "height": 18.0, "match_type": "matched", "height_source": "source_b" }, "geometry": { "type": "Polygon", "coordinates": [ [ [ 30.314734, 59.965417999998671 ], [ 30.314713, 59.965288999998663 ], [ 30.314258, 59.965307999998672 ], [ 30.314268, 59.965178999998635 ], [ 30.314692, 59.965156999998648 ], [ 30.31467, 59.965029999998656 ], [ 30.314258, 59.965048999998665 ], [ 30.314242, 59.965107999998672 ], [ 30.314103, 59.965110999998679 ], [ 30.313966, 59.965207999998647 ], [ 30.314079, 59.96531699999867 ], [ 30.313904, 59.965325999998655 ], [ 30.313927, 59.965457999998669 ], [ 30.314734, 59.965417999998671 ] ] ] } },
{ "type": "Feature", "properties": { "height": 27.0, "match_type": "matched", "height_source": "source_b" }, "geometry": { "type": "Polygon", "coordinates": [ [ [ 30.316185, 59.964926999998653 ], [ 30.315719, 59.964934999998661 ], [ 30.315745, 59.965045999998679 ], [ 30.315924, 59.965035999998662 ], [ 30.315907, 59.964959999998634 ], [ 30.316111, 59.964948999998661 ], [ 30.316055, 59.965146999998673 ], [ 30.315938, 59.965153999998662 ], [ 30.315931, 59.965241999998639 ], [ 30.315841, 59.965212999998677 ], [ 30.315273, 59.965265999998671 ], [ 30.315171, 59.965299999998649 ], [ 30.315179, 59.965344999998649 ], [ 30.316139, 59.965269999998647 ], [ 30.316185, 59.964926999998653 ] ] ] } },
{ "type": "Feature", "properties": { "height": 33.0, "match_type": "matched", "height_source": "source_b" }, "geometry": { "type": "Polygon", "coordinates": [ [ [ 30.315274, 59.965269999998632 ], [ 30.315213, 59.965235999998654 ], [ 30.315137, 59.965269999998647 ], [ 30.315213, 59.965303999998667 ], [ 30.315274, 59.965269999998632 ] ] ] } },
{ "type": "Feature", "properties": { "height": 21.0, "match_type": "matched", "height_source": "source_b" }, "geometry": { "type": "Polygon", "coordinates": [ [ [ 30.31462, 59.964745999998634 ], [ 30.314713, 59.965288999998663 ], [ 30.314846, 59.965233999998674 ], [ 30.314833, 59.965151999998668 ], [ 30.315176, 59.965137999998674 ], [ 30.315143, 59.964986999998665 ], [ 30.314736, 59.965006999998678 ], [ 30.314731, 59.964973999998662 ], [ 30.314815, 59.964969999998658 ], [ 30.314801, 59.964862999998665 ], [ 30.315072, 59.964851999998665 ], [ 30.315061, 59.96477499999866 ], [ 30.314806, 59.964784999998663 ], [ 30.314792, 59.964730999998665 ], [ 30.314668, 59.964705999998671 ], [ 30.31462, 59.964745999998634 ] ] ] } },
{ "type": "Feature", "properties": { "height": 30.0, "match_type": "matched", "height_source": "source_b" }, "geometry": { "type": "Polygon", "coordinates": [ [ [ 30.315841, 59.965212999998677 ], [ 30.315913, 59.965247999998674 ], [ 30.315938, 59.965153999998662 ], [ 30.316055, 59.965146999998673 ], [ 30.316111, 59.964948999998661 ], [ 30.315907, 59.964959999998634 ], [ 30.315924, 59.965035999998662 ], [ 30.315745, 59.965045999998679 ], [ 30.315712, 59.964896999998651 ], [ 30.315211, 59.964925999998663 ], [ 30.315232, 59.964976999998647 ], [ 30.315143, 59.964986999998665 ], [ 30.315159, 59.965243999998634 ], [ 30.315273, 59.965265999998671 ], [ 30.315841, 59.965212999998677 ] ], [ [ 30.315424, 59.965237999998664 ], [ 30.315359, 59.964961999998664 ], [ 30.315596, 59.964947999998657 ], [ 30.315661, 59.96522399999867 ], [ 30.315424, 59.965237999998664 ] ] ] } },
{ "type": "Feature", "properties": { "height": 21.0, "match_type": "matched", "height_source": "source_b" }, "geometry": { "type": "Polygon", "coordinates": [ [ [ 30.314713, 59.965288999998663 ], [ 30.314734, 59.965417999998671 ], [ 30.315187, 59.965393999998668 ], [ 30.315159, 59.965221999998633 ], [ 30.314772, 59.965236999998673 ], [ 30.314781, 59.965286999998654 ], [ 30.314713, 59.965288999998663 ] ] ] } },
{ "type": "Feature", "properties": { "height": 33.0, "match_type": "matched", "height_source": "source_b" }, "geometry": { "type": "Polygon", "coordinates": [ [ [ 30.315424, 59.965237999998664 ], [ 30.315661, 59.96522399999867 ], [ 30.315596, 59.964947999998657 ], [ 30.315359, 59.964961999998664 ], [ 30.315424, 59.965237999998664 ] ] ] } },
{ "type": "Feature", "properties": { "height": 4.5, "match_type": "matched", "height_source": "source_b" }, "geometry": { "type": "Polygon", "coordinates": [ [ [ 30.314592, 59.960529999998656 ], [ 30.314767, 59.960581999998638 ], [ 30.31484, 59.960519999998645 ], [ 30.314664, 59.96046799999867 ], [ 30.314592, 59.960529999998656 ] ] ] } },
{ "type": "Feature", "properties": { "height": 12.4, "match_type": "only_a", "height_source": "ml_predicted" }, "geometry": { "type": "Polygon", "coordinates": [ [ [ 30.31475, 59.96348 ], [ 30.31479, 59.96352 ], [ 30.31484, 59.96351 ], [ 30.31475, 59.96348 ] ] ] } },
{ "type": "Feature", "properties": { "height": 4.5, "match_type": "matched", "height_source": "source_b" }, "geometry": { "type": "Polygon", "coordinates": [ [ [ 30.314668, 59.964705999998671 ], [ 30.314792, 59.964730999998665 ], [ 30.314839, 59.964672999998655 ], [ 30.314715, 59.964647999998647 ], [ 30.314668, 59.964705999998671 ] ] ] } },
{ "type": "Feature", "properties": { "height": 6.9, "match_type": "only_a", "height_source": "ml_predicted" }, "geometry": { "type": "Polygon", "coordinates": [ [ [ 30.31476, 59.95938 ], [ 30.31485, 59.95936 ], [ 30.31479, 59.95934 ], [ 30.31476, 59.95938 ] ] ] } },
{ "type": "Feature", "properties": { "height": 9.9, "match_type": "matched", "height_source": "source_b" }, "geometry": { "type": "Polygon", "coordinates": [ [ [ 30.314692, 59.959804999998653 ], [ 30.314546, 59.959899999998662 ], [ 30.31446, 59.959879999998655 ], [ 30.314391, 59.95995799999865 ], [ 30.314789, 59.960044999998665 ], [ 30.314859, 59.959965999998651 ], [ 30.314764, 59.959944999998662 ], [ 30.314798, 59.959826999998654 ], [ 30.314692, 59.959804999998653 ] ] ] } },
{ "type": "Feature", "properties": { "height": 7.9, "match_type": "only_a", "height_source": "ml_predicted" }, "geometry": { "type": "Polygon", "coordinates": [ [ [ 30.31486, 59.95925 ], [ 30.31473, 59.95922 ], [ 30.31472, 59.95924 ], [ 30.31483, 59.95926 ], [ 30.31481, 59.95929 ], [ 30.31486, 59.95925 ] ] ] } },
{ "type": "Feature", "properties": { "height": 15.0, "match_type": "matched", "height_source": "source_b" }, "geometry": { "type": "Polygon", "coordinates": [ [ [ 30.315431, 59.968113999998657 ], [ 30.315306, 59.968129999998673 ], [ 30.315282, 59.968080999998655 ], [ 30.314852, 59.968132999998673 ], [ 30.314883, 59.968196999998653 ], [ 30.314792, 59.968207999998675 ], [ 30.315003, 59.968631999998635 ], [ 30.315263, 59.968599999998673 ], [ 30.315224, 59.968518999998658 ], [ 30.315144, 59.968528999998632 ], [ 30.315004, 59.968244999998653 ], [ 30.315447, 59.968230999998674 ], [ 30.315431, 59.968113999998657 ] ] ] } },
{ "type": "Feature", "properties": { "height": 15.0, "match_type": "matched", "height_source": "source_b" }, "geometry": { "type": "Polygon", "coordinates": [ [ [ 30.314266, 59.960092999998672 ], [ 30.314161, 59.960217999998662 ], [ 30.314864, 59.960376999998651 ], [ 30.314972, 59.960248999998655 ], [ 30.314859, 59.960223999998647 ], [ 30.314895, 59.960183999998655 ], [ 30.314791, 59.960160999998664 ], [ 30.314756, 59.960200999998655 ], [ 30.314498, 59.960143999998657 ], [ 30.314533, 59.960102999998661 ], [ 30.31443, 59.960079999998648 ], [ 30.314394, 59.960120999998672 ], [ 30.314266, 59.960092999998672 ] ] ] } },
{ "type": "Feature", "properties": { "height": 13.2, "match_type": "matched", "height_source": "source_b" }, "geometry": { "type": "Polygon", "coordinates": [ [ [ 30.314463, 59.961799999998654 ], [ 30.314914, 59.961929999998674 ], [ 30.315222, 59.961593999998669 ], [ 30.314897, 59.961517999998662 ], [ 30.314712, 59.961750999998642 ], [ 30.314551, 59.961707999998637 ], [ 30.314463, 59.961799999998654 ] ] ] } },
{ "type": "Feature", "properties": { "height": 15.0, "match_type": "matched", "height_source": "source_b" }, "geometry": { "type": "Polygon", "coordinates": [ [ [ 30.314941, 59.960574999998634 ], [ 30.315069, 59.96060999999866 ], [ 30.315021, 59.960652999998651 ], [ 30.315147, 59.960687999998662 ], [ 30.315388, 59.96046799999867 ], [ 30.31517, 59.960406999998654 ], [ 30.314941, 59.960574999998634 ] ] ] } },
{ "type": "Feature", "properties": { "height": 5.6, "match_type": "only_a", "height_source": "ml_predicted" }, "geometry": { "type": "Polygon", "coordinates": [ [ [ 30.31517, 59.95974 ], [ 30.31501, 59.95968 ], [ 30.31499, 59.9597 ], [ 30.31517, 59.95974 ] ] ] } },
{ "type": "Feature", "properties": { "height": 13.2, "match_type": "matched", "height_source": "source_b" }, "geometry": { "type": "Polygon", "coordinates": [ [ [ 30.314795, 59.959027999998675 ], [ 30.314699, 59.959139999998634 ], [ 30.315135, 59.959233999998645 ], [ 30.315222, 59.959122999998655 ], [ 30.314795, 59.959027999998675 ] ] ] } },
{ "type": "Feature", "properties": { "height": 1.6, "match_type": "only_a", "height_source": "ml_predicted" }, "geometry": { "type": "Polygon", "coordinates": [ [ [ 30.31524, 59.96678 ], [ 30.31521, 59.96671 ], [ 30.31511, 59.96672 ], [ 30.31514, 59.96679 ], [ 30.31524, 59.96678 ] ] ] } },
{ "type": "Feature", "properties": { "height": 9.9, "match_type": "matched", "height_source": "source_b" }, "geometry": { "type": "Polygon", "coordinates": [ [ [ 30.315951, 59.966655999998657 ], [ 30.316292, 59.96663599999868 ], [ 30.316237, 59.96630599999866 ], [ 30.315238, 59.966346999998656 ], [ 30.315243, 59.966554999998678 ], [ 30.31543, 59.96654799999866 ], [ 30.315422, 59.966504999998662 ], [ 30.31582, 59.966524999998661 ], [ 30.315813, 59.966483999998637 ], [ 30.316009, 59.966475999998657 ], [ 30.316028, 59.966593999998665 ], [ 30.315942, 59.96659699999865 ], [ 30.315951, 59.966655999998657 ] ] ] } },
{ "type": "Feature", "properties": { "height": 15.0, "match_type": "matched", "height_source": "source_b" }, "geometry": { "type": "Polygon", "coordinates": [ [ [ 30.315751, 59.961174999998654 ], [ 30.316286, 59.960631999998668 ], [ 30.316056, 59.960574999998649 ], [ 30.315612, 59.961025999998661 ], [ 30.315356, 59.960961999998652 ], [ 30.315236, 59.96108399999865 ], [ 30.315751, 59.961174999998654 ] ] ] } },
{ "type": "Feature", "properties": { "height": 4.5, "match_type": "matched", "height_source": "source_b" }, "geometry": { "type": "Polygon", "coordinates": [ [ [ 30.315115, 59.963542999998666 ], [ 30.315253, 59.963577999998662 ], [ 30.315329, 59.963501999998655 ], [ 30.315191, 59.963466999998644 ], [ 30.315115, 59.963542999998666 ] ] ] } },
{ "type": "Feature", "properties": { "height": 15.0, "match_type": "matched", "height_source": "source_b" }, "geometry": { "type": "Polygon", "coordinates": [ [ [ 30.315332, 59.968590999998661 ], [ 30.315003, 59.968631999998635 ], [ 30.315172, 59.968972999998662 ], [ 30.315501, 59.968931999998652 ], [ 30.315332, 59.968590999998661 ] ] ] } },
{ "type": "Feature", "properties": { "height": 13.2, "match_type": "matched", "height_source": "source_b" }, "geometry": { "type": "Polygon", "coordinates": [ [ [ 30.31559, 59.969161999998654 ], [ 30.315125, 59.969222999998671 ], [ 30.315199, 59.969371999998657 ], [ 30.315536, 59.969329999998656 ], [ 30.315511, 59.969279999998662 ], [ 30.31564, 59.969263999998653 ], [ 30.31559, 59.969161999998654 ] ] ] } },
{ "type": "Feature", "properties": { "height": 6.6, "match_type": "matched", "height_source": "source_b" }, "geometry": { "type": "Polygon", "coordinates": [ [ [ 30.315395, 59.969445999998648 ], [ 30.31549, 59.969433999998664 ], [ 30.315582, 59.969421999998637 ], [ 30.315536, 59.969329999998656 ], [ 30.315349, 59.969352999998662 ], [ 30.315395, 59.969445999998648 ] ] ] } },
{ "type": "Feature", "properties": { "height": 6.6, "match_type": "matched", "height_source": "source_b" }, "geometry": { "type": "Polygon", "coordinates": [ [ [ 30.315545, 59.968787999998675 ], [ 30.315974, 59.968741999998677 ], [ 30.315892, 59.968635999998661 ], [ 30.315498, 59.968677999998661 ], [ 30.315545, 59.968787999998675 ] ] ] } },
{ "type": "Feature", "properties": { "height": 15.0, "match_type": "matched", "height_source": "source_b" }, "geometry": { "type": "Polygon", "coordinates": [ [ [ 30.316192, 59.968654999998662 ], [ 30.316085, 59.96830799999865 ], [ 30.315496, 59.968353999998669 ], [ 30.315536, 59.968483999998661 ], [ 30.315879, 59.968456999998658 ], [ 30.315916, 59.96857699999866 ], [ 30.316035, 59.968567999998648 ], [ 30.316055, 59.968631999998657 ], [ 30.315936, 59.968640999998655 ], [ 30.315946, 59.968673999998657 ], [ 30.316192, 59.968654999998662 ] ] ] } },
{ "type": "Feature", "properties": { "height": 18.0, "match_type": "matched", "height_source": "source_b" }, "geometry": { "type": "Polygon", "coordinates": [ [ [ 30.315898, 59.968653999998658 ], [ 30.316055, 59.968631999998657 ], [ 30.316035, 59.968567999998648 ], [ 30.31588, 59.96859799999865 ], [ 30.315898, 59.968653999998658 ] ] ] } },
{ "type": "Feature", "properties": { "height": 9.9, "match_type": "matched", "height_source": "source_b" }, "geometry": { "type": "Polygon", "coordinates": [ [ [ 30.315381, 59.96869099999865 ], [ 30.315892, 59.968635999998661 ], [ 30.31588, 59.96859799999865 ], [ 30.315921, 59.968594999998679 ], [ 30.315907, 59.968547999998655 ], [ 30.31534, 59.968607999998667 ], [ 30.315381, 59.96869099999865 ] ] ] } },
{ "type": "Feature", "properties": { "height": 3.4, "match_type": "only_a", "height_source": "ml_predicted" }, "geometry": { "type": "Polygon", "coordinates": [ [ [ 30.31543, 59.9606 ], [ 30.31548, 59.96047 ], [ 30.3153, 59.96066 ], [ 30.31543, 59.9606 ] ] ] } },
{ "type": "Feature", "properties": { "height": 18.0, "match_type": "matched", "height_source": "source_b" }, "geometry": { "type": "Polygon", "coordinates": [ [ [ 30.315322, 59.960392999998653 ], [ 30.316286, 59.960631999998668 ], [ 30.316522, 59.960393999998658 ], [ 30.315557, 59.960154999998664 ], [ 30.315322, 59.960392999998653 ] ], [ [ 30.31621, 59.960356999998652 ], [ 30.316048, 59.960508999998666 ], [ 30.31572, 59.960390999998666 ], [ 30.315659, 59.960405999998677 ], [ 30.315821, 59.960253999998649 ], [ 30.316143, 59.960371999998657 ], [ 30.31621, 59.960356999998652 ] ] ] } },
{ "type": "Feature", "properties": { "height": 9.9, "match_type": "matched", "height_source": "source_b" }, "geometry": { "type": "Polygon", "coordinates": [ [ [ 30.315435, 59.960803999998689 ], [ 30.315509, 59.960821999998657 ], [ 30.315599, 59.960730999998653 ], [ 30.315525, 59.960711999998679 ], [ 30.315435, 59.960803999998689 ] ] ] } },
{ "type": "Feature", "properties": { "height": 4.5, "match_type": "matched", "height_source": "source_b" }, "geometry": { "type": "Polygon", "coordinates": [ [ [ 30.315231, 59.969862999998639 ], [ 30.31525, 59.969919999998666 ], [ 30.315416, 59.969905999998673 ], [ 30.315397, 59.969848999998703 ], [ 30.315231, 59.969862999998639 ] ] ] } },
{ "type": "Feature", "properties": { "height": 13.2, "match_type": "matched", "height_source": "source_b" }, "geometry": { "type": "Polygon", "coordinates": [ [ [ 30.315159, 59.969927999998646 ], [ 30.315254, 59.970207999998671 ], [ 30.315206, 59.970211999998661 ], [ 30.315231, 59.970284999998647 ], [ 30.315279, 59.970280999998678 ], [ 30.315369, 59.970547999998665 ], [ 30.315459, 59.970539999998657 ], [ 30.315479, 59.970596999998669 ], [ 30.315645, 59.970582999998676 ], [ 30.315626, 59.970525999998678 ], [ 30.315704, 59.970518999998681 ], [ 30.315494, 59.969898999998655 ], [ 30.315159, 59.969927999998646 ] ], [ [ 30.315295, 59.970271999998666 ], [ 30.315275, 59.970212999998665 ], [ 30.315346, 59.970206999998666 ], [ 30.315366, 59.970265999998681 ], [ 30.315295, 59.970271999998666 ] ] ] } },
{ "type": "Feature", "properties": { "height": 15.0, "match_type": "matched", "height_source": "source_b" }, "geometry": { "type": "Polygon", "coordinates": [ [ [ 30.315295, 59.970271999998666 ], [ 30.315366, 59.970265999998681 ], [ 30.315346, 59.970206999998666 ], [ 30.315275, 59.970212999998665 ], [ 30.315295, 59.970271999998666 ] ] ] } },
{ "type": "Feature", "properties": { "height": 9.9, "match_type": "matched", "height_source": "source_b" }, "geometry": { "type": "Polygon", "coordinates": [ [ [ 30.316376, 59.969386999998669 ], [ 30.316193, 59.969018999998653 ], [ 30.315558, 59.969097999998667 ], [ 30.31564, 59.969263999998653 ], [ 30.315564, 59.969272999998665 ], [ 30.315631, 59.969407999998658 ], [ 30.315707, 59.969398999998667 ], [ 30.31574, 59.969465999998647 ], [ 30.316376, 59.969386999998669 ] ] ] } },
{ "type": "Feature", "properties": { "height": 18.0, "match_type": "matched", "height_source": "source_b" }, "geometry": { "type": "Polygon", "coordinates": [ [ [ 30.315515, 59.969029999998639 ], [ 30.31558, 59.96906699999866 ], [ 30.315557, 59.969023999998683 ], [ 30.315515, 59.969029999998639 ] ] ] } },
{ "type": "Feature", "properties": { "height": 18.0, "match_type": "matched", "height_source": "source_b" }, "geometry": { "type": "Polygon", "coordinates": [ [ [ 30.315734, 59.969483999998673 ], [ 30.315631, 59.969496999998668 ], [ 30.315649, 59.969532999998663 ], [ 30.315751, 59.969519999998681 ], [ 30.315734, 59.969483999998673 ] ] ] } },
{ "type": "Feature", "properties": { "height": 4.5, "match_type": "matched", "height_source": "source_b" }, "geometry": { "type": "Polygon", "coordinates": [ [ [ 30.315424, 59.969504999998662 ], [ 30.315519, 59.969492999998664 ], [ 30.31549, 59.969433999998664 ], [ 30.315395, 59.969445999998648 ], [ 30.315424, 59.969504999998662 ] ] ] } },
{ "type": "Feature", "properties": { "height": 18.0, "match_type": "matched", "height_source": "source_b" }, "geometry": { "type": "Polygon", "coordinates": [ [ [ 30.314773, 59.968988999998643 ], [ 30.314815, 59.969072999998659 ], [ 30.314909, 59.969060999998661 ], [ 30.314868, 59.968976999998652 ], [ 30.314773, 59.968988999998643 ] ] ] } },
{ "type": "Feature", "properties": { "height": 18.0, "match_type": "matched", "height_source": "source_b" }, "geometry": { "type": "Polygon", "coordinates": [ [ [ 30.315497, 59.96902199999866 ], [ 30.31542, 59.969051999998669 ], [ 30.315506, 59.969043999998661 ], [ 30.315497, 59.96902199999866 ] ] ] } },
{ "type": "Feature", "properties": { "height": 15.0, "match_type": "matched", "height_source": "source_b" }, "geometry": { "type": "Polygon", "coordinates": [ [ [ 30.314884, 59.969008999998664 ], [ 30.314964, 59.969171999998672 ], [ 30.31514, 59.96914999999867 ], [ 30.315106, 59.969081999998672 ], [ 30.315166, 59.969074999998682 ], [ 30.3152, 59.96914299999866 ], [ 30.315489, 59.969106999998665 ], [ 30.315521, 59.969170999998667 ], [ 30.31559, 59.969161999998654 ], [ 30.315558, 59.969097999998667 ], [ 30.316193, 59.969018999998653 ], [ 30.316393, 59.969421999998666 ], [ 30.316291, 59.969434999998683 ], [ 30.316273, 59.969398999998653 ], [ 30.31574, 59.969465999998647 ], [ 30.315707, 59.969398999998667 ], [ 30.315631, 59.969407999998658 ], [ 30.315664, 59.969474999998674 ], [ 30.315424, 59.969504999998662 ], [ 30.315513, 59.969684999998663 ], [ 30.31676, 59.969528999998658 ], [ 30.316408, 59.968818999998675 ], [ 30.314884, 59.969008999998664 ] ], [ [ 30.316422, 59.969154999998651 ], [ 30.316388, 59.969096999998655 ], [ 30.316468, 59.969084999998657 ], [ 30.316502, 59.969142999998667 ], [ 30.316422, 59.969154999998651 ] ], [ [ 30.315734, 59.969483999998673 ], [ 30.315751, 59.969519999998681 ], [ 30.315649, 59.969532999998663 ], [ 30.315631, 59.969496999998668 ], [ 30.315734, 59.969483999998673 ] ], [ [ 30.31542, 59.969051999998669 ], [ 30.315497, 59.96902199999866 ], [ 30.315506, 59.969043999998661 ], [ 30.31542, 59.969051999998669 ] ], [ [ 30.31558, 59.96906699999866 ], [ 30.315515, 59.969029999998639 ], [ 30.315557, 59.969023999998683 ], [ 30.31558, 59.96906699999866 ] ] ] } },
{ "type": "Feature", "properties": { "height": 18.0, "match_type": "matched", "height_source": "source_b" }, "geometry": { "type": "Polygon", "coordinates": [ [ [ 30.31514, 59.96914999999867 ], [ 30.3152, 59.96914299999866 ], [ 30.315166, 59.969074999998682 ], [ 30.315106, 59.969081999998672 ], [ 30.31514, 59.96914999999867 ] ] ] } },
{ "type": "Feature", "properties": { "height": 18.0, "match_type": "matched", "height_source": "source_b" }, "geometry": { "type": "Polygon", "coordinates": [ [ [ 30.315539, 59.968858999998652 ], [ 30.315466, 59.968710999998656 ], [ 30.315396, 59.968719999998655 ], [ 30.315469, 59.968866999998674 ], [ 30.315539, 59.968858999998652 ] ] ] } },
{ "type": "Feature", "properties": { "height": 6.6, "match_type": "matched", "height_source": "source_b" }, "geometry": { "type": "Polygon", "coordinates": [ [ [ 30.31554, 59.960074999998682 ], [ 30.315042, 59.960077999998667 ], [ 30.315037, 59.960159999998673 ], [ 30.315472, 59.960155999998655 ], [ 30.31554, 59.960074999998682 ] ] ] } },
{ "type": "Feature", "properties": { "height": 18.0, "match_type": "matched", "height_source": "source_b" }, "geometry": { "type": "Polygon", "coordinates": [ [ [ 30.315753, 59.960882999998667 ], [ 30.315843, 59.960790999998657 ], [ 30.315599, 59.960730999998653 ], [ 30.315509, 59.960821999998657 ], [ 30.315753, 59.960882999998667 ] ] ] } },
{ "type": "Feature", "properties": { "height": 18.0, "match_type": "matched", "height_source": "source_b" }, "geometry": { "type": "Polygon", "coordinates": [ [ [ 30.316557, 59.970481999998661 ], [ 30.316302, 59.970488999998651 ], [ 30.316322, 59.970653999998653 ], [ 30.316412, 59.970651999998672 ], [ 30.316378, 59.970707999998659 ], [ 30.316327, 59.970708999998664 ], [ 30.316324, 59.970669999998663 ], [ 30.315611, 59.970690999998659 ], [ 30.315616, 59.970731999998669 ], [ 30.315529, 59.970733999998664 ], [ 30.315524, 59.970693999998673 ], [ 30.314888, 59.970713999998658 ], [ 30.314894, 59.970761999998643 ], [ 30.314819, 59.970763999998653 ], [ 30.31481, 59.970691999998635 ], [ 30.314709, 59.970694999998678 ], [ 30.314517, 59.970724999998694 ], [ 30.314538, 59.97087699999868 ], [ 30.316606, 59.970811999998666 ], [ 30.316557, 59.970481999998661 ] ] ] } },
{ "type": "Feature", "properties": { "height": 21.0, "match_type": "matched", "height_source": "source_b" }, "geometry": { "type": "Polygon", "coordinates": [ [ [ 30.314813, 59.970715999998667 ], [ 30.314819, 59.970763999998653 ], [ 30.314894, 59.970761999998643 ], [ 30.314888, 59.970713999998658 ], [ 30.314813, 59.970715999998667 ] ] ] } },
{ "type": "Feature", "properties": { "height": 21.0, "match_type": "matched", "height_source": "source_b" }, "geometry": { "type": "Polygon", "coordinates": [ [ [ 30.315521, 59.970661999998661 ], [ 30.315529, 59.970733999998664 ], [ 30.315616, 59.970731999998669 ], [ 30.315607, 59.970658999998633 ], [ 30.315521, 59.970661999998661 ] ] ] } },
{ "type": "Feature", "properties": { "height": 4.5, "match_type": "matched", "height_source": "source_b" }, "geometry": { "type": "Polygon", "coordinates": [ [ [ 30.315589, 59.970659999998652 ], [ 30.315579, 59.970587999998656 ], [ 30.315523, 59.970592999998679 ], [ 30.315532, 59.970660999998678 ], [ 30.315589, 59.970659999998652 ] ] ] } },
{ "type": "Feature", "properties": { "height": 15.0, "match_type": "matched", "height_source": "source_b" }, "geometry": { "type": "Polygon", "coordinates": [ [ [ 30.315002, 59.962606999998663 ], [ 30.314886, 59.962759999998646 ], [ 30.315631, 59.962903999998645 ], [ 30.315747, 59.962749999998671 ], [ 30.315002, 59.962606999998663 ] ] ] } },
{ "type": "Feature", "properties": { "height": 4.7, "match_type": "only_a", "height_source": "ml_predicted" }, "geometry": { "type": "Polygon", "coordinates": [ [ [ 30.31567, 59.96756 ], [ 30.31579, 59.96755 ], [ 30.31566, 59.96753 ], [ 30.31567, 59.96756 ] ] ] } },
{ "type": "Feature", "properties": { "height": 6.6, "match_type": "matched", "height_source": "source_b" }, "geometry": { "type": "Polygon", "coordinates": [ [ [ 30.315735, 59.960495999998649 ], [ 30.315678, 59.960552999998647 ], [ 30.315773, 59.960576999998651 ], [ 30.315714, 59.960636999998648 ], [ 30.315805, 59.960658999998657 ], [ 30.31592, 59.960541999998668 ], [ 30.315735, 59.960495999998649 ] ] ] } },
{ "type": "Feature", "properties": { "height": 13.2, "match_type": "matched", "height_source": "source_b" }, "geometry": { "type": "Polygon", "coordinates": [ [ [ 30.315754, 59.959897999998667 ], [ 30.314623, 59.959609999998619 ], [ 30.314442, 59.959596999998674 ], [ 30.314291, 59.959734999998645 ], [ 30.315653, 59.960019999998678 ], [ 30.315754, 59.959897999998667 ] ] ] } },
{ "type": "Feature", "properties": { "height": 9.9, "match_type": "matched", "height_source": "source_b" }, "geometry": { "type": "Polygon", "coordinates": [ [ [ 30.315728, 59.962918999998678 ], [ 30.315997, 59.962967999998654 ], [ 30.316105, 59.962817999998649 ], [ 30.315837, 59.962768999998673 ], [ 30.315728, 59.962918999998678 ] ] ] } },
{ "type": "Feature", "properties": { "height": 4.5, "match_type": "matched", "height_source": "source_b" }, "geometry": { "type": "Polygon", "coordinates": [ [ [ 30.315631, 59.962903999998645 ], [ 30.315728, 59.962918999998678 ], [ 30.315787, 59.962837999998662 ], [ 30.315694, 59.962820999998634 ], [ 30.315631, 59.962903999998645 ] ] ] } },
{ "type": "Feature", "properties": { "height": 29.7, "match_type": "only_a", "height_source": "ml_predicted" }, "geometry": { "type": "Polygon", "coordinates": [ [ [ 30.3159, 59.96532 ], [ 30.31601, 59.96533 ], [ 30.31601, 59.9653 ], [ 30.31592, 59.96528 ], [ 30.3159, 59.96532 ] ] ] } },
{ "type": "Feature", "properties": { "height": 6.6, "match_type": "matched", "height_source": "source_b" }, "geometry": { "type": "Polygon", "coordinates": [ [ [ 30.315713, 59.959601999998654 ], [ 30.315888, 59.959380999998658 ], [ 30.315729, 59.959349999998651 ], [ 30.315555, 59.959568999998652 ], [ 30.315713, 59.959601999998654 ] ] ] } },
{ "type": "Feature", "properties": { "height": 13.2, "match_type": "matched", "height_source": "source_b" }, "geometry": { "type": "Polygon", "coordinates": [ [ [ 30.315231, 59.959246999998633 ], [ 30.315888, 59.959380999998658 ], [ 30.315983, 59.959260999998655 ], [ 30.315332, 59.95912799999865 ], [ 30.315231, 59.959246999998633 ] ] ] } },
{ "type": "Feature", "properties": { "height": 4.5, "match_type": "matched", "height_source": "source_b" }, "geometry": { "type": "Polygon", "coordinates": [ [ [ 30.315543, 59.959083999998654 ], [ 30.315978, 59.959170999998655 ], [ 30.316034, 59.959100999998647 ], [ 30.315599, 59.959013999998653 ], [ 30.315543, 59.959083999998654 ] ] ] } },
{ "type": "Feature", "properties": { "height": 15.0, "match_type": "matched", "height_source": "source_b" }, "geometry": { "type": "Polygon", "coordinates": [ [ [ 30.316047, 59.968063999998655 ], [ 30.315824, 59.968063999998662 ], [ 30.315824, 59.968131999998668 ], [ 30.315721, 59.968131999998654 ], [ 30.315773, 59.968222999998659 ], [ 30.316038, 59.968199999998667 ], [ 30.316047, 59.968063999998655 ] ] ] } },
{ "type": "Feature", "properties": { "height": 21.0, "match_type": "matched", "height_source": "source_b" }, "geometry": { "type": "Polygon", "coordinates": [ [ [ 30.315681, 59.968063999998655 ], [ 30.315721, 59.968131999998654 ], [ 30.315824, 59.968131999998668 ], [ 30.315824, 59.968063999998662 ], [ 30.315681, 59.968063999998655 ] ] ] } },
{ "type": "Feature", "properties": { "height": 9.9, "match_type": "matched", "height_source": "source_b" }, "geometry": { "type": "Polygon", "coordinates": [ [ [ 30.315825, 59.970247999998676 ], [ 30.316097, 59.970221999998664 ], [ 30.316029, 59.970041999998664 ], [ 30.315757, 59.970067999998676 ], [ 30.315825, 59.970247999998676 ] ] ] } },
{ "type": "Feature", "properties": { "height": 9.9, "match_type": "matched", "height_source": "source_b" }, "geometry": { "type": "Polygon", "coordinates": [ [ [ 30.31563, 59.966791999998662 ], [ 30.315275, 59.966808999998655 ], [ 30.315444, 59.967541999998666 ], [ 30.315719, 59.967528999998663 ], [ 30.315726, 59.967305999998672 ], [ 30.315693, 59.967255999998663 ], [ 30.315593, 59.967258999998663 ], [ 30.315569, 59.967145999998664 ], [ 30.315974, 59.967126999998648 ], [ 30.315992, 59.967190999998664 ], [ 30.316406, 59.967199999998648 ], [ 30.316339, 59.966881999998662 ], [ 30.316167, 59.966888999998652 ], [ 30.316152, 59.967016999998648 ], [ 30.315554, 59.967049999998679 ], [ 30.315534, 59.966934999998678 ], [ 30.315635, 59.966930999998652 ], [ 30.31563, 59.966791999998662 ] ] ] } },
{ "type": "Feature", "properties": { "height": 13.2, "match_type": "matched", "height_source": "source_b" }, "geometry": { "type": "Polygon", "coordinates": [ [ [ 30.315879, 59.970479999998673 ], [ 30.316205, 59.970448999998645 ], [ 30.316118, 59.970219999998655 ], [ 30.315792, 59.970250999998662 ], [ 30.315879, 59.970479999998673 ] ] ] } },
{ "type": "Feature", "properties": { "height": 13.2, "match_type": "matched", "height_source": "source_b" }, "geometry": { "type": "Polygon", "coordinates": [ [ [ 30.315633, 59.969669999998658 ], [ 30.315671, 59.969744999998674 ], [ 30.31572, 59.969737999998657 ], [ 30.315682, 59.969662999998668 ], [ 30.315633, 59.969669999998658 ] ] ] } },
{ "type": "Feature", "properties": { "height": 24.0, "match_type": "matched", "height_source": "source_b" }, "geometry": { "type": "Polygon", "coordinates": [ [ [ 30.315747, 59.96992799999866 ], [ 30.315883, 59.969906999998663 ], [ 30.315831, 59.969819999998663 ], [ 30.315695, 59.969840999998667 ], [ 30.315747, 59.96992799999866 ] ] ] } },
{ "type": "Feature", "properties": { "height": 4.5, "match_type": "only_b", "height_source": "source_b" }, "geometry": { "type": "Polygon", "coordinates": [ [ [ 30.304262, 59.97087099999866 ], [ 30.304358, 59.970871999998664 ], [ 30.304361, 59.97081999999866 ], [ 30.304265, 59.970817999998665 ], [ 30.304262, 59.97087099999866 ] ] ] } },
{ "type": "Feature", "properties": { "height": 15.0, "match_type": "matched", "height_source": "source_b" }, "geometry": { "type": "Polygon", "coordinates": [ [ [ 30.304292, 59.970090999998668 ], [ 30.304267, 59.970167999998665 ], [ 30.304395, 59.970177999998654 ], [ 30.304484, 59.970106999998663 ], [ 30.304292, 59.970090999998668 ] ] ] } },
{ "type": "Feature", "properties": { "height": 13.2, "match_type": "matched", "height_source": "source_b" }, "geometry": { "type": "Polygon", "coordinates": [ [ [ 30.30436, 59.969885999998681 ], [ 30.304191, 59.969928999998658 ], [ 30.304161, 59.970023999998681 ], [ 30.304265, 59.970084999998669 ], [ 30.304484, 59.970106999998663 ], [ 30.304395, 59.970177999998654 ], [ 30.304267, 59.970167999998665 ], [ 30.304234, 59.970264999998669 ], [ 30.304292, 59.970316999998644 ], [ 30.304582, 59.970301999998661 ], [ 30.304663, 59.969910999998667 ], [ 30.30436, 59.969885999998681 ] ] ] } },
{ "type": "Feature", "properties": { "height": 4.5, "match_type": "matched", "height_source": "source_b" }, "geometry": { "type": "Polygon", "coordinates": [ [ [ 30.304821, 59.963193999998687 ], [ 30.3049, 59.963162999998637 ], [ 30.304846, 59.963127999998655 ], [ 30.304763, 59.963159999998666 ], [ 30.304821, 59.963193999998687 ] ] ] } },
{ "type": "Feature", "properties": { "height": 18.0, "match_type": "matched", "height_source": "source_b" }, "geometry": { "type": "Polygon", "coordinates": [ [ [ 30.305139, 59.970147999998652 ], [ 30.305201, 59.970028999998675 ], [ 30.305067, 59.969997999998654 ], [ 30.305023, 59.970138999998653 ], [ 30.305139, 59.970147999998652 ] ] ] } },
{ "type": "Feature", "properties": { "height": 4.5, "match_type": "matched", "height_source": "source_b" }, "geometry": { "type": "Polygon", "coordinates": [ [ [ 30.30747, 59.966301999998642 ], [ 30.307558, 59.966265999998669 ], [ 30.307386, 59.966251999998647 ], [ 30.30747, 59.966301999998642 ] ] ] } },
{ "type": "Feature", "properties": { "height": 4.5, "match_type": "matched", "height_source": "source_b" }, "geometry": { "type": "Polygon", "coordinates": [ [ [ 30.307898, 59.970134999998663 ], [ 30.30784, 59.970215999998679 ], [ 30.308068, 59.970205999998676 ], [ 30.30809, 59.970155999998653 ], [ 30.307898, 59.970134999998663 ] ] ] } },
{ "type": "Feature", "properties": { "height": 4.5, "match_type": "matched", "height_source": "source_b" }, "geometry": { "type": "Polygon", "coordinates": [ [ [ 30.308368, 59.964325999998671 ], [ 30.308311, 59.964350999998665 ], [ 30.308511, 59.964465999998652 ], [ 30.308562, 59.96444299999866 ], [ 30.308368, 59.964325999998671 ] ] ] } },
{ "type": "Feature", "properties": { "height": 4.5, "match_type": "matched", "height_source": "source_b" }, "geometry": { "type": "Polygon", "coordinates": [ [ [ 30.309738, 59.965396999998667 ], [ 30.309816, 59.965440999998677 ], [ 30.309939, 59.965359999998661 ], [ 30.309892, 59.965331999998654 ], [ 30.309738, 59.965396999998667 ] ] ] } },
{ "type": "Feature", "properties": { "height": 4.5, "match_type": "only_b", "height_source": "source_b" }, "geometry": { "type": "Polygon", "coordinates": [ [ [ 30.309995, 59.965488999998648 ], [ 30.309905, 59.965528999998668 ], [ 30.310172, 59.965682999998663 ], [ 30.310262, 59.965643999998662 ], [ 30.309995, 59.965488999998648 ] ] ] } },
{ "type": "Feature", "properties": { "height": 4.5, "match_type": "only_b", "height_source": "source_b" }, "geometry": { "type": "Polygon", "coordinates": [ [ [ 30.310168, 59.966105999998646 ], [ 30.309896, 59.966399999998664 ], [ 30.310029, 59.966430999998643 ], [ 30.310302, 59.966136999998668 ], [ 30.310168, 59.966105999998646 ] ] ] } },
{ "type": "Feature", "properties": { "height": 18.0, "match_type": "matched", "height_source": "source_b" }, "geometry": { "type": "Polygon", "coordinates": [ [ [ 30.31177, 59.960285999998675 ], [ 30.311792, 59.960251999998668 ], [ 30.311746, 59.960268999998647 ], [ 30.31177, 59.960285999998675 ] ] ] } },
{ "type": "Feature", "properties": { "height": 4.5, "match_type": "only_b", "height_source": "source_b" }, "geometry": { "type": "Polygon", "coordinates": [ [ [ 30.311853, 59.966905999998666 ], [ 30.311803, 59.966954999998656 ], [ 30.311948, 59.966991999998648 ], [ 30.311997, 59.966942999998658 ], [ 30.311853, 59.966905999998666 ] ] ] } },
{ "type": "Feature", "properties": { "height": 4.5, "match_type": "matched", "height_source": "source_b" }, "geometry": { "type": "Polygon", "coordinates": [ [ [ 30.312325, 59.96100099999866 ], [ 30.312414, 59.961023999998666 ], [ 30.312483, 59.960955999998653 ], [ 30.312393, 59.960932999998676 ], [ 30.312325, 59.96100099999866 ] ] ] } },
{ "type": "Feature", "properties": { "height": 24.0, "match_type": "matched", "height_source": "source_b" }, "geometry": { "type": "Polygon", "coordinates": [ [ [ 30.312588, 59.965834999998656 ], [ 30.31255, 59.965811999998657 ], [ 30.312497, 59.965834999998656 ], [ 30.312535, 59.965856999998664 ], [ 30.312588, 59.965834999998656 ] ] ] } },
{ "type": "Feature", "properties": { "height": 24.0, "match_type": "matched", "height_source": "source_b" }, "geometry": { "type": "Polygon", "coordinates": [ [ [ 30.312707, 59.965703999998674 ], [ 30.312669, 59.965681999998651 ], [ 30.312616, 59.965703999998674 ], [ 30.312669, 59.965726999998658 ], [ 30.312707, 59.965703999998674 ] ] ] } },
{ "type": "Feature", "properties": { "height": 4.5, "match_type": "only_b", "height_source": "source_b" }, "geometry": { "type": "Polygon", "coordinates": [ [ [ 30.313882, 59.965871999998662 ], [ 30.313815, 59.96588099999866 ], [ 30.313902, 59.965908999998682 ], [ 30.313882, 59.965871999998662 ] ] ] } },
{ "type": "Feature", "properties": { "height": 9.9, "match_type": "matched", "height_source": "source_b" }, "geometry": { "type": "Polygon", "coordinates": [ [ [ 30.31415, 59.961347999998658 ], [ 30.314295, 59.961379999998648 ], [ 30.314324, 59.961346999998646 ], [ 30.3142, 59.961294999998657 ], [ 30.31415, 59.961347999998658 ] ] ] } },
{ "type": "Feature", "properties": { "height": 4.5, "match_type": "matched", "height_source": "source_b" }, "geometry": { "type": "Polygon", "coordinates": [ [ [ 30.314359, 59.965963999998657 ], [ 30.31422, 59.965973999998674 ], [ 30.314237, 59.96602899999867 ], [ 30.314376, 59.966018999998681 ], [ 30.314359, 59.965963999998657 ] ] ] } },
{ "type": "Feature", "properties": { "height": 4.5, "match_type": "matched", "height_source": "source_b" }, "geometry": { "type": "Polygon", "coordinates": [ [ [ 30.314792, 59.968207999998675 ], [ 30.314883, 59.968196999998653 ], [ 30.314852, 59.968132999998673 ], [ 30.314761, 59.968143999998652 ], [ 30.314792, 59.968207999998675 ] ] ] } },
{ "type": "Feature", "properties": { "height": 33.0, "match_type": "matched", "height_source": "source_b" }, "geometry": { "type": "Polygon", "coordinates": [ [ [ 30.315245, 59.964955999998651 ], [ 30.315184, 59.964921999998687 ], [ 30.315108, 59.964955999998644 ], [ 30.315169, 59.964990999998662 ], [ 30.315245, 59.964955999998651 ] ] ] } },
{ "type": "Feature", "properties": { "height": 4.5, "match_type": "matched", "height_source": "source_b" }, "geometry": { "type": "Polygon", "coordinates": [ [ [ 30.315282, 59.968080999998655 ], [ 30.315306, 59.968129999998673 ], [ 30.315431, 59.968113999998657 ], [ 30.315407, 59.968065999998657 ], [ 30.315282, 59.968080999998655 ] ] ] } },
{ "type": "Feature", "properties": { "height": 4.5, "match_type": "matched", "height_source": "source_b" }, "geometry": { "type": "Polygon", "coordinates": [ [ [ 30.31562, 59.960735999998661 ], [ 30.31572, 59.960760999998669 ], [ 30.315771, 59.960708999998651 ], [ 30.315672, 59.960683999998658 ], [ 30.31562, 59.960735999998661 ] ] ] } },
{ "type": "Feature", "properties": { "height": 4.5, "match_type": "matched", "height_source": "source_b" }, "geometry": { "type": "Polygon", "coordinates": [ [ [ 30.315696, 59.970688999998664 ], [ 30.315887, 59.970682999998679 ], [ 30.315692, 59.970658999998648 ], [ 30.315696, 59.970688999998664 ] ] ] } }
]
}
