{
"type": "FeatureCollection",
"name": "primorsky",
"crs": { "type": "name", "properties": { "name": "urn:ogc:def:crs:OGC:1.3:CRS84" } },
"features": [
{ "type": "Feature", "properties": { "height": 9.9, "match_type": "matched", "height_source": "source_b" }, "geometry": { "type": "Polygon", "coordinates": [ [ [ 30.244692, 59.984734999998679 ], [ 30.243768, 59.984756999998666 ], [ 30.243806, 59.985236999998641 ], [ 30.243898, 59.985234999998674 ], [ 30.243936, 59.985691999998664 ], [ 30.244769, 59.985671999998672 ], [ 30.244692, 59.984734999998679 ] ] ] } },
{ "type": "Feature", "properties": { "height": 6.6, "match_type": "matched", "height_source": "source_b" }, "geometry": { "type": "Polygon", "coordinates": [ [ [ 30.244726, 59.986295999998646 ], [ 30.244044, 59.986315999998659 ], [ 30.244081, 59.986678999998681 ], [ 30.244531, 59.986666999998661 ], [ 30.244516, 59.9865219999987 ], [ 30.244749, 59.986514999998661 ], [ 30.244726, 59.986295999998646 ] ] ] } },
{ "type": "Feature", "properties": { "height": 4.5, "match_type": "matched", "height_source": "source_b" }, "geometry": { "type": "Polygon", "coordinates": [ [ [ 30.244101, 59.987904999998662 ], [ 30.244, 59.987905999998674 ], [ 30.24429, 59.98859299999868 ], [ 30.244395, 59.988581999998679 ], [ 30.244101, 59.987904999998662 ] ] ] } },
{ "type": "Feature", "properties": { "height": 4.5, "match_type": "matched", "height_source": "source_b" }, "geometry": { "type": "Polygon", "coordinates": [ [ [ 30.245906, 59.988945999998663 ], [ 30.245796, 59.988832999998678 ], [ 30.244533, 59.988851999998673 ], [ 30.244451, 59.988669999998685 ], [ 30.244312, 59.988678999998676 ], [ 30.244421, 59.98891399999868 ], [ 30.245906, 59.988945999998663 ] ] ] } },
{ "type": "Feature", "properties": { "height": 8.0, "match_type": "matched", "height_source": "source_b" }, "geometry": { "type": "Polygon", "coordinates": [ [ [ 30.244283, 59.991938999998666 ], [ 30.244921, 59.991872999998662 ], [ 30.244916, 59.99180799999867 ], [ 30.245742, 59.991832999998692 ], [ 30.245681, 59.991132999998648 ], [ 30.244874, 59.991149999998676 ], [ 30.244864, 59.991038999998672 ], [ 30.244206, 59.991053999998691 ], [ 30.244283, 59.991938999998666 ] ] ] } },
{ "type": "Feature", "properties": { "height": 4.3, "match_type": "only_a", "height_source": "ml_predicted" }, "geometry": { "type": "Polygon", "coordinates": [ [ [ 30.24427, 59.98428 ], [ 30.24461, 59.98427 ], [ 30.2446, 59.9842 ], [ 30.24426, 59.98421 ], [ 30.24427, 59.98428 ] ] ] } },
{ "type": "Feature", "properties": { "height": 13.2, "match_type": "matched", "height_source": "source_b" }, "geometry": { "type": "Polygon", "coordinates": [ [ [ 30.244771, 59.987151999998673 ], [ 30.245037, 59.987145999998688 ], [ 30.245025, 59.987020999998663 ], [ 30.244759, 59.987026999998662 ], [ 30.244771, 59.987151999998673 ] ] ] } },
{ "type": "Feature", "properties": { "height": 9.9, "match_type": "matched", "height_source": "source_b" }, "geometry": { "type": "Polygon", "coordinates": [ [ [ 30.2451, 59.986962999998646 ], [ 30.244312, 59.986978999998676 ], [ 30.244249, 59.987011999998678 ], [ 30.244261, 59.987175999998662 ], [ 30.244341, 59.987174999998622 ], [ 30.244345, 59.987218999998682 ], [ 30.245118, 59.987201999998653 ], [ 30.2451, 59.986962999998646 ] ], [ [ 30.244771, 59.987151999998673 ], [ 30.244759, 59.987026999998662 ], [ 30.245025, 59.987020999998663 ], [ 30.245037, 59.987145999998688 ], [ 30.244771, 59.987151999998673 ] ], [ [ 30.244619, 59.987088999998662 ], [ 30.244507, 59.987144999998698 ], [ 30.244395, 59.987088999998655 ], [ 30.244507, 59.987032999998661 ], [ 30.244619, 59.987088999998662 ] ] ] } },
{ "type": "Feature", "properties": { "height": 13.2, "match_type": "matched", "height_source": "source_b" }, "geometry": { "type": "Polygon", "coordinates": [ [ [ 30.244619, 59.987088999998662 ], [ 30.244507, 59.987032999998661 ], [ 30.244395, 59.987088999998655 ], [ 30.244507, 59.987144999998698 ], [ 30.244619, 59.987088999998662 ] ] ] } },
{ "type": "Feature", "properties": { "height": 15.0, "match_type": "matched", "height_source": "source_b" }, "geometry": { "type": "Polygon", "coordinates": [ [ [ 30.244929, 59.993744999998675 ], [ 30.244926, 59.993705999998681 ], [ 30.244796, 59.993708999998681 ], [ 30.244799, 59.993747999998661 ], [ 30.244929, 59.993744999998675 ] ] ] } },
{ "type": "Feature", "properties": { "height": 15.0, "match_type": "matched", "height_source": "source_b" }, "geometry": { "type": "Polygon", "coordinates": [ [ [ 30.244863, 59.993027999998674 ], [ 30.24486, 59.992989999998677 ], [ 30.244731, 59.992992999998663 ], [ 30.244734, 59.993030999998659 ], [ 30.244863, 59.993027999998674 ] ] ] } },
{ "type": "Feature", "properties": { "height": 15.0, "match_type": "matched", "height_source": "source_b" }, "geometry": { "type": "Polygon", "coordinates": [ [ [ 30.244955, 59.994028999998676 ], [ 30.244825, 59.994031999998676 ], [ 30.244829, 59.994075999998671 ], [ 30.244959, 59.994072999998671 ], [ 30.244955, 59.994028999998676 ] ] ] } },
{ "type": "Feature", "properties": { "height": 6.6, "match_type": "matched", "height_source": "source_b" }, "geometry": { "type": "Polygon", "coordinates": [ [ [ 30.244915, 59.993586999998669 ], [ 30.245285, 59.993578999998661 ], [ 30.245268, 59.993395999998675 ], [ 30.244898, 59.993404999998653 ], [ 30.244915, 59.993586999998669 ] ] ] } },
{ "type": "Feature", "properties": { "height": 15.0, "match_type": "matched", "height_source": "source_b" }, "geometry": { "type": "Polygon", "coordinates": [ [ [ 30.244898, 59.993404999998653 ], [ 30.244895, 59.993368999998673 ], [ 30.244772, 59.993371999998658 ], [ 30.244776, 59.993406999998662 ], [ 30.244898, 59.993404999998653 ] ] ] } },
{ "type": "Feature", "properties": { "height": 13.2, "match_type": "matched", "height_source": "source_b" }, "geometry": { "type": "Polygon", "coordinates": [ [ [ 30.244955, 59.994028999998676 ], [ 30.244929, 59.993744999998675 ], [ 30.244799, 59.993747999998661 ], [ 30.244796, 59.993708999998681 ], [ 30.244926, 59.993705999998681 ], [ 30.244898, 59.993404999998653 ], [ 30.244776, 59.993406999998662 ], [ 30.244772, 59.993371999998658 ], [ 30.244895, 59.993368999998673 ], [ 30.244863, 59.993027999998674 ], [ 30.244734, 59.993030999998659 ], [ 30.244731, 59.992992999998663 ], [ 30.24486, 59.992989999998677 ], [ 30.244853, 59.992914999998682 ], [ 30.24432, 59.99292699999868 ], [ 30.244441, 59.994242999998683 ], [ 30.244974, 59.994230999998663 ], [ 30.244959, 59.994072999998671 ], [ 30.244829, 59.994075999998671 ], [ 30.244825, 59.994031999998676 ], [ 30.244955, 59.994028999998676 ] ] ] } },
{ "type": "Feature", "properties": { "height": 4.0, "match_type": "matched", "height_source": "source_b" }, "geometry": { "type": "Polygon", "coordinates": [ [ [ 30.24433, 59.991937999998676 ], [ 30.244339, 59.99203899999867 ], [ 30.246012, 59.991963999998639 ], [ 30.245957, 59.991332999998676 ], [ 30.245699, 59.991338999998646 ], [ 30.245742, 59.991832999998692 ], [ 30.244916, 59.99180799999867 ], [ 30.244921, 59.991872999998662 ], [ 30.24433, 59.991937999998676 ] ] ] } },
{ "type": "Feature", "properties": { "height": 8.0, "match_type": "matched", "height_source": "source_b" }, "geometry": { "type": "Polygon", "coordinates": [ [ [ 30.244601, 59.992377999998673 ], [ 30.244314, 59.992439999998666 ], [ 30.244415, 59.992558999998693 ], [ 30.244703, 59.99249799999869 ], [ 30.244601, 59.992377999998673 ] ] ] } },
{ "type": "Feature", "properties": { "height": 4.5, "match_type": "matched", "height_source": "source_b" }, "geometry": { "type": "Polygon", "coordinates": [ [ [ 30.244634, 59.985950999998678 ], [ 30.24421, 59.985964999998657 ], [ 30.244221, 59.986047999998654 ], [ 30.244644, 59.986033999998668 ], [ 30.244634, 59.985950999998678 ] ] ] } },
{ "type": "Feature", "properties": { "height": 13.2, "match_type": "matched", "height_source": "source_b" }, "geometry": { "type": "Polygon", "coordinates": [ [ [ 30.245417, 59.989634999998664 ], [ 30.244276, 59.989668999998663 ], [ 30.244288, 59.989787999998676 ], [ 30.244163, 59.98979199999868 ], [ 30.244242, 59.990513999998655 ], [ 30.244514, 59.990505999998675 ], [ 30.244436, 59.989785999998681 ], [ 30.24543, 59.989756999998669 ], [ 30.245417, 59.989634999998664 ] ] ] } },
{ "type": "Feature", "properties": { "height": 4.5, "match_type": "matched", "height_source": "source_b" }, "geometry": { "type": "Polygon", "coordinates": [ [ [ 30.245098, 59.995034999998687 ], [ 30.244491, 59.995050999998668 ], [ 30.244495, 59.99510799999868 ], [ 30.245105, 59.995091999998657 ], [ 30.245098, 59.995034999998687 ] ] ] } },
{ "type": "Feature", "properties": { "height": 4.5, "match_type": "matched", "height_source": "source_b" }, "geometry": { "type": "Polygon", "coordinates": [ [ [ 30.245127, 59.99516099999866 ], [ 30.244525, 59.995181999998664 ], [ 30.244539, 59.995285999998657 ], [ 30.245141, 59.995263999998649 ], [ 30.245127, 59.99516099999866 ] ] ] } },
{ "type": "Feature", "properties": { "height": 4.5, "match_type": "matched", "height_source": "source_b" }, "geometry": { "type": "Polygon", "coordinates": [ [ [ 30.245137, 59.995341999998651 ], [ 30.244535, 59.995355999998665 ], [ 30.244545, 59.995465999998657 ], [ 30.245147, 59.995450999998639 ], [ 30.245137, 59.995341999998651 ] ] ] } },
{ "type": "Feature", "properties": { "height": 4.5, "match_type": "matched", "height_source": "source_b" }, "geometry": { "type": "Polygon", "coordinates": [ [ [ 30.245296, 59.995698999998666 ], [ 30.244586, 59.995710999998671 ], [ 30.244593, 59.995823999998649 ], [ 30.245303, 59.99581299999867 ], [ 30.245296, 59.995698999998666 ] ] ] } },
{ "type": "Feature", "properties": { "height": 4.5, "match_type": "matched", "height_source": "source_b" }, "geometry": { "type": "Polygon", "coordinates": [ [ [ 30.245308, 59.995885999998663 ], [ 30.24459, 59.995903999998681 ], [ 30.244603, 59.996021999998668 ], [ 30.24531, 59.99600699999867 ], [ 30.245308, 59.995885999998663 ] ] ] } },
{ "type": "Feature", "properties": { "height": 4.5, "match_type": "matched", "height_source": "source_b" }, "geometry": { "type": "Polygon", "coordinates": [ [ [ 30.244608, 59.994615999998679 ], [ 30.244494, 59.994615999998665 ], [ 30.244495, 59.994681999998676 ], [ 30.244609, 59.994679999998667 ], [ 30.244608, 59.994615999998679 ] ] ] } },
{ "type": "Feature", "properties": { "height": 4.5, "match_type": "matched", "height_source": "source_b" }, "geometry": { "type": "Polygon", "coordinates": [ [ [ 30.244469, 59.987949999998662 ], [ 30.244261, 59.98797499999867 ], [ 30.244537, 59.988570999998657 ], [ 30.244746, 59.98854499999868 ], [ 30.244469, 59.987949999998662 ] ] ] } },
{ "type": "Feature", "properties": { "height": 12.0, "match_type": "matched", "height_source": "source_b" }, "geometry": { "type": "Polygon", "coordinates": [ [ [ 30.244703, 59.99249799999869 ], [ 30.245504, 59.992325999998684 ], [ 30.245401, 59.992205999998703 ], [ 30.244601, 59.992377999998673 ], [ 30.244703, 59.99249799999869 ] ] ] } },
{ "type": "Feature", "properties": { "height": 4.5, "match_type": "matched", "height_source": "source_b" }, "geometry": { "type": "Polygon", "coordinates": [ [ [ 30.244798, 59.988608999998668 ], [ 30.244524, 59.988664999998676 ], [ 30.244592, 59.988816999998662 ], [ 30.244823, 59.988811999998667 ], [ 30.244798, 59.988608999998668 ] ] ] } },
{ "type": "Feature", "properties": { "height": 4.0, "match_type": "matched", "height_source": "source_b" }, "geometry": { "type": "Polygon", "coordinates": [ [ [ 30.244855, 59.990934999998657 ], [ 30.24486, 59.990984999998652 ], [ 30.244934, 59.990982999998693 ], [ 30.244931, 59.990933999998653 ], [ 30.244855, 59.990934999998657 ] ] ] } },
{ "type": "Feature", "properties": { "height": 12.0, "match_type": "matched", "height_source": "source_b" }, "geometry": { "type": "Polygon", "coordinates": [ [ [ 30.244206, 59.991053999998691 ], [ 30.244864, 59.991038999998672 ], [ 30.244855, 59.990934999998657 ], [ 30.244197, 59.990949999998676 ], [ 30.244206, 59.991053999998691 ] ] ] } },
{ "type": "Feature", "properties": { "height": 4.5, "match_type": "matched", "height_source": "source_b" }, "geometry": { "type": "Polygon", "coordinates": [ [ [ 30.244679, 59.987951999998657 ], [ 30.244573, 59.987962999998672 ], [ 30.24488, 59.988505999998679 ], [ 30.244983, 59.988493999998688 ], [ 30.244679, 59.987951999998657 ] ] ] } },
{ "type": "Feature", "properties": { "height": 6.6, "match_type": "matched", "height_source": "source_b" }, "geometry": { "type": "Polygon", "coordinates": [ [ [ 30.245686, 59.984716999998689 ], [ 30.245012, 59.984730999998654 ], [ 30.245043, 59.985090999998654 ], [ 30.245954, 59.98503899999865 ], [ 30.245945, 59.984932999998676 ], [ 30.245508, 59.984941999998661 ], [ 30.245495, 59.984790999998673 ], [ 30.245692, 59.984786999998647 ], [ 30.245686, 59.984716999998689 ] ] ] } },
{ "type": "Feature", "properties": { "height": 9.9, "match_type": "matched", "height_source": "source_b" }, "geometry": { "type": "Polygon", "coordinates": [ [ [ 30.245686, 59.984716999998689 ], [ 30.245692, 59.984786999998647 ], [ 30.245495, 59.984790999998673 ], [ 30.245508, 59.984941999998661 ], [ 30.245945, 59.984932999998676 ], [ 30.245954, 59.98503899999865 ], [ 30.245412, 59.985049999998679 ], [ 30.24542, 59.985140999998656 ], [ 30.246416, 59.985119999998666 ], [ 30.246391, 59.984831999998654 ], [ 30.246552, 59.984827999998664 ], [ 30.24654, 59.984684999998677 ], [ 30.245686, 59.984716999998689 ] ] ] } },
{ "type": "Feature", "properties": { "height": 6.6, "match_type": "matched", "height_source": "source_b" }, "geometry": { "type": "Polygon", "coordinates": [ [ [ 30.246416, 59.985119999998666 ], [ 30.246577, 59.985115999998662 ], [ 30.246552, 59.984827999998664 ], [ 30.246391, 59.984831999998654 ], [ 30.246416, 59.985119999998666 ] ] ] } },
{ "type": "Feature", "properties": { "height": 4.5, "match_type": "matched", "height_source": "source_b" }, "geometry": { "type": "Polygon", "coordinates": [ [ [ 30.245079, 59.988566999998653 ], [ 30.244905, 59.988580999998675 ], [ 30.24497, 59.988785999998669 ], [ 30.24515, 59.988788999998668 ], [ 30.245079, 59.988566999998653 ] ] ] } },
{ "type": "Feature", "properties": { "height": 4.5, "match_type": "matched", "height_source": "source_b" }, "geometry": { "type": "Polygon", "coordinates": [ [ [ 30.245068, 59.98792899999868 ], [ 30.244826, 59.987954999998664 ], [ 30.245158, 59.988500999998649 ], [ 30.24537, 59.988467999998647 ], [ 30.245068, 59.98792899999868 ] ] ] } },
{ "type": "Feature", "properties": { "height": 4.0, "match_type": "matched", "height_source": "source_b" }, "geometry": { "type": "Polygon", "coordinates": [ [ [ 30.245312, 59.99236699999868 ], [ 30.245037, 59.992425999998673 ], [ 30.245104, 59.992503999998661 ], [ 30.245374, 59.992445999998665 ], [ 30.245312, 59.99236699999868 ] ] ] } },
{ "type": "Feature", "properties": { "height": 4.5, "match_type": "only_a", "height_source": "ml_predicted" }, "geometry": { "type": "Polygon", "coordinates": [ [ [ 30.24513, 59.99478 ], [ 30.24503, 59.99478 ], [ 30.24504, 59.99484 ], [ 30.24514, 59.99484 ], [ 30.24513, 59.99478 ] ] ] } },
{ "type": "Feature", "properties": { "height": 12.0, "match_type": "matched", "height_source": "source_b" }, "geometry": { "type": "Polygon", "coordinates": [ [ [ 30.247096, 59.994671999998673 ], [ 30.247085, 59.994540999998677 ], [ 30.246424, 59.994554999998684 ], [ 30.246436, 59.994685999998666 ], [ 30.247096, 59.994671999998673 ] ] ] } },
{ "type": "Feature", "properties": { "height": 8.0, "match_type": "matched", "height_source": "source_b" }, "geometry": { "type": "Polygon", "coordinates": [ [ [ 30.24708, 59.994481999998676 ], [ 30.245129, 59.994525999998679 ], [ 30.245158, 59.994869999998677 ], [ 30.247109, 59.994826999998665 ], [ 30.247096, 59.994671999998673 ], [ 30.246436, 59.994685999998666 ], [ 30.246424, 59.994554999998684 ], [ 30.247085, 59.994540999998677 ], [ 30.24708, 59.994481999998676 ] ] ] } },
{ "type": "Feature", "properties": { "height": 4.4, "match_type": "only_a", "height_source": "ml_predicted" }, "geometry": { "type": "Polygon", "coordinates": [ [ [ 30.24515, 59.98669 ], [ 30.24514, 59.98661 ], [ 30.24498, 59.98662 ], [ 30.24498, 59.9867 ], [ 30.24515, 59.98669 ] ] ] } },
{ "type": "Feature", "properties": { "height": 4.5, "match_type": "matched", "height_source": "source_b" }, "geometry": { "type": "Polygon", "coordinates": [ [ [ 30.245139, 59.995525999998677 ], [ 30.244538, 59.995539999998655 ], [ 30.244548, 59.995649999998648 ], [ 30.245149, 59.995635999998655 ], [ 30.245139, 59.995525999998677 ] ] ] } },
{ "type": "Feature", "properties": { "height": 15.0, "match_type": "matched", "height_source": "source_b" }, "geometry": { "type": "Polygon", "coordinates": [ [ [ 30.245239, 59.985290999998654 ], [ 30.244919, 59.985303999998663 ], [ 30.245005, 59.985868999998665 ], [ 30.244963, 59.985952999998666 ], [ 30.245095, 59.986031999998673 ], [ 30.245283, 59.986020999998665 ], [ 30.245376, 59.985942999998663 ], [ 30.245313, 59.985857999998657 ], [ 30.245239, 59.985290999998654 ] ] ] } },
{ "type": "Feature", "properties": { "height": 4.5, "match_type": "matched", "height_source": "source_b" }, "geometry": { "type": "Polygon", "coordinates": [ [ [ 30.245359, 59.987952999998669 ], [ 30.245238, 59.987966999998662 ], [ 30.245474, 59.98844099999868 ], [ 30.245595, 59.988424999998664 ], [ 30.245359, 59.987952999998669 ] ] ] } },
{ "type": "Feature", "properties": { "height": 4.4, "match_type": "only_a", "height_source": "ml_predicted" }, "geometry": { "type": "Polygon", "coordinates": [ [ [ 30.24534, 59.99407 ], [ 30.24536, 59.99428 ], [ 30.24547, 59.99428 ], [ 30.24545, 59.99406 ], [ 30.24534, 59.99407 ] ] ] } },
{ "type": "Feature", "properties": { "height": 6.6, "match_type": "only_a", "height_source": "ml_predicted" }, "geometry": { "type": "Polygon", "coordinates": [ [ [ 30.24534, 59.99602 ], [ 30.24545, 59.99599 ], [ 30.24545, 59.99585 ], [ 30.2453, 59.99586 ], [ 30.24534, 59.99602 ] ] ] } },
{ "type": "Feature", "properties": { "height": 4.5, "match_type": "matched", "height_source": "source_b" }, "geometry": { "type": "Polygon", "coordinates": [ [ [ 30.245475, 59.988522999998622 ], [ 30.245192, 59.988562999998649 ], [ 30.245325, 59.988802999998661 ], [ 30.245623, 59.988786999998673 ], [ 30.245475, 59.988522999998622 ] ] ] } },
{ "type": "Feature", "properties": { "height": 4.5, "match_type": "matched", "height_source": "source_b" }, "geometry": { "type": "Polygon", "coordinates": [ [ [ 30.245948, 59.992677999998676 ], [ 30.245478, 59.992678999998681 ], [ 30.245479, 59.992759999998668 ], [ 30.245948, 59.992758999998692 ], [ 30.245948, 59.992677999998676 ] ] ] } },
{ "type": "Feature", "properties": { "height": 4.5, "match_type": "matched", "height_source": "source_b" }, "geometry": { "type": "Polygon", "coordinates": [ [ [ 30.245465, 59.995016999998676 ], [ 30.24524, 59.995023999998679 ], [ 30.245276, 59.995459999998673 ], [ 30.245501, 59.995453999998674 ], [ 30.245465, 59.995016999998676 ] ] ] } },
{ "type": "Feature", "properties": { "height": 4.5, "match_type": "matched", "height_source": "source_b" }, "geometry": { "type": "Polygon", "coordinates": [ [ [ 30.245472, 59.995504999998658 ], [ 30.245327, 59.995508999998663 ], [ 30.245339, 59.995630999998674 ], [ 30.245484, 59.995625999998666 ], [ 30.245472, 59.995504999998658 ] ] ] } },
{ "type": "Feature", "properties": { "height": 4.5, "match_type": "matched", "height_source": "source_b" }, "geometry": { "type": "Polygon", "coordinates": [ [ [ 30.246064, 59.988960999998675 ], [ 30.245648, 59.988505999998679 ], [ 30.245521, 59.988535999998675 ], [ 30.24593, 59.988971999998668 ], [ 30.246064, 59.988960999998675 ] ] ] } },
{ "type": "Feature", "properties": { "height": 12.0, "match_type": "matched", "height_source": "source_b" }, "geometry": { "type": "Polygon", "coordinates": [ [ [ 30.245957, 59.991332999998676 ], [ 30.245945, 59.99119299999866 ], [ 30.245687, 59.991197999998676 ], [ 30.245699, 59.991338999998646 ], [ 30.245957, 59.991332999998676 ] ] ] } },
{ "type": "Feature", "properties": { "height": 21.0, "match_type": "matched", "height_source": "source_b" }, "geometry": { "type": "Polygon", "coordinates": [ [ [ 30.2457, 59.995963999998679 ], [ 30.247082, 59.995935999998672 ], [ 30.247055, 59.995548999998668 ], [ 30.246416, 59.995559999998683 ], [ 30.24642, 59.995620999998671 ], [ 30.245785, 59.995631999998665 ], [ 30.245781, 59.995570999998677 ], [ 30.245668, 59.995572999998672 ], [ 30.2457, 59.995963999998679 ] ] ] } },
{ "type": "Feature", "properties": { "height": 24.5, "match_type": "matched", "height_source": "source_b" }, "geometry": { "type": "Polygon", "coordinates": [ [ [ 30.245813, 59.99596199999867 ], [ 30.245819, 59.99605599999866 ], [ 30.245951, 59.996053999998679 ], [ 30.245948, 59.99600999999867 ], [ 30.246466, 59.996000999998664 ], [ 30.246462, 59.995946999998679 ], [ 30.245813, 59.99596199999867 ] ] ] } },
{ "type": "Feature", "properties": { "height": 24.5, "match_type": "matched", "height_source": "source_b" }, "geometry": { "type": "Polygon", "coordinates": [ [ [ 30.245781, 59.995570999998677 ], [ 30.245785, 59.995631999998665 ], [ 30.24642, 59.995620999998671 ], [ 30.246416, 59.995559999998683 ], [ 30.245781, 59.995570999998677 ] ] ] } },
{ "type": "Feature", "properties": { "height": 4.5, "match_type": "matched", "height_source": "source_b" }, "geometry": { "type": "Polygon", "coordinates": [ [ [ 30.247255, 59.98694599999866 ], [ 30.245781, 59.986953999998661 ], [ 30.245782, 59.987010999998645 ], [ 30.247254, 59.987002999998666 ], [ 30.247255, 59.98694599999866 ] ] ] } },
{ "type": "Feature", "properties": { "height": 12.5, "match_type": "only_a", "height_source": "ml_predicted" }, "geometry": { "type": "Polygon", "coordinates": [ [ [ 30.2458, 59.99596 ], [ 30.24569, 59.99596 ], [ 30.24566, 59.99558 ], [ 30.24558, 59.99558 ], [ 30.24562, 59.99608 ], [ 30.24581, 59.99607 ], [ 30.2458, 59.99596 ] ] ] } },
{ "type": "Feature", "properties": { "height": 4.5, "match_type": "matched", "height_source": "source_b" }, "geometry": { "type": "Polygon", "coordinates": [ [ [ 30.245817, 59.995026999998679 ], [ 30.245602, 59.995031999998673 ], [ 30.245639, 59.995507999998686 ], [ 30.245853, 59.995503999998668 ], [ 30.245817, 59.995026999998679 ] ] ] } },
{ "type": "Feature", "properties": { "height": 4.5, "match_type": "matched", "height_source": "source_b" }, "geometry": { "type": "Polygon", "coordinates": [ [ [ 30.248068, 59.987436999998678 ], [ 30.245876, 59.987437999998654 ], [ 30.245876, 59.987505999998675 ], [ 30.248068, 59.98750499999867 ], [ 30.248068, 59.987436999998678 ] ] ] } },
{ "type": "Feature", "properties": { "height": 12.0, "match_type": "matched", "height_source": "source_b" }, "geometry": { "type": "Polygon", "coordinates": [ [ [ 30.244931, 59.990933999998653 ], [ 30.244938, 59.991032999998673 ], [ 30.24591, 59.991014999998676 ], [ 30.245903, 59.99091599999867 ], [ 30.244931, 59.990933999998653 ] ] ] } },
{ "type": "Feature", "properties": { "height": 9.9, "match_type": "matched", "height_source": "source_b" }, "geometry": { "type": "Polygon", "coordinates": [ [ [ 30.245655, 59.992950999998662 ], [ 30.245199, 59.992963999998679 ], [ 30.245207, 59.993037999998649 ], [ 30.245349, 59.993035999998654 ], [ 30.245363, 59.993194999998657 ], [ 30.245914, 59.993179999998652 ], [ 30.245897, 59.993007999998682 ], [ 30.245661, 59.993014999998671 ], [ 30.245655, 59.992950999998662 ] ] ] } },
{ "type": "Feature", "properties": { "height": 4.5, "match_type": "matched", "height_source": "source_b" }, "geometry": { "type": "Polygon", "coordinates": [ [ [ 30.248063, 59.987266999998653 ], [ 30.245932, 59.987265999998648 ], [ 30.24593, 59.987376999998681 ], [ 30.248062, 59.987376999998681 ], [ 30.248063, 59.987266999998653 ] ] ] } },
{ "type": "Feature", "properties": { "height": 4.5, "match_type": "matched", "height_source": "source_b" }, "geometry": { "type": "Polygon", "coordinates": [ [ [ 30.246042, 59.992342999998662 ], [ 30.245728, 59.992339999998677 ], [ 30.245716, 59.992649999998683 ], [ 30.246031, 59.99265199999865 ], [ 30.246042, 59.992342999998662 ] ] ] } },
{ "type": "Feature", "properties": { "height": 4.0, "match_type": "matched", "height_source": "source_b" }, "geometry": { "type": "Polygon", "coordinates": [ [ [ 30.245222, 59.992634999998685 ], [ 30.245669, 59.992645999998665 ], [ 30.245682, 59.992502999998671 ], [ 30.245236, 59.992492999998696 ], [ 30.245222, 59.992634999998685 ] ] ] } },
{ "type": "Feature", "properties": { "height": 4.5, "match_type": "matched", "height_source": "source_b" }, "geometry": { "type": "Polygon", "coordinates": [ [ [ 30.246219, 59.99501799999868 ], [ 30.245967, 59.995020999998694 ], [ 30.245988, 59.995504999998673 ], [ 30.246241, 59.995501999998673 ], [ 30.246219, 59.99501799999868 ] ] ] } },
{ "type": "Feature", "properties": { "height": 14.9, "match_type": "matched", "height_source": "ml_predicted" }, "geometry": { "type": "Polygon", "coordinates": [ [ [ 30.245926448910492, 59.993380653166355 ], [ 30.245268032343002, 59.993395998969859 ], [ 30.245330648981728, 59.994070207970815 ], [ 30.245989079013452, 59.994054861052497 ], [ 30.245926448910492, 59.993380653166355 ] ] ] } },
{ "type": "Feature", "properties": { "height": 4.5, "match_type": "matched", "height_source": "source_b" }, "geometry": { "type": "Polygon", "coordinates": [ [ [ 30.245928, 59.987915999998677 ], [ 30.245681, 59.987937999998678 ], [ 30.245834, 59.988346999998647 ], [ 30.246073, 59.988320999998678 ], [ 30.245928, 59.987915999998677 ] ] ] } },
{ "type": "Feature", "properties": { "height": 4.5, "match_type": "matched", "height_source": "source_b" }, "geometry": { "type": "Polygon", "coordinates": [ [ [ 30.246576, 59.988466999998664 ], [ 30.245976, 59.988563999998654 ], [ 30.246032, 59.988623999998651 ], [ 30.245917, 59.988651999998673 ], [ 30.246002, 59.988744999998644 ], [ 30.246122, 59.98871699999868 ], [ 30.246153, 59.988750999998686 ], [ 30.246716, 59.988619999998662 ], [ 30.246576, 59.988466999998664 ] ] ] } },
{ "type": "Feature", "properties": { "height": 4.5, "match_type": "matched", "height_source": "source_b" }, "geometry": { "type": "Polygon", "coordinates": [ [ [ 30.246057, 59.985508999998665 ], [ 30.245922, 59.985506999998684 ], [ 30.245906, 59.985747999998665 ], [ 30.246042, 59.985748999998684 ], [ 30.246057, 59.985508999998665 ] ] ] } },
{ "type": "Feature", "properties": { "height": 5.7, "match_type": "only_a", "height_source": "ml_predicted" }, "geometry": { "type": "Polygon", "coordinates": [ [ [ 30.2461, 59.98636 ], [ 30.24608, 59.98619 ], [ 30.24565, 59.9862 ], [ 30.24567, 59.98639 ], [ 30.2461, 59.98636 ] ] ] } },
{ "type": "Feature", "properties": { "height": 20.0, "match_type": "matched", "height_source": "source_b" }, "geometry": { "type": "Polygon", "coordinates": [ [ [ 30.246642, 59.991770999998664 ], [ 30.246772, 59.991766999998674 ], [ 30.246753, 59.991607999998685 ], [ 30.246623, 59.991611999998675 ], [ 30.246642, 59.991770999998664 ] ] ] } },
{ "type": "Feature", "properties": { "height": 16.0, "match_type": "matched", "height_source": "source_b" }, "geometry": { "type": "Polygon", "coordinates": [ [ [ 30.246851, 59.991764999998665 ], [ 30.246743, 59.990850999998678 ], [ 30.246164, 59.99086799999867 ], [ 30.246185, 59.991041999998671 ], [ 30.246067, 59.991179999998671 ], [ 30.246081, 59.991299999998688 ], [ 30.246293, 59.991293999998661 ], [ 30.246309, 59.991423999998666 ], [ 30.246154, 59.99142799999867 ], [ 30.246146, 59.991359999998672 ], [ 30.246088, 59.991361999998666 ], [ 30.246134, 59.991747999998687 ], [ 30.246642, 59.991770999998664 ], [ 30.246623, 59.991611999998675 ], [ 30.246753, 59.991607999998685 ], [ 30.246772, 59.991766999998674 ], [ 30.246851, 59.991764999998665 ] ] ] } },
{ "type": "Feature", "properties": { "height": 20.0, "match_type": "matched", "height_source": "source_b" }, "geometry": { "type": "Polygon", "coordinates": [ [ [ 30.246088, 59.991361999998666 ], [ 30.246146, 59.991359999998672 ], [ 30.246154, 59.99142799999867 ], [ 30.246309, 59.991423999998666 ], [ 30.246293, 59.991293999998661 ], [ 30.246081, 59.991299999998688 ], [ 30.246088, 59.991361999998666 ] ] ] } },
{ "type": "Feature", "properties": { "height": 4.5, "match_type": "only_a", "height_source": "ml_predicted" }, "geometry": { "type": "Polygon", "coordinates": [ [ [ 30.24619, 59.98598 ], [ 30.24619, 59.98593 ], [ 30.24597, 59.98594 ], [ 30.24598, 59.98599 ], [ 30.24619, 59.98598 ] ] ] } },
{ "type": "Feature", "properties": { "height": 4.5, "match_type": "only_a", "height_source": "ml_predicted" }, "geometry": { "type": "Polygon", "coordinates": [ [ [ 30.2462, 59.98598 ], [ 30.2462, 59.98605 ], [ 30.24643, 59.98604 ], [ 30.24643, 59.98597 ], [ 30.2462, 59.98598 ] ] ] } },
{ "type": "Feature", "properties": { "height": 5.9, "match_type": "only_a", "height_source": "ml_predicted" }, "geometry": { "type": "Polygon", "coordinates": [ [ [ 30.24623, 59.99276 ], [ 30.24611, 59.99276 ], [ 30.24611, 59.9928 ], [ 30.24623, 59.9928 ], [ 30.24623, 59.99276 ] ] ] } },
{ "type": "Feature", "properties": { "height": 4.5, "match_type": "matched", "height_source": "source_b" }, "geometry": { "type": "Polygon", "coordinates": [ [ [ 30.245989, 59.992215999998685 ], [ 30.245977, 59.992316999998671 ], [ 30.246145, 59.99232199999868 ], [ 30.246108, 59.992644999998689 ], [ 30.246303, 59.992648999998679 ], [ 30.246353, 59.992225999998681 ], [ 30.245989, 59.992215999998685 ] ] ] } },
{ "type": "Feature", "properties": { "height": 4.5, "match_type": "matched", "height_source": "source_b" }, "geometry": { "type": "Polygon", "coordinates": [ [ [ 30.246608, 59.994196999998678 ], [ 30.246352, 59.994199999998678 ], [ 30.246362, 59.994413999998656 ], [ 30.246618, 59.99441199999869 ], [ 30.246608, 59.994196999998678 ] ] ] } },
{ "type": "Feature", "properties": { "height": 4.5, "match_type": "matched", "height_source": "source_b" }, "geometry": { "type": "Polygon", "coordinates": [ [ [ 30.2464, 59.985671999998658 ], [ 30.246392, 59.98551199999865 ], [ 30.246198, 59.985514999998664 ], [ 30.246209, 59.985676999998681 ], [ 30.2464, 59.985671999998658 ] ] ] } },
{ "type": "Feature", "properties": { "height": 15.0, "match_type": "matched", "height_source": "source_b" }, "geometry": { "type": "Polygon", "coordinates": [ [ [ 30.246977000197774, 59.993315000242816 ], [ 30.246953999452874, 59.992903000015126 ], [ 30.246349999427661, 59.992911000391814 ], [ 30.246366999552819, 59.993226999780994 ], [ 30.246485999562221, 59.993225000266875 ], [ 30.246491999615184, 59.993322000364401 ], [ 30.246977000197774, 59.993315000242816 ] ] ] } },
{ "type": "Feature", "properties": { "height": 4.5, "match_type": "matched", "height_source": "source_b" }, "geometry": { "type": "Polygon", "coordinates": [ [ [ 30.246681, 59.99222399999865 ], [ 30.246458, 59.992224999998669 ], [ 30.246459, 59.992294999998677 ], [ 30.246682, 59.992265999998665 ], [ 30.246681, 59.99222399999865 ] ] ] } },
{ "type": "Feature", "properties": { "height": 4.5, "match_type": "matched", "height_source": "source_b" }, "geometry": { "type": "Polygon", "coordinates": [ [ [ 30.246548, 59.995012999998671 ], [ 30.246334, 59.99501799999868 ], [ 30.246372, 59.995495999998674 ], [ 30.246587, 59.995491999998656 ], [ 30.246548, 59.995012999998671 ] ] ] } },
{ "type": "Feature", "properties": { "height": 4.5, "match_type": "matched", "height_source": "source_b" }, "geometry": { "type": "Polygon", "coordinates": [ [ [ 30.246636, 59.987911999998687 ], [ 30.246084, 59.987949999998662 ], [ 30.246145, 59.988122999998659 ], [ 30.246595, 59.988008999998691 ], [ 30.246653, 59.987976999998686 ], [ 30.246636, 59.987911999998687 ] ] ] } },
{ "type": "Feature", "properties": { "height": 9.9, "match_type": "matched", "height_source": "source_b" }, "geometry": { "type": "Polygon", "coordinates": [ [ [ 30.246493, 59.989914999998682 ], [ 30.246302, 59.989919999998662 ], [ 30.246344, 59.990339999998682 ], [ 30.244937, 59.990377999998664 ], [ 30.244949, 59.990497999998674 ], [ 30.246547, 59.990453999998635 ], [ 30.246493, 59.989914999998682 ] ] ] } },
{ "type": "Feature", "properties": { "height": 4.5, "match_type": "matched", "height_source": "source_b" }, "geometry": { "type": "Polygon", "coordinates": [ [ [ 30.246905, 59.99244299999868 ], [ 30.246724, 59.992445999998665 ], [ 30.246737, 59.992711999998669 ], [ 30.246918, 59.992709999998667 ], [ 30.246905, 59.99244299999868 ] ] ] } },
{ "type": "Feature", "properties": { "height": 4.5, "match_type": "matched", "height_source": "source_b" }, "geometry": { "type": "Polygon", "coordinates": [ [ [ 30.246916, 59.994985999998669 ], [ 30.246686, 59.994989999998644 ], [ 30.24672, 59.995489999998661 ], [ 30.246951, 59.995485999998664 ], [ 30.246916, 59.994985999998669 ] ] ] } },
{ "type": "Feature", "properties": { "height": 6.6, "match_type": "matched", "height_source": "source_b" }, "geometry": { "type": "Polygon", "coordinates": [ [ [ 30.246716, 59.986024999998669 ], [ 30.246689, 59.985685999998665 ], [ 30.246744, 59.985684999998661 ], [ 30.246729, 59.985574999998668 ], [ 30.24691, 59.98556999999866 ], [ 30.246904, 59.985487999998647 ], [ 30.246391, 59.985499999998694 ], [ 30.246423, 59.986034999998658 ], [ 30.246716, 59.986024999998669 ] ] ] } },
{ "type": "Feature", "properties": { "height": 6.6, "match_type": "matched", "height_source": "source_b" }, "geometry": { "type": "Polygon", "coordinates": [ [ [ 30.248014, 59.985535999998667 ], [ 30.248005, 59.985408999998647 ], [ 30.246901, 59.985432999998665 ], [ 30.24691, 59.98556999999866 ], [ 30.247113, 59.98556699999866 ], [ 30.247116, 59.985598999998665 ], [ 30.246985, 59.985600999998681 ], [ 30.247003, 59.985850999998668 ], [ 30.247966, 59.985829999998657 ], [ 30.247948, 59.985574999998668 ], [ 30.247782, 59.985577999998668 ], [ 30.247779, 59.985544999998666 ], [ 30.248014, 59.985535999998667 ] ] ] } },
{ "type": "Feature", "properties": { "height": 4.5, "match_type": "matched", "height_source": "source_b" }, "geometry": { "type": "Polygon", "coordinates": [ [ [ 30.248582, 59.985987999998663 ], [ 30.24853, 59.98542399999868 ], [ 30.248011, 59.985440999998659 ], [ 30.248014, 59.985535999998667 ], [ 30.248194, 59.985529999998668 ], [ 30.248222, 59.985837999998644 ], [ 30.248328, 59.985834999998666 ], [ 30.248329, 59.985890999998674 ], [ 30.248188, 59.985891999998636 ], [ 30.248183, 59.985956999998692 ], [ 30.248582, 59.985987999998663 ] ] ] } },
{ "type": "Feature", "properties": { "height": 4.5, "match_type": "matched", "height_source": "source_b" }, "geometry": { "type": "Polygon", "coordinates": [ [ [ 30.247046, 59.988305999998666 ], [ 30.246908, 59.988370999998679 ], [ 30.246792, 59.988588999998669 ], [ 30.247037, 59.988606999998673 ], [ 30.247066, 59.988551999998663 ], [ 30.247026, 59.988546999998654 ], [ 30.247151, 59.988311999998679 ], [ 30.247046, 59.988305999998666 ] ] ] } },
{ "type": "Feature", "properties": { "height": 4.5, "match_type": "matched", "height_source": "source_b" }, "geometry": { "type": "Polygon", "coordinates": [ [ [ 30.247068, 59.994186999998675 ], [ 30.24694, 59.994187999998694 ], [ 30.246947, 59.994380999998683 ], [ 30.247076, 59.994378999998688 ], [ 30.247068, 59.994186999998675 ] ] ] } },
{ "type": "Feature", "properties": { "height": 4.5, "match_type": "matched", "height_source": "source_b" }, "geometry": { "type": "Polygon", "coordinates": [ [ [ 30.247209, 59.987905999998674 ], [ 30.246159, 59.988192999998653 ], [ 30.246211, 59.988240999998666 ], [ 30.246435, 59.988209999998681 ], [ 30.246884, 59.98806099999868 ], [ 30.246937, 59.988108999998666 ], [ 30.24711, 59.98806099999868 ], [ 30.247059, 59.988013999998685 ], [ 30.247288, 59.987979999998664 ], [ 30.247209, 59.987905999998674 ] ] ] } },
{ "type": "Feature", "properties": { "height": 4.5, "match_type": "matched", "height_source": "source_b" }, "geometry": { "type": "Polygon", "coordinates": [ [ [ 30.24716, 59.988133999998645 ], [ 30.246965, 59.988185999998649 ], [ 30.246922, 59.988149999998676 ], [ 30.245769, 59.988459999998653 ], [ 30.245863, 59.988549999998675 ], [ 30.247216, 59.988191999998662 ], [ 30.24716, 59.988133999998645 ] ] ] } },
{ "type": "Feature", "properties": { "height": 4.5, "match_type": "matched", "height_source": "source_b" }, "geometry": { "type": "Polygon", "coordinates": [ [ [ 30.246734, 59.98881599999865 ], [ 30.246576, 59.988845999998681 ], [ 30.24663, 59.988920999998669 ], [ 30.246789, 59.988889999998676 ], [ 30.246734, 59.98881599999865 ] ] ] } },
{ "type": "Feature", "properties": { "height": 4.5, "match_type": "matched", "height_source": "source_b" }, "geometry": { "type": "Polygon", "coordinates": [ [ [ 30.245984, 59.988873999998646 ], [ 30.246039, 59.988934999998676 ], [ 30.246355, 59.988867999998661 ], [ 30.246393, 59.988915999998689 ], [ 30.246576, 59.988878999998668 ], [ 30.246542, 59.988834999998687 ], [ 30.247081, 59.988725999998664 ], [ 30.247109, 59.988760999998675 ], [ 30.248, 59.98877099999865 ], [ 30.248014, 59.988728999998663 ], [ 30.248804, 59.988795999998658 ], [ 30.248823, 59.988737999998648 ], [ 30.247255, 59.988605999998683 ], [ 30.245984, 59.988873999998646 ] ] ] } },
{ "type": "Feature", "properties": { "height": 4.5, "match_type": "matched", "height_source": "source_b" }, "geometry": { "type": "Polygon", "coordinates": [ [ [ 30.247139, 59.994897999998678 ], [ 30.247028, 59.994900999998663 ], [ 30.247084, 59.995469999998662 ], [ 30.247194, 59.99546699999869 ], [ 30.247139, 59.994897999998678 ] ] ] } },
{ "type": "Feature", "properties": { "height": 4.5, "match_type": "matched", "height_source": "source_b" }, "geometry": { "type": "Polygon", "coordinates": [ [ [ 30.247185, 59.986023999998665 ], [ 30.247181, 59.985950999998671 ], [ 30.246714, 59.985958999998658 ], [ 30.246716, 59.986024999998669 ], [ 30.247185, 59.986023999998665 ] ] ] } },
{ "type": "Feature", "properties": { "height": 4.5, "match_type": "matched", "height_source": "source_b" }, "geometry": { "type": "Polygon", "coordinates": [ [ [ 30.247243, 59.987076999998692 ], [ 30.245815, 59.987078999998666 ], [ 30.245815, 59.987192999998683 ], [ 30.247242, 59.987191999998679 ], [ 30.247243, 59.987076999998692 ] ] ] } },
{ "type": "Feature", "properties": { "height": 4.5, "match_type": "matched", "height_source": "source_b" }, "geometry": { "type": "Polygon", "coordinates": [ [ [ 30.247224, 59.984874999998674 ], [ 30.24716, 59.984876999998654 ], [ 30.247164, 59.984927999998654 ], [ 30.247228, 59.984925999998673 ], [ 30.247224, 59.984874999998674 ] ] ] } },
{ "type": "Feature", "properties": { "height": 9.9, "match_type": "matched", "height_source": "source_b" }, "geometry": { "type": "Polygon", "coordinates": [ [ [ 30.248764, 59.990023999998677 ], [ 30.24719, 59.990069999998681 ], [ 30.247207, 59.990183999998678 ], [ 30.248547, 59.990155999998663 ], [ 30.248595, 59.990485999998675 ], [ 30.249325, 59.990457999998668 ], [ 30.249308, 59.990339999998682 ], [ 30.248798, 59.990359999998681 ], [ 30.248764, 59.990023999998677 ] ] ] } },
{ "type": "Feature", "properties": { "height": 4.5, "match_type": "matched", "height_source": "source_b" }, "geometry": { "type": "Polygon", "coordinates": [ [ [ 30.248098, 59.986929999998686 ], [ 30.247377, 59.986936999998662 ], [ 30.247378, 59.986997999998671 ], [ 30.2481, 59.98699099999866 ], [ 30.248098, 59.986929999998686 ] ] ] } },
{ "type": "Feature", "properties": { "height": 4.5, "match_type": "matched", "height_source": "source_b" }, "geometry": { "type": "Polygon", "coordinates": [ [ [ 30.247594, 59.989338999998658 ], [ 30.247325, 59.989341999998679 ], [ 30.247328, 59.989431999998679 ], [ 30.247597, 59.989427999998661 ], [ 30.247594, 59.989338999998658 ] ] ] } },
{ "type": "Feature", "properties": { "height": 6.1, "match_type": "only_a", "height_source": "ml_predicted" }, "geometry": { "type": "Polygon", "coordinates": [ [ [ 30.24727, 59.98494 ], [ 30.24735, 59.98492 ], [ 30.24727, 59.98492 ], [ 30.24727, 59.98494 ] ] ] } },
{ "type": "Feature", "properties": { "height": 4.5, "match_type": "matched", "height_source": "source_b" }, "geometry": { "type": "Polygon", "coordinates": [ [ [ 30.248424, 59.988815999998657 ], [ 30.246936, 59.988833999998668 ], [ 30.246946, 59.988892999998662 ], [ 30.248426, 59.988869999998656 ], [ 30.248424, 59.988815999998657 ] ] ] } },
{ "type": "Feature", "properties": { "height": 4.5, "match_type": "matched", "height_source": "source_b" }, "geometry": { "type": "Polygon", "coordinates": [ [ [ 30.247949, 59.987058999998695 ], [ 30.247403, 59.987060999998654 ], [ 30.247403, 59.987113999998684 ], [ 30.247948, 59.987112999998658 ], [ 30.247949, 59.987058999998695 ] ] ] } },
{ "type": "Feature", "properties": { "height": 4.5, "match_type": "matched", "height_source": "source_b" }, "geometry": { "type": "Polygon", "coordinates": [ [ [ 30.247476, 59.987882999998646 ], [ 30.247339, 59.987909999998642 ], [ 30.247369, 59.987948999998679 ], [ 30.247507, 59.987920999998657 ], [ 30.247476, 59.987882999998646 ] ] ] } },
{ "type": "Feature", "properties": { "height": 6.6, "match_type": "matched", "height_source": "source_b" }, "geometry": { "type": "Polygon", "coordinates": [ [ [ 30.247507, 59.989489999998668 ], [ 30.24719, 59.989499999998678 ], [ 30.247222, 59.989775999998663 ], [ 30.24754, 59.989765999998674 ], [ 30.247507, 59.989489999998668 ] ] ] } },
{ "type": "Feature", "properties": { "height": 4.1, "match_type": "only_a", "height_source": "ml_predicted" }, "geometry": { "type": "Polygon", "coordinates": [ [ [ 30.2476, 59.99265 ], [ 30.24757, 59.99239 ], [ 30.24742, 59.9924 ], [ 30.24744, 59.99266 ], [ 30.2476, 59.99265 ] ] ] } },
{ "type": "Feature", "properties": { "height": 4.5, "match_type": "matched", "height_source": "source_b" }, "geometry": { "type": "Polygon", "coordinates": [ [ [ 30.247355, 59.992355999998651 ], [ 30.247346, 59.99241299999867 ], [ 30.24871, 59.992456999998666 ], [ 30.248717, 59.992400999998686 ], [ 30.247355, 59.992355999998651 ] ] ] } },
{ "type": "Feature", "properties": { "height": 4.5, "match_type": "matched", "height_source": "source_b" }, "geometry": { "type": "Polygon", "coordinates": [ [ [ 30.247504, 59.988160999998676 ], [ 30.247361, 59.98821599999868 ], [ 30.247186, 59.988540999998683 ], [ 30.247419, 59.988564999998658 ], [ 30.247634, 59.988177999998655 ], [ 30.247504, 59.988160999998676 ] ] ] } },
{ "type": "Feature", "properties": { "height": 4.4, "match_type": "only_a", "height_source": "ml_predicted" }, "geometry": { "type": "Polygon", "coordinates": [ [ [ 30.24724, 59.99007 ], [ 30.24767, 59.99004 ], [ 30.24724, 59.99005 ], [ 30.24724, 59.99007 ] ] ] } },
{ "type": "Feature", "properties": { "height": 4.5, "match_type": "matched", "height_source": "source_b" }, "geometry": { "type": "Polygon", "coordinates": [ [ [ 30.248341, 59.987806999998668 ], [ 30.247764, 59.987958999998654 ], [ 30.247717, 59.987913999998653 ], [ 30.247188, 59.988050999998649 ], [ 30.247289, 59.988149999998676 ], [ 30.248327, 59.987877999998652 ], [ 30.25101, 59.98806099999868 ], [ 30.251039, 59.987997999998633 ], [ 30.248341, 59.987806999998668 ] ] ] } },
{ "type": "Feature", "properties": { "height": 4.0, "match_type": "matched", "height_source": "source_b" }, "geometry": { "type": "Polygon", "coordinates": [ [ [ 30.247792, 59.993582999998658 ], [ 30.247932, 59.993582999998658 ], [ 30.247938, 59.993313999998662 ], [ 30.247798, 59.993313999998648 ], [ 30.247792, 59.993582999998658 ] ] ] } },
{ "type": "Feature", "properties": { "height": 8.0, "match_type": "matched", "height_source": "source_b" }, "geometry": { "type": "Polygon", "coordinates": [ [ [ 30.248123, 59.994265999998682 ], [ 30.247868, 59.994265999998682 ], [ 30.247865, 59.994539999998672 ], [ 30.248119, 59.994540999998677 ], [ 30.248123, 59.994265999998682 ] ] ] } },
{ "type": "Feature", "properties": { "height": 6.6, "match_type": "matched", "height_source": "source_b" }, "geometry": { "type": "Polygon", "coordinates": [ [ [ 30.247177, 59.985898999998668 ], [ 30.247185, 59.986023999998665 ], [ 30.247966, 59.986000999998659 ], [ 30.247962, 59.985877999998685 ], [ 30.247177, 59.985898999998668 ] ] ] } },
{ "type": "Feature", "properties": { "height": 4.0, "match_type": "matched", "height_source": "source_b" }, "geometry": { "type": "Polygon", "coordinates": [ [ [ 30.248403, 59.992812999998662 ], [ 30.248117, 59.992810999998682 ], [ 30.248111, 59.993068999998655 ], [ 30.247955, 59.993067999998694 ], [ 30.247951, 59.993208999998679 ], [ 30.248392, 59.993258999998687 ], [ 30.248403, 59.992812999998662 ] ] ] } },
{ "type": "Feature", "properties": { "height": 7.0, "match_type": "only_a", "height_source": "ml_predicted" }, "geometry": { "type": "Polygon", "coordinates": [ [ [ 30.24813, 59.99358 ], [ 30.24807, 59.99361 ], [ 30.24813, 59.99361 ], [ 30.24813, 59.99358 ] ] ] } },
{ "type": "Feature", "properties": { "height": 21.0, "match_type": "matched", "height_source": "source_b" }, "geometry": { "type": "Polygon", "coordinates": [ [ [ 30.247789, 59.994711999998664 ], [ 30.247585, 59.994754999998655 ], [ 30.247626, 59.995240999998657 ], [ 30.248085, 59.995252999998684 ], [ 30.248075, 59.995136999998657 ], [ 30.247829, 59.995142999998677 ], [ 30.247789, 59.994711999998664 ] ] ] } },
{ "type": "Feature", "properties": { "height": 21.0, "match_type": "matched", "height_source": "source_b" }, "geometry": { "type": "Polygon", "coordinates": [ [ [ 30.248491, 59.994835999998649 ], [ 30.248477, 59.994694999998678 ], [ 30.248025, 59.994705999998665 ], [ 30.248028, 59.994759999998678 ], [ 30.247942, 59.994760999998654 ], [ 30.247957, 59.995083999998663 ], [ 30.248071, 59.995081999998682 ], [ 30.248051, 59.994844999998655 ], [ 30.248491, 59.994835999998649 ] ] ] } },
{ "type": "Feature", "properties": { "height": 24.0, "match_type": "matched", "height_source": "source_b" }, "geometry": { "type": "Polygon", "coordinates": [ [ [ 30.248025, 59.994705999998665 ], [ 30.247789, 59.994711999998664 ], [ 30.247829, 59.995142999998677 ], [ 30.248075, 59.995136999998657 ], [ 30.248071, 59.995081999998682 ], [ 30.247957, 59.995083999998663 ], [ 30.247942, 59.994760999998654 ], [ 30.248028, 59.994759999998678 ], [ 30.248025, 59.994705999998665 ] ] ] } },
{ "type": "Feature", "properties": { "height": 4.5, "match_type": "matched", "height_source": "source_b" }, "geometry": { "type": "Polygon", "coordinates": [ [ [ 30.248029, 59.987986999998654 ], [ 30.247995, 59.988031999998654 ], [ 30.247851, 59.988051999998667 ], [ 30.247545, 59.988519999998651 ], [ 30.247764, 59.988553999998658 ], [ 30.248165, 59.988012999998666 ], [ 30.248029, 59.987986999998654 ] ] ] } },
{ "type": "Feature", "properties": { "height": 4.5, "match_type": "matched", "height_source": "source_b" }, "geometry": { "type": "Polygon", "coordinates": [ [ [ 30.244, 59.987905999998674 ], [ 30.247905, 59.987839999998656 ], [ 30.247991, 59.98789899999867 ], [ 30.248153, 59.987856999998669 ], [ 30.248035, 59.987775999998661 ], [ 30.243981, 59.987847999998685 ], [ 30.244, 59.987905999998674 ] ] ] } },
{ "type": "Feature", "properties": { "height": 4.5, "match_type": "matched", "height_source": "source_b" }, "geometry": { "type": "Polygon", "coordinates": [ [ [ 30.247815, 59.993735999998648 ], [ 30.248163, 59.993708999998681 ], [ 30.247943, 59.993702999998675 ], [ 30.247952, 59.99361899999866 ], [ 30.247829, 59.993614999998677 ], [ 30.247815, 59.993735999998648 ] ] ] } },
{ "type": "Feature", "properties": { "height": 8.0, "match_type": "matched", "height_source": "source_b" }, "geometry": { "type": "Polygon", "coordinates": [ [ [ 30.248459, 59.994245999998654 ], [ 30.248216, 59.994242999998683 ], [ 30.248205, 59.994513999998688 ], [ 30.248446, 59.994516999998687 ], [ 30.248459, 59.994245999998654 ] ] ] } },
{ "type": "Feature", "properties": { "height": 9.9, "match_type": "matched", "height_source": "source_b" }, "geometry": { "type": "Polygon", "coordinates": [ [ [ 30.248146, 59.989475999998675 ], [ 30.247611, 59.989481999998674 ], [ 30.247622, 59.989756999998654 ], [ 30.248157, 59.989749999998665 ], [ 30.248146, 59.989475999998675 ] ] ] } },
{ "type": "Feature", "properties": { "height": 4.5, "match_type": "matched", "height_source": "source_b" }, "geometry": { "type": "Polygon", "coordinates": [ [ [ 30.24753, 59.990422999998664 ], [ 30.248195, 59.990416999998679 ], [ 30.248193, 59.99035699999866 ], [ 30.247528, 59.99036299999868 ], [ 30.24753, 59.990422999998664 ] ] ] } },
{ "type": "Feature", "properties": { "height": 6.6, "match_type": "only_a", "height_source": "ml_predicted" }, "geometry": { "type": "Polygon", "coordinates": [ [ [ 30.24831, 59.9923 ], [ 30.24821, 59.99232 ], [ 30.24831, 59.99232 ], [ 30.24831, 59.9923 ] ] ] } },
{ "type": "Feature", "properties": { "height": 4.8, "match_type": "only_a", "height_source": "ml_predicted" }, "geometry": { "type": "Polygon", "coordinates": [ [ [ 30.24821, 59.99347 ], [ 30.24821, 59.99359 ], [ 30.24827, 59.99359 ], [ 30.24827, 59.99347 ], [ 30.24821, 59.99347 ] ] ] } },
{ "type": "Feature", "properties": { "height": 4.5, "match_type": "matched", "height_source": "source_b" }, "geometry": { "type": "Polygon", "coordinates": [ [ [ 30.248313, 59.992773999998676 ], [ 30.248316, 59.992692999998674 ], [ 30.247486, 59.992706999998674 ], [ 30.247488, 59.992657999998663 ], [ 30.247381, 59.99265699999868 ], [ 30.247376, 59.992763999998658 ], [ 30.248313, 59.992773999998676 ] ] ] } },
{ "type": "Feature", "properties": { "height": 4.5, "match_type": "matched", "height_source": "source_b" }, "geometry": { "type": "Polygon", "coordinates": [ [ [ 30.248362, 59.986768999998681 ], [ 30.248462, 59.986793999998682 ], [ 30.248469, 59.986709999998666 ], [ 30.248609, 59.986712999998666 ], [ 30.248615, 59.986635999998683 ], [ 30.248481, 59.986632999998683 ], [ 30.24853, 59.986463999998662 ], [ 30.248736, 59.986428999998665 ], [ 30.248749, 59.986280999998662 ], [ 30.248564, 59.986277999998677 ], [ 30.248568, 59.986225999998688 ], [ 30.248817, 59.986216999998661 ], [ 30.248822, 59.986164999998664 ], [ 30.249051, 59.98616999999868 ], [ 30.249057, 59.986094999998691 ], [ 30.248419, 59.986081999998667 ], [ 30.248362, 59.986768999998681 ] ] ] } },
{ "type": "Feature", "properties": { "height": 4.5, "match_type": "only_a", "height_source": "ml_predicted" }, "geometry": { "type": "Polygon", "coordinates": [ [ [ 30.24832, 59.9924 ], [ 30.24831, 59.99234 ], [ 30.24821, 59.99234 ], [ 30.24821, 59.9924 ], [ 30.24832, 59.9924 ] ] ] } },
{ "type": "Feature", "properties": { "height": 4.7, "match_type": "only_a", "height_source": "ml_predicted" }, "geometry": { "type": "Polygon", "coordinates": [ [ [ 30.24836, 59.98751 ], [ 30.24837, 59.98736 ], [ 30.24824, 59.98736 ], [ 30.24822, 59.9875 ], [ 30.24836, 59.98751 ] ] ] } },
{ "type": "Feature", "properties": { "height": 4.5, "match_type": "matched", "height_source": "source_b" }, "geometry": { "type": "Polygon", "coordinates": [ [ [ 30.248303, 59.986862999998664 ], [ 30.248215, 59.987308999998696 ], [ 30.24834, 59.987314999998695 ], [ 30.248426, 59.98686899999867 ], [ 30.248303, 59.986862999998664 ] ] ] } },
{ "type": "Feature", "properties": { "height": 4.0, "match_type": "matched", "height_source": "source_b" }, "geometry": { "type": "Polygon", "coordinates": [ [ [ 30.248088, 59.993742999998666 ], [ 30.248079, 59.993943999998642 ], [ 30.248385, 59.99394699999867 ], [ 30.248393, 59.993761999998661 ], [ 30.248088, 59.993742999998666 ] ] ] } },
{ "type": "Feature", "properties": { "height": 4.5, "match_type": "matched", "height_source": "source_b" }, "geometry": { "type": "Polygon", "coordinates": [ [ [ 30.24874, 59.993402999998665 ], [ 30.248522, 59.993402999998665 ], [ 30.248518, 59.993668999998675 ], [ 30.248737, 59.99366999999868 ], [ 30.24874, 59.993402999998665 ] ] ] } },
{ "type": "Feature", "properties": { "height": 4.0, "match_type": "matched", "height_source": "source_b" }, "geometry": { "type": "Polygon", "coordinates": [ [ [ 30.249732, 59.990798999998653 ], [ 30.248475, 59.990843999998667 ], [ 30.248513, 59.991116999998688 ], [ 30.249611, 59.991076999998654 ], [ 30.249621, 59.991144999998681 ], [ 30.24978, 59.991138999998675 ], [ 30.249732, 59.990798999998653 ] ] ] } },
{ "type": "Feature", "properties": { "height": 5.9, "match_type": "only_a", "height_source": "ml_predicted" }, "geometry": { "type": "Polygon", "coordinates": [ [ [ 30.24859, 59.99409 ], [ 30.24845, 59.99409 ], [ 30.24844, 59.99418 ], [ 30.24859, 59.99418 ], [ 30.24859, 59.99409 ] ] ] } },
{ "type": "Feature", "properties": { "height": 4.5, "match_type": "matched", "height_source": "source_b" }, "geometry": { "type": "Polygon", "coordinates": [ [ [ 30.248671, 59.993988999998656 ], [ 30.248576, 59.993988999998642 ], [ 30.248574, 59.994075999998657 ], [ 30.248669, 59.994076999998676 ], [ 30.248671, 59.993988999998656 ] ] ] } },
{ "type": "Feature", "properties": { "height": 12.0, "match_type": "matched", "height_source": "source_b" }, "geometry": { "type": "Polygon", "coordinates": [ [ [ 30.248559, 59.992182999998668 ], [ 30.249873, 59.99219099999867 ], [ 30.249888, 59.991555999998681 ], [ 30.248574, 59.991548999998678 ], [ 30.248559, 59.992182999998668 ] ] ] } },
{ "type": "Feature", "properties": { "height": 4.6, "match_type": "only_a", "height_source": "ml_predicted" }, "geometry": { "type": "Polygon", "coordinates": [ [ [ 30.24858, 59.98883 ], [ 30.24858, 59.98887 ], [ 30.24875, 59.98884 ], [ 30.24858, 59.98883 ] ] ] } },
{ "type": "Feature", "properties": { "height": 4.5, "match_type": "matched", "height_source": "source_b" }, "geometry": { "type": "Polygon", "coordinates": [ [ [ 30.248384, 59.987933999998681 ], [ 30.247934, 59.98858999999868 ], [ 30.248134, 59.98862499999867 ], [ 30.248583, 59.987967999998638 ], [ 30.248384, 59.987933999998681 ] ] ] } },
{ "type": "Feature", "properties": { "height": 9.9, "match_type": "matched", "height_source": "source_b" }, "geometry": { "type": "Polygon", "coordinates": [ [ [ 30.248543, 59.989459999998672 ], [ 30.248244, 59.989462999998665 ], [ 30.248254, 59.989748999998675 ], [ 30.248554, 59.98974699999868 ], [ 30.248543, 59.989459999998672 ] ] ] } },
{ "type": "Feature", "properties": { "height": 8.0, "match_type": "matched", "height_source": "source_b" }, "geometry": { "type": "Polygon", "coordinates": [ [ [ 30.249329, 59.99278399999865 ], [ 30.249333, 59.992687999998665 ], [ 30.248317, 59.992677999998662 ], [ 30.248313, 59.992773999998676 ], [ 30.249329, 59.99278399999865 ] ] ] } },
{ "type": "Feature", "properties": { "height": 4.5, "match_type": "matched", "height_source": "source_b" }, "geometry": { "type": "Polygon", "coordinates": [ [ [ 30.248406, 59.992678999998667 ], [ 30.248547, 59.992679999998686 ], [ 30.248554, 59.992512999998659 ], [ 30.248413, 59.992510999998679 ], [ 30.248406, 59.992678999998667 ] ] ] } },
{ "type": "Feature", "properties": { "height": 4.0, "match_type": "matched", "height_source": "source_b" }, "geometry": { "type": "Polygon", "coordinates": [ [ [ 30.248606, 59.993301999998664 ], [ 30.249322, 59.993301999998664 ], [ 30.249322, 59.993182999998666 ], [ 30.248606, 59.993182999998673 ], [ 30.248606, 59.993301999998664 ] ] ] } },
{ "type": "Feature", "properties": { "height": 4.5, "match_type": "matched", "height_source": "source_b" }, "geometry": { "type": "Polygon", "coordinates": [ [ [ 30.24897, 59.987108999998668 ], [ 30.24877, 59.987106999998673 ], [ 30.248762, 59.987237999998683 ], [ 30.248553, 59.98723499999867 ], [ 30.248541, 59.987419999998664 ], [ 30.248883, 59.987424999998666 ], [ 30.248886, 59.987362999998666 ], [ 30.248953, 59.987363999998685 ], [ 30.24897, 59.987108999998668 ] ] ] } },
{ "type": "Feature", "properties": { "height": 4.5, "match_type": "matched", "height_source": "source_b" }, "geometry": { "type": "Polygon", "coordinates": [ [ [ 30.24864, 59.989767999998669 ], [ 30.248405, 59.989772999998678 ], [ 30.248424, 59.990010999998667 ], [ 30.248659, 59.990006999998663 ], [ 30.24864, 59.989767999998669 ] ] ] } },
{ "type": "Feature", "properties": { "height": 4.5, "match_type": "matched", "height_source": "source_b" }, "geometry": { "type": "Polygon", "coordinates": [ [ [ 30.248956, 59.994912999998675 ], [ 30.248656, 59.994900999998677 ], [ 30.248668, 59.995061999998676 ], [ 30.24887, 59.995057999998672 ], [ 30.248865, 59.994993999998663 ], [ 30.248955, 59.994992999998686 ], [ 30.248956, 59.994912999998675 ] ] ] } },
{ "type": "Feature", "properties": { "height": 4.0, "match_type": "matched", "height_source": "source_b" }, "geometry": { "type": "Polygon", "coordinates": [ [ [ 30.248975, 59.99385299999868 ], [ 30.248954, 59.99505699999871 ], [ 30.24928, 59.995056999998695 ], [ 30.249296, 59.994188999998656 ], [ 30.249198, 59.994187999998694 ], [ 30.249199, 59.994063999998673 ], [ 30.249314, 59.994063999998673 ], [ 30.249314, 59.993951999998679 ], [ 30.2492, 59.993951999998679 ], [ 30.249202, 59.993856999998684 ], [ 30.248975, 59.99385299999868 ] ] ] } },
{ "type": "Feature", "properties": { "height": 5.1, "match_type": "only_a", "height_source": "ml_predicted" }, "geometry": { "type": "Polygon", "coordinates": [ [ [ 30.24871, 59.99514 ], [ 30.24892, 59.99514 ], [ 30.24891, 59.99508 ], [ 30.2487, 59.99509 ], [ 30.24871, 59.99514 ] ] ] } },
{ "type": "Feature", "properties": { "height": 18.0, "match_type": "matched", "height_source": "source_b" }, "geometry": { "type": "Polygon", "coordinates": [ [ [ 30.248674, 59.995340999998696 ], [ 30.248576, 59.99535399999867 ], [ 30.248615, 59.995423999998685 ], [ 30.248706, 59.995410999998654 ], [ 30.248674, 59.995340999998696 ] ] ] } },
{ "type": "Feature", "properties": { "height": 18.0, "match_type": "matched", "height_source": "source_b" }, "geometry": { "type": "Polygon", "coordinates": [ [ [ 30.247962, 59.995434999998665 ], [ 30.247632, 59.995451999998664 ], [ 30.247644, 59.995550999998649 ], [ 30.247999, 59.995538999998679 ], [ 30.247962, 59.995434999998665 ] ] ] } },
{ "type": "Feature", "properties": { "height": 18.0, "match_type": "matched", "height_source": "source_b" }, "geometry": { "type": "Polygon", "coordinates": [ [ [ 30.249527, 59.995309999998653 ], [ 30.249232, 59.995346999998674 ], [ 30.249262, 59.995411999998673 ], [ 30.249163, 59.995423999998692 ], [ 30.249182, 59.995463999998663 ], [ 30.249514, 59.995424999998662 ], [ 30.249487, 59.995366999998659 ], [ 30.249551, 59.995359999998655 ], [ 30.249527, 59.995309999998653 ] ] ] } },
{ "type": "Feature", "properties": { "height": 15.0, "match_type": "matched", "height_source": "source_b" }, "geometry": { "type": "Polygon", "coordinates": [ [ [ 30.248576, 59.99535399999867 ], [ 30.247962, 59.995434999998665 ], [ 30.247999, 59.995538999998679 ], [ 30.247644, 59.995550999998649 ], [ 30.247674, 59.995786999998678 ], [ 30.248639, 59.995666999998676 ], [ 30.248536, 59.995592999998692 ], [ 30.248647, 59.995516999998706 ], [ 30.248825, 59.995545999998669 ], [ 30.248855, 59.995592999998678 ], [ 30.248815, 59.995645999998672 ], [ 30.249572, 59.995551999998689 ], [ 30.249514, 59.995424999998662 ], [ 30.249182, 59.995463999998663 ], [ 30.249163, 59.995423999998692 ], [ 30.249262, 59.995411999998673 ], [ 30.249232, 59.995346999998674 ], [ 30.248615, 59.995423999998685 ], [ 30.248576, 59.99535399999867 ] ] ] } },
{ "type": "Feature", "properties": { "height": 4.5, "match_type": "matched", "height_source": "source_b" }, "geometry": { "type": "Polygon", "coordinates": [ [ [ 30.24853, 59.98542399999868 ], [ 30.24857, 59.985832999998635 ], [ 30.248785, 59.985827999998662 ], [ 30.248749, 59.985416999998684 ], [ 30.24853, 59.98542399999868 ] ] ] } },
{ "type": "Feature", "properties": { "height": 4.5, "match_type": "matched", "height_source": "source_b" }, "geometry": { "type": "Polygon", "coordinates": [ [ [ 30.24874, 59.985083999998672 ], [ 30.248489, 59.985083999998672 ], [ 30.248487, 59.985139999998651 ], [ 30.248739, 59.985139999998665 ], [ 30.24874, 59.985083999998672 ] ] ] } },
{ "type": "Feature", "properties": { "height": 18.0, "match_type": "matched", "height_source": "source_b" }, "geometry": { "type": "Polygon", "coordinates": [ [ [ 30.248855, 59.995592999998678 ], [ 30.248713, 59.995513999998671 ], [ 30.248589, 59.995533999998656 ], [ 30.248536, 59.995592999998692 ], [ 30.248679, 59.995672999998675 ], [ 30.248803, 59.995651999998678 ], [ 30.248855, 59.995592999998678 ] ] ] } },
{ "type": "Feature", "properties": { "height": 5.8, "match_type": "only_a", "height_source": "ml_predicted" }, "geometry": { "type": "Polygon", "coordinates": [ [ [ 30.24887, 59.98998 ], [ 30.24884, 59.98976 ], [ 30.24866, 59.98976 ], [ 30.24869, 59.98998 ], [ 30.24887, 59.98998 ] ] ] } },
{ "type": "Feature", "properties": { "height": 5.0, "match_type": "only_a", "height_source": "ml_predicted" }, "geometry": { "type": "Polygon", "coordinates": [ [ [ 30.24889, 59.98625 ], [ 30.24889, 59.9863 ], [ 30.24895, 59.9863 ], [ 30.24895, 59.98625 ], [ 30.24889, 59.98625 ] ] ] } },
{ "type": "Feature", "properties": { "height": 4.8, "match_type": "only_a", "height_source": "ml_predicted" }, "geometry": { "type": "Polygon", "coordinates": [ [ [ 30.2489, 59.98886 ], [ 30.24896, 59.98886 ], [ 30.24897, 59.98881 ], [ 30.24891, 59.9888 ], [ 30.2489, 59.98886 ] ] ] } },
{ "type": "Feature", "properties": { "height": 9.9, "match_type": "matched", "height_source": "source_b" }, "geometry": { "type": "Polygon", "coordinates": [ [ [ 30.248964, 59.984838999998686 ], [ 30.248962, 59.984613999998658 ], [ 30.248751, 59.984616999998671 ], [ 30.248648, 59.984713999998675 ], [ 30.248564, 59.984713999998675 ], [ 30.248565, 59.984813999998664 ], [ 30.248964, 59.984838999998686 ] ] ] } },
{ "type": "Feature", "properties": { "height": 4.5, "match_type": "matched", "height_source": "source_b" }, "geometry": { "type": "Polygon", "coordinates": [ [ [ 30.248779, 59.987943999998684 ], [ 30.248303, 59.988625999998646 ], [ 30.248497, 59.988659999998681 ], [ 30.248973, 59.987976999998679 ], [ 30.248779, 59.987943999998684 ] ] ] } },
{ "type": "Feature", "properties": { "height": 4.5, "match_type": "matched", "height_source": "source_b" }, "geometry": { "type": "Polygon", "coordinates": [ [ [ 30.248973, 59.988746999998668 ], [ 30.248957, 59.988797999998667 ], [ 30.249825, 59.988867999998639 ], [ 30.249841, 59.988815999998657 ], [ 30.248973, 59.988746999998668 ] ] ] } },
{ "type": "Feature", "properties": { "height": 4.5, "match_type": "matched", "height_source": "source_b" }, "geometry": { "type": "Polygon", "coordinates": [ [ [ 30.248973, 59.985861999998662 ], [ 30.248711, 59.985864999998647 ], [ 30.248712, 59.985958999998658 ], [ 30.248975, 59.985955999998652 ], [ 30.248973, 59.985861999998662 ] ] ] } },
{ "type": "Feature", "properties": { "height": 4.5, "match_type": "matched", "height_source": "source_b" }, "geometry": { "type": "Polygon", "coordinates": [ [ [ 30.249061, 59.993408999998678 ], [ 30.248838, 59.993407999998674 ], [ 30.248835, 59.993673999998656 ], [ 30.24906, 59.993673999998656 ], [ 30.249061, 59.993408999998678 ] ] ] } },
{ "type": "Feature", "properties": { "height": 9.9, "match_type": "matched", "height_source": "source_b" }, "geometry": { "type": "Polygon", "coordinates": [ [ [ 30.248997, 59.989446999998684 ], [ 30.248625, 59.989455999998675 ], [ 30.248647, 59.989687999998672 ], [ 30.249019, 59.989678999998652 ], [ 30.248997, 59.989446999998684 ] ] ] } },
{ "type": "Feature", "properties": { "height": 4.5, "match_type": "matched", "height_source": "source_b" }, "geometry": { "type": "Polygon", "coordinates": [ [ [ 30.249123, 59.991285999998667 ], [ 30.248942, 59.991282999998681 ], [ 30.248939, 59.991339999998679 ], [ 30.249119, 59.99134099999867 ], [ 30.249123, 59.991285999998667 ] ] ] } },
{ "type": "Feature", "properties": { "height": 4.5, "match_type": "matched", "height_source": "source_b" }, "geometry": { "type": "Polygon", "coordinates": [ [ [ 30.249178, 59.991220999998681 ], [ 30.248958, 59.991218999998686 ], [ 30.248955, 59.991277999998665 ], [ 30.249178, 59.99127899999867 ], [ 30.249178, 59.991220999998681 ] ] ] } },
{ "type": "Feature", "properties": { "height": 4.5, "match_type": "matched", "height_source": "source_b" }, "geometry": { "type": "Polygon", "coordinates": [ [ [ 30.249489, 59.993413999998673 ], [ 30.249217, 59.993414999998691 ], [ 30.249219, 59.993675999998665 ], [ 30.249492, 59.993675999998665 ], [ 30.249489, 59.993413999998673 ] ] ] } },
{ "type": "Feature", "properties": { "height": 19.1, "match_type": "only_a", "height_source": "ml_predicted" }, "geometry": { "type": "Polygon", "coordinates": [ [ [ 30.24917, 59.98418 ], [ 30.24971, 59.98418 ], [ 30.24971, 59.98416 ], [ 30.24969, 59.98415 ], [ 30.24917, 59.98418 ] ] ] } },
{ "type": "Feature", "properties": { "height": 4.9, "match_type": "only_a", "height_source": "ml_predicted" }, "geometry": { "type": "Polygon", "coordinates": [ [ [ 30.24917, 59.98942 ], [ 30.24918, 59.98951 ], [ 30.24926, 59.98951 ], [ 30.24925, 59.98942 ], [ 30.24917, 59.98942 ] ] ] } },
{ "type": "Feature", "properties": { "height": 4.0, "match_type": "matched", "height_source": "source_b" }, "geometry": { "type": "Polygon", "coordinates": [ [ [ 30.248686, 59.993135999998671 ], [ 30.249201, 59.993142999998682 ], [ 30.249208, 59.993020999998656 ], [ 30.248692, 59.993013999998666 ], [ 30.248686, 59.993135999998671 ] ] ] } },
{ "type": "Feature", "properties": { "height": 12.0, "match_type": "matched", "height_source": "source_b" }, "geometry": { "type": "Polygon", "coordinates": [ [ [ 30.249632, 59.992538999998665 ], [ 30.248725, 59.992529999998652 ], [ 30.248721, 59.992646999998669 ], [ 30.249335, 59.992652999998683 ], [ 30.249329, 59.99278399999865 ], [ 30.249621, 59.992786999998664 ], [ 30.249632, 59.992538999998665 ] ] ] } },
{ "type": "Feature", "properties": { "height": 4.5, "match_type": "matched", "height_source": "source_b" }, "geometry": { "type": "Polygon", "coordinates": [ [ [ 30.24936, 59.988004999998658 ], [ 30.249143, 59.987997999998655 ], [ 30.248645, 59.988667999998647 ], [ 30.248851, 59.98869099999866 ], [ 30.24936, 59.988004999998658 ] ] ] } },
{ "type": "Feature", "properties": { "height": 4.0, "match_type": "matched", "height_source": "source_b" }, "geometry": { "type": "Polygon", "coordinates": [ [ [ 30.248748, 59.99297999999866 ], [ 30.249419, 59.992991999998672 ], [ 30.249429, 59.992852999998682 ], [ 30.248758, 59.992840999998663 ], [ 30.248748, 59.99297999999866 ] ] ] } },
{ "type": "Feature", "properties": { "height": 5.0, "match_type": "only_a", "height_source": "ml_predicted" }, "geometry": { "type": "Polygon", "coordinates": [ [ [ 30.24944, 59.99047 ], [ 30.24944, 59.99041 ], [ 30.24933, 59.99041 ], [ 30.24934, 59.99047 ], [ 30.24944, 59.99047 ] ] ] } },
{ "type": "Feature", "properties": { "height": 4.5, "match_type": "matched", "height_source": "source_b" }, "geometry": { "type": "Polygon", "coordinates": [ [ [ 30.24911, 59.986846999998662 ], [ 30.249069, 59.98718399999867 ], [ 30.249455, 59.987194999998685 ], [ 30.249497, 59.986857999998669 ], [ 30.24911, 59.986846999998662 ] ], [ [ 30.249194, 59.986934999998681 ], [ 30.2492, 59.986885999998663 ], [ 30.249417, 59.986893999998671 ], [ 30.24941, 59.98694199999867 ], [ 30.249194, 59.986934999998681 ] ] ] } },
{ "type": "Feature", "properties": { "height": 6.6, "match_type": "matched", "height_source": "source_b" }, "geometry": { "type": "Polygon", "coordinates": [ [ [ 30.249194, 59.986934999998681 ], [ 30.24941, 59.98694199999867 ], [ 30.249417, 59.986893999998671 ], [ 30.2492, 59.986885999998663 ], [ 30.249194, 59.986934999998681 ] ] ] } },
{ "type": "Feature", "properties": { "height": 4.0, "match_type": "matched", "height_source": "source_b" }, "geometry": { "type": "Polygon", "coordinates": [ [ [ 30.249166, 59.99237099999867 ], [ 30.249552, 59.99237499999866 ], [ 30.249557, 59.992234999998693 ], [ 30.249172, 59.992230999998675 ], [ 30.249166, 59.99237099999867 ] ] ] } },
{ "type": "Feature", "properties": { "height": 4.5, "match_type": "matched", "height_source": "source_b" }, "geometry": { "type": "Polygon", "coordinates": [ [ [ 30.249545, 59.986413999998689 ], [ 30.249298, 59.986410999998668 ], [ 30.249294, 59.986498999998673 ], [ 30.249542, 59.986499999998664 ], [ 30.249545, 59.986413999998689 ] ] ] } },
{ "type": "Feature", "properties": { "height": 5.4, "match_type": "only_a", "height_source": "ml_predicted" }, "geometry": { "type": "Polygon", "coordinates": [ [ [ 30.24958, 59.99478 ], [ 30.24958, 59.99489 ], [ 30.24967, 59.99489 ], [ 30.24968, 59.99478 ], [ 30.24958, 59.99478 ] ] ] } },
{ "type": "Feature", "properties": { "height": 4.5, "match_type": "matched", "height_source": "source_b" }, "geometry": { "type": "Polygon", "coordinates": [ [ [ 30.249515, 59.988000999998668 ], [ 30.248993, 59.98868999999867 ], [ 30.249208, 59.988708999998671 ], [ 30.249717, 59.988039999998669 ], [ 30.249515, 59.988000999998668 ] ] ] } },
{ "type": "Feature", "properties": { "height": 4.0, "match_type": "matched", "height_source": "source_b" }, "geometry": { "type": "Polygon", "coordinates": [ [ [ 30.249747, 59.992607999998668 ], [ 30.249884, 59.992606999998664 ], [ 30.249879, 59.992414999998665 ], [ 30.249742, 59.99241599999867 ], [ 30.249747, 59.992607999998668 ] ] ] } },
{ "type": "Feature", "properties": { "height": 21.0, "match_type": "matched", "height_source": "source_b" }, "geometry": { "type": "Polygon", "coordinates": [ [ [ 30.250112, 59.985290999998654 ], [ 30.250226, 59.985288999998673 ], [ 30.250222, 59.98523899999865 ], [ 30.250108, 59.985240999998673 ], [ 30.250112, 59.985290999998654 ] ] ] } },
{ "type": "Feature", "properties": { "height": 21.0, "match_type": "matched", "height_source": "source_b" }, "geometry": { "type": "Polygon", "coordinates": [ [ [ 30.250158, 59.98480499999868 ], [ 30.250272, 59.984802999998671 ], [ 30.250268, 59.984751999998686 ], [ 30.250154, 59.984753999998652 ], [ 30.250158, 59.98480499999868 ] ] ] } },
{ "type": "Feature", "properties": { "height": 21.0, "match_type": "matched", "height_source": "source_b" }, "geometry": { "type": "Polygon", "coordinates": [ [ [ 30.250575, 59.984675999998665 ], [ 30.250412, 59.984678999998664 ], [ 30.250419, 59.984750999998681 ], [ 30.250585, 59.984747999998682 ], [ 30.250575, 59.984675999998665 ] ] ] } },
{ "type": "Feature", "properties": { "height": 18.0, "match_type": "matched", "height_source": "source_b" }, "geometry": { "type": "Polygon", "coordinates": [ [ [ 30.250412, 59.984678999998664 ], [ 30.249712, 59.984691999998667 ], [ 30.249782, 59.985356999998686 ], [ 30.250455, 59.985337999998677 ], [ 30.250402, 59.98486799999867 ], [ 30.250599, 59.984861999998678 ], [ 30.250585, 59.984747999998682 ], [ 30.250419, 59.984750999998681 ], [ 30.250412, 59.984678999998664 ] ], [ [ 30.249909, 59.985076999998661 ], [ 30.249946, 59.984834999998668 ], [ 30.250148, 59.984831999998654 ], [ 30.250153, 59.984907999998654 ], [ 30.250206, 59.984907999998654 ], [ 30.250182, 59.985201999998672 ], [ 30.249994, 59.985204999998679 ], [ 30.249986, 59.985075999998678 ], [ 30.249909, 59.985076999998661 ] ], [ [ 30.250158, 59.98480499999868 ], [ 30.250154, 59.984753999998652 ], [ 30.250268, 59.984751999998686 ], [ 30.250272, 59.984802999998671 ], [ 30.250158, 59.98480499999868 ] ], [ [ 30.250112, 59.985290999998654 ], [ 30.250108, 59.985240999998673 ], [ 30.250222, 59.98523899999865 ], [ 30.250226, 59.985288999998673 ], [ 30.250112, 59.985290999998654 ] ] ] } },
{ "type": "Feature", "properties": { "height": 21.0, "match_type": "matched", "height_source": "source_b" }, "geometry": { "type": "Polygon", "coordinates": [ [ [ 30.249909, 59.985076999998661 ], [ 30.249986, 59.985075999998678 ], [ 30.249994, 59.985204999998679 ], [ 30.250182, 59.985201999998672 ], [ 30.250206, 59.984907999998654 ], [ 30.250153, 59.984907999998654 ], [ 30.250148, 59.984831999998654 ], [ 30.249946, 59.984834999998668 ], [ 30.249909, 59.985076999998661 ] ] ] } },
{ "type": "Feature", "properties": { "height": 4.0, "match_type": "matched", "height_source": "source_b" }, "geometry": { "type": "Polygon", "coordinates": [ [ [ 30.249751, 59.993013999998659 ], [ 30.24985, 59.993012999998641 ], [ 30.249848, 59.992847999998688 ], [ 30.249749, 59.992847999998688 ], [ 30.249751, 59.993013999998659 ] ] ] } },
{ "type": "Feature", "properties": { "height": 21.4, "match_type": "only_a", "height_source": "ml_predicted" }, "geometry": { "type": "Polygon", "coordinates": [ [ [ 30.24974, 59.98418 ], [ 30.25033, 59.98416 ], [ 30.25033, 59.98414 ], [ 30.24976, 59.98415 ], [ 30.24974, 59.98418 ] ] ] } },
{ "type": "Feature", "properties": { "height": 4.5, "match_type": "matched", "height_source": "source_b" }, "geometry": { "type": "Polygon", "coordinates": [ [ [ 30.24984, 59.993439999998678 ], [ 30.249723, 59.993440999998676 ], [ 30.249732, 59.993611999998677 ], [ 30.24985, 59.993609999998661 ], [ 30.24984, 59.993439999998678 ] ] ] } },
{ "type": "Feature", "properties": { "height": 4.4, "match_type": "only_a", "height_source": "ml_predicted" }, "geometry": { "type": "Polygon", "coordinates": [ [ [ 30.24979, 59.98921 ], [ 30.2498, 59.98927 ], [ 30.24989, 59.98927 ], [ 30.24988, 59.9892 ], [ 30.24979, 59.98921 ] ] ] } },
{ "type": "Feature", "properties": { "height": 4.5, "match_type": "matched", "height_source": "source_b" }, "geometry": { "type": "Polygon", "coordinates": [ [ [ 30.249564, 59.990417999998662 ], [ 30.249704, 59.990415999998667 ], [ 30.249687, 59.990146999998672 ], [ 30.249736, 59.990145999998681 ], [ 30.249706, 59.98976099999868 ], [ 30.249443, 59.989765999998653 ], [ 30.249459, 59.989963999998672 ], [ 30.249526, 59.989962999998653 ], [ 30.249564, 59.990417999998662 ] ] ] } },
{ "type": "Feature", "properties": { "height": 6.6, "match_type": "matched", "height_source": "source_b" }, "geometry": { "type": "Polygon", "coordinates": [ [ [ 30.249706, 59.98976099999868 ], [ 30.249697, 59.989644999998696 ], [ 30.249156, 59.989654999998685 ], [ 30.249164, 59.989749999998665 ], [ 30.249706, 59.98976099999868 ] ] ] } },
{ "type": "Feature", "properties": { "height": 9.9, "match_type": "matched", "height_source": "source_b" }, "geometry": { "type": "Polygon", "coordinates": [ [ [ 30.249811, 59.991276999998675 ], [ 30.249262, 59.99127599999867 ], [ 30.24926, 59.991394999998683 ], [ 30.249809, 59.991397999998682 ], [ 30.249811, 59.991276999998675 ] ] ] } },
{ "type": "Feature", "properties": { "height": 4.5, "match_type": "matched", "height_source": "source_b" }, "geometry": { "type": "Polygon", "coordinates": [ [ [ 30.249198, 59.986094999998677 ], [ 30.249188, 59.986183999998659 ], [ 30.249755, 59.986197999998666 ], [ 30.249764, 59.986109999998675 ], [ 30.249198, 59.986094999998677 ] ] ] } },
{ "type": "Feature", "properties": { "height": 4.5, "match_type": "matched", "height_source": "source_b" }, "geometry": { "type": "Polygon", "coordinates": [ [ [ 30.250691, 59.988077999998666 ], [ 30.249737, 59.988707999998667 ], [ 30.249929, 59.988757999998647 ], [ 30.25086, 59.988143999998677 ], [ 30.250691, 59.988077999998666 ] ] ] } },
{ "type": "Feature", "properties": { "height": 13.2, "match_type": "matched", "height_source": "source_b" }, "geometry": { "type": "Polygon", "coordinates": [ [ [ 30.249563, 59.995533999998656 ], [ 30.249998, 59.995479999998665 ], [ 30.249878, 59.995236999998696 ], [ 30.249764, 59.995250999998689 ], [ 30.249777, 59.995278999998668 ], [ 30.249527, 59.995309999998653 ], [ 30.249551, 59.995359999998655 ], [ 30.249487, 59.995366999998659 ], [ 30.249563, 59.995533999998656 ] ] ] } },
{ "type": "Feature", "properties": { "height": 6.6, "match_type": "matched", "height_source": "source_b" }, "geometry": { "type": "Polygon", "coordinates": [ [ [ 30.249867, 59.986886999998681 ], [ 30.249973, 59.986888999998662 ], [ 30.249971, 59.986928999998682 ], [ 30.249892, 59.986927999998677 ], [ 30.249887, 59.98699899999869 ], [ 30.25061, 59.987011999998664 ], [ 30.250671, 59.986131999998655 ], [ 30.249972, 59.986119999998664 ], [ 30.249968, 59.986183999998659 ], [ 30.25003, 59.986184999998677 ], [ 30.250019, 59.986351999998654 ], [ 30.249932, 59.986350999998656 ], [ 30.249927, 59.986414999998672 ], [ 30.250012, 59.986415999998663 ], [ 30.250008, 59.986475999998667 ], [ 30.249828, 59.986471999998678 ], [ 30.249822, 59.986552999998672 ], [ 30.249892, 59.986553999998648 ], [ 30.249867, 59.986886999998681 ] ] ] } },
{ "type": "Feature", "properties": { "height": 4.5, "match_type": "matched", "height_source": "source_b" }, "geometry": { "type": "Polygon", "coordinates": [ [ [ 30.249848, 59.990424999998638 ], [ 30.250026, 59.990424999998659 ], [ 30.250026, 59.990376999998702 ], [ 30.249848, 59.990376999998688 ], [ 30.249848, 59.990424999998638 ] ] ] } },
{ "type": "Feature", "properties": { "height": 4.5, "match_type": "matched", "height_source": "source_b" }, "geometry": { "type": "Polygon", "coordinates": [ [ [ 30.249824, 59.988025999998669 ], [ 30.249346, 59.988719999998665 ], [ 30.249584, 59.988760999998675 ], [ 30.250061, 59.988066999998679 ], [ 30.249824, 59.988025999998669 ] ] ] } },
{ "type": "Feature", "properties": { "height": 8.0, "match_type": "only_a", "height_source": "ml_predicted" }, "geometry": { "type": "Polygon", "coordinates": [ [ [ 30.25007, 59.99224 ], [ 30.25007, 59.99241 ], [ 30.25021, 59.99241 ], [ 30.25021, 59.99224 ], [ 30.25007, 59.99224 ] ] ] } },
{ "type": "Feature", "properties": { "height": 16.0, "match_type": "matched", "height_source": "source_b" }, "geometry": { "type": "Polygon", "coordinates": [ [ [ 30.250027, 59.994618999998679 ], [ 30.250472, 59.994617999998667 ], [ 30.250472, 59.994673999998682 ], [ 30.250623, 59.994669999998678 ], [ 30.250627, 59.994616999998669 ], [ 30.250704, 59.994616999998669 ], [ 30.25072, 59.993301999998678 ], [ 30.251033, 59.993303999998673 ], [ 30.251034, 59.993268999998662 ], [ 30.250052, 59.993290999998671 ], [ 30.250043, 59.993898999998656 ], [ 30.24997, 59.993898999998656 ], [ 30.249968, 59.993960999998677 ], [ 30.250045, 59.993960999998649 ], [ 30.250027, 59.994618999998679 ] ] ] } },
{ "type": "Feature", "properties": { "height": 4.5, "match_type": "matched", "height_source": "source_b" }, "geometry": { "type": "Polygon", "coordinates": [ [ [ 30.250331, 59.98806499999867 ], [ 30.250301, 59.988107999998661 ], [ 30.250199, 59.98808999999865 ], [ 30.250049, 59.98831199999865 ], [ 30.250157, 59.988329999998676 ], [ 30.250234, 59.988205999998662 ], [ 30.250337, 59.98821599999868 ], [ 30.250429, 59.988080999998694 ], [ 30.250331, 59.98806499999867 ] ] ] } },
{ "type": "Feature", "properties": { "height": 5.7, "match_type": "only_a", "height_source": "ml_predicted" }, "geometry": { "type": "Polygon", "coordinates": [ [ [ 30.25019, 59.9908 ], [ 30.25009, 59.9908 ], [ 30.25009, 59.99086 ], [ 30.25019, 59.99086 ], [ 30.25019, 59.9908 ] ] ] } },
{ "type": "Feature", "properties": { "height": 12.0, "match_type": "matched", "height_source": "source_b" }, "geometry": { "type": "Polygon", "coordinates": [ [ [ 30.25065, 59.993262999998649 ], [ 30.250491, 59.993242999998671 ], [ 30.250514, 59.992880999998668 ], [ 30.25245, 59.992910999998671 ], [ 30.252429, 59.993309999998658 ], [ 30.252737, 59.993314999998667 ], [ 30.252746, 59.992766999998658 ], [ 30.252204, 59.992765999998682 ], [ 30.2522, 59.99284499999866 ], [ 30.251969, 59.99284099999867 ], [ 30.251974, 59.992764999998677 ], [ 30.251012, 59.99275099999867 ], [ 30.251008, 59.992824999998689 ], [ 30.250779, 59.992820999998671 ], [ 30.250783, 59.992746999998673 ], [ 30.250243, 59.99273999999869 ], [ 30.250234, 59.993291999998704 ], [ 30.250644, 59.993294999998696 ], [ 30.25065, 59.993262999998649 ] ] ] } },
{ "type": "Feature", "properties": { "height": 16.0, "match_type": "matched", "height_source": "source_b" }, "geometry": { "type": "Polygon", "coordinates": [ [ [ 30.252204, 59.992765999998682 ], [ 30.252831, 59.992763999998672 ], [ 30.252853, 59.991448999998674 ], [ 30.252, 59.991410999998664 ], [ 30.251999, 59.991445999998682 ], [ 30.25102, 59.991440999998687 ], [ 30.251021, 59.991398999998673 ], [ 30.250843, 59.991397999998682 ], [ 30.250843, 59.991442999998654 ], [ 30.250193, 59.991440999998673 ], [ 30.250171, 59.992738999998664 ], [ 30.250783, 59.992746999998673 ], [ 30.250779, 59.992820999998671 ], [ 30.251008, 59.992824999998689 ], [ 30.251012, 59.99275099999867 ], [ 30.251974, 59.992764999998677 ], [ 30.251969, 59.99284099999867 ], [ 30.2522, 59.99284499999866 ], [ 30.252204, 59.992765999998682 ] ] ] } },
{ "type": "Feature", "properties": { "height": 12.0, "match_type": "matched", "height_source": "source_b" }, "geometry": { "type": "Polygon", "coordinates": [ [ [ 30.250627, 59.994946999998668 ], [ 30.250491, 59.99496299999867 ], [ 30.250472, 59.994617999998667 ], [ 30.250191, 59.994618999998679 ], [ 30.25017, 59.995012999998671 ], [ 30.249999, 59.995037999998672 ], [ 30.25002, 59.995078999998668 ], [ 30.250351, 59.995039999998667 ], [ 30.250454, 59.995256999998681 ], [ 30.250133, 59.99529499999867 ], [ 30.250191, 59.995404999998655 ], [ 30.251239, 59.995265999998665 ], [ 30.251168, 59.995130999998693 ], [ 30.250752, 59.995185999998668 ], [ 30.250627, 59.994946999998668 ] ] ] } },
{ "type": "Feature", "properties": { "height": 16.0, "match_type": "matched", "height_source": "source_b" }, "geometry": { "type": "Polygon", "coordinates": [ [ [ 30.25002, 59.995078999998668 ], [ 30.250133, 59.99529499999867 ], [ 30.250454, 59.995256999998681 ], [ 30.250351, 59.995039999998667 ], [ 30.25002, 59.995078999998668 ] ] ] } },
{ "type": "Feature", "properties": { "height": 4.5, "match_type": "matched", "height_source": "source_b" }, "geometry": { "type": "Polygon", "coordinates": [ [ [ 30.250442, 59.988634999998681 ], [ 30.250334, 59.988707999998667 ], [ 30.250227, 59.988674999998679 ], [ 30.250133, 59.988752999998667 ], [ 30.250386, 59.988830999998683 ], [ 30.250577, 59.988676999998674 ], [ 30.250442, 59.988634999998681 ] ] ] } },
{ "type": "Feature", "properties": { "height": 4.5, "match_type": "matched", "height_source": "source_b" }, "geometry": { "type": "Polygon", "coordinates": [ [ [ 30.250442, 59.988634999998681 ], [ 30.250566, 59.988673999998682 ], [ 30.25114, 59.988176999998664 ], [ 30.251018, 59.988136999998673 ], [ 30.250442, 59.988634999998681 ] ] ] } },
{ "type": "Feature", "properties": { "height": 4.5, "match_type": "matched", "height_source": "source_b" }, "geometry": { "type": "Polygon", "coordinates": [ [ [ 30.250012, 59.987105999998668 ], [ 30.249747, 59.987103999998688 ], [ 30.249745, 59.987195999998654 ], [ 30.250011, 59.987195999998654 ], [ 30.250012, 59.987105999998668 ] ] ] } },
{ "type": "Feature", "properties": { "height": 4.5, "match_type": "matched", "height_source": "source_b" }, "geometry": { "type": "Polygon", "coordinates": [ [ [ 30.250555, 59.987088999998662 ], [ 30.250227, 59.987090999998649 ], [ 30.250228, 59.987146999998664 ], [ 30.25044, 59.987144999998698 ], [ 30.250441, 59.987209999998669 ], [ 30.250214, 59.987211999998678 ], [ 30.250215, 59.987281999998636 ], [ 30.249651, 59.987326999998665 ], [ 30.249652, 59.987445999998648 ], [ 30.250303, 59.987394999998649 ], [ 30.250303, 59.987443999998682 ], [ 30.25056, 59.987441999998687 ], [ 30.250555, 59.987088999998662 ] ] ] } },
{ "type": "Feature", "properties": { "height": 4.5, "match_type": "matched", "height_source": "source_b" }, "geometry": { "type": "Polygon", "coordinates": [ [ [ 30.250416, 59.990819999998656 ], [ 30.250181, 59.990819999998656 ], [ 30.25018, 59.99127899999867 ], [ 30.250415, 59.99127899999867 ], [ 30.250416, 59.990819999998656 ] ] ] } },
{ "type": "Feature", "properties": { "height": 17.4, "match_type": "only_a", "height_source": "ml_predicted" }, "geometry": { "type": "Polygon", "coordinates": [ [ [ 30.25048, 59.98513 ], [ 30.25044, 59.9851 ], [ 30.25045, 59.98515 ], [ 30.25048, 59.98513 ] ] ] } },
{ "type": "Feature", "properties": { "height": 18.0, "match_type": "only_a", "height_source": "ml_predicted" }, "geometry": { "type": "Polygon", "coordinates": [ [ [ 30.25047, 59.98536 ], [ 30.25051, 59.98532 ], [ 30.25047, 59.9853 ], [ 30.25047, 59.98536 ] ] ] } },
{ "type": "Feature", "properties": { "height": 5.5, "match_type": "only_a", "height_source": "ml_predicted" }, "geometry": { "type": "Polygon", "coordinates": [ [ [ 30.25055, 59.98991 ], [ 30.25053, 59.98981 ], [ 30.25013, 59.98984 ], [ 30.25015, 59.98993 ], [ 30.25055, 59.98991 ] ] ] } },
{ "type": "Feature", "properties": { "height": 18.0, "match_type": "matched", "height_source": "source_b" }, "geometry": { "type": "Polygon", "coordinates": [ [ [ 30.252512, 59.985789999998666 ], [ 30.252839, 59.985780999998667 ], [ 30.252827, 59.985665999998659 ], [ 30.252499, 59.985674999998686 ], [ 30.252512, 59.985789999998666 ] ] ] } },
{ "type": "Feature", "properties": { "height": 18.0, "match_type": "matched", "height_source": "source_b" }, "geometry": { "type": "Polygon", "coordinates": [ [ [ 30.252456, 59.985656999998653 ], [ 30.252227, 59.985662999998645 ], [ 30.252239, 59.985770999998678 ], [ 30.252468, 59.985764999998672 ], [ 30.252456, 59.985656999998653 ] ] ] } },
{ "type": "Feature", "properties": { "height": 18.0, "match_type": "matched", "height_source": "source_b" }, "geometry": { "type": "Polygon", "coordinates": [ [ [ 30.251035, 59.985814999998652 ], [ 30.251181, 59.985810999998662 ], [ 30.251174, 59.985747999998665 ], [ 30.251028, 59.985751999998655 ], [ 30.251035, 59.985814999998652 ] ] ] } },
{ "type": "Feature", "properties": { "height": 15.0, "match_type": "matched", "height_source": "source_b" }, "geometry": { "type": "Polygon", "coordinates": [ [ [ 30.25064, 59.985825999998667 ], [ 30.251035, 59.985814999998652 ], [ 30.251028, 59.985751999998655 ], [ 30.251174, 59.985747999998665 ], [ 30.251181, 59.985810999998662 ], [ 30.252466, 59.985776999998677 ], [ 30.252497, 59.986061999998675 ], [ 30.252927, 59.986048999998658 ], [ 30.252896, 59.985764999998686 ], [ 30.253554, 59.985747999998679 ], [ 30.253542, 59.985630999998662 ], [ 30.252879, 59.985647999998655 ], [ 30.252869, 59.98555399999865 ], [ 30.252446, 59.98556599999867 ], [ 30.252468, 59.985764999998672 ], [ 30.252239, 59.985770999998678 ], [ 30.252227, 59.985662999998645 ], [ 30.250623, 59.985705999998679 ], [ 30.25064, 59.985825999998667 ] ], [ [ 30.252512, 59.985789999998666 ], [ 30.252499, 59.985674999998686 ], [ 30.252827, 59.985665999998659 ], [ 30.252839, 59.985780999998667 ], [ 30.252512, 59.985789999998666 ] ] ] } },
{ "type": "Feature", "properties": { "height": 7.7, "match_type": "only_a", "height_source": "ml_predicted" }, "geometry": { "type": "Polygon", "coordinates": [ [ [ 30.2507, 59.98417 ], [ 30.25069, 59.98412 ], [ 30.25065, 59.98412 ], [ 30.25065, 59.98417 ], [ 30.2507, 59.98417 ] ] ] } },
{ "type": "Feature", "properties": { "height": 4.5, "match_type": "matched", "height_source": "source_b" }, "geometry": { "type": "Polygon", "coordinates": [ [ [ 30.250711, 59.989447999998667 ], [ 30.250584, 59.989450999998681 ], [ 30.2506, 59.989618999998669 ], [ 30.250728, 59.989615999998669 ], [ 30.250711, 59.989447999998667 ] ] ] } },
{ "type": "Feature", "properties": { "height": 12.0, "match_type": "matched", "height_source": "source_b" }, "geometry": { "type": "Polygon", "coordinates": [ [ [ 30.251988, 59.991043999998681 ], [ 30.250465, 59.991036999998677 ], [ 30.25046, 59.991258999998678 ], [ 30.252812, 59.991269999998657 ], [ 30.252809, 59.990760999998663 ], [ 30.251982, 59.990769999998662 ], [ 30.251988, 59.991043999998681 ] ] ] } },
{ "type": "Feature", "properties": { "height": 12.0, "match_type": "matched", "height_source": "source_b" }, "geometry": { "type": "Polygon", "coordinates": [ [ [ 30.250901, 59.991037999998682 ], [ 30.251988, 59.991043999998681 ], [ 30.251982, 59.990769999998662 ], [ 30.250907, 59.99078099999867 ], [ 30.250901, 59.991037999998682 ] ] ] } },
{ "type": "Feature", "properties": { "height": 11.0, "match_type": "only_a", "height_source": "ml_predicted" }, "geometry": { "type": "Polygon", "coordinates": [ [ [ 30.25085, 59.99353 ], [ 30.25076, 59.99356 ], [ 30.25085, 59.99356 ], [ 30.25085, 59.99353 ] ] ] } },
{ "type": "Feature", "properties": { "height": 4.5, "match_type": "matched", "height_source": "source_b" }, "geometry": { "type": "Polygon", "coordinates": [ [ [ 30.250634, 59.988790999998663 ], [ 30.250701, 59.988804999998671 ], [ 30.250727, 59.988773999998671 ], [ 30.25066, 59.988758999998666 ], [ 30.250634, 59.988790999998663 ] ] ] } },
{ "type": "Feature", "properties": { "height": 4.5, "match_type": "matched", "height_source": "source_b" }, "geometry": { "type": "Polygon", "coordinates": [ [ [ 30.250737, 59.98626399999867 ], [ 30.250724, 59.986364999998678 ], [ 30.250774, 59.986365999998668 ], [ 30.250767, 59.986432999998662 ], [ 30.250965, 59.986437999998671 ], [ 30.250944, 59.986269999998683 ], [ 30.250737, 59.98626399999867 ] ] ] } },
{ "type": "Feature", "properties": { "height": 12.0, "match_type": "matched", "height_source": "source_b" }, "geometry": { "type": "Polygon", "coordinates": [ [ [ 30.251033, 59.993303999998673 ], [ 30.251027, 59.993550999998682 ], [ 30.252025, 59.993556999998667 ], [ 30.252031, 59.993296999998655 ], [ 30.251904, 59.993294999998689 ], [ 30.251898, 59.993405999998657 ], [ 30.251134, 59.993396999998694 ], [ 30.251139, 59.993291999998689 ], [ 30.251033, 59.993303999998673 ] ] ] } },
{ "type": "Feature", "properties": { "height": 16.0, "match_type": "matched", "height_source": "source_b" }, "geometry": { "type": "Polygon", "coordinates": [ [ [ 30.252031, 59.993296999998655 ], [ 30.252033, 59.993233999998672 ], [ 30.251035, 59.993227999998673 ], [ 30.251034, 59.993290999998671 ], [ 30.251139, 59.993291999998689 ], [ 30.251134, 59.993396999998694 ], [ 30.251898, 59.993405999998657 ], [ 30.251904, 59.993294999998689 ], [ 30.252031, 59.993296999998655 ] ] ] } },
{ "type": "Feature", "properties": { "height": 4.5, "match_type": "matched", "height_source": "source_b" }, "geometry": { "type": "Polygon", "coordinates": [ [ [ 30.251131, 59.986809999998677 ], [ 30.250861, 59.98680699999867 ], [ 30.250824, 59.987336999998654 ], [ 30.251092, 59.987341999998662 ], [ 30.251131, 59.986809999998677 ] ] ] } },
{ "type": "Feature", "properties": { "height": 4.5, "match_type": "matched", "height_source": "source_b" }, "geometry": { "type": "Polygon", "coordinates": [ [ [ 30.251284, 59.988016999998685 ], [ 30.251269, 59.988066999998665 ], [ 30.252541, 59.988157999998677 ], [ 30.252555, 59.988106999998685 ], [ 30.251284, 59.988016999998685 ] ] ] } },
{ "type": "Feature", "properties": { "height": 4.5, "match_type": "matched", "height_source": "source_b" }, "geometry": { "type": "Polygon", "coordinates": [ [ [ 30.2511, 59.988040999998688 ], [ 30.251034, 59.988096999998668 ], [ 30.251161, 59.98813199999865 ], [ 30.251224, 59.988075999998649 ], [ 30.2511, 59.988040999998688 ] ] ] } },
{ "type": "Feature", "properties": { "height": 4.5, "match_type": "matched", "height_source": "source_b" }, "geometry": { "type": "Polygon", "coordinates": [ [ [ 30.251314, 59.994564999998659 ], [ 30.251196, 59.994567999998679 ], [ 30.251204, 59.99463799999868 ], [ 30.251321, 59.994634999998667 ], [ 30.251314, 59.994564999998659 ] ] ] } },
{ "type": "Feature", "properties": { "height": 5.2, "match_type": "only_a", "height_source": "ml_predicted" }, "geometry": { "type": "Polygon", "coordinates": [ [ [ 30.25128, 59.98934 ], [ 30.25123, 59.98937 ], [ 30.25128, 59.98937 ], [ 30.25128, 59.98934 ] ] ] } },
{ "type": "Feature", "properties": { "height": 4.9, "match_type": "only_a", "height_source": "ml_predicted" }, "geometry": { "type": "Polygon", "coordinates": [ [ [ 30.25127, 59.98942 ], [ 30.25132, 59.98941 ], [ 30.25132, 59.98937 ], [ 30.25126, 59.98937 ], [ 30.25127, 59.98942 ] ] ] } },
{ "type": "Feature", "properties": { "height": 4.5, "match_type": "matched", "height_source": "source_b" }, "geometry": { "type": "Polygon", "coordinates": [ [ [ 30.251643, 59.989349999998673 ], [ 30.251401, 59.989354999998682 ], [ 30.251412, 59.989484999998687 ], [ 30.251768, 59.989477999998655 ], [ 30.251762, 59.989396999998668 ], [ 30.251647, 59.989398999998677 ], [ 30.251643, 59.989349999998673 ] ] ] } },
{ "type": "Feature", "properties": { "height": 4.8, "match_type": "only_a", "height_source": "ml_predicted" }, "geometry": { "type": "Polygon", "coordinates": [ [ [ 30.25137, 59.98968 ], [ 30.25135, 59.98953 ], [ 30.25125, 59.98953 ], [ 30.25127, 59.98968 ], [ 30.25137, 59.98968 ] ] ] } },
{ "type": "Feature", "properties": { "height": 4.2, "match_type": "only_a", "height_source": "ml_predicted" }, "geometry": { "type": "Polygon", "coordinates": [ [ [ 30.25142, 59.98599 ], [ 30.25141, 59.98592 ], [ 30.25097, 59.98594 ], [ 30.25098, 59.986 ], [ 30.25142, 59.98599 ] ] ] } },
{ "type": "Feature", "properties": { "height": 12.0, "match_type": "matched", "height_source": "source_b" }, "geometry": { "type": "Polygon", "coordinates": [ [ [ 30.251387, 59.995121999998695 ], [ 30.251178, 59.995149999998667 ], [ 30.251239, 59.995265999998665 ], [ 30.251442, 59.995235999998677 ], [ 30.251387, 59.995121999998695 ] ] ] } },
{ "type": "Feature", "properties": { "height": 6.6, "match_type": "matched", "height_source": "source_b" }, "geometry": { "type": "Polygon", "coordinates": [ [ [ 30.250171, 59.990394999998671 ], [ 30.251448, 59.990367999998654 ], [ 30.251434, 59.990198999998661 ], [ 30.250157, 59.990225999998664 ], [ 30.250171, 59.990394999998671 ] ] ] } },
{ "type": "Feature", "properties": { "height": 6.6, "match_type": "matched", "height_source": "source_b" }, "geometry": { "type": "Polygon", "coordinates": [ [ [ 30.250149, 59.990135999998664 ], [ 30.251436, 59.990108999998661 ], [ 30.251423, 59.989954999998673 ], [ 30.250136, 59.989981999998641 ], [ 30.250149, 59.990135999998664 ] ] ] } },
{ "type": "Feature", "properties": { "height": 9.9, "match_type": "matched", "height_source": "source_b" }, "geometry": { "type": "Polygon", "coordinates": [ [ [ 30.250157, 59.990225999998664 ], [ 30.251434, 59.990198999998661 ], [ 30.251517, 59.990219999998665 ], [ 30.251508, 59.990106999998673 ], [ 30.250149, 59.990135999998664 ], [ 30.250157, 59.990225999998664 ] ] ] } },
{ "type": "Feature", "properties": { "height": 16.0, "match_type": "matched", "height_source": "source_b" }, "geometry": { "type": "Polygon", "coordinates": [ [ [ 30.251442, 59.995235999998677 ], [ 30.251635, 59.995206999998651 ], [ 30.251577, 59.995085999998672 ], [ 30.251381, 59.995112999998675 ], [ 30.251442, 59.995235999998677 ] ] ] } },
{ "type": "Feature", "properties": { "height": 4.5, "match_type": "matched", "height_source": "source_b" }, "geometry": { "type": "Polygon", "coordinates": [ [ [ 30.251526, 59.986768999998681 ], [ 30.251501, 59.986937999998666 ], [ 30.251635, 59.986941999998656 ], [ 30.251661, 59.986774999998659 ], [ 30.251526, 59.986768999998681 ] ] ] } },
{ "type": "Feature", "properties": { "height": 4.6, "match_type": "only_a", "height_source": "ml_predicted" }, "geometry": { "type": "Polygon", "coordinates": [ [ [ 30.25169, 59.98995 ], [ 30.2518, 59.98994 ], [ 30.25179, 59.98983 ], [ 30.25168, 59.98983 ], [ 30.25169, 59.98995 ] ] ] } },
{ "type": "Feature", "properties": { "height": 21.0, "match_type": "matched", "height_source": "source_b" }, "geometry": { "type": "Polygon", "coordinates": [ [ [ 30.251847, 59.995174999998667 ], [ 30.252058, 59.995142999998663 ], [ 30.25198, 59.995002999998682 ], [ 30.251773, 59.995030999998683 ], [ 30.251847, 59.995174999998667 ] ] ] } },
{ "type": "Feature", "properties": { "height": 20.0, "match_type": "matched", "height_source": "source_b" }, "geometry": { "type": "Polygon", "coordinates": [ [ [ 30.251635, 59.995206999998651 ], [ 30.251847, 59.995174999998667 ], [ 30.251782, 59.995046999998671 ], [ 30.251571, 59.995075999998683 ], [ 30.251635, 59.995206999998651 ] ] ] } },
{ "type": "Feature", "properties": { "height": 4.5, "match_type": "matched", "height_source": "source_b" }, "geometry": { "type": "Polygon", "coordinates": [ [ [ 30.251489, 59.986766999998679 ], [ 30.251698, 59.986775999998649 ], [ 30.251736, 59.986557999998674 ], [ 30.251526, 59.98654999999868 ], [ 30.251489, 59.986766999998679 ] ] ] } },
{ "type": "Feature", "properties": { "height": 4.5, "match_type": "matched", "height_source": "source_b" }, "geometry": { "type": "Polygon", "coordinates": [ [ [ 30.251747488446394, 59.989345316378021 ], [ 30.251755320616578, 59.989429017725122 ], [ 30.25267953599036, 59.989407309567859 ], [ 30.252671701487337, 59.989323608259177 ], [ 30.251747488446394, 59.989345316378021 ] ] ] } },
{ "type": "Feature", "properties": { "height": 4.5, "match_type": "matched", "height_source": "source_b" }, "geometry": { "type": "Polygon", "coordinates": [ [ [ 30.251587, 59.994569999998667 ], [ 30.251573, 59.99469999999868 ], [ 30.251751, 59.994704999998653 ], [ 30.251765, 59.994574999998662 ], [ 30.251587, 59.994569999998667 ] ] ] } },
{ "type": "Feature", "properties": { "height": 6.6, "match_type": "matched", "height_source": "source_b" }, "geometry": { "type": "Polygon", "coordinates": [ [ [ 30.251143, 59.986161999998679 ], [ 30.251467, 59.986157999998682 ], [ 30.251469, 59.986207999998669 ], [ 30.251565, 59.986206999998686 ], [ 30.251563, 59.986149999998695 ], [ 30.251757, 59.986147999998671 ], [ 30.251753, 59.986014999998652 ], [ 30.251138, 59.986019999998661 ], [ 30.251143, 59.986161999998679 ] ] ] } },
{ "type": "Feature", "properties": { "height": 4.5, "match_type": "matched", "height_source": "source_b" }, "geometry": { "type": "Polygon", "coordinates": [ [ [ 30.251779686158439, 59.990068110489631 ], [ 30.252620787034939, 59.990091126560799 ], [ 30.252617733675514, 59.989994191885863 ], [ 30.251777569596928, 59.990000830448814 ], [ 30.251779686158439, 59.990068110489631 ] ] ] } },
{ "type": "Feature", "properties": { "height": 6.0, "match_type": "matched", "height_source": "source_b" }, "geometry": { "type": "Polygon", "coordinates": [ [ [ 30.25180764447158, 59.989742223278455 ], [ 30.251807644793459, 59.989829844947323 ], [ 30.251933458216214, 59.989829845054508 ], [ 30.251933457636017, 59.989742222486434 ], [ 30.25180764447158, 59.989742223278455 ] ] ] } },
{ "type": "Feature", "properties": { "height": 11.0, "match_type": "only_a", "height_source": "ml_predicted" }, "geometry": { "type": "Polygon", "coordinates": [ [ [ 30.25201, 59.99133 ], [ 30.25212, 59.99133 ], [ 30.25212, 59.99129 ], [ 30.25201, 59.99129 ], [ 30.25201, 59.99133 ] ] ] } },
{ "type": "Feature", "properties": { "height": 16.0, "match_type": "matched", "height_source": "source_b" }, "geometry": { "type": "Polygon", "coordinates": [ [ [ 30.252426, 59.993274999998647 ], [ 30.252032, 59.993267999998672 ], [ 30.252031, 59.993309999998658 ], [ 30.252304, 59.993308999998654 ], [ 30.252342, 59.994286999998664 ], [ 30.25272, 59.994292999998677 ], [ 30.252737, 59.993314999998667 ], [ 30.252429, 59.993309999998658 ], [ 30.252426, 59.993274999998647 ] ] ] } },
{ "type": "Feature", "properties": { "height": 20.0, "match_type": "matched", "height_source": "source_b" }, "geometry": { "type": "Polygon", "coordinates": [ [ [ 30.25229, 59.994523999998648 ], [ 30.252697, 59.994567999998679 ], [ 30.25272, 59.994292999998677 ], [ 30.25229, 59.99428599999866 ], [ 30.25229, 59.994476999998682 ], [ 30.252098, 59.994475999998663 ], [ 30.252098, 59.994591999998661 ], [ 30.252293, 59.994574999998662 ], [ 30.25229, 59.994523999998648 ] ] ] } },
{ "type": "Feature", "properties": { "height": 24.5, "match_type": "matched", "height_source": "source_b" }, "geometry": { "type": "Polygon", "coordinates": [ [ [ 30.252674, 59.995038999998677 ], [ 30.252697, 59.994567999998679 ], [ 30.25229, 59.994523999998648 ], [ 30.252293, 59.994574999998662 ], [ 30.252098, 59.994591999998661 ], [ 30.252098, 59.994668999998687 ], [ 30.252207, 59.994672999998663 ], [ 30.252205, 59.994895999998668 ], [ 30.252072, 59.994912999998675 ], [ 30.252166, 59.994978999998679 ], [ 30.25198, 59.995002999998682 ], [ 30.252044, 59.995122999998664 ], [ 30.252674, 59.995038999998677 ] ] ] } },
{ "type": "Feature", "properties": { "height": 4.5, "match_type": "matched", "height_source": "source_b" }, "geometry": { "type": "Polygon", "coordinates": [ [ [ 30.252022, 59.986853999998665 ], [ 30.251905, 59.987433999998679 ], [ 30.252127, 59.987444999998658 ], [ 30.252157, 59.987280999998674 ], [ 30.252357, 59.98728999999868 ], [ 30.252369, 59.987230999998665 ], [ 30.252168, 59.987220999998677 ], [ 30.252229, 59.986866999998654 ], [ 30.252022, 59.986853999998665 ] ] ] } },
{ "type": "Feature", "properties": { "height": 6.3, "match_type": "only_a", "height_source": "ml_predicted" }, "geometry": { "type": "Polygon", "coordinates": [ [ [ 30.25219, 59.99015 ], [ 30.25219, 59.99011 ], [ 30.25209, 59.99011 ], [ 30.25209, 59.99015 ], [ 30.25219, 59.99015 ] ] ] } },
{ "type": "Feature", "properties": { "height": 8.0, "match_type": "only_a", "height_source": "ml_predicted" }, "geometry": { "type": "Polygon", "coordinates": [ [ [ 30.25223, 59.9914 ], [ 30.25221, 59.99129 ], [ 30.25213, 59.99129 ], [ 30.25214, 59.9914 ], [ 30.25223, 59.9914 ] ] ] } },
{ "type": "Feature", "properties": { "height": 9.4, "match_type": "only_a", "height_source": "ml_predicted" }, "geometry": { "type": "Polygon", "coordinates": [ [ [ 30.25224, 59.99146 ], [ 30.25235, 59.99148 ], [ 30.25235, 59.99132 ], [ 30.25224, 59.99132 ], [ 30.25224, 59.99146 ] ] ] } },
{ "type": "Feature", "properties": { "height": 4.3, "match_type": "only_a", "height_source": "ml_predicted" }, "geometry": { "type": "Polygon", "coordinates": [ [ [ 30.25225, 59.98719 ], [ 30.25232, 59.9872 ], [ 30.25234, 59.98706 ], [ 30.25227, 59.98705 ], [ 30.25225, 59.98719 ] ] ] } },
{ "type": "Feature", "properties": { "height": 4.5, "match_type": "matched", "height_source": "source_b" }, "geometry": { "type": "Polygon", "coordinates": [ [ [ 30.251958, 59.986849999998675 ], [ 30.252229, 59.986866999998654 ], [ 30.252326, 59.986469999998668 ], [ 30.252059, 59.986449999998669 ], [ 30.251958, 59.986849999998675 ] ] ] } },
{ "type": "Feature", "properties": { "height": 4.3, "match_type": "only_a", "height_source": "ml_predicted" }, "geometry": { "type": "Polygon", "coordinates": [ [ [ 30.25228, 59.99005 ], [ 30.25228, 59.99011 ], [ 30.25237, 59.99011 ], [ 30.25236, 59.99005 ], [ 30.25228, 59.99005 ] ] ] } },
{ "type": "Feature", "properties": { "height": 9.9, "match_type": "matched", "height_source": "source_b" }, "geometry": { "type": "Polygon", "coordinates": [ [ [ 30.252326, 59.986469999998668 ], [ 30.252302, 59.986582999998689 ], [ 30.253277, 59.986634999998635 ], [ 30.253294, 59.986519999998663 ], [ 30.252326, 59.986469999998668 ] ] ] } },
{ "type": "Feature", "properties": { "height": 6.9, "match_type": "only_a", "height_source": "ml_predicted" }, "geometry": { "type": "Polygon", "coordinates": [ [ [ 30.25233, 59.98409 ], [ 30.25233, 59.98403 ], [ 30.25223, 59.98403 ], [ 30.25223, 59.98409 ], [ 30.25233, 59.98409 ] ] ] } },
{ "type": "Feature", "properties": { "height": 4.5, "match_type": "matched", "height_source": "source_b" }, "geometry": { "type": "Polygon", "coordinates": [ [ [ 30.25134, 59.988144999998681 ], [ 30.251323, 59.988201999998672 ], [ 30.251517, 59.988212999998666 ], [ 30.251502, 59.988267999998669 ], [ 30.25218, 59.988315999998669 ], [ 30.252195, 59.988263999998651 ], [ 30.252463, 59.988282999998667 ], [ 30.252479, 59.988224999998678 ], [ 30.25134, 59.988144999998681 ] ] ] } },
{ "type": "Feature", "properties": { "height": 4.5, "match_type": "matched", "height_source": "source_b" }, "geometry": { "type": "Polygon", "coordinates": [ [ [ 30.252224204401926, 59.989863201081043 ], [ 30.252231209472768, 59.98996780542231 ], [ 30.252976702490727, 59.989955271656541 ], [ 30.252969695066529, 59.989850667338374 ], [ 30.252224204401926, 59.989863201081043 ] ] ] } },
{ "type": "Feature", "properties": { "height": 9.9, "match_type": "matched", "height_source": "source_b" }, "geometry": { "type": "Polygon", "coordinates": [ [ [ 30.25252, 59.99012899999866 ], [ 30.251862, 59.990145999998681 ], [ 30.251992, 59.99017199999868 ], [ 30.252022, 59.990363999998678 ], [ 30.252543, 59.990349999998671 ], [ 30.252536, 59.990286999998673 ], [ 30.25259, 59.990235999998688 ], [ 30.25252, 59.99012899999866 ] ] ] } },
{ "type": "Feature", "properties": { "height": 13.2, "match_type": "matched", "height_source": "source_b" }, "geometry": { "type": "Polygon", "coordinates": [ [ [ 30.251865, 59.990176999998674 ], [ 30.251885, 59.990367999998668 ], [ 30.252022, 59.990363999998678 ], [ 30.251992, 59.99017199999868 ], [ 30.251865, 59.990176999998674 ] ] ] } },
{ "type": "Feature", "properties": { "height": 4.5, "match_type": "matched", "height_source": "source_b" }, "geometry": { "type": "Polygon", "coordinates": [ [ [ 30.251794, 59.988883999998663 ], [ 30.251746, 59.989027999998648 ], [ 30.253067, 59.989111999998663 ], [ 30.253106, 59.988992999998658 ], [ 30.251794, 59.988883999998663 ] ] ] } },
{ "type": "Feature", "properties": { "height": 6.0, "match_type": "matched", "height_source": "source_b" }, "geometry": { "type": "Polygon", "coordinates": [ [ [ 30.252966492995668, 59.989820860401359 ], [ 30.252959940690957, 59.989722878099577 ], [ 30.252392485740966, 59.98973240096457 ], [ 30.252399203699351, 59.989832884440702 ], [ 30.252966492995668, 59.989820860401359 ] ] ] } },
{ "type": "Feature", "properties": { "height": 4.5, "match_type": "matched", "height_source": "source_b" }, "geometry": { "type": "Polygon", "coordinates": [ [ [ 30.252489, 59.988547999998659 ], [ 30.252461, 59.988641999998649 ], [ 30.252721, 59.988661999998662 ], [ 30.252749, 59.988567999998658 ], [ 30.252489, 59.988547999998659 ] ] ] } },
{ "type": "Feature", "properties": { "height": 5.0, "match_type": "only_a", "height_source": "ml_predicted" }, "geometry": { "type": "Polygon", "coordinates": [ [ [ 30.25274, 59.99012 ], [ 30.25287, 59.99013 ], [ 30.25287, 59.99012 ], [ 30.25274, 59.99012 ] ] ] } },
{ "type": "Feature", "properties": { "height": 5.1, "match_type": "only_a", "height_source": "ml_predicted" }, "geometry": { "type": "Polygon", "coordinates": [ [ [ 30.25275, 59.98821 ], [ 30.25273, 59.98827 ], [ 30.25308, 59.98825 ], [ 30.25311, 59.98814 ], [ 30.25261, 59.9881 ], [ 30.25258, 59.9882 ], [ 30.25275, 59.98821 ] ] ] } },
{ "type": "Feature", "properties": { "height": 4.1, "match_type": "only_a", "height_source": "ml_predicted" }, "geometry": { "type": "Polygon", "coordinates": [ [ [ 30.25275, 59.9886 ], [ 30.25282, 59.98861 ], [ 30.25283, 59.98858 ], [ 30.25276, 59.98857 ], [ 30.25275, 59.9886 ] ] ] } },
{ "type": "Feature", "properties": { "height": 8.8, "match_type": "only_a", "height_source": "ml_predicted" }, "geometry": { "type": "Polygon", "coordinates": [ [ [ 30.25276, 59.99303 ], [ 30.2528, 59.99303 ], [ 30.2528, 59.99293 ], [ 30.25276, 59.99293 ], [ 30.25276, 59.99303 ] ] ] } },
{ "type": "Feature", "properties": { "height": 4.5, "match_type": "matched", "height_source": "source_b" }, "geometry": { "type": "Polygon", "coordinates": [ [ [ 30.252283, 59.988715999998682 ], [ 30.25226, 59.98881199999866 ], [ 30.252763, 59.988840999998686 ], [ 30.252786, 59.988744999998659 ], [ 30.252283, 59.988715999998682 ] ] ] } },
{ "type": "Feature", "properties": { "height": 5.8, "match_type": "only_a", "height_source": "ml_predicted" }, "geometry": { "type": "Polygon", "coordinates": [ [ [ 30.25285, 59.99262 ], [ 30.25296, 59.99262 ], [ 30.25296, 59.99252 ], [ 30.25286, 59.99252 ], [ 30.25285, 59.99262 ] ] ] } },
{ "type": "Feature", "properties": { "height": 9.9, "match_type": "matched", "height_source": "source_b" }, "geometry": { "type": "Polygon", "coordinates": [ [ [ 30.252929, 59.988722999998672 ], [ 30.253905, 59.988711999998671 ], [ 30.253902, 59.988625999998646 ], [ 30.252925, 59.98863599999865 ], [ 30.252929, 59.988722999998672 ] ] ] } },
{ "type": "Feature", "properties": { "height": 6.6, "match_type": "matched", "height_source": "source_b" }, "geometry": { "type": "Polygon", "coordinates": [ [ [ 30.252929, 59.988722999998672 ], [ 30.252934, 59.988832999998678 ], [ 30.25368, 59.988862999998666 ], [ 30.253694, 59.988816999998662 ], [ 30.25391, 59.988814999998681 ], [ 30.253905, 59.988711999998671 ], [ 30.252929, 59.988722999998672 ] ] ] } },
{ "type": "Feature", "properties": { "height": 6.6, "match_type": "matched", "height_source": "source_b" }, "geometry": { "type": "Polygon", "coordinates": [ [ [ 30.252925, 59.98863599999865 ], [ 30.253902, 59.988625999998646 ], [ 30.253898, 59.988546999998654 ], [ 30.252919, 59.98850299999868 ], [ 30.252925, 59.98863599999865 ] ] ] } },
{ "type": "Feature", "properties": { "height": 4.5, "match_type": "matched", "height_source": "source_b" }, "geometry": { "type": "Polygon", "coordinates": [ [ [ 30.251921, 59.987561999998654 ], [ 30.251912, 59.987641999998672 ], [ 30.253602, 59.987735999998655 ], [ 30.253622, 59.987659999998655 ], [ 30.251921, 59.987561999998654 ] ] ] } },
{ "type": "Feature", "properties": { "height": 4.5, "match_type": "matched", "height_source": "source_b" }, "geometry": { "type": "Polygon", "coordinates": [ [ [ 30.25391, 59.988814999998681 ], [ 30.253694, 59.988816999998662 ], [ 30.25367, 59.988905999998657 ], [ 30.253941, 59.988902999998636 ], [ 30.25391, 59.988814999998681 ] ] ] } },
{ "type": "Feature", "properties": { "height": 5.2, "match_type": "only_a", "height_source": "ml_predicted" }, "geometry": { "type": "Polygon", "coordinates": [ [ [ 30.2537, 59.99035 ], [ 30.25372, 59.99033 ], [ 30.25362, 59.99032 ], [ 30.2537, 59.99035 ] ] ] } },
{ "type": "Feature", "properties": { "height": 6.6, "match_type": "only_a", "height_source": "ml_predicted" }, "geometry": { "type": "Polygon", "coordinates": [ [ [ 30.25377, 59.98894 ], [ 30.25377, 59.9889 ], [ 30.25367, 59.9889 ], [ 30.25367, 59.98894 ], [ 30.25377, 59.98894 ] ] ] } },
{ "type": "Feature", "properties": { "height": 4.5, "match_type": "matched", "height_source": "source_b" }, "geometry": { "type": "Polygon", "coordinates": [ [ [ 30.253723, 59.987662999998669 ], [ 30.253708, 59.987724999998669 ], [ 30.253823, 59.987732999998677 ], [ 30.253815, 59.987766999998648 ], [ 30.254055, 59.987782999998672 ], [ 30.25408, 59.987685999998668 ], [ 30.253723, 59.987662999998669 ] ] ] } },
{ "type": "Feature", "properties": { "height": 4.5, "match_type": "matched", "height_source": "source_b" }, "geometry": { "type": "Polygon", "coordinates": [ [ [ 30.253764, 59.986578999998684 ], [ 30.253661, 59.986573999998676 ], [ 30.253631, 59.986716999998642 ], [ 30.253813, 59.986726999998673 ], [ 30.253822, 59.986681999998659 ], [ 30.253742, 59.986677999998683 ], [ 30.253764, 59.986578999998684 ] ] ] } },
{ "type": "Feature", "properties": { "height": 4.5, "match_type": "matched", "height_source": "source_b" }, "geometry": { "type": "Polygon", "coordinates": [ [ [ 30.254582, 59.986627999998696 ], [ 30.25481, 59.986664999998681 ], [ 30.254666, 59.987335999998663 ], [ 30.254885, 59.987348999998659 ], [ 30.255036, 59.986654999998656 ], [ 30.254582, 59.986627999998696 ] ] ] } },
{ "type": "Feature", "properties": { "height": 6.6, "match_type": "matched", "height_source": "source_b" }, "geometry": { "type": "Polygon", "coordinates": [ [ [ 30.254574, 59.986650999998659 ], [ 30.253764, 59.986578999998684 ], [ 30.253742, 59.986677999998683 ], [ 30.254559, 59.986724999998664 ], [ 30.254574, 59.986650999998659 ] ] ] } },
{ "type": "Feature", "properties": { "height": 4.1, "match_type": "only_a", "height_source": "ml_predicted" }, "geometry": { "type": "Polygon", "coordinates": [ [ [ 30.25388, 59.98799 ], [ 30.25376, 59.98796 ], [ 30.25375, 59.98798 ], [ 30.25388, 59.98799 ] ] ] } },
{ "type": "Feature", "properties": { "height": 7.2, "match_type": "only_a", "height_source": "ml_predicted" }, "geometry": { "type": "Polygon", "coordinates": [ [ [ 30.25391, 59.98894 ], [ 30.25391, 59.9889 ], [ 30.25378, 59.9889 ], [ 30.25378, 59.98894 ], [ 30.25391, 59.98894 ] ] ] } },
{ "type": "Feature", "properties": { "height": 4.5, "match_type": "only_a", "height_source": "ml_predicted" }, "geometry": { "type": "Polygon", "coordinates": [ [ [ 30.25403, 59.98899 ], [ 30.25397, 59.98901 ], [ 30.25403, 59.98902 ], [ 30.25403, 59.98899 ] ] ] } },
{ "type": "Feature", "properties": { "height": 7.0, "match_type": "matched", "height_source": "source_b" }, "geometry": { "type": "Polygon", "coordinates": [ [ [ 30.254219057487209, 59.99582034125973 ], [ 30.254139433873014, 59.995667390609988 ], [ 30.253228242950655, 59.995786405303683 ], [ 30.253307862538463, 59.995939357370233 ], [ 30.254219057487209, 59.99582034125973 ] ] ] } },
{ "type": "Feature", "properties": { "height": 4.5, "match_type": "matched", "height_source": "source_b" }, "geometry": { "type": "Polygon", "coordinates": [ [ [ 30.254173, 59.992797999998693 ], [ 30.254082, 59.992796999998667 ], [ 30.254078, 59.992905999998676 ], [ 30.254169, 59.992906999998681 ], [ 30.254173, 59.992797999998693 ] ] ] } },
{ "type": "Feature", "properties": { "height": 6.8, "match_type": "only_a", "height_source": "ml_predicted" }, "geometry": { "type": "Polygon", "coordinates": [ [ [ 30.25406, 59.99019 ], [ 30.25406, 59.99025 ], [ 30.25411, 59.99025 ], [ 30.25411, 59.99019 ], [ 30.25406, 59.99019 ] ] ] } },
{ "type": "Feature", "properties": { "height": 4.5, "match_type": "matched", "height_source": "source_b" }, "geometry": { "type": "Polygon", "coordinates": [ [ [ 30.254026, 59.988289999998671 ], [ 30.253833, 59.988293999998668 ], [ 30.253835, 59.988330999998674 ], [ 30.254028, 59.988326999998648 ], [ 30.254026, 59.988289999998671 ] ] ] } },
{ "type": "Feature", "properties": { "height": 4.5, "match_type": "matched", "height_source": "source_b" }, "geometry": { "type": "Polygon", "coordinates": [ [ [ 30.254169, 59.992446999998677 ], [ 30.254047, 59.992445999998665 ], [ 30.254033, 59.99273099999867 ], [ 30.254154, 59.992732999998665 ], [ 30.254169, 59.992446999998677 ] ] ] } },
{ "type": "Feature", "properties": { "height": 4.7, "match_type": "only_a", "height_source": "ml_predicted" }, "geometry": { "type": "Polygon", "coordinates": [ [ [ 30.25418, 59.98882 ], [ 30.25417, 59.98889 ], [ 30.25427, 59.98889 ], [ 30.25428, 59.98882 ], [ 30.25418, 59.98882 ] ] ] } },
{ "type": "Feature", "properties": { "height": 4.5, "match_type": "matched", "height_source": "source_b" }, "geometry": { "type": "Polygon", "coordinates": [ [ [ 30.2543, 59.994000999998683 ], [ 30.254234, 59.993999999998664 ], [ 30.254195, 59.994968999998676 ], [ 30.254258, 59.994969999998666 ], [ 30.2543, 59.994000999998683 ] ] ] } },
{ "type": "Feature", "properties": { "height": 7.1, "match_type": "only_a", "height_source": "ml_predicted" }, "geometry": { "type": "Polygon", "coordinates": [ [ [ 30.25425, 59.99026 ], [ 30.25431, 59.99028 ], [ 30.25432, 59.99027 ], [ 30.25425, 59.99026 ] ] ] } },
{ "type": "Feature", "properties": { "height": 4.5, "match_type": "matched", "height_source": "source_b" }, "geometry": { "type": "Polygon", "coordinates": [ [ [ 30.254296, 59.992788999998673 ], [ 30.254184, 59.992787999998654 ], [ 30.254153, 59.993957999998663 ], [ 30.254264, 59.993957999998663 ], [ 30.254296, 59.992788999998673 ] ] ] } },
{ "type": "Feature", "properties": { "height": 4.5, "match_type": "matched", "height_source": "source_b" }, "geometry": { "type": "Polygon", "coordinates": [ [ [ 30.254818, 59.995034999998673 ], [ 30.254215, 59.995080999998663 ], [ 30.25453, 59.995088999998657 ], [ 30.254545, 59.995139999998678 ], [ 30.254842, 59.995116999998679 ], [ 30.254818, 59.995034999998673 ] ] ] } },
{ "type": "Feature", "properties": { "height": 6.6, "match_type": "matched", "height_source": "source_b" }, "geometry": { "type": "Polygon", "coordinates": [ [ [ 30.25375, 59.986821999998654 ], [ 30.253676, 59.987046999998661 ], [ 30.2542, 59.987090999998649 ], [ 30.254272, 59.98686599999867 ], [ 30.25375, 59.986821999998654 ] ] ] } },
{ "type": "Feature", "properties": { "height": 7.1, "match_type": "only_a", "height_source": "ml_predicted" }, "geometry": { "type": "Polygon", "coordinates": [ [ [ 30.25442, 59.99039 ], [ 30.25436, 59.99042 ], [ 30.25442, 59.99042 ], [ 30.25442, 59.99039 ] ] ] } },
{ "type": "Feature", "properties": { "height": 4.5, "match_type": "matched", "height_source": "source_b" }, "geometry": { "type": "Polygon", "coordinates": [ [ [ 30.254525, 59.991938999998645 ], [ 30.254379, 59.991938999998666 ], [ 30.254377, 59.992081999998675 ], [ 30.254523, 59.992081999998689 ], [ 30.254525, 59.991938999998645 ] ] ] } },
{ "type": "Feature", "properties": { "height": 4.5, "match_type": "matched", "height_source": "source_b" }, "geometry": { "type": "Polygon", "coordinates": [ [ [ 30.254362, 59.992309999998675 ], [ 30.254538, 59.99231199999867 ], [ 30.254546, 59.992143999998667 ], [ 30.25437, 59.99214199999868 ], [ 30.254362, 59.992309999998675 ] ] ] } },
{ "type": "Feature", "properties": { "height": 6.4, "match_type": "only_a", "height_source": "ml_predicted" }, "geometry": { "type": "Polygon", "coordinates": [ [ [ 30.25435, 59.99048 ], [ 30.25442, 59.99045 ], [ 30.25435, 59.99045 ], [ 30.25435, 59.99048 ] ] ] } },
{ "type": "Feature", "properties": { "height": 4.5, "match_type": "matched", "height_source": "source_b" }, "geometry": { "type": "Polygon", "coordinates": [ [ [ 30.254653, 59.992429999998677 ], [ 30.254459, 59.992430999998682 ], [ 30.25446, 59.992479999998672 ], [ 30.254654, 59.992477999998677 ], [ 30.254653, 59.992429999998677 ] ] ] } },
{ "type": "Feature", "properties": { "height": 4.5, "match_type": "matched", "height_source": "source_b" }, "geometry": { "type": "Polygon", "coordinates": [ [ [ 30.254452, 59.987627999998672 ], [ 30.254411, 59.987805999998663 ], [ 30.254629, 59.987819999998663 ], [ 30.254673, 59.987640999998668 ], [ 30.254452, 59.987627999998672 ] ] ] } },
{ "type": "Feature", "properties": { "height": 8.1, "match_type": "only_a", "height_source": "ml_predicted" }, "geometry": { "type": "Polygon", "coordinates": [ [ [ 30.25457, 59.98958 ], [ 30.25455, 59.98953 ], [ 30.25447, 59.98957 ], [ 30.2545, 59.98959 ], [ 30.25457, 59.98958 ] ] ] } },
{ "type": "Feature", "properties": { "height": 4.5, "match_type": "matched", "height_source": "source_b" }, "geometry": { "type": "Polygon", "coordinates": [ [ [ 30.254619, 59.992582999998668 ], [ 30.254504, 59.992585999998667 ], [ 30.254531, 59.992902999998662 ], [ 30.25441, 59.99290599999869 ], [ 30.254457, 59.993460999998668 ], [ 30.254391, 59.993461999998672 ], [ 30.25444, 59.994047999998678 ], [ 30.254745, 59.994078999998685 ], [ 30.254619, 59.992582999998668 ] ] ] } },
{ "type": "Feature", "properties": { "height": 4.5, "match_type": "matched", "height_source": "source_b" }, "geometry": { "type": "Polygon", "coordinates": [ [ [ 30.254688, 59.994110999998668 ], [ 30.254446, 59.994105999998659 ], [ 30.254382, 59.994932999998689 ], [ 30.254623, 59.994937999998669 ], [ 30.254688, 59.994110999998668 ] ] ] } },
{ "type": "Feature", "properties": { "height": 9.9, "match_type": "matched", "height_source": "source_b" }, "geometry": { "type": "Polygon", "coordinates": [ [ [ 30.254413, 59.991231999998661 ], [ 30.254559, 59.991499999998666 ], [ 30.255141, 59.991509999998677 ], [ 30.255136, 59.991576999998664 ], [ 30.254596, 59.991566999998646 ], [ 30.25466, 59.991684999998654 ], [ 30.255271, 59.991707999998674 ], [ 30.255297, 59.991334999998656 ], [ 30.255172, 59.991331999998657 ], [ 30.255181, 59.991254999998674 ], [ 30.254904, 59.99124699999868 ], [ 30.254887, 59.99138199999868 ], [ 30.254776, 59.99137899999868 ], [ 30.254792, 59.991243999998645 ], [ 30.254413, 59.991231999998661 ] ] ] } },
{ "type": "Feature", "properties": { "height": 13.2, "match_type": "matched", "height_source": "source_b" }, "geometry": { "type": "Polygon", "coordinates": [ [ [ 30.254559, 59.991499999998666 ], [ 30.254596, 59.991566999998646 ], [ 30.255136, 59.991576999998664 ], [ 30.255141, 59.991509999998677 ], [ 30.254559, 59.991499999998666 ] ] ] } },
{ "type": "Feature", "properties": { "height": 13.2, "match_type": "matched", "height_source": "source_b" }, "geometry": { "type": "Polygon", "coordinates": [ [ [ 30.255181, 59.991254999998674 ], [ 30.255172, 59.991331999998657 ], [ 30.255297, 59.991334999998656 ], [ 30.255303, 59.991258999998678 ], [ 30.255181, 59.991254999998674 ] ] ] } },
{ "type": "Feature", "properties": { "height": 13.2, "match_type": "matched", "height_source": "source_b" }, "geometry": { "type": "Polygon", "coordinates": [ [ [ 30.254792, 59.991243999998645 ], [ 30.254776, 59.99137899999868 ], [ 30.254887, 59.99138199999868 ], [ 30.254904, 59.99124699999868 ], [ 30.254792, 59.991243999998645 ] ] ] } },
{ "type": "Feature", "properties": { "height": 6.6, "match_type": "matched", "height_source": "source_b" }, "geometry": { "type": "Polygon", "coordinates": [ [ [ 30.255389, 59.989134999998676 ], [ 30.255022, 59.989126999998682 ], [ 30.2549, 59.989203999998665 ], [ 30.254882, 59.989282999998672 ], [ 30.254931, 59.989347999998664 ], [ 30.254796, 59.989386999998693 ], [ 30.25475, 59.989669999998675 ], [ 30.255455, 59.98969999999867 ], [ 30.255502, 59.989416999998667 ], [ 30.255407, 59.989378999998671 ], [ 30.255494, 59.989312999998681 ], [ 30.255504, 59.989226999998657 ], [ 30.255389, 59.989134999998676 ] ], [ [ 30.25505, 59.989331999998676 ], [ 30.255075, 59.989202999998639 ], [ 30.255342, 59.989215999998663 ], [ 30.255317, 59.98934499999865 ], [ 30.25505, 59.989331999998676 ] ] ] } },
{ "type": "Feature", "properties": { "height": 9.9, "match_type": "matched", "height_source": "source_b" }, "geometry": { "type": "Polygon", "coordinates": [ [ [ 30.25505, 59.989331999998676 ], [ 30.255317, 59.98934499999865 ], [ 30.255342, 59.989215999998663 ], [ 30.255075, 59.989202999998639 ], [ 30.25505, 59.989331999998676 ] ] ] } },
{ "type": "Feature", "properties": { "height": 48.0, "match_type": "matched", "height_source": "source_b" }, "geometry": { "type": "Polygon", "coordinates": [ [ [ 30.255467, 59.984594999998663 ], [ 30.255551, 59.984629999998674 ], [ 30.255638, 59.984576999998652 ], [ 30.255554, 59.984541999998655 ], [ 30.255467, 59.984594999998663 ] ] ] } },
{ "type": "Feature", "properties": { "height": 45.0, "match_type": "matched", "height_source": "source_b" }, "geometry": { "type": "Polygon", "coordinates": [ [ [ 30.255531, 59.984437999998661 ], [ 30.254732, 59.98444699999866 ], [ 30.254436, 59.984587999998674 ], [ 30.254442, 59.984935999998662 ], [ 30.254477, 59.984978999998681 ], [ 30.25476, 59.984950999998674 ], [ 30.254759, 59.984907999998669 ], [ 30.254607, 59.98490899999868 ], [ 30.254604, 59.984835999998673 ], [ 30.254757, 59.984834999998668 ], [ 30.254753, 59.984687999998663 ], [ 30.254604, 59.984600999998676 ], [ 30.254677, 59.984555999998676 ], [ 30.254793, 59.984603999998662 ], [ 30.254845, 59.984571999998657 ], [ 30.25548, 59.984586999998655 ], [ 30.255554, 59.984541999998655 ], [ 30.255638, 59.984576999998652 ], [ 30.255551, 59.984629999998674 ], [ 30.255583, 59.984642999998677 ], [ 30.255529, 59.984682999998682 ], [ 30.255528, 59.984820999998668 ], [ 30.255693, 59.984821999998658 ], [ 30.255692, 59.984894999998666 ], [ 30.255527, 59.984894999998694 ], [ 30.255526, 59.984942999998651 ], [ 30.255835, 59.98496499999866 ], [ 30.255839, 59.984575999998654 ], [ 30.255531, 59.984437999998661 ] ] ] } },
{ "type": "Feature", "properties": { "height": 48.0, "match_type": "matched", "height_source": "source_b" }, "geometry": { "type": "Polygon", "coordinates": [ [ [ 30.25472, 59.984648999998662 ], [ 30.254793, 59.984603999998662 ], [ 30.254677, 59.984555999998676 ], [ 30.254604, 59.984600999998676 ], [ 30.25472, 59.984648999998662 ] ] ] } },
{ "type": "Feature", "properties": { "height": 48.0, "match_type": "matched", "height_source": "source_b" }, "geometry": { "type": "Polygon", "coordinates": [ [ [ 30.255528, 59.984820999998668 ], [ 30.255527, 59.984894999998694 ], [ 30.255692, 59.984894999998666 ], [ 30.255693, 59.984821999998658 ], [ 30.255528, 59.984820999998668 ] ] ] } },
{ "type": "Feature", "properties": { "height": 48.0, "match_type": "matched", "height_source": "source_b" }, "geometry": { "type": "Polygon", "coordinates": [ [ [ 30.254759, 59.984907999998669 ], [ 30.254757, 59.984834999998668 ], [ 30.254604, 59.984835999998673 ], [ 30.254607, 59.98490899999868 ], [ 30.254759, 59.984907999998669 ] ] ] } },
{ "type": "Feature", "properties": { "height": 4.5, "match_type": "matched", "height_source": "source_b" }, "geometry": { "type": "Polygon", "coordinates": [ [ [ 30.254861, 59.992566999998658 ], [ 30.254766, 59.992568999998653 ], [ 30.254911, 59.994162999998686 ], [ 30.255006, 59.994159999998672 ], [ 30.254861, 59.992566999998658 ] ] ] } },
{ "type": "Feature", "properties": { "height": 3.6, "match_type": "only_a", "height_source": "ml_predicted" }, "geometry": { "type": "Polygon", "coordinates": [ [ [ 30.2549, 59.99495 ], [ 30.255, 59.99409 ], [ 30.25491, 59.99409 ], [ 30.2548, 59.99495 ], [ 30.2549, 59.99495 ] ] ] } },
{ "type": "Feature", "properties": { "height": 9.9, "match_type": "matched", "height_source": "source_b" }, "geometry": { "type": "Polygon", "coordinates": [ [ [ 30.255015, 59.990061999998666 ], [ 30.255125, 59.990062999998692 ], [ 30.255127, 59.990028999998671 ], [ 30.255017, 59.990027999998667 ], [ 30.255015, 59.990061999998666 ] ] ] } },
{ "type": "Feature", "properties": { "height": 6.6, "match_type": "matched", "height_source": "source_b" }, "geometry": { "type": "Polygon", "coordinates": [ [ [ 30.254886, 59.990266999998674 ], [ 30.255122, 59.990269999998688 ], [ 30.255131, 59.990076999998649 ], [ 30.255201, 59.990057999998676 ], [ 30.255205, 59.989963999998686 ], [ 30.25511, 59.989962999998667 ], [ 30.255113, 59.989897999998661 ], [ 30.254894, 59.989895999998666 ], [ 30.254891, 59.989955999998664 ], [ 30.254844, 59.989955999998664 ], [ 30.254838, 59.990099999998662 ], [ 30.254893, 59.990100999998667 ], [ 30.254886, 59.990266999998674 ] ], [ [ 30.255015, 59.990061999998666 ], [ 30.255017, 59.990027999998667 ], [ 30.255127, 59.990028999998671 ], [ 30.255125, 59.990062999998692 ], [ 30.255015, 59.990061999998666 ] ] ] } },
{ "type": "Feature", "properties": { "height": 4.5, "match_type": "matched", "height_source": "source_b" }, "geometry": { "type": "Polygon", "coordinates": [ [ [ 30.254966, 59.987921999998676 ], [ 30.254939, 59.988026999998674 ], [ 30.255305, 59.988051999998667 ], [ 30.255332, 59.987946999998663 ], [ 30.254966, 59.987921999998676 ] ] ] } },
{ "type": "Feature", "properties": { "height": 4.5, "match_type": "matched", "height_source": "source_b" }, "geometry": { "type": "Polygon", "coordinates": [ [ [ 30.255229, 59.986632999998669 ], [ 30.255106, 59.987139999998675 ], [ 30.255334, 59.987153999998689 ], [ 30.255457, 59.986646999998669 ], [ 30.255229, 59.986632999998669 ] ] ] } },
{ "type": "Feature", "properties": { "height": 6.0, "match_type": "only_a", "height_source": "ml_predicted" }, "geometry": { "type": "Polygon", "coordinates": [ [ [ 30.25515, 59.98608 ], [ 30.2552, 59.98604 ], [ 30.25508, 59.98603 ], [ 30.25508, 59.98606 ], [ 30.25515, 59.98608 ] ] ] } },
{ "type": "Feature", "properties": { "height": 4.5, "match_type": "matched", "height_source": "source_b" }, "geometry": { "type": "Polygon", "coordinates": [ [ [ 30.255211, 59.985048999998675 ], [ 30.255125, 59.98504799999867 ], [ 30.255124, 59.985095999998656 ], [ 30.255211, 59.98509599999867 ], [ 30.255211, 59.985048999998675 ] ] ] } },
{ "type": "Feature", "properties": { "height": 4.5, "match_type": "matched", "height_source": "source_b" }, "geometry": { "type": "Polygon", "coordinates": [ [ [ 30.255599, 59.988988999998668 ], [ 30.255528, 59.988986999998666 ], [ 30.255515, 59.989140999998675 ], [ 30.255588, 59.98914299999867 ], [ 30.255599, 59.988988999998668 ] ] ] } },
{ "type": "Feature", "properties": { "height": 4.5, "match_type": "matched", "height_source": "source_b" }, "geometry": { "type": "Polygon", "coordinates": [ [ [ 30.255365, 59.984939999998687 ], [ 30.255249, 59.984939999998666 ], [ 30.255244, 59.985087999998662 ], [ 30.255361, 59.985089999998671 ], [ 30.255365, 59.984939999998687 ] ] ] } },
{ "type": "Feature", "properties": { "height": 13.2, "match_type": "matched", "height_source": "source_b" }, "geometry": { "type": "Polygon", "coordinates": [ [ [ 30.254296, 59.988667999998661 ], [ 30.254458, 59.988671999998665 ], [ 30.254472, 59.988515999998668 ], [ 30.254678, 59.988520999998677 ], [ 30.254687, 59.988421999998664 ], [ 30.254471, 59.98841699999867 ], [ 30.254476, 59.988360999998655 ], [ 30.254363, 59.988357999998684 ], [ 30.254296, 59.988667999998661 ] ] ] } },
{ "type": "Feature", "properties": { "height": 9.9, "match_type": "matched", "height_source": "source_b" }, "geometry": { "type": "Polygon", "coordinates": [ [ [ 30.255393, 59.988736999998665 ], [ 30.255448, 59.988362999998678 ], [ 30.25415, 59.98831399999866 ], [ 30.254096, 59.988688999998658 ], [ 30.255393, 59.988736999998665 ] ], [ [ 30.254296, 59.988667999998661 ], [ 30.254363, 59.988357999998684 ], [ 30.254476, 59.988360999998655 ], [ 30.254471, 59.98841699999867 ], [ 30.254687, 59.988421999998664 ], [ 30.254678, 59.988520999998677 ], [ 30.254472, 59.988515999998668 ], [ 30.254458, 59.988671999998665 ], [ 30.254296, 59.988667999998661 ] ], [ [ 30.255189, 59.988680999998664 ], [ 30.254987, 59.988673999998682 ], [ 30.255033, 59.988370999998693 ], [ 30.255235, 59.988378999998666 ], [ 30.255189, 59.988680999998664 ] ] ] } },
{ "type": "Feature", "properties": { "height": 13.2, "match_type": "matched", "height_source": "source_b" }, "geometry": { "type": "Polygon", "coordinates": [ [ [ 30.255189, 59.988680999998664 ], [ 30.255235, 59.988378999998666 ], [ 30.255033, 59.988370999998693 ], [ 30.254987, 59.988673999998682 ], [ 30.255189, 59.988680999998664 ] ] ] } },
{ "type": "Feature", "properties": { "height": 5.2, "match_type": "only_a", "height_source": "ml_predicted" }, "geometry": { "type": "Polygon", "coordinates": [ [ [ 30.25552, 59.98865 ], [ 30.25551, 59.98869 ], [ 30.25561, 59.98869 ], [ 30.25561, 59.98865 ], [ 30.25552, 59.98865 ] ] ] } },
{ "type": "Feature", "properties": { "height": 8.7, "match_type": "only_a", "height_source": "ml_predicted" }, "geometry": { "type": "Polygon", "coordinates": [ [ [ 30.25552, 59.99109 ], [ 30.25552, 59.99113 ], [ 30.25558, 59.99113 ], [ 30.25558, 59.99109 ], [ 30.25552, 59.99109 ] ] ] } },
{ "type": "Feature", "properties": { "height": 4.5, "match_type": "matched", "height_source": "source_b" }, "geometry": { "type": "Polygon", "coordinates": [ [ [ 30.255881746225601, 59.986952570533944 ], [ 30.255739052148968, 59.986943374225582 ], [ 30.255698303295215, 59.987102096560307 ], [ 30.255840996251564, 59.987111292879973 ], [ 30.255881746225601, 59.986952570533944 ] ] ] } },
{ "type": "Feature", "properties": { "height": 4.4, "match_type": "only_a", "height_source": "ml_predicted" }, "geometry": { "type": "Polygon", "coordinates": [ [ [ 30.25557, 59.98816 ], [ 30.25558, 59.98814 ], [ 30.25548, 59.98816 ], [ 30.25557, 59.98816 ] ] ] } },
{ "type": "Feature", "properties": { "height": 7.8, "match_type": "only_a", "height_source": "ml_predicted" }, "geometry": { "type": "Polygon", "coordinates": [ [ [ 30.25558, 59.98857 ], [ 30.25559, 59.98852 ], [ 30.25555, 59.98852 ], [ 30.25554, 59.98856 ], [ 30.25558, 59.98857 ] ] ] } },
{ "type": "Feature", "properties": { "height": 4.5, "match_type": "matched", "height_source": "source_b" }, "geometry": { "type": "Polygon", "coordinates": [ [ [ 30.255456, 59.987748999998665 ], [ 30.255434, 59.987935999998669 ], [ 30.25561, 59.987940999998663 ], [ 30.255632, 59.987753999998688 ], [ 30.255456, 59.987748999998665 ] ] ] } },
{ "type": "Feature", "properties": { "height": 4.1, "match_type": "only_a", "height_source": "ml_predicted" }, "geometry": { "type": "Polygon", "coordinates": [ [ [ 30.25567, 59.99564 ], [ 30.25568, 59.99558 ], [ 30.25559, 59.99558 ], [ 30.25558, 59.99564 ], [ 30.25567, 59.99564 ] ] ] } },
{ "type": "Feature", "properties": { "height": 4.3, "match_type": "only_a", "height_source": "ml_predicted" }, "geometry": { "type": "Polygon", "coordinates": [ [ [ 30.2557, 59.98674 ], [ 30.25577, 59.98675 ], [ 30.25579, 59.98669 ], [ 30.25571, 59.98669 ], [ 30.2557, 59.98674 ] ] ] } },
{ "type": "Feature", "properties": { "height": 5.6, "match_type": "only_a", "height_source": "ml_predicted" }, "geometry": { "type": "Polygon", "coordinates": [ [ [ 30.25582, 59.99588 ], [ 30.25589, 59.9959 ], [ 30.25589, 59.99588 ], [ 30.25582, 59.99588 ] ] ] } },
{ "type": "Feature", "properties": { "height": 14.0, "match_type": "only_a", "height_source": "ml_predicted" }, "geometry": { "type": "Polygon", "coordinates": [ [ [ 30.25583, 59.98407 ], [ 30.2558, 59.98404 ], [ 30.25578, 59.98405 ], [ 30.25583, 59.98407 ] ] ] } },
{ "type": "Feature", "properties": { "height": 8.3, "match_type": "only_a", "height_source": "ml_predicted" }, "geometry": { "type": "Polygon", "coordinates": [ [ [ 30.25586, 59.98923 ], [ 30.25579, 59.98921 ], [ 30.25579, 59.98923 ], [ 30.25586, 59.98923 ] ] ] } },
{ "type": "Feature", "properties": { "height": 5.9, "match_type": "only_a", "height_source": "ml_predicted" }, "geometry": { "type": "Polygon", "coordinates": [ [ [ 30.25586, 59.98815 ], [ 30.25598, 59.98817 ], [ 30.25599, 59.98812 ], [ 30.25586, 59.98811 ], [ 30.25586, 59.98815 ] ] ] } },
{ "type": "Feature", "properties": { "height": 6.8, "match_type": "only_a", "height_source": "ml_predicted" }, "geometry": { "type": "Polygon", "coordinates": [ [ [ 30.25594, 59.98885 ], [ 30.25589, 59.98888 ], [ 30.25595, 59.98888 ], [ 30.25594, 59.98885 ] ] ] } },
{ "type": "Feature", "properties": { "height": 4.8, "match_type": "only_a", "height_source": "ml_predicted" }, "geometry": { "type": "Polygon", "coordinates": [ [ [ 30.25592, 59.99553 ], [ 30.25584, 59.99554 ], [ 30.25588, 59.99562 ], [ 30.25595, 59.9956 ], [ 30.25592, 59.99553 ] ] ] } },
{ "type": "Feature", "properties": { "height": 4.5, "match_type": "matched", "height_source": "source_b" }, "geometry": { "type": "Polygon", "coordinates": [ [ [ 30.256185, 59.994634999998667 ], [ 30.255769, 59.994623999998701 ], [ 30.255758, 59.994735999998696 ], [ 30.256173, 59.994746999998668 ], [ 30.256185, 59.994634999998667 ] ] ] } },
{ "type": "Feature", "properties": { "height": 7.8, "match_type": "only_a", "height_source": "ml_predicted" }, "geometry": { "type": "Polygon", "coordinates": [ [ [ 30.25596, 59.9886 ], [ 30.25602, 59.98856 ], [ 30.25597, 59.98856 ], [ 30.25596, 59.9886 ] ] ] } },
{ "type": "Feature", "properties": { "height": 4.5, "match_type": "matched", "height_source": "source_b" }, "geometry": { "type": "Polygon", "coordinates": [ [ [ 30.255852591360036, 59.986779783060342 ], [ 30.256005248859925, 59.986782641280428 ], [ 30.256009268148503, 59.986728748207334 ], [ 30.255856610896327, 59.986725889993622 ], [ 30.255852591360036, 59.986779783060342 ] ] ] } },
{ "type": "Feature", "properties": { "height": 4.6, "match_type": "only_a", "height_source": "ml_predicted" }, "geometry": { "type": "Polygon", "coordinates": [ [ [ 30.25604, 59.9956 ], [ 30.25597, 59.9956 ], [ 30.25593, 59.99561 ], [ 30.25596, 59.99566 ], [ 30.25607, 59.99565 ], [ 30.25604, 59.9956 ] ] ] } },
{ "type": "Feature", "properties": { "height": 4.5, "match_type": "matched", "height_source": "source_b" }, "geometry": { "type": "Polygon", "coordinates": [ [ [ 30.255667, 59.995756999998676 ], [ 30.256217, 59.995751999998681 ], [ 30.256215, 59.995676999998679 ], [ 30.255664, 59.995681999998688 ], [ 30.255667, 59.995756999998676 ] ] ] } },
{ "type": "Feature", "properties": { "height": 4.5, "match_type": "only_b", "height_source": "source_b" }, "geometry": { "type": "Polygon", "coordinates": [ [ [ 30.245161, 59.99268499999868 ], [ 30.245037, 59.99268499999868 ], [ 30.245036, 59.992755999998678 ], [ 30.24516, 59.992755999998678 ], [ 30.245161, 59.99268499999868 ] ] ] } },
{ "type": "Feature", "properties": { "height": 4.5, "match_type": "only_b", "height_source": "source_b" }, "geometry": { "type": "Polygon", "coordinates": [ [ [ 30.245983, 59.989194999998681 ], [ 30.24533, 59.989198999998663 ], [ 30.245332, 59.989278999998682 ], [ 30.245984, 59.989308999998677 ], [ 30.245983, 59.989194999998681 ] ] ] } },
{ "type": "Feature", "properties": { "height": 4.5, "match_type": "only_b", "height_source": "source_b" }, "geometry": { "type": "Polygon", "coordinates": [ [ [ 30.246222, 59.989427999998675 ], [ 30.245704, 59.989441999998668 ], [ 30.245709, 59.989497999998662 ], [ 30.246228, 59.989483999998654 ], [ 30.246222, 59.989427999998675 ] ] ] } },
{ "type": "Feature", "properties": { "height": 9.0, "match_type": "only_b", "height_source": "source_b" }, "geometry": { "type": "Polygon", "coordinates": [ [ [ 30.246484082575876, 59.993356154915872 ], [ 30.246490356786484, 59.993442609384843 ], [ 30.247006436820975, 59.993430909108334 ], [ 30.247004810031306, 59.9933950074306 ], [ 30.247094213953172, 59.993392254326729 ], [ 30.247089631011391, 59.993357155293332 ], [ 30.246484082575876, 59.993356154915872 ] ] ] } },
{ "type": "Feature", "properties": { "height": 4.5, "match_type": "only_b", "height_source": "source_b" }, "geometry": { "type": "Polygon", "coordinates": [ [ [ 30.246611, 59.992009999998643 ], [ 30.246501, 59.992007999998677 ], [ 30.246499, 59.992057999998678 ], [ 30.246608, 59.992058999998669 ], [ 30.246611, 59.992009999998643 ] ] ] } },
{ "type": "Feature", "properties": { "height": 4.5, "match_type": "only_b", "height_source": "source_b" }, "geometry": { "type": "Polygon", "coordinates": [ [ [ 30.246657, 59.991922999998678 ], [ 30.246547, 59.991920999998676 ], [ 30.246545, 59.991970999998671 ], [ 30.246654, 59.991971999998668 ], [ 30.246657, 59.991922999998678 ] ] ] } },
{ "type": "Feature", "properties": { "height": 4.5, "match_type": "only_b", "height_source": "source_b" }, "geometry": { "type": "Polygon", "coordinates": [ [ [ 30.246837, 59.991919999998672 ], [ 30.246727, 59.991918999998667 ], [ 30.246724, 59.991968999998662 ], [ 30.246834, 59.991969999998652 ], [ 30.246837, 59.991919999998672 ] ] ] } },
{ "type": "Feature", "properties": { "height": 4.5, "match_type": "only_b", "height_source": "source_b" }, "geometry": { "type": "Polygon", "coordinates": [ [ [ 30.247551, 59.984718999998655 ], [ 30.247326, 59.984726999998664 ], [ 30.247334, 59.984791999998663 ], [ 30.247559, 59.984782999998664 ], [ 30.247551, 59.984718999998655 ] ] ] } },
{ "type": "Feature", "properties": { "height": 4.5, "match_type": "only_b", "height_source": "source_b" }, "geometry": { "type": "Polygon", "coordinates": [ [ [ 30.247978, 59.986829999998669 ], [ 30.247971, 59.98690099999866 ], [ 30.248185, 59.98690499999865 ], [ 30.248192, 59.986834999998678 ], [ 30.247978, 59.986829999998669 ] ] ] } },
{ "type": "Feature", "properties": { "height": 4.5, "match_type": "only_b", "height_source": "source_b" }, "geometry": { "type": "Polygon", "coordinates": [ [ [ 30.248017, 59.986103999998662 ], [ 30.248084, 59.986132999998652 ], [ 30.248086, 59.986105999998657 ], [ 30.248017, 59.986103999998662 ] ] ] } },
{ "type": "Feature", "properties": { "height": 4.5, "match_type": "matched", "height_source": "source_b" }, "geometry": { "type": "Polygon", "coordinates": [ [ [ 30.248504, 59.993284999998671 ], [ 30.248579, 59.993284999998657 ], [ 30.248579, 59.993185999998687 ], [ 30.248504, 59.993185999998673 ], [ 30.248504, 59.993284999998671 ] ] ] } },
{ "type": "Feature", "properties": { "height": 4.5, "match_type": "only_b", "height_source": "source_b" }, "geometry": { "type": "Polygon", "coordinates": [ [ [ 30.248915, 59.992440999998671 ], [ 30.248789, 59.992409999998671 ], [ 30.248787, 59.992437999998657 ], [ 30.248915, 59.992440999998671 ] ] ] } },
{ "type": "Feature", "properties": { "height": 4.5, "match_type": "only_b", "height_source": "source_b" }, "geometry": { "type": "Polygon", "coordinates": [ [ [ 30.249341, 59.990169999998656 ], [ 30.249331, 59.989912999998687 ], [ 30.249003, 59.989915999998686 ], [ 30.249009, 59.990066999998668 ], [ 30.249192, 59.99006599999867 ], [ 30.249196, 59.990171999998665 ], [ 30.249341, 59.990169999998656 ] ] ] } },
{ "type": "Feature", "properties": { "height": 4.5, "match_type": "only_b", "height_source": "source_b" }, "geometry": { "type": "Polygon", "coordinates": [ [ [ 30.249479, 59.987472999998666 ], [ 30.249255, 59.98747399999867 ], [ 30.249254, 59.98752999999865 ], [ 30.249478, 59.987530999998654 ], [ 30.249479, 59.987472999998666 ] ] ] } },
{ "type": "Feature", "properties": { "height": 4.5, "match_type": "only_b", "height_source": "source_b" }, "geometry": { "type": "Polygon", "coordinates": [ [ [ 30.249507, 59.99370199999867 ], [ 30.249499, 59.993752999998662 ], [ 30.249759, 59.993762999998665 ], [ 30.249701, 59.993708999998681 ], [ 30.249507, 59.99370199999867 ] ] ] } },
{ "type": "Feature", "properties": { "height": 4.5, "match_type": "only_b", "height_source": "source_b" }, "geometry": { "type": "Polygon", "coordinates": [ [ [ 30.250502, 59.987478999998679 ], [ 30.250388, 59.987478999998679 ], [ 30.250387, 59.987555999998662 ], [ 30.2505, 59.987556999998681 ], [ 30.250502, 59.987478999998679 ] ] ] } },
{ "type": "Feature", "properties": { "height": 4.5, "match_type": "only_b", "height_source": "source_b" }, "geometry": { "type": "Polygon", "coordinates": [ [ [ 30.251057, 59.988948999998676 ], [ 30.25104, 59.98901199999866 ], [ 30.251537, 59.989045999998666 ], [ 30.251549, 59.989000999998694 ], [ 30.251057, 59.988948999998676 ] ] ] } },
{ "type": "Feature", "properties": { "height": 4.5, "match_type": "matched", "height_source": "source_b" }, "geometry": { "type": "Polygon", "coordinates": [ [ [ 30.251697, 59.989488999998663 ], [ 30.25156, 59.989491999998677 ], [ 30.251565, 59.989548999998661 ], [ 30.251702, 59.989545999998661 ], [ 30.251697, 59.989488999998663 ] ] ] } },
{ "type": "Feature", "properties": { "height": 28.0, "match_type": "matched", "height_source": "source_b" }, "geometry": { "type": "Polygon", "coordinates": [ [ [ 30.252072, 59.994912999998675 ], [ 30.251942, 59.994929999998675 ], [ 30.25198, 59.995002999998682 ], [ 30.252166, 59.994978999998679 ], [ 30.252072, 59.994912999998675 ] ] ] } },
{ "type": "Feature", "properties": { "height": 4.5, "match_type": "matched", "height_source": "source_b" }, "geometry": { "type": "Polygon", "coordinates": [ [ [ 30.252825, 59.989203999998665 ], [ 30.251858, 59.989175999998672 ], [ 30.251873, 59.989331999998676 ], [ 30.252822, 59.989327999998665 ], [ 30.252929, 59.989268999998671 ], [ 30.252825, 59.989203999998665 ] ] ] } },
{ "type": "Feature", "properties": { "height": 4.5, "match_type": "matched", "height_source": "source_b" }, "geometry": { "type": "Polygon", "coordinates": [ [ [ 30.252424, 59.989640999998663 ], [ 30.252224, 59.989644999998696 ], [ 30.252232, 59.989728999998682 ], [ 30.252431, 59.98972399999866 ], [ 30.252424, 59.989640999998663 ] ] ] } },
{ "type": "Feature", "properties": { "height": 4.5, "match_type": "only_b", "height_source": "source_b" }, "geometry": { "type": "Polygon", "coordinates": [ [ [ 30.252892, 59.989358999998672 ], [ 30.252754, 59.989359999998676 ], [ 30.252755, 59.989450999998681 ], [ 30.252893, 59.989449999998662 ], [ 30.252892, 59.989358999998672 ] ] ] } },
{ "type": "Feature", "properties": { "height": 4.5, "match_type": "only_b", "height_source": "source_b" }, "geometry": { "type": "Polygon", "coordinates": [ [ [ 30.25352, 59.988346999998647 ], [ 30.253349, 59.988349999998675 ], [ 30.253352, 59.988399999998656 ], [ 30.253523, 59.98839699999867 ], [ 30.25352, 59.988346999998647 ] ] ] } },
{ "type": "Feature", "properties": { "height": 4.5, "match_type": "only_b", "height_source": "source_b" }, "geometry": { "type": "Polygon", "coordinates": [ [ [ 30.253941, 59.992427999998682 ], [ 30.253846, 59.992427999998668 ], [ 30.253844, 59.992633999998681 ], [ 30.25394, 59.992633999998681 ], [ 30.253941, 59.992427999998682 ] ] ] } },
{ "type": "Feature", "properties": { "height": 4.5, "match_type": "only_b", "height_source": "source_b" }, "geometry": { "type": "Polygon", "coordinates": [ [ [ 30.25529, 59.99062899999867 ], [ 30.254633, 59.990623999998661 ], [ 30.254628, 59.990802999998678 ], [ 30.255285, 59.990807999998658 ], [ 30.25529, 59.99062899999867 ] ] ] } }
]
}
