{
"type": "FeatureCollection",
"name": "south",
"crs": { "type": "name", "properties": { "name": "urn:ogc:def:crs:OGC:1.3:CRS84" } },
"features": [
{ "type": "Feature", "properties": { "height": 27.0, "match_type": "matched", "height_source": "source_b" }, "geometry": { "type": "Polygon", "coordinates": [ [ [ 30.386204, 59.830681999998617 ], [ 30.38611, 59.830773999998641 ], [ 30.386755, 59.830938999998615 ], [ 30.386867, 59.830830999998597 ], [ 30.386204, 59.830681999998617 ] ] ] } },
{ "type": "Feature", "properties": { "height": 67.0, "match_type": "matched", "height_source": "source_b" }, "geometry": { "type": "Polygon", "coordinates": [ [ [ 30.372905129619973, 59.829669049151157 ], [ 30.373136433047993, 59.829701147951702 ], [ 30.373303007282637, 59.829390143147236 ], [ 30.372950873072519, 59.82935023671093 ], [ 30.372887005446774, 59.829471689525441 ], [ 30.372995752896276, 59.829486004193008 ], [ 30.372905129619973, 59.829669049151157 ] ] ] } },
{ "type": "Feature", "properties": { "height": 4.4, "match_type": "only_a", "height_source": "ml_predicted" }, "geometry": { "type": "Polygon", "coordinates": [ [ [ 30.373, 59.82436 ], [ 30.37316, 59.82438 ], [ 30.37319, 59.82433 ], [ 30.37302, 59.82431 ], [ 30.373, 59.82436 ] ] ] } },
{ "type": "Feature", "properties": { "height": 4.0, "match_type": "matched", "height_source": "source_b" }, "geometry": { "type": "Polygon", "coordinates": [ [ [ 30.373244, 59.824502999998614 ], [ 30.373095, 59.824819999998617 ], [ 30.37293, 59.824797999998609 ], [ 30.372833, 59.824990999998597 ], [ 30.373246, 59.825046999998612 ], [ 30.373451, 59.824526999998618 ], [ 30.373244, 59.824502999998614 ] ] ] } },
{ "type": "Feature", "properties": { "height": 4.5, "match_type": "matched", "height_source": "source_b" }, "geometry": { "type": "Polygon", "coordinates": [ [ [ 30.373255, 59.824159999998635 ], [ 30.373187, 59.824258999998619 ], [ 30.37331, 59.824279999998595 ], [ 30.373377, 59.82418099999861 ], [ 30.373255, 59.824159999998635 ] ] ] } },
{ "type": "Feature", "properties": { "height": 6.2, "match_type": "only_a", "height_source": "ml_predicted" }, "geometry": { "type": "Polygon", "coordinates": [ [ [ 30.37342, 59.83001 ], [ 30.37341, 59.83005 ], [ 30.37351, 59.83006 ], [ 30.37352, 59.83002 ], [ 30.37342, 59.83001 ] ] ] } },
{ "type": "Feature", "properties": { "height": 4.5, "match_type": "matched", "height_source": "source_b" }, "geometry": { "type": "Polygon", "coordinates": [ [ [ 30.373279, 59.823746999998605 ], [ 30.373196, 59.823861999998613 ], [ 30.373544, 59.823924999998617 ], [ 30.373627, 59.823809999998609 ], [ 30.373279, 59.823746999998605 ] ] ] } },
{ "type": "Feature", "properties": { "height": 4.5, "match_type": "matched", "height_source": "source_b" }, "geometry": { "type": "Polygon", "coordinates": [ [ [ 30.373666, 59.836673999998609 ], [ 30.373492, 59.837054999998628 ], [ 30.373614, 59.837068999998635 ], [ 30.373789, 59.836687999998617 ], [ 30.373666, 59.836673999998609 ] ] ] } },
{ "type": "Feature", "properties": { "height": 4.5, "match_type": "matched", "height_source": "source_b" }, "geometry": { "type": "Polygon", "coordinates": [ [ [ 30.373588, 59.825226999998613 ], [ 30.373566, 59.825284999998587 ], [ 30.373657, 59.825292999998624 ], [ 30.373679, 59.825235999998583 ], [ 30.373588, 59.825226999998613 ] ] ] } },
{ "type": "Feature", "properties": { "height": 5.7, "match_type": "only_a", "height_source": "ml_predicted" }, "geometry": { "type": "Polygon", "coordinates": [ [ [ 30.37367, 59.82992 ], [ 30.3737, 59.82986 ], [ 30.37362, 59.82985 ], [ 30.37359, 59.82991 ], [ 30.37367, 59.82992 ] ] ] } },
{ "type": "Feature", "properties": { "height": 12.0, "match_type": "matched", "height_source": "source_b" }, "geometry": { "type": "Polygon", "coordinates": [ [ [ 30.373819, 59.824572999998601 ], [ 30.373683, 59.824836999998624 ], [ 30.373921, 59.824813999998597 ], [ 30.374032, 59.824599999998604 ], [ 30.373819, 59.824572999998601 ] ] ] } },
{ "type": "Feature", "properties": { "height": 4.0, "match_type": "matched", "height_source": "source_b" }, "geometry": { "type": "Polygon", "coordinates": [ [ [ 30.373792, 59.82439499999861 ], [ 30.373775, 59.824445999998616 ], [ 30.373986, 59.824463999998613 ], [ 30.374003, 59.824412999998614 ], [ 30.373792, 59.82439499999861 ] ] ] } },
{ "type": "Feature", "properties": { "height": 4.0, "match_type": "matched", "height_source": "source_b" }, "geometry": { "type": "Polygon", "coordinates": [ [ [ 30.373983, 59.825249999998618 ], [ 30.373922, 59.825368999998616 ], [ 30.374424, 59.825432999998611 ], [ 30.374484, 59.825314999998618 ], [ 30.373983, 59.825249999998618 ] ] ] } },
{ "type": "Feature", "properties": { "height": 4.5, "match_type": "matched", "height_source": "source_b" }, "geometry": { "type": "Polygon", "coordinates": [ [ [ 30.374077, 59.836708999998621 ], [ 30.374049, 59.836762999998619 ], [ 30.373929, 59.836747999998607 ], [ 30.373746, 59.837105999998627 ], [ 30.373985, 59.837136999998606 ], [ 30.374197, 59.836724999998623 ], [ 30.374077, 59.836708999998621 ] ] ] } },
{ "type": "Feature", "properties": { "height": 9.9, "match_type": "matched", "height_source": "source_b" }, "geometry": { "type": "Polygon", "coordinates": [ [ [ 30.374351, 59.835953999998615 ], [ 30.37398, 59.835907999998611 ], [ 30.37383, 59.83619799999861 ], [ 30.37413, 59.836234999998602 ], [ 30.374165, 59.836167999998622 ], [ 30.374237, 59.836177999998618 ], [ 30.374351, 59.835953999998615 ] ] ] } },
{ "type": "Feature", "properties": { "height": 6.6, "match_type": "matched", "height_source": "source_b" }, "geometry": { "type": "Polygon", "coordinates": [ [ [ 30.37383, 59.83619799999861 ], [ 30.373781, 59.836292999998591 ], [ 30.37408, 59.836332999998611 ], [ 30.37413, 59.836234999998602 ], [ 30.37383, 59.83619799999861 ] ] ] } },
{ "type": "Feature", "properties": { "height": 4.5, "match_type": "matched", "height_source": "source_b" }, "geometry": { "type": "Polygon", "coordinates": [ [ [ 30.374209, 59.826388999998613 ], [ 30.374079, 59.826389999998604 ], [ 30.374081, 59.826442999998626 ], [ 30.37421, 59.826441999998593 ], [ 30.374209, 59.826388999998613 ] ] ] } },
{ "type": "Feature", "properties": { "height": 4.5, "match_type": "matched", "height_source": "source_b" }, "geometry": { "type": "Polygon", "coordinates": [ [ [ 30.374334, 59.836753999998606 ], [ 30.374121, 59.837174999998616 ], [ 30.37433, 59.837200999998622 ], [ 30.374541, 59.836779999998598 ], [ 30.374334, 59.836753999998606 ] ] ] } },
{ "type": "Feature", "properties": { "height": 4.5, "match_type": "matched", "height_source": "source_b" }, "geometry": { "type": "Polygon", "coordinates": [ [ [ 30.374574, 59.834733999998583 ], [ 30.374151, 59.835630999998607 ], [ 30.374276, 59.835645999998619 ], [ 30.374672, 59.834806999998605 ], [ 30.374736, 59.834752999998607 ], [ 30.374574, 59.834733999998583 ] ] ] } },
{ "type": "Feature", "properties": { "height": 4.5, "match_type": "matched", "height_source": "source_b" }, "geometry": { "type": "Polygon", "coordinates": [ [ [ 30.374435, 59.836317999998613 ], [ 30.374193, 59.836488999998615 ], [ 30.373964, 59.836440999998594 ], [ 30.373916, 59.836498999998618 ], [ 30.373738, 59.836461999998612 ], [ 30.373658, 59.836566999998631 ], [ 30.374163, 59.836648999998616 ], [ 30.374547, 59.836353999998593 ], [ 30.374435, 59.836317999998613 ] ] ] } },
{ "type": "Feature", "properties": { "height": 4.5, "match_type": "matched", "height_source": "source_b" }, "geometry": { "type": "Polygon", "coordinates": [ [ [ 30.374724, 59.836327999998616 ], [ 30.374307, 59.836668999998615 ], [ 30.374522, 59.836734999998612 ], [ 30.374939, 59.83639499999861 ], [ 30.374724, 59.836327999998616 ] ] ] } },
{ "type": "Feature", "properties": { "height": 4.5, "match_type": "matched", "height_source": "source_b" }, "geometry": { "type": "Polygon", "coordinates": [ [ [ 30.376141, 59.835181999998625 ], [ 30.375541, 59.836345999998613 ], [ 30.375075, 59.836773999998613 ], [ 30.374283, 59.838277999998631 ], [ 30.374529, 59.838306999998601 ], [ 30.375312, 59.836821999998612 ], [ 30.375777, 59.836392999998615 ], [ 30.376386, 59.83521299999861 ], [ 30.376141, 59.835181999998625 ] ] ] } },
{ "type": "Feature", "properties": { "height": 4.5, "match_type": "matched", "height_source": "source_b" }, "geometry": { "type": "Polygon", "coordinates": [ [ [ 30.374408, 59.835655999998608 ], [ 30.374258, 59.835944999998617 ], [ 30.374351, 59.835953999998615 ], [ 30.374237, 59.836177999998618 ], [ 30.374342, 59.836191999998611 ], [ 30.374606, 59.835681999998606 ], [ 30.374408, 59.835655999998608 ] ] ] } },
{ "type": "Feature", "properties": { "height": 4.5, "match_type": "matched", "height_source": "source_b" }, "geometry": { "type": "Polygon", "coordinates": [ [ [ 30.374429, 59.836243999998601 ], [ 30.374652, 59.836274999998622 ], [ 30.374945, 59.835731999998629 ], [ 30.374722, 59.835700999998629 ], [ 30.374429, 59.836243999998601 ] ] ] } },
{ "type": "Feature", "properties": { "height": 4.6, "match_type": "only_a", "height_source": "ml_predicted" }, "geometry": { "type": "Polygon", "coordinates": [ [ [ 30.37449, 59.82585 ], [ 30.37442, 59.82589 ], [ 30.37452, 59.82593 ], [ 30.37458, 59.82589 ], [ 30.37449, 59.82585 ] ] ] } },
{ "type": "Feature", "properties": { "height": 4.5, "match_type": "matched", "height_source": "source_b" }, "geometry": { "type": "Polygon", "coordinates": [ [ [ 30.374612, 59.824743999998603 ], [ 30.374478, 59.824779999998611 ], [ 30.374593, 59.824888999998599 ], [ 30.374727, 59.824852999998612 ], [ 30.374612, 59.824743999998603 ] ] ] } },
{ "type": "Feature", "properties": { "height": 4.0, "match_type": "matched", "height_source": "source_b" }, "geometry": { "type": "Polygon", "coordinates": [ [ [ 30.374842, 59.825125999998612 ], [ 30.374594, 59.825187999998597 ], [ 30.374822, 59.82542099999862 ], [ 30.375068, 59.825358999998613 ], [ 30.374842, 59.825125999998612 ] ] ] } },
{ "type": "Feature", "properties": { "height": 4.5, "match_type": "matched", "height_source": "source_b" }, "geometry": { "type": "Polygon", "coordinates": [ [ [ 30.374774, 59.834789999998627 ], [ 30.374409, 59.835626999998631 ], [ 30.374681, 59.835656999998619 ], [ 30.374985, 59.834960999998607 ], [ 30.374839, 59.834944999998591 ], [ 30.3749, 59.834803999998634 ], [ 30.374774, 59.834789999998627 ] ] ] } },
{ "type": "Feature", "properties": { "height": 4.5, "match_type": "matched", "height_source": "source_b" }, "geometry": { "type": "Polygon", "coordinates": [ [ [ 30.374469, 59.830519999998614 ], [ 30.374368, 59.830733999998621 ], [ 30.374568, 59.830756999998613 ], [ 30.374668, 59.830541999998616 ], [ 30.374469, 59.830519999998614 ] ] ] } },
{ "type": "Feature", "properties": { "height": 4.5, "match_type": "matched", "height_source": "source_b" }, "geometry": { "type": "Polygon", "coordinates": [ [ [ 30.375069, 59.834991999998614 ], [ 30.374754, 59.835640999998631 ], [ 30.375, 59.835670999998626 ], [ 30.375314, 59.835021999998631 ], [ 30.375069, 59.834991999998614 ] ] ] } },
{ "type": "Feature", "properties": { "height": 4.5, "match_type": "matched", "height_source": "source_b" }, "geometry": { "type": "Polygon", "coordinates": [ [ [ 30.375053, 59.836388999998626 ], [ 30.374753, 59.836638999998613 ], [ 30.374494, 59.837193999998618 ], [ 30.37474, 59.837222999998616 ], [ 30.37499, 59.836686999998612 ], [ 30.375269, 59.836454999998594 ], [ 30.375053, 59.836388999998626 ] ] ] } },
{ "type": "Feature", "properties": { "height": 4.5, "match_type": "matched", "height_source": "source_b" }, "geometry": { "type": "Polygon", "coordinates": [ [ [ 30.375051, 59.835763999998612 ], [ 30.374773, 59.836299999998623 ], [ 30.375017, 59.836332999998625 ], [ 30.375296, 59.835795999998609 ], [ 30.375051, 59.835763999998612 ] ] ] } },
{ "type": "Feature", "properties": { "height": 4.0, "match_type": "matched", "height_source": "source_b" }, "geometry": { "type": "Polygon", "coordinates": [ [ [ 30.374543, 59.826402999998606 ], [ 30.374477, 59.82654299999863 ], [ 30.374992, 59.826601999998616 ], [ 30.375057, 59.826461999998614 ], [ 30.374543, 59.826402999998606 ] ] ] } },
{ "type": "Feature", "properties": { "height": 4.0, "match_type": "matched", "height_source": "source_b" }, "geometry": { "type": "Polygon", "coordinates": [ [ [ 30.374939, 59.825895999998615 ], [ 30.374802, 59.82614499999859 ], [ 30.375009, 59.826172999998604 ], [ 30.375144, 59.825922999998618 ], [ 30.374939, 59.825895999998615 ] ] ] } },
{ "type": "Feature", "properties": { "height": 4.5, "match_type": "matched", "height_source": "source_b" }, "geometry": { "type": "Polygon", "coordinates": [ [ [ 30.375422, 59.835034999998605 ], [ 30.375079, 59.835707999998604 ], [ 30.375324, 59.835738999998604 ], [ 30.375667, 59.835065999998626 ], [ 30.375422, 59.835034999998605 ] ] ] } },
{ "type": "Feature", "properties": { "height": 4.5, "match_type": "matched", "height_source": "source_b" }, "geometry": { "type": "Polygon", "coordinates": [ [ [ 30.375769, 59.835113999998612 ], [ 30.375134, 59.836341999998623 ], [ 30.375378, 59.836373999998607 ], [ 30.376014, 59.835145999998609 ], [ 30.375769, 59.835113999998612 ] ] ] } },
{ "type": "Feature", "properties": { "height": 4.5, "match_type": "matched", "height_source": "source_b" }, "geometry": { "type": "Polygon", "coordinates": [ [ [ 30.375558, 59.825769999998599 ], [ 30.375422, 59.82579999999863 ], [ 30.375469, 59.825852999998624 ], [ 30.375603, 59.825823999998612 ], [ 30.375558, 59.825769999998599 ] ] ] } },
{ "type": "Feature", "properties": { "height": 4.5, "match_type": "matched", "height_source": "source_b" }, "geometry": { "type": "Polygon", "coordinates": [ [ [ 30.375479, 59.824052999998614 ], [ 30.37544, 59.824124999998624 ], [ 30.375577, 59.824142999998614 ], [ 30.375614, 59.824070999998625 ], [ 30.375479, 59.824052999998614 ] ] ] } },
{ "type": "Feature", "properties": { "height": 4.5, "match_type": "matched", "height_source": "source_b" }, "geometry": { "type": "Polygon", "coordinates": [ [ [ 30.376151, 59.831261999998624 ], [ 30.375547, 59.832511999998616 ], [ 30.375767, 59.832539999998609 ], [ 30.376372, 59.831289999998617 ], [ 30.376151, 59.831261999998624 ] ] ] } },
{ "type": "Feature", "properties": { "height": 7.0, "match_type": "matched", "height_source": "source_b" }, "geometry": { "type": "Polygon", "coordinates": [ [ [ 30.375833000330477, 59.830419000328725 ], [ 30.376064000369794, 59.829950000019643 ], [ 30.375925999404732, 59.829933000324225 ], [ 30.37569499933684, 59.830402000415347 ], [ 30.375833000330477, 59.830419000328725 ] ] ] } },
{ "type": "Feature", "properties": { "height": 4.5, "match_type": "matched", "height_source": "source_b" }, "geometry": { "type": "Polygon", "coordinates": [ [ [ 30.376759, 59.826586999998625 ], [ 30.376541, 59.826615999998609 ], [ 30.376661, 59.826891999998622 ], [ 30.376617, 59.827137999998598 ], [ 30.37566, 59.82900799999863 ], [ 30.375249, 59.82892499999862 ], [ 30.375121, 59.829173999998609 ], [ 30.375455, 59.829215999998624 ], [ 30.375054, 59.82999599999863 ], [ 30.374731, 59.829953999998615 ], [ 30.374598, 59.830212999998608 ], [ 30.375016, 59.830229999998615 ], [ 30.374746, 59.830755999998615 ], [ 30.374671, 59.830746999998595 ], [ 30.374543, 59.831009999998621 ], [ 30.374832, 59.831045999998608 ], [ 30.375231, 59.830251999998609 ], [ 30.375366, 59.830268999998616 ], [ 30.375421, 59.830161999998623 ], [ 30.37535, 59.830152999998624 ], [ 30.375457, 59.829943999998612 ], [ 30.375559, 59.82995599999861 ], [ 30.375507, 59.830058999998613 ], [ 30.375604, 59.830070999998604 ], [ 30.376009, 59.829280999998602 ], [ 30.375802, 59.82925599999863 ], [ 30.375879, 59.829092999998608 ], [ 30.375973, 59.829067999998614 ], [ 30.376017, 59.828979999998609 ], [ 30.375905, 59.828965999998616 ], [ 30.376861, 59.827073999998589 ], [ 30.376886, 59.826887999998618 ], [ 30.376759, 59.826586999998625 ] ] ] } },
{ "type": "Feature", "properties": { "height": 4.0, "match_type": "matched", "height_source": "source_b" }, "geometry": { "type": "Polygon", "coordinates": [ [ [ 30.375665, 59.826100999998587 ], [ 30.375453, 59.826350999998631 ], [ 30.375727, 59.826408999998606 ], [ 30.375938, 59.826158999998611 ], [ 30.375665, 59.826100999998587 ] ] ] } },
{ "type": "Feature", "properties": { "height": 4.1, "match_type": "only_a", "height_source": "ml_predicted" }, "geometry": { "type": "Polygon", "coordinates": [ [ [ 30.376, 59.82501 ], [ 30.3761, 59.82502 ], [ 30.37612, 59.82498 ], [ 30.37602, 59.82496 ], [ 30.376, 59.82501 ] ] ] } },
{ "type": "Feature", "properties": { "height": 4.0, "match_type": "only_a", "height_source": "ml_predicted" }, "geometry": { "type": "Polygon", "coordinates": [ [ [ 30.37606, 59.83217 ], [ 30.37599, 59.83222 ], [ 30.37604, 59.83223 ], [ 30.37606, 59.83217 ] ] ] } },
{ "type": "Feature", "properties": { "height": 5.5, "match_type": "only_a", "height_source": "ml_predicted" }, "geometry": { "type": "Polygon", "coordinates": [ [ [ 30.37613, 59.83277 ], [ 30.37631, 59.83279 ], [ 30.37638, 59.83265 ], [ 30.37653, 59.83266 ], [ 30.37649, 59.83274 ], [ 30.3767, 59.83276 ], [ 30.37677, 59.83261 ], [ 30.37623, 59.83254 ], [ 30.37613, 59.83277 ] ] ] } },
{ "type": "Feature", "properties": { "height": 16.0, "match_type": "matched", "height_source": "source_b" }, "geometry": { "type": "Polygon", "coordinates": [ [ [ 30.376122742660247, 59.830462229177627 ], [ 30.376353742446579, 59.829993229305337 ], [ 30.376215742999818, 59.829976229050189 ], [ 30.375984743114316, 59.830445229601594 ], [ 30.376122742660247, 59.830462229177627 ] ] ] } },
{ "type": "Feature", "properties": { "height": 6.0, "match_type": "matched", "height_source": "source_b" }, "geometry": { "type": "Polygon", "coordinates": [ [ [ 30.376192056074437, 59.829673899705462 ], [ 30.376128882634788, 59.829666513400554 ], [ 30.376042266854292, 59.829854248201428 ], [ 30.376105440628212, 59.829861634549999 ], [ 30.376192056074437, 59.829673899705462 ] ] ] } },
{ "type": "Feature", "properties": { "height": 5.0, "match_type": "matched", "height_source": "source_b" }, "geometry": { "type": "Polygon", "coordinates": [ [ [ 30.37653022903682, 59.829078274368065 ], [ 30.376375373991653, 59.829058355138152 ], [ 30.376127259794931, 59.829547199263899 ], [ 30.376282115094106, 59.82956711966024 ], [ 30.37653022903682, 59.829078274368065 ] ] ] } },
{ "type": "Feature", "properties": { "height": 5.0, "match_type": "matched", "height_source": "source_b" }, "geometry": { "type": "Polygon", "coordinates": [ [ [ 30.376171849504935, 59.829875330280139 ], [ 30.376394426717969, 59.82990334922156 ], [ 30.3765053974859, 59.829679931499847 ], [ 30.376282823442693, 59.829651912790226 ], [ 30.376171849504935, 59.829875330280139 ] ] ] } },
{ "type": "Feature", "properties": { "height": 4.5, "match_type": "matched", "height_source": "source_b" }, "geometry": { "type": "Polygon", "coordinates": [ [ [ 30.376687, 59.832358999998611 ], [ 30.376713, 59.832302999998618 ], [ 30.37661, 59.832290999998619 ], [ 30.376637, 59.832231999998605 ], [ 30.376274, 59.832189999998604 ], [ 30.376123, 59.832192999998611 ], [ 30.376079, 59.83228899999861 ], [ 30.376687, 59.832358999998611 ] ] ] } },
{ "type": "Feature", "properties": { "height": 4.5, "match_type": "matched", "height_source": "source_b" }, "geometry": { "type": "Polygon", "coordinates": [ [ [ 30.375571, 59.8348849999986 ], [ 30.375525, 59.834970999998603 ], [ 30.376395, 59.835089999998615 ], [ 30.376442, 59.835003999998612 ], [ 30.375571, 59.8348849999986 ] ] ] } },
{ "type": "Feature", "properties": { "height": 6.0, "match_type": "matched", "height_source": "source_b" }, "geometry": { "type": "Polygon", "coordinates": [ [ [ 30.376464475729801, 59.829587571341754 ], [ 30.376613142448466, 59.829605314146434 ], [ 30.376777978345721, 59.829255262398192 ], [ 30.376568434788382, 59.829230254022775 ], [ 30.376490345229708, 59.82939608863235 ], [ 30.376551222033427, 59.829403354400796 ], [ 30.376464475729801, 59.829587571341754 ] ] ] } },
{ "type": "Feature", "properties": { "height": 5.0, "match_type": "only_a", "height_source": "ml_predicted" }, "geometry": { "type": "Polygon", "coordinates": [ [ [ 30.37659, 59.82873 ], [ 30.37673, 59.82875 ], [ 30.37675, 59.82871 ], [ 30.3766, 59.82869 ], [ 30.37659, 59.82873 ] ] ] } },
{ "type": "Feature", "properties": { "height": 4.1, "match_type": "only_a", "height_source": "ml_predicted" }, "geometry": { "type": "Polygon", "coordinates": [ [ [ 30.37664, 59.83456 ], [ 30.37661, 59.8346 ], [ 30.37668, 59.83456 ], [ 30.37664, 59.83456 ] ] ] } },
{ "type": "Feature", "properties": { "height": 4.5, "match_type": "matched", "height_source": "source_b" }, "geometry": { "type": "Polygon", "coordinates": [ [ [ 30.376228, 59.831127999998614 ], [ 30.376408, 59.831150999998613 ], [ 30.376806, 59.83036299999862 ], [ 30.376627, 59.830339999998614 ], [ 30.376228, 59.831127999998614 ] ] ] } },
{ "type": "Feature", "properties": { "height": 5.2, "match_type": "only_a", "height_source": "ml_predicted" }, "geometry": { "type": "Polygon", "coordinates": [ [ [ 30.37676, 59.82909 ], [ 30.3767, 59.8292 ], [ 30.37681, 59.82922 ], [ 30.37686, 59.8291 ], [ 30.37676, 59.82909 ] ] ] } },
{ "type": "Feature", "properties": { "height": 4.2, "match_type": "only_a", "height_source": "ml_predicted" }, "geometry": { "type": "Polygon", "coordinates": [ [ [ 30.37682, 59.83022 ], [ 30.37665, 59.8302 ], [ 30.37662, 59.83029 ], [ 30.37678, 59.83031 ], [ 30.37682, 59.83022 ] ] ] } },
{ "type": "Feature", "properties": { "height": 6.7, "match_type": "only_a", "height_source": "ml_predicted" }, "geometry": { "type": "Polygon", "coordinates": [ [ [ 30.37679, 59.83019 ], [ 30.37685, 59.83017 ], [ 30.3768, 59.83016 ], [ 30.37679, 59.83019 ] ] ] } },
{ "type": "Feature", "properties": { "height": 5.7, "match_type": "only_a", "height_source": "ml_predicted" }, "geometry": { "type": "Polygon", "coordinates": [ [ [ 30.37691, 59.82717 ], [ 30.37704, 59.82723 ], [ 30.37705, 59.82719 ], [ 30.37691, 59.82717 ] ] ] } },
{ "type": "Feature", "properties": { "height": 4.5, "match_type": "matched", "height_source": "source_b" }, "geometry": { "type": "Polygon", "coordinates": [ [ [ 30.377187, 59.832347999998589 ], [ 30.377236, 59.832348999998608 ], [ 30.377243, 59.832285999998611 ], [ 30.377194, 59.83228399999863 ], [ 30.377187, 59.832347999998589 ] ] ] } },
{ "type": "Feature", "properties": { "height": 6.6, "match_type": "matched", "height_source": "source_b" }, "geometry": { "type": "Polygon", "coordinates": [ [ [ 30.377802, 59.830945999998633 ], [ 30.377896, 59.830951999998618 ], [ 30.378233, 59.830517999998619 ], [ 30.378028, 59.830494999998621 ], [ 30.377802, 59.830945999998633 ] ] ] } },
{ "type": "Feature", "properties": { "height": 18.0, "match_type": "matched", "height_source": "source_b" }, "geometry": { "type": "Polygon", "coordinates": [ [ [ 30.378028, 59.830494999998621 ], [ 30.37702, 59.830370999998621 ], [ 30.376767, 59.830875999998625 ], [ 30.377774, 59.831001999998612 ], [ 30.378028, 59.830494999998621 ] ] ] } },
{ "type": "Feature", "properties": { "height": 5.4, "match_type": "only_a", "height_source": "ml_predicted" }, "geometry": { "type": "Polygon", "coordinates": [ [ [ 30.37705, 59.82949 ], [ 30.37717, 59.8295 ], [ 30.37719, 59.82944 ], [ 30.37708, 59.82943 ], [ 30.37705, 59.82949 ] ] ] } },
{ "type": "Feature", "properties": { "height": 4.0, "match_type": "matched", "height_source": "source_b" }, "geometry": { "type": "Polygon", "coordinates": [ [ [ 30.37769999943399, 59.826229000271589 ], [ 30.377247438628871, 59.826159693156114 ], [ 30.377146999750789, 59.826326999688533 ], [ 30.377349640449463, 59.826365766454934 ], [ 30.377167999311638, 59.826635000023522 ], [ 30.377396999276208, 59.826674000273144 ], [ 30.37769999943399, 59.826229000271589 ] ] ] } },
{ "type": "Feature", "properties": { "height": 8.3, "match_type": "only_a", "height_source": "ml_predicted" }, "geometry": { "type": "Polygon", "coordinates": [ [ [ 30.3771, 59.83034 ], [ 30.37703, 59.83033 ], [ 30.37701, 59.83036 ], [ 30.37708, 59.83037 ], [ 30.3771, 59.83034 ] ] ] } },
{ "type": "Feature", "properties": { "height": 3.1, "match_type": "only_a", "height_source": "ml_predicted" }, "geometry": { "type": "Polygon", "coordinates": [ [ [ 30.37713, 59.82414 ], [ 30.37704, 59.8242 ], [ 30.37714, 59.82424 ], [ 30.37722, 59.82418 ], [ 30.37713, 59.82414 ] ] ] } },
{ "type": "Feature", "properties": { "height": 4.5, "match_type": "matched", "height_source": "source_b" }, "geometry": { "type": "Polygon", "coordinates": [ [ [ 30.376709, 59.830117999998656 ], [ 30.376837, 59.830134999998606 ], [ 30.377141, 59.829548999998593 ], [ 30.377014, 59.829531999998615 ], [ 30.376709, 59.830117999998656 ] ] ] } },
{ "type": "Feature", "properties": { "height": 4.8, "match_type": "only_a", "height_source": "ml_predicted" }, "geometry": { "type": "Polygon", "coordinates": [ [ [ 30.37726, 59.82676 ], [ 30.37723, 59.8268 ], [ 30.37732, 59.82682 ], [ 30.37735, 59.82677 ], [ 30.37726, 59.82676 ] ] ] } },
{ "type": "Feature", "properties": { "height": 8.0, "match_type": "matched", "height_source": "source_b" }, "geometry": { "type": "Polygon", "coordinates": [ [ [ 30.377489999491466, 59.828873498242217 ], [ 30.377335146713527, 59.828853578385385 ], [ 30.377087030394623, 59.829342423187441 ], [ 30.377241885278892, 59.829362343349224 ], [ 30.377489999491466, 59.828873498242217 ] ] ] } },
{ "type": "Feature", "properties": { "height": 4.5, "match_type": "matched", "height_source": "source_b" }, "geometry": { "type": "Polygon", "coordinates": [ [ [ 30.379162, 59.835307999998605 ], [ 30.377669, 59.8353239999986 ], [ 30.377211, 59.836321999998631 ], [ 30.377315, 59.836332999998611 ], [ 30.377778, 59.835381999998631 ], [ 30.379164, 59.835367999998624 ], [ 30.379162, 59.835307999998605 ] ] ] } },
{ "type": "Feature", "properties": { "height": 5.7, "match_type": "only_a", "height_source": "ml_predicted" }, "geometry": { "type": "Polygon", "coordinates": [ [ [ 30.37742, 59.833 ], [ 30.3775, 59.83295 ], [ 30.37748, 59.83289 ], [ 30.37722, 59.83286 ], [ 30.37717, 59.83296 ], [ 30.37742, 59.833 ] ] ] } },
{ "type": "Feature", "properties": { "height": 18.0, "match_type": "matched", "height_source": "source_b" }, "geometry": { "type": "Polygon", "coordinates": [ [ [ 30.377364, 59.829351999998629 ], [ 30.378545, 59.829489999998614 ], [ 30.378885, 59.82883499999862 ], [ 30.378696, 59.828812999998583 ], [ 30.378615, 59.828980999998613 ], [ 30.377638, 59.82884899999862 ], [ 30.377364, 59.829351999998629 ] ], [ [ 30.378014, 59.828972999998619 ], [ 30.377894, 59.82919499999862 ], [ 30.377538, 59.82914599999863 ], [ 30.377557, 59.829111999998609 ], [ 30.377682, 59.829128999998609 ], [ 30.377783, 59.828941999998612 ], [ 30.378014, 59.828972999998619 ] ] ] } },
{ "type": "Feature", "properties": { "height": 24.0, "match_type": "matched", "height_source": "source_b" }, "geometry": { "type": "Polygon", "coordinates": [ [ [ 30.37968, 59.829141999998612 ], [ 30.379703, 59.829087999998627 ], [ 30.379259, 59.829027999998615 ], [ 30.379228, 59.829080999998624 ], [ 30.379319, 59.829090999998598 ], [ 30.37924, 59.829230999998622 ], [ 30.379538, 59.829273999998613 ], [ 30.379614, 59.829131999998609 ], [ 30.37968, 59.829141999998612 ] ] ] } },
{ "type": "Feature", "properties": { "height": 21.0, "match_type": "matched", "height_source": "source_b" }, "geometry": { "type": "Polygon", "coordinates": [ [ [ 30.378014, 59.828972999998619 ], [ 30.377783, 59.828941999998612 ], [ 30.377682, 59.829128999998609 ], [ 30.377557, 59.829111999998609 ], [ 30.377538, 59.82914599999863 ], [ 30.377894, 59.82919499999862 ], [ 30.378014, 59.828972999998619 ] ] ] } },
{ "type": "Feature", "properties": { "height": 18.0, "match_type": "matched", "height_source": "source_b" }, "geometry": { "type": "Polygon", "coordinates": [ [ [ 30.378798, 59.82900799999863 ], [ 30.378545, 59.829489999998614 ], [ 30.379654, 59.829638999998608 ], [ 30.379908, 59.82917299999859 ], [ 30.379614, 59.829131999998609 ], [ 30.379538, 59.829273999998613 ], [ 30.37924, 59.829230999998622 ], [ 30.379319, 59.829090999998598 ], [ 30.378798, 59.82900799999863 ] ] ] } },
{ "type": "Feature", "properties": { "height": 6.6, "match_type": "matched", "height_source": "source_b" }, "geometry": { "type": "Polygon", "coordinates": [ [ [ 30.377442, 59.830421999998606 ], [ 30.377577, 59.830439999998603 ], [ 30.377648, 59.830306999998612 ], [ 30.377512, 59.830288999998615 ], [ 30.377442, 59.830421999998606 ] ] ] } },
{ "type": "Feature", "properties": { "height": 31.5, "match_type": "matched", "height_source": "source_b" }, "geometry": { "type": "Polygon", "coordinates": [ [ [ 30.377386, 59.823501999998626 ], [ 30.377239, 59.823795999998602 ], [ 30.377527, 59.823832999998601 ], [ 30.377675, 59.823537999998628 ], [ 30.377386, 59.823501999998626 ] ] ] } },
{ "type": "Feature", "properties": { "height": 4.5, "match_type": "matched", "height_source": "source_b" }, "geometry": { "type": "Polygon", "coordinates": [ [ [ 30.377121, 59.836786999998601 ], [ 30.377068, 59.836880999998627 ], [ 30.377648, 59.836963999998638 ], [ 30.377674, 59.836918999998623 ], [ 30.377622, 59.836910999998615 ], [ 30.37765, 59.836861999998618 ], [ 30.377121, 59.836786999998601 ] ] ] } },
{ "type": "Feature", "properties": { "height": 4.5, "match_type": "only_a", "height_source": "ml_predicted" }, "geometry": { "type": "Polygon", "coordinates": [ [ [ 30.37774, 59.8312 ], [ 30.37778, 59.83111 ], [ 30.37765, 59.83109 ], [ 30.37761, 59.83118 ], [ 30.37774, 59.8312 ] ] ] } },
{ "type": "Feature", "properties": { "height": 4.5, "match_type": "matched", "height_source": "source_b" }, "geometry": { "type": "Polygon", "coordinates": [ [ [ 30.377612, 59.823967999998608 ], [ 30.377559, 59.824035999998614 ], [ 30.377653, 59.824053999998604 ], [ 30.377705, 59.82398699999861 ], [ 30.377612, 59.823967999998608 ] ] ] } },
{ "type": "Feature", "properties": { "height": 4.5, "match_type": "matched", "height_source": "source_b" }, "geometry": { "type": "Polygon", "coordinates": [ [ [ 30.377854, 59.828514999998625 ], [ 30.377796, 59.828633999998615 ], [ 30.377929, 59.828649999998611 ], [ 30.377987, 59.828530999998627 ], [ 30.377854, 59.828514999998625 ] ] ] } },
{ "type": "Feature", "properties": { "height": 4.5, "match_type": "matched", "height_source": "source_b" }, "geometry": { "type": "Polygon", "coordinates": [ [ [ 30.377689, 59.82850399999861 ], [ 30.377633, 59.828601999998611 ], [ 30.377747, 59.828616999998623 ], [ 30.377802, 59.828519999998605 ], [ 30.377689, 59.82850399999861 ] ] ] } },
{ "type": "Feature", "properties": { "height": 4.5, "match_type": "matched", "height_source": "source_b" }, "geometry": { "type": "Polygon", "coordinates": [ [ [ 30.377168, 59.836671999998615 ], [ 30.377137, 59.836728999998613 ], [ 30.377724, 59.836810999998633 ], [ 30.377756, 59.836753999998606 ], [ 30.377168, 59.836671999998615 ] ] ] } },
{ "type": "Feature", "properties": { "height": 4.5, "match_type": "matched", "height_source": "source_b" }, "geometry": { "type": "Polygon", "coordinates": [ [ [ 30.377293, 59.836432999998621 ], [ 30.377234, 59.836541999998587 ], [ 30.377297, 59.836560999998618 ], [ 30.377827, 59.836632999998599 ], [ 30.37789, 59.836514999998627 ], [ 30.377293, 59.836432999998621 ] ] ] } },
{ "type": "Feature", "properties": { "height": 4.5, "match_type": "matched", "height_source": "source_b" }, "geometry": { "type": "Polygon", "coordinates": [ [ [ 30.377446, 59.836280999998621 ], [ 30.377411, 59.83634799999863 ], [ 30.377344, 59.836338999998624 ], [ 30.377322, 59.836379999998627 ], [ 30.377919, 59.836459999998603 ], [ 30.377938, 59.83642399999863 ], [ 30.378028, 59.836435999998621 ], [ 30.377902, 59.83667099999861 ], [ 30.378134, 59.836701999998617 ], [ 30.378257, 59.836470999998632 ], [ 30.378453, 59.836497999998599 ], [ 30.378314, 59.836758999998587 ], [ 30.378436, 59.836774999998617 ], [ 30.378616, 59.836437999998616 ], [ 30.377446, 59.836280999998621 ] ] ] } },
{ "type": "Feature", "properties": { "height": 4.5, "match_type": "matched", "height_source": "source_b" }, "geometry": { "type": "Polygon", "coordinates": [ [ [ 30.377978, 59.828249999998611 ], [ 30.377875, 59.828462999998614 ], [ 30.378028, 59.828481999998623 ], [ 30.378132, 59.82826799999863 ], [ 30.377978, 59.828249999998611 ] ] ] } },
{ "type": "Feature", "properties": { "height": 8.1, "match_type": "only_a", "height_source": "ml_predicted" }, "geometry": { "type": "Polygon", "coordinates": [ [ [ 30.37806, 59.83049 ], [ 30.37799, 59.83046 ], [ 30.37798, 59.83048 ], [ 30.37806, 59.83049 ] ] ] } },
{ "type": "Feature", "properties": { "height": 4.5, "match_type": "matched", "height_source": "source_b" }, "geometry": { "type": "Polygon", "coordinates": [ [ [ 30.378085, 59.832232999998631 ], [ 30.378174, 59.832252999998623 ], [ 30.378212, 59.832209999998618 ], [ 30.378123, 59.832189999998612 ], [ 30.378085, 59.832232999998631 ] ] ] } },
{ "type": "Feature", "properties": { "height": 6.6, "match_type": "matched", "height_source": "source_b" }, "geometry": { "type": "Polygon", "coordinates": [ [ [ 30.377854, 59.836831999998601 ], [ 30.378148, 59.836864999998603 ], [ 30.378175, 59.836804999998606 ], [ 30.377902, 59.83672399999859 ], [ 30.377854, 59.836831999998601 ] ] ] } },
{ "type": "Feature", "properties": { "height": 4.5, "match_type": "matched", "height_source": "source_b" }, "geometry": { "type": "Polygon", "coordinates": [ [ [ 30.378145, 59.831034999998614 ], [ 30.377799, 59.831380999998622 ], [ 30.3779, 59.831406999998613 ], [ 30.378247, 59.831059999998615 ], [ 30.378145, 59.831034999998614 ] ] ] } },
{ "type": "Feature", "properties": { "height": 6.6, "match_type": "matched", "height_source": "source_b" }, "geometry": { "type": "Polygon", "coordinates": [ [ [ 30.378477, 59.830734999998597 ], [ 30.378337, 59.830850999998603 ], [ 30.378532, 59.830909999998617 ], [ 30.378704, 59.830834999998601 ], [ 30.378477, 59.830734999998597 ] ] ] } },
{ "type": "Feature", "properties": { "height": 18.0, "match_type": "matched", "height_source": "source_b" }, "geometry": { "type": "Polygon", "coordinates": [ [ [ 30.377119, 59.8302359999986 ], [ 30.378123, 59.830370999998614 ], [ 30.378519, 59.829637999998624 ], [ 30.378468, 59.829630999998599 ], [ 30.378545, 59.829489999998614 ], [ 30.377659, 59.82939199999862 ], [ 30.377592, 59.829513999998596 ], [ 30.377517, 59.829503999998614 ], [ 30.377119, 59.8302359999986 ] ] ] } },
{ "type": "Feature", "properties": { "height": 7.1, "match_type": "only_a", "height_source": "ml_predicted" }, "geometry": { "type": "Polygon", "coordinates": [ [ [ 30.37868, 59.82995 ], [ 30.3787, 59.82989 ], [ 30.37846, 59.82986 ], [ 30.37843, 59.82992 ], [ 30.37868, 59.82995 ] ] ] } },
{ "type": "Feature", "properties": { "height": 4.5, "match_type": "matched", "height_source": "source_b" }, "geometry": { "type": "Polygon", "coordinates": [ [ [ 30.377547, 59.836154999998605 ], [ 30.377494, 59.836260999998608 ], [ 30.378638, 59.836403999998623 ], [ 30.37869, 59.836297999998614 ], [ 30.377547, 59.836154999998605 ] ] ] } },
{ "type": "Feature", "properties": { "height": 4.5, "match_type": "matched", "height_source": "source_b" }, "geometry": { "type": "Polygon", "coordinates": [ [ [ 30.379323, 59.83531799999863 ], [ 30.378562, 59.836795999998621 ], [ 30.378669, 59.836808999998624 ], [ 30.37943, 59.835331999998608 ], [ 30.379323, 59.83531799999863 ] ] ] } },
{ "type": "Feature", "properties": { "height": 4.5, "match_type": "matched", "height_source": "source_b" }, "geometry": { "type": "Polygon", "coordinates": [ [ [ 30.377602, 59.83597599999861 ], [ 30.377545, 59.836091999998608 ], [ 30.378711, 59.836236999998611 ], [ 30.378734, 59.836190999998607 ], [ 30.3786, 59.836173999998643 ], [ 30.378634, 59.83610399999862 ], [ 30.377602, 59.83597599999861 ] ] ] } },
{ "type": "Feature", "properties": { "height": 4.5, "match_type": "matched", "height_source": "source_b" }, "geometry": { "type": "Polygon", "coordinates": [ [ [ 30.377713, 59.835825999998605 ], [ 30.377662, 59.835929999998605 ], [ 30.378789, 59.8360699999986 ], [ 30.37884, 59.835964999998616 ], [ 30.377713, 59.835825999998605 ] ] ] } },
{ "type": "Feature", "properties": { "height": 13.2, "match_type": "matched", "height_source": "source_b" }, "geometry": { "type": "Polygon", "coordinates": [ [ [ 30.378399, 59.830225999998625 ], [ 30.378944, 59.830297999998628 ], [ 30.379025, 59.830147999998623 ], [ 30.37848, 59.830071999998609 ], [ 30.378399, 59.830225999998625 ] ] ] } },
{ "type": "Feature", "properties": { "height": 9.9, "match_type": "matched", "height_source": "source_b" }, "geometry": { "type": "Polygon", "coordinates": [ [ [ 30.3785, 59.830239999998625 ], [ 30.378474, 59.83028999999862 ], [ 30.378515, 59.830339999998628 ], [ 30.378784, 59.830376999998599 ], [ 30.378915, 59.830353999998621 ], [ 30.378944, 59.830297999998628 ], [ 30.3785, 59.830239999998625 ] ] ] } },
{ "type": "Feature", "properties": { "height": 9.9, "match_type": "matched", "height_source": "source_b" }, "geometry": { "type": "Polygon", "coordinates": [ [ [ 30.379025, 59.830147999998623 ], [ 30.379169, 59.829852999998621 ], [ 30.378983, 59.829755999998625 ], [ 30.378718, 59.829800999998611 ], [ 30.378546, 59.830080999998607 ], [ 30.379025, 59.830147999998623 ] ] ] } },
{ "type": "Feature", "properties": { "height": 4.4, "match_type": "only_a", "height_source": "ml_predicted" }, "geometry": { "type": "Polygon", "coordinates": [ [ [ 30.37893, 59.83157 ], [ 30.37885, 59.83155 ], [ 30.3788, 59.8316 ], [ 30.37888, 59.83162 ], [ 30.37893, 59.83157 ] ] ] } },
{ "type": "Feature", "properties": { "height": 4.5, "match_type": "matched", "height_source": "source_b" }, "geometry": { "type": "Polygon", "coordinates": [ [ [ 30.377811, 59.835663999998623 ], [ 30.377758, 59.835772999998625 ], [ 30.378862, 59.835906999998606 ], [ 30.378915, 59.835795999998609 ], [ 30.377811, 59.835663999998623 ] ] ] } },
{ "type": "Feature", "properties": { "height": 13.2, "match_type": "matched", "height_source": "source_b" }, "geometry": { "type": "Polygon", "coordinates": [ [ [ 30.379974, 59.828798999998618 ], [ 30.380059, 59.828632999998618 ], [ 30.379516, 59.8285639999986 ], [ 30.379433, 59.828729999998608 ], [ 30.379974, 59.828798999998618 ] ] ] } },
{ "type": "Feature", "properties": { "height": 13.2, "match_type": "matched", "height_source": "source_b" }, "geometry": { "type": "Polygon", "coordinates": [ [ [ 30.378473, 59.82878599999863 ], [ 30.378885, 59.82883499999862 ], [ 30.378852, 59.828903999998623 ], [ 30.379011, 59.828921999998606 ], [ 30.379269, 59.82840699999862 ], [ 30.378686, 59.82833799999861 ], [ 30.378473, 59.82878599999863 ] ] ] } },
{ "type": "Feature", "properties": { "height": 18.0, "match_type": "matched", "height_source": "source_b" }, "geometry": { "type": "Polygon", "coordinates": [ [ [ 30.379011, 59.828921999998606 ], [ 30.380166, 59.829057999998611 ], [ 30.380202, 59.82898399999862 ], [ 30.379897, 59.828948999998609 ], [ 30.379974, 59.828798999998618 ], [ 30.379433, 59.828729999998608 ], [ 30.379516, 59.8285639999986 ], [ 30.380059, 59.828632999998618 ], [ 30.380109, 59.828534999998631 ], [ 30.379269, 59.82840699999862 ], [ 30.379011, 59.828921999998606 ] ] ] } },
{ "type": "Feature", "properties": { "height": 4.5, "match_type": "matched", "height_source": "source_b" }, "geometry": { "type": "Polygon", "coordinates": [ [ [ 30.377874, 59.835478999998628 ], [ 30.377813, 59.835593999998615 ], [ 30.378955, 59.835745999998615 ], [ 30.379017, 59.835630999998621 ], [ 30.377874, 59.835478999998628 ] ] ] } },
{ "type": "Feature", "properties": { "height": 4.5, "match_type": "matched", "height_source": "source_b" }, "geometry": { "type": "Polygon", "coordinates": [ [ [ 30.378221, 59.835403999998604 ], [ 30.378186, 59.835471999998617 ], [ 30.379058, 59.835581999998617 ], [ 30.379118, 59.835464999998635 ], [ 30.378221, 59.835403999998604 ] ] ] } },
{ "type": "Feature", "properties": { "height": 4.5, "match_type": "matched", "height_source": "source_b" }, "geometry": { "type": "Polygon", "coordinates": [ [ [ 30.379054, 59.82306399999861 ], [ 30.378875, 59.823351999998614 ], [ 30.379115, 59.82338899999862 ], [ 30.379293, 59.82310099999863 ], [ 30.379054, 59.82306399999861 ] ] ] } },
{ "type": "Feature", "properties": { "height": 13.2, "match_type": "matched", "height_source": "source_b" }, "geometry": { "type": "Polygon", "coordinates": [ [ [ 30.37828, 59.827795999998621 ], [ 30.37821, 59.827917999998604 ], [ 30.378429, 59.82794999999863 ], [ 30.3785, 59.827827999998604 ], [ 30.37828, 59.827795999998621 ] ] ] } },
{ "type": "Feature", "properties": { "height": 9.9, "match_type": "matched", "height_source": "source_b" }, "geometry": { "type": "Polygon", "coordinates": [ [ [ 30.378984, 59.828372999998599 ], [ 30.379204, 59.828398999998612 ], [ 30.379846, 59.827263999998614 ], [ 30.378683, 59.827100999998606 ], [ 30.378658, 59.827143999998597 ], [ 30.378918, 59.827181999998608 ], [ 30.378826, 59.827340999998611 ], [ 30.378566, 59.827302999998615 ], [ 30.37828, 59.827795999998621 ], [ 30.3785, 59.827827999998604 ], [ 30.378429, 59.82794999999863 ], [ 30.37821, 59.827917999998604 ], [ 30.378171, 59.827983999998615 ], [ 30.37911, 59.828117999998618 ], [ 30.378984, 59.828372999998599 ] ] ] } },
{ "type": "Feature", "properties": { "height": 13.2, "match_type": "matched", "height_source": "source_b" }, "geometry": { "type": "Polygon", "coordinates": [ [ [ 30.378851, 59.826809999998616 ], [ 30.378752, 59.826982999998613 ], [ 30.378853, 59.826997999998603 ], [ 30.378894, 59.826925999998615 ], [ 30.379049, 59.826948999998613 ], [ 30.379108, 59.826847999998613 ], [ 30.378851, 59.826809999998616 ] ] ] } },
{ "type": "Feature", "properties": { "height": 13.2, "match_type": "matched", "height_source": "source_b" }, "geometry": { "type": "Polygon", "coordinates": [ [ [ 30.379846, 59.827263999998614 ], [ 30.380009, 59.826974999998619 ], [ 30.379398, 59.826897999998629 ], [ 30.379285, 59.82712499999861 ], [ 30.378711, 59.827052999998621 ], [ 30.378683, 59.827100999998606 ], [ 30.379846, 59.827263999998614 ] ] ] } },
{ "type": "Feature", "properties": { "height": 9.9, "match_type": "matched", "height_source": "source_b" }, "geometry": { "type": "Polygon", "coordinates": [ [ [ 30.380009, 59.826974999998619 ], [ 30.380032, 59.826934999998599 ], [ 30.378875, 59.826769999998611 ], [ 30.378851, 59.826809999998616 ], [ 30.379108, 59.826847999998613 ], [ 30.379049, 59.826948999998613 ], [ 30.378894, 59.826925999998615 ], [ 30.378853, 59.826997999998603 ], [ 30.378752, 59.826982999998613 ], [ 30.378711, 59.827052999998621 ], [ 30.379285, 59.82712499999861 ], [ 30.379398, 59.826897999998629 ], [ 30.380009, 59.826974999998619 ] ] ] } },
{ "type": "Feature", "properties": { "height": 13.2, "match_type": "matched", "height_source": "source_b" }, "geometry": { "type": "Polygon", "coordinates": [ [ [ 30.378658, 59.827143999998597 ], [ 30.378566, 59.827302999998615 ], [ 30.378826, 59.827340999998611 ], [ 30.378918, 59.827181999998608 ], [ 30.378658, 59.827143999998597 ] ] ] } },
{ "type": "Feature", "properties": { "height": 4.5, "match_type": "matched", "height_source": "source_b" }, "geometry": { "type": "Polygon", "coordinates": [ [ [ 30.378374, 59.833877999998613 ], [ 30.378321, 59.833945999998612 ], [ 30.379112, 59.834102999998606 ], [ 30.379165, 59.834034999998593 ], [ 30.378374, 59.833877999998613 ] ] ] } },
{ "type": "Feature", "properties": { "height": 4.5, "match_type": "matched", "height_source": "source_b" }, "geometry": { "type": "Polygon", "coordinates": [ [ [ 30.379186, 59.833705999998607 ], [ 30.379127, 59.833815999998606 ], [ 30.379319, 59.833840999998614 ], [ 30.379378, 59.833731999998605 ], [ 30.379186, 59.833705999998607 ] ] ] } },
{ "type": "Feature", "properties": { "height": 8.2, "match_type": "only_a", "height_source": "ml_predicted" }, "geometry": { "type": "Polygon", "coordinates": [ [ [ 30.37933, 59.82987 ], [ 30.37934, 59.82984 ], [ 30.37926, 59.82986 ], [ 30.37933, 59.82987 ] ] ] } },
{ "type": "Feature", "properties": { "height": 3.2, "match_type": "only_a", "height_source": "ml_predicted" }, "geometry": { "type": "Polygon", "coordinates": [ [ [ 30.37933, 59.83484 ], [ 30.37929, 59.83493 ], [ 30.37945, 59.83494 ], [ 30.37948, 59.83486 ], [ 30.37933, 59.83484 ] ] ] } },
{ "type": "Feature", "properties": { "height": 7.0, "match_type": "only_a", "height_source": "ml_predicted" }, "geometry": { "type": "Polygon", "coordinates": [ [ [ 30.37936, 59.83 ], [ 30.37937, 59.82997 ], [ 30.37931, 59.82999 ], [ 30.37936, 59.83 ] ] ] } },
{ "type": "Feature", "properties": { "height": 30.0, "match_type": "matched", "height_source": "source_b" }, "geometry": { "type": "Polygon", "coordinates": [ [ [ 30.380704, 59.836722999998614 ], [ 30.380621, 59.836700999998641 ], [ 30.38056, 59.836760999998624 ], [ 30.380644, 59.836781999998614 ], [ 30.380704, 59.836722999998614 ] ] ] } },
{ "type": "Feature", "properties": { "height": 30.0, "match_type": "matched", "height_source": "source_b" }, "geometry": { "type": "Polygon", "coordinates": [ [ [ 30.380482, 59.836942999998605 ], [ 30.380408, 59.836923999998618 ], [ 30.380358, 59.836972999998622 ], [ 30.380432, 59.836991999998631 ], [ 30.380482, 59.836942999998605 ] ] ] } },
{ "type": "Feature", "properties": { "height": 13.2, "match_type": "matched", "height_source": "source_b" }, "geometry": { "type": "Polygon", "coordinates": [ [ [ 30.378711, 59.833641999998619 ], [ 30.379598, 59.833759999998612 ], [ 30.380087, 59.832841999998607 ], [ 30.380002, 59.832829999998616 ], [ 30.380058, 59.832723999998628 ], [ 30.379256, 59.832615999998623 ], [ 30.378711, 59.833641999998619 ] ] ] } },
{ "type": "Feature", "properties": { "height": 6.9, "match_type": "only_a", "height_source": "ml_predicted" }, "geometry": { "type": "Polygon", "coordinates": [ [ [ 30.3796, 59.82984 ], [ 30.37967, 59.82981 ], [ 30.37963, 59.8298 ], [ 30.3796, 59.82984 ] ] ] } },
{ "type": "Feature", "properties": { "height": 15.8, "match_type": "only_a", "height_source": "ml_predicted" }, "geometry": { "type": "Polygon", "coordinates": [ [ [ 30.37976, 59.82964 ], [ 30.37982, 59.82961 ], [ 30.37978, 59.8296 ], [ 30.37976, 59.82964 ] ] ] } },
{ "type": "Feature", "properties": { "height": 10.1, "match_type": "only_a", "height_source": "ml_predicted" }, "geometry": { "type": "Polygon", "coordinates": [ [ [ 30.3799, 59.8365 ], [ 30.37992, 59.83647 ], [ 30.37984, 59.83649 ], [ 30.3799, 59.8365 ] ] ] } },
{ "type": "Feature", "properties": { "height": 10.9, "match_type": "only_a", "height_source": "ml_predicted" }, "geometry": { "type": "Polygon", "coordinates": [ [ [ 30.37992, 59.82729 ], [ 30.37985, 59.82729 ], [ 30.37983, 59.82732 ], [ 30.37992, 59.82733 ], [ 30.37992, 59.82729 ] ] ] } },
{ "type": "Feature", "properties": { "height": 33.0, "match_type": "matched", "height_source": "source_b" }, "geometry": { "type": "Polygon", "coordinates": [ [ [ 30.379897, 59.828948999998609 ], [ 30.380249, 59.828989999998605 ], [ 30.380288, 59.828907999998613 ], [ 30.379938, 59.828867999998607 ], [ 30.379897, 59.828948999998609 ] ] ] } },
{ "type": "Feature", "properties": { "height": 30.0, "match_type": "matched", "height_source": "source_b" }, "geometry": { "type": "Polygon", "coordinates": [ [ [ 30.380288, 59.828907999998613 ], [ 30.380463, 59.828537999998616 ], [ 30.380132, 59.828493999998621 ], [ 30.379938, 59.828867999998607 ], [ 30.380288, 59.828907999998613 ] ] ] } },
{ "type": "Feature", "properties": { "height": 12.3, "match_type": "only_a", "height_source": "ml_predicted" }, "geometry": { "type": "Polygon", "coordinates": [ [ [ 30.37999, 59.82963 ], [ 30.38004, 59.82958 ], [ 30.37998, 59.82956 ], [ 30.37993, 59.82961 ], [ 30.37999, 59.82963 ] ] ] } },
{ "type": "Feature", "properties": { "height": 5.9, "match_type": "only_a", "height_source": "ml_predicted" }, "geometry": { "type": "Polygon", "coordinates": [ [ [ 30.38008, 59.83481 ], [ 30.38021, 59.83461 ], [ 30.37986, 59.83455 ], [ 30.37972, 59.83475 ], [ 30.38008, 59.83481 ] ] ] } },
{ "type": "Feature", "properties": { "height": 15.0, "match_type": "matched", "height_source": "source_b" }, "geometry": { "type": "Polygon", "coordinates": [ [ [ 30.382756, 59.82509899999863 ], [ 30.38284, 59.824953999998613 ], [ 30.382499, 59.824903999998597 ], [ 30.382416, 59.825049999998598 ], [ 30.382756, 59.82509899999863 ] ] ] } },
{ "type": "Feature", "properties": { "height": 15.0, "match_type": "matched", "height_source": "source_b" }, "geometry": { "type": "Polygon", "coordinates": [ [ [ 30.3796, 59.825953999998603 ], [ 30.380472, 59.826080999998617 ], [ 30.380563, 59.825921999998613 ], [ 30.38079, 59.825775999998612 ], [ 30.381317, 59.825609999998612 ], [ 30.381603, 59.8255809999986 ], [ 30.382412, 59.825698999998622 ], [ 30.382643, 59.825295999998595 ], [ 30.381399, 59.825215999998598 ], [ 30.381335, 59.825141999998586 ], [ 30.380596, 59.825257999998612 ], [ 30.380027, 59.825507999998621 ], [ 30.379781, 59.825720999998623 ], [ 30.3796, 59.825953999998603 ] ] ] } },
{ "type": "Feature", "properties": { "height": 13.2, "match_type": "matched", "height_source": "source_b" }, "geometry": { "type": "Polygon", "coordinates": [ [ [ 30.380199, 59.826040999998611 ], [ 30.379333, 59.825914999998602 ], [ 30.378875, 59.826769999998611 ], [ 30.379709, 59.826888999998637 ], [ 30.380199, 59.826040999998611 ] ] ] } },
{ "type": "Feature", "properties": { "height": 13.2, "match_type": "matched", "height_source": "source_b" }, "geometry": { "type": "Polygon", "coordinates": [ [ [ 30.382643, 59.825295999998595 ], [ 30.382756, 59.82509899999863 ], [ 30.382416, 59.825049999998598 ], [ 30.382499, 59.824903999998597 ], [ 30.38284, 59.824953999998613 ], [ 30.382938, 59.824781999998599 ], [ 30.381632, 59.824592999998615 ], [ 30.381798, 59.824303999998612 ], [ 30.380254, 59.824078999998619 ], [ 30.379333, 59.825914999998602 ], [ 30.3796, 59.825953999998603 ], [ 30.379781, 59.825720999998623 ], [ 30.380027, 59.825507999998621 ], [ 30.380596, 59.825257999998612 ], [ 30.381077, 59.825165999998617 ], [ 30.381335, 59.825141999998586 ], [ 30.381399, 59.825215999998598 ], [ 30.382643, 59.825295999998595 ] ], [ [ 30.381496, 59.824927999998629 ], [ 30.381611, 59.824712999998603 ], [ 30.382083, 59.824777999998616 ], [ 30.381968, 59.824991999998616 ], [ 30.381496, 59.824927999998629 ] ] ] } },
{ "type": "Feature", "properties": { "height": 15.0, "match_type": "matched", "height_source": "source_b" }, "geometry": { "type": "Polygon", "coordinates": [ [ [ 30.381496, 59.824927999998629 ], [ 30.381968, 59.824991999998616 ], [ 30.382083, 59.824777999998616 ], [ 30.381611, 59.824712999998603 ], [ 30.381496, 59.824927999998629 ] ] ] } },
{ "type": "Feature", "properties": { "height": 33.0, "match_type": "matched", "height_source": "source_b" }, "geometry": { "type": "Polygon", "coordinates": [ [ [ 30.380271, 59.83637699999862 ], [ 30.380374, 59.836398999998615 ], [ 30.380428, 59.836336999998601 ], [ 30.380325, 59.836313999998588 ], [ 30.380271, 59.83637699999862 ] ] ] } },
{ "type": "Feature", "properties": { "height": 30.0, "match_type": "matched", "height_source": "source_b" }, "geometry": { "type": "Polygon", "coordinates": [ [ [ 30.380165, 59.836352999998638 ], [ 30.380271, 59.83637699999862 ], [ 30.380325, 59.836313999998588 ], [ 30.380428, 59.836336999998601 ], [ 30.380374, 59.836398999998615 ], [ 30.38048, 59.836422999998611 ], [ 30.380574, 59.836314999998599 ], [ 30.380258, 59.836245999998624 ], [ 30.380165, 59.836352999998638 ] ] ] } },
{ "type": "Feature", "properties": { "height": 48.0, "match_type": "matched", "height_source": "source_b" }, "geometry": { "type": "Polygon", "coordinates": [ [ [ 30.380685, 59.83572299999863 ], [ 30.380828, 59.835690999998619 ], [ 30.380762, 59.835615999998609 ], [ 30.380619, 59.835647999998613 ], [ 30.380685, 59.83572299999863 ] ] ] } },
{ "type": "Feature", "properties": { "height": 48.0, "match_type": "matched", "height_source": "source_b" }, "geometry": { "type": "Polygon", "coordinates": [ [ [ 30.380355, 59.835849999998608 ], [ 30.380427, 59.835756999998608 ], [ 30.380396, 59.835718999998612 ], [ 30.380263, 59.83574799999861 ], [ 30.380223, 59.835833999998606 ], [ 30.380355, 59.835849999998608 ] ] ] } },
{ "type": "Feature", "properties": { "height": 48.0, "match_type": "matched", "height_source": "source_b" }, "geometry": { "type": "Polygon", "coordinates": [ [ [ 30.380255, 59.836135999998611 ], [ 30.380286, 59.836059999998611 ], [ 30.380124, 59.836042999998618 ], [ 30.380105, 59.836087999998618 ], [ 30.380159, 59.836093999998603 ], [ 30.380146, 59.836123999998598 ], [ 30.380255, 59.836135999998611 ] ] ] } },
{ "type": "Feature", "properties": { "height": 45.0, "match_type": "matched", "height_source": "source_b" }, "geometry": { "type": "Polygon", "coordinates": [ [ [ 30.380814, 59.835675999998635 ], [ 30.38105, 59.835648999998618 ], [ 30.381114, 59.835585999998607 ], [ 30.381239, 59.835617999998618 ], [ 30.381176, 59.835679999998625 ], [ 30.381377, 59.835730999998646 ], [ 30.381521, 59.835592999998596 ], [ 30.381032, 59.8355069999986 ], [ 30.38021, 59.835679999998639 ], [ 30.379956, 59.836227999998592 ], [ 30.380168, 59.836252999998614 ], [ 30.380224, 59.836131999998614 ], [ 30.380105, 59.836087999998618 ], [ 30.380124, 59.836042999998618 ], [ 30.380259, 59.83605699999864 ], [ 30.380355, 59.835849999998608 ], [ 30.380223, 59.835833999998606 ], [ 30.380263, 59.83574799999861 ], [ 30.38067, 59.835705999998609 ], [ 30.380619, 59.835647999998613 ], [ 30.380762, 59.835615999998609 ], [ 30.380814, 59.835675999998635 ] ] ] } },
{ "type": "Feature", "properties": { "height": 48.0, "match_type": "matched", "height_source": "source_b" }, "geometry": { "type": "Polygon", "coordinates": [ [ [ 30.381037, 59.835661999998614 ], [ 30.381162, 59.835693999998618 ], [ 30.381239, 59.835617999998618 ], [ 30.381114, 59.835585999998607 ], [ 30.381037, 59.835661999998614 ] ] ] } },
{ "type": "Feature", "properties": { "height": 46.0, "match_type": "only_a", "height_source": "ml_predicted" }, "geometry": { "type": "Polygon", "coordinates": [ [ [ 30.38048, 59.83582 ], [ 30.38052, 59.83581 ], [ 30.38048, 59.83576 ], [ 30.38036, 59.83579 ], [ 30.38033, 59.83587 ], [ 30.3805, 59.8359 ], [ 30.38048, 59.83582 ] ] ] } },
{ "type": "Feature", "properties": { "height": 9.9, "match_type": "matched", "height_source": "source_b" }, "geometry": { "type": "Polygon", "coordinates": [ [ [ 30.38024, 59.831270999998623 ], [ 30.38045, 59.831317999998618 ], [ 30.38097, 59.830793999998605 ], [ 30.380715, 59.830736999998621 ], [ 30.38024, 59.831270999998623 ] ] ] } },
{ "type": "Feature", "properties": { "height": 4.5, "match_type": "matched", "height_source": "source_b" }, "geometry": { "type": "Polygon", "coordinates": [ [ [ 30.380349, 59.826747999998595 ], [ 30.380539, 59.826778999998609 ], [ 30.380728, 59.826487999998598 ], [ 30.380538, 59.826455999998615 ], [ 30.380349, 59.826747999998595 ] ] ] } },
{ "type": "Feature", "properties": { "height": 4.5, "match_type": "matched", "height_source": "source_b" }, "geometry": { "type": "Polygon", "coordinates": [ [ [ 30.38052, 59.832501999998598 ], [ 30.380601, 59.83252899999863 ], [ 30.38066, 59.832482999998604 ], [ 30.380578, 59.832456999998591 ], [ 30.38052, 59.832501999998598 ] ] ] } },
{ "type": "Feature", "properties": { "height": 7.3, "match_type": "only_a", "height_source": "ml_predicted" }, "geometry": { "type": "Polygon", "coordinates": [ [ [ 30.38094, 59.82992 ], [ 30.38098, 59.82987 ], [ 30.38089, 59.82991 ], [ 30.38094, 59.82992 ] ] ] } },
{ "type": "Feature", "properties": { "height": 6.6, "match_type": "matched", "height_source": "source_b" }, "geometry": { "type": "Polygon", "coordinates": [ [ [ 30.38086, 59.831438999998632 ], [ 30.380794, 59.831493999998614 ], [ 30.380966, 59.831544999998634 ], [ 30.381031, 59.831489999998624 ], [ 30.38086, 59.831438999998632 ] ] ] } },
{ "type": "Feature", "properties": { "height": 6.8, "match_type": "only_a", "height_source": "ml_predicted" }, "geometry": { "type": "Polygon", "coordinates": [ [ [ 30.381, 59.82985 ], [ 30.38109, 59.82986 ], [ 30.38112, 59.82983 ], [ 30.38104, 59.82981 ], [ 30.381, 59.82985 ] ] ] } },
{ "type": "Feature", "properties": { "height": 3.9, "match_type": "only_a", "height_source": "ml_predicted" }, "geometry": { "type": "Polygon", "coordinates": [ [ [ 30.38103, 59.83113 ], [ 30.38107, 59.83109 ], [ 30.38097, 59.83107 ], [ 30.38094, 59.83111 ], [ 30.38103, 59.83113 ] ] ] } },
{ "type": "Feature", "properties": { "height": 6.1, "match_type": "only_a", "height_source": "ml_predicted" }, "geometry": { "type": "Polygon", "coordinates": [ [ [ 30.38103, 59.83631 ], [ 30.38107, 59.83626 ], [ 30.38093, 59.83623 ], [ 30.38089, 59.83628 ], [ 30.38103, 59.83631 ] ] ] } },
{ "type": "Feature", "properties": { "height": 6.6, "match_type": "matched", "height_source": "source_b" }, "geometry": { "type": "Polygon", "coordinates": [ [ [ 30.381271, 59.828034999998607 ], [ 30.380974, 59.828116999998606 ], [ 30.380896, 59.828272999998624 ], [ 30.381083, 59.828432999998604 ], [ 30.381585, 59.828488999998612 ], [ 30.38189, 59.828400999998607 ], [ 30.381959, 59.828252999998597 ], [ 30.381762, 59.82808999999861 ], [ 30.381271, 59.828034999998607 ] ] ] } },
{ "type": "Feature", "properties": { "height": 7.7, "match_type": "only_a", "height_source": "ml_predicted" }, "geometry": { "type": "Polygon", "coordinates": [ [ [ 30.38123, 59.8299 ], [ 30.38127, 59.82986 ], [ 30.3812, 59.82984 ], [ 30.38116, 59.82988 ], [ 30.38123, 59.8299 ] ] ] } },
{ "type": "Feature", "properties": { "height": 7.0, "match_type": "only_a", "height_source": "ml_predicted" }, "geometry": { "type": "Polygon", "coordinates": [ [ [ 30.38137, 59.82894 ], [ 30.38151, 59.82876 ], [ 30.38131, 59.82873 ], [ 30.38118, 59.82891 ], [ 30.38137, 59.82894 ] ] ] } },
{ "type": "Feature", "properties": { "height": 6.6, "match_type": "matched", "height_source": "source_b" }, "geometry": { "type": "Polygon", "coordinates": [ [ [ 30.38182, 59.836552999998602 ], [ 30.381521, 59.836850999998646 ], [ 30.381718, 59.836899999998614 ], [ 30.381814, 59.836804999998591 ], [ 30.382101, 59.836875999998618 ], [ 30.382001, 59.836974999998603 ], [ 30.382207, 59.837026999998621 ], [ 30.382512, 59.836721999998623 ], [ 30.382311, 59.836671999998629 ], [ 30.382162, 59.836820999998622 ], [ 30.38187, 59.836748999998598 ], [ 30.382017, 59.836601999998621 ], [ 30.38182, 59.836552999998602 ] ] ] } },
{ "type": "Feature", "properties": { "height": 15.0, "match_type": "matched", "height_source": "source_b" }, "geometry": { "type": "Polygon", "coordinates": [ [ [ 30.381712000804846, 59.830983999582564 ], [ 30.381512999154904, 59.830932999668249 ], [ 30.380992999910845, 59.831402000027126 ], [ 30.381265999898698, 59.831471999959966 ], [ 30.381712000804846, 59.830983999582564 ] ] ] } },
{ "type": "Feature", "properties": { "height": 48.0, "match_type": "matched", "height_source": "source_b" }, "geometry": { "type": "Polygon", "coordinates": [ [ [ 30.382381, 59.835998999998623 ], [ 30.382499, 59.836029999998608 ], [ 30.382572, 59.835959999998614 ], [ 30.382455, 59.835928999998615 ], [ 30.382381, 59.835998999998623 ] ] ] } },
{ "type": "Feature", "properties": { "height": 45.0, "match_type": "matched", "height_source": "source_b" }, "geometry": { "type": "Polygon", "coordinates": [ [ [ 30.381607, 59.83578799999863 ], [ 30.381951, 59.835873999998611 ], [ 30.382014, 59.835814999998611 ], [ 30.382137, 59.835847999998613 ], [ 30.382077, 59.835904999998583 ], [ 30.382396, 59.835984999998622 ], [ 30.382455, 59.835928999998615 ], [ 30.382572, 59.835959999998614 ], [ 30.382515, 59.836014999998611 ], [ 30.382772, 59.836078999998627 ], [ 30.382876, 59.835972999998638 ], [ 30.38178, 59.83569999999861 ], [ 30.381814, 59.835665999998632 ], [ 30.381751, 59.835649999998623 ], [ 30.381607, 59.83578799999863 ] ] ] } },
{ "type": "Feature", "properties": { "height": 48.0, "match_type": "matched", "height_source": "source_b" }, "geometry": { "type": "Polygon", "coordinates": [ [ [ 30.381934, 59.835888999998609 ], [ 30.382058, 59.835922999998601 ], [ 30.382137, 59.835847999998613 ], [ 30.382014, 59.835814999998611 ], [ 30.381934, 59.835888999998609 ] ] ] } },
{ "type": "Feature", "properties": { "height": 48.0, "match_type": "matched", "height_source": "source_b" }, "geometry": { "type": "Polygon", "coordinates": [ [ [ 30.381377, 59.835730999998646 ], [ 30.381607, 59.83578799999863 ], [ 30.381751, 59.835649999998623 ], [ 30.381521, 59.835592999998596 ], [ 30.381377, 59.835730999998646 ] ] ] } },
{ "type": "Feature", "properties": { "height": 13.3, "match_type": "only_a", "height_source": "ml_predicted" }, "geometry": { "type": "Polygon", "coordinates": [ [ [ 30.38165, 59.82568 ], [ 30.38159, 59.82568 ], [ 30.38157, 59.82571 ], [ 30.38165, 59.82572 ], [ 30.38165, 59.82568 ] ] ] } },
{ "type": "Feature", "properties": { "height": 6.3, "match_type": "only_a", "height_source": "ml_predicted" }, "geometry": { "type": "Polygon", "coordinates": [ [ [ 30.38174, 59.83008 ], [ 30.38177, 59.83006 ], [ 30.38167, 59.83007 ], [ 30.38174, 59.83008 ] ] ] } },
{ "type": "Feature", "properties": { "height": 24.0, "match_type": "matched", "height_source": "source_b" }, "geometry": { "type": "Polygon", "coordinates": [ [ [ 30.381821, 59.834256999998622 ], [ 30.381925, 59.834193999998611 ], [ 30.382171, 59.834198999998605 ], [ 30.382048, 59.833947999998593 ], [ 30.3819, 59.833802999998646 ], [ 30.381842, 59.833880999998634 ], [ 30.381691, 59.833914999998605 ], [ 30.381846, 59.834074999998613 ], [ 30.381872, 59.834173999998612 ], [ 30.381821, 59.834256999998622 ] ] ] } },
{ "type": "Feature", "properties": { "height": 84.5, "match_type": "matched", "height_source": "source_b" }, "geometry": { "type": "Polygon", "coordinates": [ [ [ 30.381691, 59.833914999998605 ], [ 30.381887, 59.833844999998604 ], [ 30.381881, 59.833760999998603 ], [ 30.381677, 59.833697999998613 ], [ 30.38148, 59.833767999998607 ], [ 30.381535, 59.83388499999861 ], [ 30.381691, 59.833914999998605 ] ] ] } },
{ "type": "Feature", "properties": { "height": 4.5, "match_type": "matched", "height_source": "source_b" }, "geometry": { "type": "Polygon", "coordinates": [ [ [ 30.381624, 59.836080999998607 ], [ 30.381577, 59.836139999998622 ], [ 30.381789, 59.836182999998613 ], [ 30.381836, 59.836124999998603 ], [ 30.381624, 59.836080999998607 ] ] ] } },
{ "type": "Feature", "properties": { "height": 13.1, "match_type": "only_a", "height_source": "ml_predicted" }, "geometry": { "type": "Polygon", "coordinates": [ [ [ 30.38181, 59.83419 ], [ 30.38158, 59.83414 ], [ 30.38163, 59.83409 ], [ 30.38149, 59.83401 ], [ 30.38162, 59.8339 ], [ 30.3814, 59.83381 ], [ 30.3813, 59.83402 ], [ 30.38119, 59.834 ], [ 30.38111, 59.83419 ], [ 30.38168, 59.83436 ], [ 30.38176, 59.83431 ], [ 30.38181, 59.83419 ] ] ] } },
{ "type": "Feature", "properties": { "height": 27.0, "match_type": "matched", "height_source": "source_b" }, "geometry": { "type": "Polygon", "coordinates": [ [ [ 30.383334, 59.831483999998625 ], [ 30.381848, 59.83292799999861 ], [ 30.381811, 59.832919999998623 ], [ 30.381446, 59.833315999998611 ], [ 30.382107, 59.833485999998615 ], [ 30.382209, 59.833384999998607 ], [ 30.381751, 59.8332669999986 ], [ 30.38178, 59.833203999998616 ], [ 30.381929, 59.833121999998625 ], [ 30.381985, 59.833005999998619 ], [ 30.382249, 59.832814999998604 ], [ 30.38236, 59.832648999998625 ], [ 30.382515, 59.832558999998625 ], [ 30.382617, 59.832385999998614 ], [ 30.382785, 59.832295999998614 ], [ 30.382786, 59.832227999998622 ], [ 30.382992, 59.832091999998624 ], [ 30.383147, 59.831873999998614 ], [ 30.383309, 59.831782999998609 ], [ 30.38328, 59.831770999998596 ], [ 30.383352, 59.831671999998626 ], [ 30.383432, 59.831624999998617 ], [ 30.383826, 59.831739999998618 ], [ 30.383972, 59.831648999998613 ], [ 30.383334, 59.831483999998625 ] ] ] } },
{ "type": "Feature", "properties": { "height": 4.5, "match_type": "matched", "height_source": "source_b" }, "geometry": { "type": "Polygon", "coordinates": [ [ [ 30.383084, 59.829966999998604 ], [ 30.383199, 59.829994999998611 ], [ 30.383879, 59.829309999998628 ], [ 30.383766, 59.829281999998621 ], [ 30.383084, 59.829966999998604 ] ] ] } },
{ "type": "Feature", "properties": { "height": 9.9, "match_type": "matched", "height_source": "source_b" }, "geometry": { "type": "Polygon", "coordinates": [ [ [ 30.383926, 59.828693999998592 ], [ 30.383717, 59.828904999998628 ], [ 30.383006, 59.828728999998617 ], [ 30.381817, 59.829924999998617 ], [ 30.382869, 59.83018399999861 ], [ 30.384266, 59.8287779999986 ], [ 30.383926, 59.828693999998592 ] ] ] } },
{ "type": "Feature", "properties": { "height": 39.0, "match_type": "only_a", "height_source": "ml_predicted" }, "geometry": { "type": "Polygon", "coordinates": [ [ [ 30.38203, 59.83316 ], [ 30.38208, 59.83311 ], [ 30.38192, 59.83307 ], [ 30.38189, 59.83313 ], [ 30.38203, 59.83316 ] ] ] } },
{ "type": "Feature", "properties": { "height": 84.5, "match_type": "matched", "height_source": "source_b" }, "geometry": { "type": "Polygon", "coordinates": [ [ [ 30.38216, 59.834206999998614 ], [ 30.381925, 59.834193999998611 ], [ 30.381812, 59.83429899999863 ], [ 30.38196, 59.834391999998623 ], [ 30.382122, 59.834383999998614 ], [ 30.382228, 59.834321999998608 ], [ 30.38216, 59.834206999998614 ] ] ] } },
{ "type": "Feature", "properties": { "height": 4.5, "match_type": "matched", "height_source": "source_b" }, "geometry": { "type": "Polygon", "coordinates": [ [ [ 30.382312, 59.827290999998617 ], [ 30.382282, 59.827343999998611 ], [ 30.382959, 59.827439999998596 ], [ 30.38299, 59.827386999998602 ], [ 30.382312, 59.827290999998617 ] ] ] } },
{ "type": "Feature", "properties": { "height": 36.0, "match_type": "matched", "height_source": "source_b" }, "geometry": { "type": "Polygon", "coordinates": [ [ [ 30.382496, 59.83461999999863 ], [ 30.382644, 59.834476999998614 ], [ 30.382542, 59.834449999998604 ], [ 30.382494, 59.834501999998608 ], [ 30.382539, 59.834511999998625 ], [ 30.382442, 59.834564999998619 ], [ 30.38233, 59.834529999998615 ], [ 30.382488, 59.834436999998609 ], [ 30.382384, 59.834409999998627 ], [ 30.382238, 59.834553999998612 ], [ 30.382496, 59.83461999999863 ] ] ] } },
{ "type": "Feature", "properties": { "height": 39.0, "match_type": "matched", "height_source": "source_b" }, "geometry": { "type": "Polygon", "coordinates": [ [ [ 30.38233, 59.834529999998615 ], [ 30.3825, 59.834552999998607 ], [ 30.382542, 59.834449999998604 ], [ 30.382488, 59.834436999998609 ], [ 30.38233, 59.834529999998615 ] ] ] } },
{ "type": "Feature", "properties": { "height": 4.5, "match_type": "matched", "height_source": "source_b" }, "geometry": { "type": "Polygon", "coordinates": [ [ [ 30.382381, 59.833795999998614 ], [ 30.382323, 59.833846999998613 ], [ 30.382465, 59.833886999998604 ], [ 30.382522, 59.833835999998598 ], [ 30.382381, 59.833795999998614 ] ] ] } },
{ "type": "Feature", "properties": { "height": 4.3, "match_type": "only_a", "height_source": "ml_predicted" }, "geometry": { "type": "Polygon", "coordinates": [ [ [ 30.38267, 59.82731 ], [ 30.38263, 59.82727 ], [ 30.38261, 59.82731 ], [ 30.38267, 59.82731 ] ] ] } },
{ "type": "Feature", "properties": { "height": 4.5, "match_type": "matched", "height_source": "source_b" }, "geometry": { "type": "Polygon", "coordinates": [ [ [ 30.382781, 59.833004999998622 ], [ 30.382541, 59.83322899999861 ], [ 30.382703, 59.833271999998615 ], [ 30.382945, 59.833048999998617 ], [ 30.382781, 59.833004999998622 ] ] ] } },
{ "type": "Feature", "properties": { "height": 4.5, "match_type": "matched", "height_source": "source_b" }, "geometry": { "type": "Polygon", "coordinates": [ [ [ 30.38257, 59.834547999998613 ], [ 30.382496, 59.83461999999863 ], [ 30.38303, 59.834757999998615 ], [ 30.383106, 59.834684999998622 ], [ 30.38257, 59.834547999998613 ] ] ] } },
{ "type": "Feature", "properties": { "height": 48.0, "match_type": "matched", "height_source": "source_b" }, "geometry": { "type": "Polygon", "coordinates": [ [ [ 30.383038, 59.834666999998625 ], [ 30.383141, 59.834568999998616 ], [ 30.382969, 59.83452399999863 ], [ 30.382941, 59.83460699999862 ], [ 30.382813, 59.83460399999862 ], [ 30.382851, 59.83456599999861 ], [ 30.382792, 59.834549999998593 ], [ 30.382821, 59.834520999998624 ], [ 30.382911, 59.834509999998616 ], [ 30.3828, 59.834480999998604 ], [ 30.382747, 59.834533999998598 ], [ 30.382619, 59.834501999998608 ], [ 30.38257, 59.834547999998613 ], [ 30.383038, 59.834666999998625 ] ] ] } },
{ "type": "Feature", "properties": { "height": 51.0, "match_type": "matched", "height_source": "source_b" }, "geometry": { "type": "Polygon", "coordinates": [ [ [ 30.382813, 59.83460399999862 ], [ 30.382941, 59.83460699999862 ], [ 30.382969, 59.83452399999863 ], [ 30.382821, 59.834520999998624 ], [ 30.382792, 59.834549999998593 ], [ 30.382851, 59.83456599999861 ], [ 30.382813, 59.83460399999862 ] ] ] } },
{ "type": "Feature", "properties": { "height": 6.6, "match_type": "matched", "height_source": "source_b" }, "geometry": { "type": "Polygon", "coordinates": [ [ [ 30.382655, 59.824440999998608 ], [ 30.382845, 59.824472999998598 ], [ 30.382921, 59.824357999998597 ], [ 30.382731, 59.824325999998614 ], [ 30.382655, 59.824440999998608 ] ] ] } },
{ "type": "Feature", "properties": { "height": 6.2, "match_type": "only_a", "height_source": "ml_predicted" }, "geometry": { "type": "Polygon", "coordinates": [ [ [ 30.38293, 59.83022 ], [ 30.38298, 59.83017 ], [ 30.38289, 59.83021 ], [ 30.38293, 59.83022 ] ] ] } },
{ "type": "Feature", "properties": { "height": 4.5, "match_type": "only_a", "height_source": "ml_predicted" }, "geometry": { "type": "Polygon", "coordinates": [ [ [ 30.38294, 59.83259 ], [ 30.38302, 59.8326 ], [ 30.38306, 59.83256 ], [ 30.38298, 59.83254 ], [ 30.38294, 59.83259 ] ] ] } },
{ "type": "Feature", "properties": { "height": 36.0, "match_type": "matched", "height_source": "source_b" }, "geometry": { "type": "Polygon", "coordinates": [ [ [ 30.383294, 59.834824999998624 ], [ 30.383417, 59.83470099999861 ], [ 30.383322, 59.834675999998609 ], [ 30.383228, 59.834764999998605 ], [ 30.383165, 59.834713999998606 ], [ 30.383267, 59.83466199999863 ], [ 30.383092, 59.834616999998609 ], [ 30.383038, 59.834666999998625 ], [ 30.383106, 59.834684999998622 ], [ 30.38303, 59.834757999998615 ], [ 30.383294, 59.834824999998624 ] ] ] } },
{ "type": "Feature", "properties": { "height": 39.0, "match_type": "matched", "height_source": "source_b" }, "geometry": { "type": "Polygon", "coordinates": [ [ [ 30.383165, 59.834749999998607 ], [ 30.383283, 59.834752999998621 ], [ 30.383322, 59.834675999998609 ], [ 30.383206, 59.834674999998619 ], [ 30.383165, 59.834749999998607 ] ] ] } },
{ "type": "Feature", "properties": { "height": 30.0, "match_type": "matched", "height_source": "source_b" }, "geometry": { "type": "Polygon", "coordinates": [ [ [ 30.382911, 59.836124999998603 ], [ 30.383011, 59.83615099999863 ], [ 30.383073, 59.836090999998618 ], [ 30.383151, 59.836111999998614 ], [ 30.383089, 59.836171999998619 ], [ 30.383361, 59.836242999998611 ], [ 30.383426, 59.836179999998627 ], [ 30.383499, 59.836198999998587 ], [ 30.383434, 59.83626299999861 ], [ 30.383709, 59.83633499999862 ], [ 30.383776, 59.836269999998613 ], [ 30.383854, 59.836290999998646 ], [ 30.383787, 59.836355999998602 ], [ 30.38406, 59.836426999998601 ], [ 30.384124, 59.836364999998608 ], [ 30.384208, 59.836386999998609 ], [ 30.384143, 59.836448999998588 ], [ 30.38425, 59.8364779999986 ], [ 30.384358, 59.836373999998607 ], [ 30.383019, 59.83602099999861 ], [ 30.382911, 59.836124999998603 ] ] ] } },
{ "type": "Feature", "properties": { "height": 33.0, "match_type": "matched", "height_source": "source_b" }, "geometry": { "type": "Polygon", "coordinates": [ [ [ 30.383361, 59.836242999998611 ], [ 30.383434, 59.83626299999861 ], [ 30.383499, 59.836198999998587 ], [ 30.383426, 59.836179999998627 ], [ 30.383361, 59.836242999998611 ] ] ] } },
{ "type": "Feature", "properties": { "height": 33.0, "match_type": "matched", "height_source": "source_b" }, "geometry": { "type": "Polygon", "coordinates": [ [ [ 30.38406, 59.836426999998601 ], [ 30.384143, 59.836448999998588 ], [ 30.384208, 59.836386999998609 ], [ 30.384124, 59.836364999998608 ], [ 30.38406, 59.836426999998601 ] ] ] } },
{ "type": "Feature", "properties": { "height": 33.0, "match_type": "matched", "height_source": "source_b" }, "geometry": { "type": "Polygon", "coordinates": [ [ [ 30.383011, 59.83615099999863 ], [ 30.383089, 59.836171999998619 ], [ 30.383151, 59.836111999998614 ], [ 30.383073, 59.836090999998618 ], [ 30.383011, 59.83615099999863 ] ] ] } },
{ "type": "Feature", "properties": { "height": 33.0, "match_type": "matched", "height_source": "source_b" }, "geometry": { "type": "Polygon", "coordinates": [ [ [ 30.383709, 59.83633499999862 ], [ 30.383787, 59.836355999998602 ], [ 30.383854, 59.836290999998646 ], [ 30.383776, 59.836269999998613 ], [ 30.383709, 59.83633499999862 ] ] ] } },
{ "type": "Feature", "properties": { "height": 4.5, "match_type": "matched", "height_source": "source_b" }, "geometry": { "type": "Polygon", "coordinates": [ [ [ 30.38309, 59.834260999998612 ], [ 30.383031, 59.834317999998618 ], [ 30.383148, 59.834348999998618 ], [ 30.383207, 59.834291999998605 ], [ 30.38309, 59.834260999998612 ] ] ] } },
{ "type": "Feature", "properties": { "height": 30.0, "match_type": "matched", "height_source": "source_b" }, "geometry": { "type": "Polygon", "coordinates": [ [ [ 30.383974, 59.836824999998612 ], [ 30.384003, 59.836794999998617 ], [ 30.383868, 59.836799999998647 ], [ 30.383974, 59.836824999998612 ] ] ] } },
{ "type": "Feature", "properties": { "height": 1.5, "match_type": "only_a", "height_source": "ml_predicted" }, "geometry": { "type": "Polygon", "coordinates": [ [ [ 30.38322, 59.83434 ], [ 30.38332, 59.8343 ], [ 30.38327, 59.83428 ], [ 30.38322, 59.83434 ] ] ] } },
{ "type": "Feature", "properties": { "height": 4.5, "match_type": "matched", "height_source": "source_b" }, "geometry": { "type": "Polygon", "coordinates": [ [ [ 30.383239, 59.836485999998601 ], [ 30.383177, 59.836551999998598 ], [ 30.383289, 59.836578999998629 ], [ 30.383352, 59.836511999998621 ], [ 30.383239, 59.836485999998601 ] ] ] } },
{ "type": "Feature", "properties": { "height": 5.1, "match_type": "only_a", "height_source": "ml_predicted" }, "geometry": { "type": "Polygon", "coordinates": [ [ [ 30.38309, 59.82874 ], [ 30.38378, 59.82892 ], [ 30.38383, 59.82888 ], [ 30.38326, 59.82873 ], [ 30.38333, 59.82866 ], [ 30.3832, 59.82863 ], [ 30.38309, 59.82874 ] ] ] } },
{ "type": "Feature", "properties": { "height": 27.0, "match_type": "matched", "height_source": "source_b" }, "geometry": { "type": "Polygon", "coordinates": [ [ [ 30.384592, 59.832187999998617 ], [ 30.38322, 59.833514999998627 ], [ 30.383405, 59.833561999998608 ], [ 30.384777, 59.832235999998616 ], [ 30.384592, 59.832187999998617 ] ] ] } },
{ "type": "Feature", "properties": { "height": 4.5, "match_type": "matched", "height_source": "source_b" }, "geometry": { "type": "Polygon", "coordinates": [ [ [ 30.383244, 59.824468999998594 ], [ 30.383385, 59.824485999998601 ], [ 30.383434, 59.824382999998612 ], [ 30.383294, 59.824365999998605 ], [ 30.383244, 59.824468999998594 ] ] ] } },
{ "type": "Feature", "properties": { "height": 4.5, "match_type": "matched", "height_source": "source_b" }, "geometry": { "type": "Polygon", "coordinates": [ [ [ 30.383346, 59.834067999998624 ], [ 30.383284, 59.834122999998613 ], [ 30.383406, 59.834156999998605 ], [ 30.383468, 59.83410199999863 ], [ 30.383346, 59.834067999998624 ] ] ] } },
{ "type": "Feature", "properties": { "height": 4.5, "match_type": "matched", "height_source": "source_b" }, "geometry": { "type": "Polygon", "coordinates": [ [ [ 30.383294, 59.834824999998624 ], [ 30.383796, 59.83494599999861 ], [ 30.383857, 59.834884999998607 ], [ 30.383362, 59.834758999998606 ], [ 30.383294, 59.834824999998624 ] ] ] } },
{ "type": "Feature", "properties": { "height": 6.8, "match_type": "only_a", "height_source": "ml_predicted" }, "geometry": { "type": "Polygon", "coordinates": [ [ [ 30.38351, 59.82496 ], [ 30.38354, 59.82489 ], [ 30.38348, 59.82488 ], [ 30.38345, 59.82495 ], [ 30.38351, 59.82496 ] ] ] } },
{ "type": "Feature", "properties": { "height": 11.3, "match_type": "only_a", "height_source": "ml_predicted" }, "geometry": { "type": "Polygon", "coordinates": [ [ [ 30.38362, 59.8335 ], [ 30.38353, 59.83348 ], [ 30.38349, 59.83352 ], [ 30.38358, 59.83354 ], [ 30.38362, 59.8335 ] ] ] } },
{ "type": "Feature", "properties": { "height": 48.0, "match_type": "matched", "height_source": "source_b" }, "geometry": { "type": "Polygon", "coordinates": [ [ [ 30.383857, 59.834884999998607 ], [ 30.383936, 59.834770999998632 ], [ 30.383797, 59.834734999998616 ], [ 30.383752, 59.834806999998619 ], [ 30.383673, 59.834818999998618 ], [ 30.38362, 59.83480499999861 ], [ 30.383658, 59.834766999998614 ], [ 30.383621, 59.834757999998629 ], [ 30.383717, 59.834713999998606 ], [ 30.383627, 59.834691999998626 ], [ 30.383585, 59.834732999998621 ], [ 30.383417, 59.83470099999861 ], [ 30.383362, 59.834758999998606 ], [ 30.383857, 59.834884999998607 ] ] ] } },
{ "type": "Feature", "properties": { "height": 51.0, "match_type": "matched", "height_source": "source_b" }, "geometry": { "type": "Polygon", "coordinates": [ [ [ 30.38362, 59.83480499999861 ], [ 30.383752, 59.834806999998619 ], [ 30.383797, 59.834734999998616 ], [ 30.383652, 59.834726999998594 ], [ 30.38362, 59.83480499999861 ] ] ] } },
{ "type": "Feature", "properties": { "height": 13.2, "match_type": "matched", "height_source": "source_b" }, "geometry": { "type": "Polygon", "coordinates": [ [ [ 30.383831, 59.828141999998614 ], [ 30.383682, 59.828278999998624 ], [ 30.384092, 59.828390999998618 ], [ 30.384242, 59.828253999998601 ], [ 30.383831, 59.828141999998614 ] ] ] } },
{ "type": "Feature", "properties": { "height": 4.5, "match_type": "matched", "height_source": "source_b" }, "geometry": { "type": "Polygon", "coordinates": [ [ [ 30.383399, 59.825795999998611 ], [ 30.383737, 59.825846999998646 ], [ 30.383803, 59.825734999998609 ], [ 30.383466, 59.825684999998622 ], [ 30.383399, 59.825795999998611 ] ] ] } },
{ "type": "Feature", "properties": { "height": 18.7, "match_type": "only_a", "height_source": "ml_predicted" }, "geometry": { "type": "Polygon", "coordinates": [ [ [ 30.38381, 59.83331 ], [ 30.38373, 59.83329 ], [ 30.38368, 59.83333 ], [ 30.38377, 59.83335 ], [ 30.38381, 59.83331 ] ] ] } },
{ "type": "Feature", "properties": { "height": 4.3, "match_type": "only_a", "height_source": "ml_predicted" }, "geometry": { "type": "Polygon", "coordinates": [ [ [ 30.38388, 59.82566 ], [ 30.38396, 59.8257 ], [ 30.38397, 59.82568 ], [ 30.38388, 59.82566 ] ] ] } },
{ "type": "Feature", "properties": { "height": 4.7, "match_type": "only_a", "height_source": "ml_predicted" }, "geometry": { "type": "Polygon", "coordinates": [ [ [ 30.38388, 59.82566 ], [ 30.38391, 59.82561 ], [ 30.38331, 59.82552 ], [ 30.38328, 59.82557 ], [ 30.38388, 59.82566 ] ] ] } },
{ "type": "Feature", "properties": { "height": 4.2, "match_type": "only_a", "height_source": "ml_predicted" }, "geometry": { "type": "Polygon", "coordinates": [ [ [ 30.38391, 59.82809 ], [ 30.38395, 59.82805 ], [ 30.38385, 59.82807 ], [ 30.38391, 59.82809 ] ] ] } },
{ "type": "Feature", "properties": { "height": 36.0, "match_type": "matched", "height_source": "source_b" }, "geometry": { "type": "Polygon", "coordinates": [ [ [ 30.384112, 59.835025999998606 ], [ 30.384256, 59.834883999998603 ], [ 30.38413, 59.834851999998605 ], [ 30.384074, 59.834954999998608 ], [ 30.383965, 59.834953999998604 ], [ 30.383988, 59.834928999998603 ], [ 30.383947, 59.834917999998616 ], [ 30.384073, 59.834836999998601 ], [ 30.383939, 59.834802999998601 ], [ 30.383796, 59.83494599999861 ], [ 30.384112, 59.835025999998606 ] ] ] } },
{ "type": "Feature", "properties": { "height": 39.0, "match_type": "matched", "height_source": "source_b" }, "geometry": { "type": "Polygon", "coordinates": [ [ [ 30.383965, 59.834953999998604 ], [ 30.384074, 59.834954999998608 ], [ 30.38413, 59.834851999998605 ], [ 30.383993, 59.834872999998602 ], [ 30.383965, 59.834953999998604 ] ] ] } },
{ "type": "Feature", "properties": { "height": 24.8, "match_type": "only_a", "height_source": "ml_predicted" }, "geometry": { "type": "Polygon", "coordinates": [ [ [ 30.38401, 59.83311 ], [ 30.38392, 59.83309 ], [ 30.38388, 59.83314 ], [ 30.38396, 59.83316 ], [ 30.38401, 59.83311 ] ] ] } },
{ "type": "Feature", "properties": { "height": 25.6, "match_type": "only_a", "height_source": "ml_predicted" }, "geometry": { "type": "Polygon", "coordinates": [ [ [ 30.3842, 59.83292 ], [ 30.38412, 59.8329 ], [ 30.38407, 59.83294 ], [ 30.38416, 59.83297 ], [ 30.3842, 59.83292 ] ] ] } },
{ "type": "Feature", "properties": { "height": 6.6, "match_type": "matched", "height_source": "source_b" }, "geometry": { "type": "Polygon", "coordinates": [ [ [ 30.384274, 59.834089999998596 ], [ 30.383987, 59.83438199999862 ], [ 30.384195, 59.834432999998604 ], [ 30.384287, 59.834339999998619 ], [ 30.384575, 59.834410999998632 ], [ 30.384482, 59.834505999998626 ], [ 30.384681, 59.834554999998616 ], [ 30.384965, 59.834267999998637 ], [ 30.384768, 59.834218999998612 ], [ 30.384632, 59.834357999998609 ], [ 30.384338, 59.834284999998602 ], [ 30.384479, 59.834140999998596 ], [ 30.384274, 59.834089999998596 ] ] ] } },
{ "type": "Feature", "properties": { "height": 6.6, "match_type": "matched", "height_source": "source_b" }, "geometry": { "type": "Polygon", "coordinates": [ [ [ 30.383952, 59.824784999998599 ], [ 30.38429, 59.824835999998605 ], [ 30.384356, 59.824724999998615 ], [ 30.384019, 59.824673999998616 ], [ 30.383952, 59.824784999998599 ] ] ] } },
{ "type": "Feature", "properties": { "height": 4.1, "match_type": "only_a", "height_source": "ml_predicted" }, "geometry": { "type": "Polygon", "coordinates": [ [ [ 30.38436, 59.83051 ], [ 30.38442, 59.83045 ], [ 30.38426, 59.83041 ], [ 30.3842, 59.83047 ], [ 30.38436, 59.83051 ] ] ] } },
{ "type": "Feature", "properties": { "height": 24.2, "match_type": "only_a", "height_source": "ml_predicted" }, "geometry": { "type": "Polygon", "coordinates": [ [ [ 30.3844, 59.83273 ], [ 30.38431, 59.83271 ], [ 30.38427, 59.83275 ], [ 30.38435, 59.83277 ], [ 30.3844, 59.83273 ] ] ] } },
{ "type": "Feature", "properties": { "height": 14.9, "match_type": "only_a", "height_source": "ml_predicted" }, "geometry": { "type": "Polygon", "coordinates": [ [ [ 30.38444, 59.83511 ], [ 30.38461, 59.83519 ], [ 30.38467, 59.83513 ], [ 30.38427, 59.83501 ], [ 30.38418, 59.835 ], [ 30.38412, 59.83506 ], [ 30.38444, 59.83511 ] ] ] } },
{ "type": "Feature", "properties": { "height": 6.0, "match_type": "matched", "height_source": "source_b" }, "geometry": { "type": "Polygon", "coordinates": [ [ [ 30.384100591823717, 59.825890609086848 ], [ 30.38422368350982, 59.825932702047453 ], [ 30.384642900340456, 59.825621934745591 ], [ 30.384519809321787, 59.825579841282519 ], [ 30.384100591823717, 59.825890609086848 ] ] ] } },
{ "type": "Feature", "properties": { "height": 51.0, "match_type": "matched", "height_source": "source_b" }, "geometry": { "type": "Polygon", "coordinates": [ [ [ 30.384418, 59.834996999998623 ], [ 30.38455, 59.834998999998618 ], [ 30.384595, 59.834927999998598 ], [ 30.38445, 59.834918999998628 ], [ 30.384418, 59.834996999998623 ] ] ] } },
{ "type": "Feature", "properties": { "height": 48.0, "match_type": "matched", "height_source": "source_b" }, "geometry": { "type": "Polygon", "coordinates": [ [ [ 30.38471, 59.83508599999864 ], [ 30.384769, 59.835020999998626 ], [ 30.384649, 59.834990999998624 ], [ 30.38469, 59.83495199999863 ], [ 30.384595, 59.834927999998598 ], [ 30.38455, 59.834998999998618 ], [ 30.384471, 59.835010999998609 ], [ 30.384418, 59.834996999998623 ], [ 30.384456, 59.834959999998617 ], [ 30.384419, 59.834949999998614 ], [ 30.384514, 59.83490699999863 ], [ 30.384385, 59.834872999998623 ], [ 30.384349, 59.834907999998599 ], [ 30.384256, 59.834883999998603 ], [ 30.384186, 59.834951999998623 ], [ 30.38471, 59.83508599999864 ] ] ] } },
{ "type": "Feature", "properties": { "height": 18.7, "match_type": "only_a", "height_source": "ml_predicted" }, "geometry": { "type": "Polygon", "coordinates": [ [ [ 30.38459, 59.83254 ], [ 30.38451, 59.83252 ], [ 30.38447, 59.83256 ], [ 30.38455, 59.83258 ], [ 30.38459, 59.83254 ] ] ] } },
{ "type": "Feature", "properties": { "height": 39.0, "match_type": "matched", "height_source": "source_b" }, "geometry": { "type": "Polygon", "coordinates": [ [ [ 30.384838, 59.835127999998619 ], [ 30.384955, 59.835130999998619 ], [ 30.384994, 59.835054999998597 ], [ 30.384878, 59.835052999998638 ], [ 30.384838, 59.835127999998619 ] ] ] } },
{ "type": "Feature", "properties": { "height": 36.0, "match_type": "matched", "height_source": "source_b" }, "geometry": { "type": "Polygon", "coordinates": [ [ [ 30.384769, 59.835020999998626 ], [ 30.384644, 59.835151999998622 ], [ 30.384944, 59.83522899999862 ], [ 30.385095, 59.835079999998605 ], [ 30.384994, 59.835054999998597 ], [ 30.3849, 59.835142999998602 ], [ 30.384837, 59.835092999998608 ], [ 30.384939, 59.835040999998618 ], [ 30.384769, 59.835020999998626 ] ] ] } },
{ "type": "Feature", "properties": { "height": 6.8, "match_type": "only_a", "height_source": "ml_predicted" }, "geometry": { "type": "Polygon", "coordinates": [ [ [ 30.38479, 59.83234 ], [ 30.3847, 59.83232 ], [ 30.38466, 59.83237 ], [ 30.38474, 59.83239 ], [ 30.38479, 59.83234 ] ] ] } },
{ "type": "Feature", "properties": { "height": 4.5, "match_type": "matched", "height_source": "source_b" }, "geometry": { "type": "Polygon", "coordinates": [ [ [ 30.383791, 59.827934999998583 ], [ 30.383748, 59.827978999998621 ], [ 30.384571, 59.828184999998605 ], [ 30.384614, 59.828140999998595 ], [ 30.383791, 59.827934999998583 ] ] ] } },
{ "type": "Feature", "properties": { "height": 6.0, "match_type": "matched", "height_source": "source_b" }, "geometry": { "type": "Polygon", "coordinates": [ [ [ 30.384312351682709, 59.828993133388643 ], [ 30.384256668648835, 59.829049244333326 ], [ 30.384838887532545, 59.829195678726045 ], [ 30.384894569844345, 59.829139567531115 ], [ 30.384312351682709, 59.828993133388643 ] ] ] } },
{ "type": "Feature", "properties": { "height": 30.0, "match_type": "matched", "height_source": "source_b" }, "geometry": { "type": "Polygon", "coordinates": [ [ [ 30.385784, 59.836793999998626 ], [ 30.385848, 59.836809999998614 ], [ 30.385895, 59.836764999998614 ], [ 30.385831, 59.836748999998598 ], [ 30.385784, 59.836793999998626 ] ] ] } },
{ "type": "Feature", "properties": { "height": 30.0, "match_type": "matched", "height_source": "source_b" }, "geometry": { "type": "Polygon", "coordinates": [ [ [ 30.386498, 59.836972999998622 ], [ 30.386562, 59.836989999998622 ], [ 30.386609, 59.836944999998614 ], [ 30.386545, 59.836927999998622 ], [ 30.386498, 59.836972999998622 ] ] ] } },
{ "type": "Feature", "properties": { "height": 30.0, "match_type": "matched", "height_source": "source_b" }, "geometry": { "type": "Polygon", "coordinates": [ [ [ 30.386141, 59.836885999998607 ], [ 30.386205, 59.836902999998614 ], [ 30.386252, 59.836857999998614 ], [ 30.386188, 59.836840999998593 ], [ 30.386141, 59.836885999998607 ] ] ] } },
{ "type": "Feature", "properties": { "height": 27.0, "match_type": "matched", "height_source": "source_b" }, "geometry": { "type": "Polygon", "coordinates": [ [ [ 30.384999, 59.8364779999986 ], [ 30.384905, 59.836570999998621 ], [ 30.384942, 59.836597999998631 ], [ 30.387084, 59.837143999998624 ], [ 30.387424, 59.837214999998615 ], [ 30.387523, 59.837115999998616 ], [ 30.384999, 59.8364779999986 ] ], [ [ 30.386498, 59.836972999998622 ], [ 30.386545, 59.836927999998622 ], [ 30.386609, 59.836944999998614 ], [ 30.386562, 59.836989999998622 ], [ 30.386498, 59.836972999998622 ] ], [ [ 30.386863, 59.837069999998597 ], [ 30.38691, 59.837024999998597 ], [ 30.386974, 59.837041999998625 ], [ 30.386927, 59.837086999998625 ], [ 30.386863, 59.837069999998597 ] ], [ [ 30.386141, 59.836885999998607 ], [ 30.386188, 59.836840999998593 ], [ 30.386252, 59.836857999998614 ], [ 30.386205, 59.836902999998614 ], [ 30.386141, 59.836885999998607 ] ], [ [ 30.385073, 59.836610999998626 ], [ 30.385119, 59.836565999998605 ], [ 30.385183, 59.836582999998605 ], [ 30.385136, 59.836627999998605 ], [ 30.385073, 59.836610999998626 ] ], [ [ 30.385432, 59.836699999998636 ], [ 30.385479, 59.836654999998586 ], [ 30.385542, 59.8366719999986 ], [ 30.385495, 59.836716999998629 ], [ 30.385432, 59.836699999998636 ] ], [ [ 30.387219, 59.837158999998607 ], [ 30.387266, 59.837113999998635 ], [ 30.387329, 59.837130999998635 ], [ 30.387282, 59.8371759999986 ], [ 30.387219, 59.837158999998607 ] ], [ [ 30.385784, 59.836793999998626 ], [ 30.385831, 59.836748999998598 ], [ 30.385895, 59.836764999998614 ], [ 30.385848, 59.836809999998614 ], [ 30.385784, 59.836793999998626 ] ] ] } },
{ "type": "Feature", "properties": { "height": 30.0, "match_type": "matched", "height_source": "source_b" }, "geometry": { "type": "Polygon", "coordinates": [ [ [ 30.385432, 59.836699999998636 ], [ 30.385495, 59.836716999998629 ], [ 30.385542, 59.8366719999986 ], [ 30.385479, 59.836654999998586 ], [ 30.385432, 59.836699999998636 ] ] ] } },
{ "type": "Feature", "properties": { "height": 30.0, "match_type": "matched", "height_source": "source_b" }, "geometry": { "type": "Polygon", "coordinates": [ [ [ 30.385073, 59.836610999998626 ], [ 30.385136, 59.836627999998605 ], [ 30.385183, 59.836582999998605 ], [ 30.385119, 59.836565999998605 ], [ 30.385073, 59.836610999998626 ] ] ] } },
{ "type": "Feature", "properties": { "height": 48.0, "match_type": "matched", "height_source": "source_b" }, "geometry": { "type": "Polygon", "coordinates": [ [ [ 30.385201, 59.830115999998604 ], [ 30.385116, 59.830194999998618 ], [ 30.38478, 59.830103999998599 ], [ 30.384632, 59.830240999998594 ], [ 30.384992, 59.830337999998605 ], [ 30.385083, 59.83025399999859 ], [ 30.38529, 59.830309999998597 ], [ 30.385433, 59.830177999998611 ], [ 30.385201, 59.830115999998604 ] ] ] } },
{ "type": "Feature", "properties": { "height": 4.5, "match_type": "matched", "height_source": "source_b" }, "geometry": { "type": "Polygon", "coordinates": [ [ [ 30.385195, 59.832307999998612 ], [ 30.38513, 59.832361999998618 ], [ 30.385233, 59.832391999998613 ], [ 30.385298, 59.832337999998629 ], [ 30.385195, 59.832307999998612 ] ] ] } },
{ "type": "Feature", "properties": { "height": 36.0, "match_type": "matched", "height_source": "source_b" }, "geometry": { "type": "Polygon", "coordinates": [ [ [ 30.385201, 59.830115999998604 ], [ 30.385433, 59.830177999998611 ], [ 30.386138, 59.829480999998601 ], [ 30.385906, 59.829413999998607 ], [ 30.385201, 59.830115999998604 ] ] ] } },
{ "type": "Feature", "properties": { "height": 5.5, "match_type": "only_a", "height_source": "ml_predicted" }, "geometry": { "type": "Polygon", "coordinates": [ [ [ 30.38522, 59.82472 ], [ 30.38534, 59.82463 ], [ 30.38485, 59.82448 ], [ 30.38474, 59.82457 ], [ 30.38522, 59.82472 ] ] ] } },
{ "type": "Feature", "properties": { "height": 4.5, "match_type": "matched", "height_source": "source_b" }, "geometry": { "type": "Polygon", "coordinates": [ [ [ 30.385107, 59.826876999998625 ], [ 30.384014, 59.827930999998621 ], [ 30.384191, 59.827977999998616 ], [ 30.385287, 59.826922999998615 ], [ 30.385107, 59.826876999998625 ] ] ] } },
{ "type": "Feature", "properties": { "height": 4.5, "match_type": "matched", "height_source": "source_b" }, "geometry": { "type": "Polygon", "coordinates": [ [ [ 30.385585, 59.826398999998631 ], [ 30.3852, 59.826759999998622 ], [ 30.385382, 59.826806999998617 ], [ 30.385754, 59.826456999998605 ], [ 30.385585, 59.826398999998631 ] ] ] } },
{ "type": "Feature", "properties": { "height": 2.3, "match_type": "only_a", "height_source": "ml_predicted" }, "geometry": { "type": "Polygon", "coordinates": [ [ [ 30.38539, 59.8306 ], [ 30.38505, 59.83051 ], [ 30.385, 59.83056 ], [ 30.38534, 59.83065 ], [ 30.38539, 59.8306 ] ] ] } },
{ "type": "Feature", "properties": { "height": 8.5, "match_type": "only_a", "height_source": "ml_predicted" }, "geometry": { "type": "Polygon", "coordinates": [ [ [ 30.3854, 59.83173 ], [ 30.38533, 59.83172 ], [ 30.3853, 59.83175 ], [ 30.38536, 59.83177 ], [ 30.3854, 59.83173 ] ] ] } },
{ "type": "Feature", "properties": { "height": 4.5, "match_type": "matched", "height_source": "source_b" }, "geometry": { "type": "Polygon", "coordinates": [ [ [ 30.38535, 59.8369449999986 ], [ 30.385299, 59.836997999998616 ], [ 30.385406, 59.837023999998607 ], [ 30.385457, 59.836968999998618 ], [ 30.38535, 59.8369449999986 ] ] ] } },
{ "type": "Feature", "properties": { "height": 4.5, "match_type": "matched", "height_source": "source_b" }, "geometry": { "type": "Polygon", "coordinates": [ [ [ 30.385927, 59.826456999998605 ], [ 30.385504, 59.826849999998622 ], [ 30.385709, 59.826859999998618 ], [ 30.386094, 59.826500999998615 ], [ 30.385927, 59.826456999998605 ] ] ] } },
{ "type": "Feature", "properties": { "height": 4.5, "match_type": "matched", "height_source": "source_b" }, "geometry": { "type": "Polygon", "coordinates": [ [ [ 30.385413, 59.826954999998613 ], [ 30.384317, 59.828003999998586 ], [ 30.384492, 59.828048999998614 ], [ 30.385586, 59.827000999998603 ], [ 30.385413, 59.826954999998613 ] ] ] } },
{ "type": "Feature", "properties": { "height": 30.0, "match_type": "matched", "height_source": "source_b" }, "geometry": { "type": "Polygon", "coordinates": [ [ [ 30.385977, 59.834778999998598 ], [ 30.38602, 59.834735999998607 ], [ 30.385947, 59.834716999998619 ], [ 30.385904, 59.834759999998624 ], [ 30.385977, 59.834778999998598 ] ] ] } },
{ "type": "Feature", "properties": { "height": 30.0, "match_type": "matched", "height_source": "source_b" }, "geometry": { "type": "Polygon", "coordinates": [ [ [ 30.386166, 59.834590999998618 ], [ 30.38621, 59.834546999998608 ], [ 30.386135, 59.834527999998599 ], [ 30.386092, 59.834570999998625 ], [ 30.386166, 59.834590999998618 ] ] ] } },
{ "type": "Feature", "properties": { "height": 30.0, "match_type": "matched", "height_source": "source_b" }, "geometry": { "type": "Polygon", "coordinates": [ [ [ 30.386557, 59.8342039999986 ], [ 30.386601, 59.834159999998619 ], [ 30.38652, 59.834138999998636 ], [ 30.386476, 59.834182999998617 ], [ 30.386557, 59.8342039999986 ] ] ] } },
{ "type": "Feature", "properties": { "height": 27.0, "match_type": "matched", "height_source": "source_b" }, "geometry": { "type": "Polygon", "coordinates": [ [ [ 30.3865, 59.834023999998628 ], [ 30.385709, 59.834807999998624 ], [ 30.385899, 59.834855999998609 ], [ 30.385977, 59.834778999998598 ], [ 30.385904, 59.834759999998624 ], [ 30.385947, 59.834716999998619 ], [ 30.38602, 59.834735999998607 ], [ 30.386166, 59.834590999998618 ], [ 30.386092, 59.834570999998625 ], [ 30.386135, 59.834527999998599 ], [ 30.38621, 59.834546999998608 ], [ 30.386362, 59.834396999998617 ], [ 30.386287, 59.834377999998644 ], [ 30.386332, 59.834332999998615 ], [ 30.386407, 59.834351999998589 ], [ 30.386557, 59.8342039999986 ], [ 30.386476, 59.834182999998617 ], [ 30.38652, 59.834138999998636 ], [ 30.386601, 59.834159999998619 ], [ 30.386689, 59.834071999998642 ], [ 30.3865, 59.834023999998628 ] ] ] } },
{ "type": "Feature", "properties": { "height": 30.0, "match_type": "matched", "height_source": "source_b" }, "geometry": { "type": "Polygon", "coordinates": [ [ [ 30.386362, 59.834396999998617 ], [ 30.386407, 59.834351999998589 ], [ 30.386332, 59.834332999998615 ], [ 30.386287, 59.834377999998644 ], [ 30.386362, 59.834396999998617 ] ] ] } },
{ "type": "Feature", "properties": { "height": 4.5, "match_type": "matched", "height_source": "source_b" }, "geometry": { "type": "Polygon", "coordinates": [ [ [ 30.385733, 59.827030999998613 ], [ 30.384643, 59.828078999998645 ], [ 30.384735, 59.828102999998627 ], [ 30.385825, 59.827054999998616 ], [ 30.385733, 59.827030999998613 ] ] ] } },
{ "type": "Feature", "properties": { "height": 9.9, "match_type": "matched", "height_source": "source_b" }, "geometry": { "type": "Polygon", "coordinates": [ [ [ 30.384444, 59.830422999998611 ], [ 30.384307, 59.830553999998607 ], [ 30.38562, 59.830893999998608 ], [ 30.385756, 59.830761999998643 ], [ 30.384444, 59.830422999998611 ] ] ] } },
{ "type": "Feature", "properties": { "height": 3.3, "match_type": "only_a", "height_source": "ml_predicted" }, "geometry": { "type": "Polygon", "coordinates": [ [ [ 30.38583, 59.83064 ], [ 30.38588, 59.83059 ], [ 30.38559, 59.83052 ], [ 30.38555, 59.83057 ], [ 30.38583, 59.83064 ] ] ] } },
{ "type": "Feature", "properties": { "height": 4.5, "match_type": "matched", "height_source": "source_b" }, "geometry": { "type": "Polygon", "coordinates": [ [ [ 30.386585, 59.825994999998599 ], [ 30.385968, 59.826397999998598 ], [ 30.386137, 59.826461999998614 ], [ 30.386755, 59.826059999998598 ], [ 30.386585, 59.825994999998599 ] ] ] } },
{ "type": "Feature", "properties": { "height": 4.5, "match_type": "matched", "height_source": "source_b" }, "geometry": { "type": "Polygon", "coordinates": [ [ [ 30.385938, 59.827063999998629 ], [ 30.384748, 59.828231999998614 ], [ 30.384852, 59.828258999998617 ], [ 30.386045, 59.827090999998632 ], [ 30.385938, 59.827063999998629 ] ] ] } },
{ "type": "Feature", "properties": { "height": 9.9, "match_type": "matched", "height_source": "source_b" }, "geometry": { "type": "Polygon", "coordinates": [ [ [ 30.385942, 59.832383999998591 ], [ 30.385826, 59.832498999998627 ], [ 30.386492, 59.832673999998605 ], [ 30.386613, 59.832560999998591 ], [ 30.385942, 59.832383999998591 ] ] ] } },
{ "type": "Feature", "properties": { "height": 6.6, "match_type": "matched", "height_source": "source_b" }, "geometry": { "type": "Polygon", "coordinates": [ [ [ 30.385842, 59.828392999998613 ], [ 30.385755, 59.828476999998628 ], [ 30.385977, 59.828535999998621 ], [ 30.386064, 59.828451999998627 ], [ 30.385842, 59.828392999998613 ] ] ] } },
{ "type": "Feature", "properties": { "height": 8.4, "match_type": "only_a", "height_source": "ml_predicted" }, "geometry": { "type": "Polygon", "coordinates": [ [ [ 30.3861, 59.83331 ], [ 30.3864, 59.83339 ], [ 30.38642, 59.83335 ], [ 30.38615, 59.83328 ], [ 30.3861, 59.83331 ] ] ] } },
{ "type": "Feature", "properties": { "height": 30.0, "match_type": "matched", "height_source": "source_b" }, "geometry": { "type": "Polygon", "coordinates": [ [ [ 30.386235, 59.835545999998615 ], [ 30.386299, 59.835562999998629 ], [ 30.386353, 59.835509999998628 ], [ 30.386289, 59.835492999998607 ], [ 30.386235, 59.835545999998615 ] ] ] } },
{ "type": "Feature", "properties": { "height": 30.0, "match_type": "matched", "height_source": "source_b" }, "geometry": { "type": "Polygon", "coordinates": [ [ [ 30.386595, 59.835638999998601 ], [ 30.38665, 59.835653999998613 ], [ 30.386699, 59.835604999998594 ], [ 30.386645, 59.835590999998615 ], [ 30.386595, 59.835638999998601 ] ] ] } },
{ "type": "Feature", "properties": { "height": 4.4, "match_type": "only_a", "height_source": "ml_predicted" }, "geometry": { "type": "Polygon", "coordinates": [ [ [ 30.38611, 59.82704 ], [ 30.38615, 59.827 ], [ 30.38606, 59.82698 ], [ 30.38602, 59.82702 ], [ 30.38611, 59.82704 ] ] ] } },
{ "type": "Feature", "properties": { "height": 48.0, "match_type": "matched", "height_source": "source_b" }, "geometry": { "type": "Polygon", "coordinates": [ [ [ 30.385754, 59.829375999998618 ], [ 30.38599, 59.829434999998611 ], [ 30.386143, 59.829281999998607 ], [ 30.386352, 59.829334999998608 ], [ 30.386524, 59.829161999998611 ], [ 30.386261, 59.829096999998612 ], [ 30.386157, 59.829199999998615 ], [ 30.385976, 59.829154999998615 ], [ 30.385754, 59.829375999998618 ] ] ] } },
{ "type": "Feature", "properties": { "height": 13.2, "match_type": "matched", "height_source": "source_b" }, "geometry": { "type": "Polygon", "coordinates": [ [ [ 30.386098, 59.833131999998599 ], [ 30.386029, 59.833199999998612 ], [ 30.385898, 59.83316599999862 ], [ 30.385819, 59.833240999998608 ], [ 30.385677, 59.833204999998621 ], [ 30.385458, 59.833418999998628 ], [ 30.385586, 59.83345199999863 ], [ 30.385515, 59.833519999998629 ], [ 30.38567, 59.833559999998613 ], [ 30.385586, 59.833639999998624 ], [ 30.386159, 59.833786999998608 ], [ 30.386235, 59.833711999998627 ], [ 30.386377, 59.833747999998629 ], [ 30.386458, 59.833668999998622 ], [ 30.386637, 59.833714999998612 ], [ 30.386832, 59.833524999998616 ], [ 30.386644, 59.833475999998612 ], [ 30.38672, 59.833402999998611 ], [ 30.386588, 59.833368999998619 ], [ 30.386679, 59.833279999998602 ], [ 30.386098, 59.833131999998599 ] ], [ [ 30.386081, 59.833293999998602 ], [ 30.38643, 59.833382999998612 ], [ 30.38619, 59.833619999998611 ], [ 30.385839, 59.833530999998601 ], [ 30.386081, 59.833293999998602 ] ] ] } },
{ "type": "Feature", "properties": { "height": 4.5, "match_type": "matched", "height_source": "source_b" }, "geometry": { "type": "Polygon", "coordinates": [ [ [ 30.386456, 59.825791999998593 ], [ 30.386374, 59.825884999998593 ], [ 30.387301, 59.826091999998624 ], [ 30.38738, 59.82599899999861 ], [ 30.386456, 59.825791999998593 ] ] ] } },
{ "type": "Feature", "properties": { "height": 2.4, "match_type": "only_a", "height_source": "ml_predicted" }, "geometry": { "type": "Polygon", "coordinates": [ [ [ 30.38649, 59.83486 ], [ 30.38654, 59.83481 ], [ 30.38644, 59.83478 ], [ 30.38639, 59.83484 ], [ 30.38649, 59.83486 ] ] ] } },
{ "type": "Feature", "properties": { "height": 4.5, "match_type": "matched", "height_source": "source_b" }, "geometry": { "type": "Polygon", "coordinates": [ [ [ 30.386232, 59.825930999998597 ], [ 30.385618, 59.826361999998625 ], [ 30.385791, 59.826423999998617 ], [ 30.386405, 59.825992999998604 ], [ 30.386232, 59.825930999998597 ] ] ] } },
{ "type": "Feature", "properties": { "height": 4.5, "match_type": "matched", "height_source": "source_b" }, "geometry": { "type": "Polygon", "coordinates": [ [ [ 30.386465, 59.82651399999861 ], [ 30.386005, 59.826967999998629 ], [ 30.386131, 59.826998999998601 ], [ 30.38659, 59.826545999998601 ], [ 30.386465, 59.82651399999861 ] ] ] } },
{ "type": "Feature", "properties": { "height": 42.0, "match_type": "matched", "height_source": "source_b" }, "geometry": { "type": "Polygon", "coordinates": [ [ [ 30.386263, 59.82786099999862 ], [ 30.386449, 59.827908999998598 ], [ 30.387464, 59.82692499999861 ], [ 30.38728, 59.826876999998611 ], [ 30.386263, 59.82786099999862 ] ] ] } },
{ "type": "Feature", "properties": { "height": 12.2, "match_type": "only_a", "height_source": "ml_predicted" }, "geometry": { "type": "Polygon", "coordinates": [ [ [ 30.38672, 59.8312 ], [ 30.38674, 59.83118 ], [ 30.38666, 59.83118 ], [ 30.38672, 59.8312 ] ] ] } },
{ "type": "Feature", "properties": { "height": 4.5, "match_type": "matched", "height_source": "source_b" }, "geometry": { "type": "Polygon", "coordinates": [ [ [ 30.38625, 59.826537999998607 ], [ 30.385792, 59.826949999998597 ], [ 30.385877, 59.826972999998624 ], [ 30.386334, 59.826560999998605 ], [ 30.38625, 59.826537999998607 ] ] ] } },
{ "type": "Feature", "properties": { "height": 4.5, "match_type": "matched", "height_source": "source_b" }, "geometry": { "type": "Polygon", "coordinates": [ [ [ 30.386928, 59.826054999998604 ], [ 30.386292, 59.826464999998613 ], [ 30.386384, 59.826498999998606 ], [ 30.387084, 59.826115999998621 ], [ 30.386928, 59.826054999998604 ] ] ] } },
{ "type": "Feature", "properties": { "height": 13.2, "match_type": "matched", "height_source": "source_b" }, "geometry": { "type": "Polygon", "coordinates": [ [ [ 30.386417, 59.829135999998627 ], [ 30.386524, 59.829161999998611 ], [ 30.386484, 59.829201999998617 ], [ 30.386799, 59.829280999998616 ], [ 30.386888, 59.829172999998605 ], [ 30.387006, 59.829197999998605 ], [ 30.387196, 59.828968999998601 ], [ 30.38708, 59.828944999998605 ], [ 30.386547, 59.829005999998607 ], [ 30.386417, 59.829135999998627 ] ] ] } },
{ "type": "Feature", "properties": { "height": 4.5, "match_type": "matched", "height_source": "source_b" }, "geometry": { "type": "Polygon", "coordinates": [ [ [ 30.38697, 59.829413999998614 ], [ 30.386914, 59.829465999998604 ], [ 30.387007, 59.829489999998614 ], [ 30.387062, 59.829437999998611 ], [ 30.38697, 59.829413999998614 ] ] ] } },
{ "type": "Feature", "properties": { "height": 4.5, "match_type": "matched", "height_source": "source_b" }, "geometry": { "type": "Polygon", "coordinates": [ [ [ 30.385414, 59.826329999998613 ], [ 30.383753, 59.827904999998616 ], [ 30.383826, 59.827924999998622 ], [ 30.385489, 59.826348999998608 ], [ 30.385414, 59.826329999998613 ] ] ] } },
{ "type": "Feature", "properties": { "height": 4.5, "match_type": "matched", "height_source": "source_b" }, "geometry": { "type": "Polygon", "coordinates": [ [ [ 30.387571, 59.825161999998599 ], [ 30.386784, 59.825448999998613 ], [ 30.386099, 59.825832999998617 ], [ 30.386186, 59.825871999998597 ], [ 30.38687, 59.825488999998619 ], [ 30.38763, 59.825202999998609 ], [ 30.387571, 59.825161999998599 ] ] ] } },
{ "type": "Feature", "properties": { "height": 4.5, "match_type": "matched", "height_source": "source_b" }, "geometry": { "type": "Polygon", "coordinates": [ [ [ 30.386031, 59.825852999998624 ], [ 30.385408, 59.826287999998598 ], [ 30.38552, 59.826326999998599 ], [ 30.386142, 59.825891999998611 ], [ 30.386031, 59.825852999998624 ] ] ] } },
{ "type": "Feature", "properties": { "height": 67.0, "match_type": "only_b", "height_source": "source_b" }, "geometry": { "type": "Polygon", "coordinates": [ [ [ 30.373100169905594, 59.829268848615335 ], [ 30.373123797873006, 59.829220895760457 ], [ 30.373010390489998, 59.829206732501106 ], [ 30.372986762370626, 59.829254685334696 ], [ 30.373100169905594, 59.829268848615335 ] ] ] } },
{ "type": "Feature", "properties": { "height": 4.5, "match_type": "only_b", "height_source": "source_b" }, "geometry": { "type": "Polygon", "coordinates": [ [ [ 30.373132, 59.825645999998613 ], [ 30.373058, 59.825696999998627 ], [ 30.373187, 59.825743999998608 ], [ 30.373261, 59.825692999998608 ], [ 30.373132, 59.825645999998613 ] ] ] } },
{ "type": "Feature", "properties": { "height": 4.5, "match_type": "only_b", "height_source": "source_b" }, "geometry": { "type": "Polygon", "coordinates": [ [ [ 30.374972, 59.826299999998632 ], [ 30.375226, 59.826426999998588 ], [ 30.375276, 59.826400999998611 ], [ 30.375022, 59.82627499999861 ], [ 30.374972, 59.826299999998632 ] ] ] } },
{ "type": "Feature", "properties": { "height": 4.0, "match_type": "only_b", "height_source": "source_b" }, "geometry": { "type": "Polygon", "coordinates": [ [ [ 30.375218, 59.825930999998597 ], [ 30.375097, 59.826180999998591 ], [ 30.375244, 59.826198999998603 ], [ 30.375366, 59.825948999998609 ], [ 30.375218, 59.825930999998597 ] ] ] } },
{ "type": "Feature", "properties": { "height": 4.0, "match_type": "matched", "height_source": "source_b" }, "geometry": { "type": "Polygon", "coordinates": [ [ [ 30.375491, 59.826067999998621 ], [ 30.375295, 59.826305999998617 ], [ 30.375435, 59.826334999998608 ], [ 30.375631, 59.826096999998619 ], [ 30.375491, 59.826067999998621 ] ] ] } },
{ "type": "Feature", "properties": { "height": 4.5, "match_type": "only_b", "height_source": "source_b" }, "geometry": { "type": "Polygon", "coordinates": [ [ [ 30.375497, 59.826450999998592 ], [ 30.375322, 59.826403999998625 ], [ 30.37526, 59.826463999998623 ], [ 30.375436, 59.826509999998613 ], [ 30.375497, 59.826450999998592 ] ] ] } },
{ "type": "Feature", "properties": { "height": 4.5, "match_type": "only_b", "height_source": "source_b" }, "geometry": { "type": "Polygon", "coordinates": [ [ [ 30.375919, 59.832321999998626 ], [ 30.375895, 59.832369999998626 ], [ 30.376846, 59.832490999998598 ], [ 30.376871, 59.832441999998608 ], [ 30.375919, 59.832321999998626 ] ] ] } },
{ "type": "Feature", "properties": { "height": 4.5, "match_type": "only_b", "height_source": "source_b" }, "geometry": { "type": "Polygon", "coordinates": [ [ [ 30.376498, 59.831227999998617 ], [ 30.376692, 59.831255999998611 ], [ 30.376739, 59.831172999998614 ], [ 30.376545, 59.831144999998607 ], [ 30.376498, 59.831227999998617 ] ] ] } },
{ "type": "Feature", "properties": { "height": 6.0, "match_type": "only_b", "height_source": "source_b" }, "geometry": { "type": "Polygon", "coordinates": [ [ [ 30.376642395878989, 59.828906968755334 ], [ 30.376698538494075, 59.828793533143397 ], [ 30.376542412694732, 59.828773949017339 ], [ 30.3764192422943, 59.829022815444532 ], [ 30.376518245232582, 59.829035233955196 ], [ 30.37658527386014, 59.828899803950073 ], [ 30.376642395878989, 59.828906968755334 ] ] ] } },
{ "type": "Feature", "properties": { "height": 6.0, "match_type": "only_b", "height_source": "source_b" }, "geometry": { "type": "Polygon", "coordinates": [ [ [ 30.376706061937895, 59.829042577555519 ], [ 30.37692863757708, 59.829070596530137 ], [ 30.377039610626063, 59.828847180261249 ], [ 30.376817034593095, 59.828819161447413 ], [ 30.376706061937895, 59.829042577555519 ] ] ] } },
{ "type": "Feature", "properties": { "height": 4.5, "match_type": "only_b", "height_source": "source_b" }, "geometry": { "type": "Polygon", "coordinates": [ [ [ 30.377679, 59.832252999998623 ], [ 30.377649, 59.83228399999863 ], [ 30.37778, 59.832277999998617 ], [ 30.377679, 59.832252999998623 ] ] ] } },
{ "type": "Feature", "properties": { "height": 4.5, "match_type": "only_b", "height_source": "source_b" }, "geometry": { "type": "Polygon", "coordinates": [ [ [ 30.377772, 59.832190999998616 ], [ 30.377851, 59.832206999998604 ], [ 30.377914, 59.832124999998598 ], [ 30.377835, 59.832108999998603 ], [ 30.377772, 59.832190999998616 ] ] ] } },
{ "type": "Feature", "properties": { "height": 4.5, "match_type": "only_b", "height_source": "source_b" }, "geometry": { "type": "Polygon", "coordinates": [ [ [ 30.379771, 59.831386999998607 ], [ 30.379863, 59.831409999998613 ], [ 30.379945, 59.831327999998607 ], [ 30.379853, 59.83130399999861 ], [ 30.379771, 59.831386999998607 ] ] ] } },
{ "type": "Feature", "properties": { "height": 4.5, "match_type": "only_b", "height_source": "source_b" }, "geometry": { "type": "Polygon", "coordinates": [ [ [ 30.380191, 59.832426999998582 ], [ 30.380264, 59.832448999998597 ], [ 30.380314, 59.832407999998608 ], [ 30.380241, 59.832385999998614 ], [ 30.380191, 59.832426999998582 ] ] ] } },
{ "type": "Feature", "properties": { "height": 4.5, "match_type": "only_b", "height_source": "source_b" }, "geometry": { "type": "Polygon", "coordinates": [ [ [ 30.380524, 59.831668999998605 ], [ 30.380587, 59.831687999998643 ], [ 30.380672, 59.831616999998602 ], [ 30.380609, 59.831597999998628 ], [ 30.380524, 59.831668999998605 ] ] ] } },
{ "type": "Feature", "properties": { "height": 4.5, "match_type": "only_b", "height_source": "source_b" }, "geometry": { "type": "Polygon", "coordinates": [ [ [ 30.382447, 59.827100999998606 ], [ 30.38257, 59.827120999998613 ], [ 30.38282, 59.826733999998616 ], [ 30.382696, 59.826713999998631 ], [ 30.382447, 59.827100999998606 ] ] ] } },
{ "type": "Feature", "properties": { "height": 4.5, "match_type": "only_b", "height_source": "source_b" }, "geometry": { "type": "Polygon", "coordinates": [ [ [ 30.385464, 59.832043999998632 ], [ 30.3853, 59.83220199999861 ], [ 30.385375, 59.832220999998633 ], [ 30.385539, 59.832062999998584 ], [ 30.385464, 59.832043999998632 ] ] ] } },
{ "type": "Feature", "properties": { "height": 4.5, "match_type": "only_b", "height_source": "source_b" }, "geometry": { "type": "Polygon", "coordinates": [ [ [ 30.38682, 59.834562999998624 ], [ 30.386764, 59.834608999998601 ], [ 30.386821, 59.834625999998615 ], [ 30.386877, 59.83457999999861 ], [ 30.38682, 59.834562999998624 ] ] ] } }
]
}
