{
"type": "FeatureCollection",
"name": "vasilievsky",
"crs": { "type": "name", "properties": { "name": "urn:ogc:def:crs:OGC:1.3:CRS84" } },
"features": [
{ "type": "Feature", "properties": { "height": 17.0, "match_type": "matched", "height_source": "source_b" }, "geometry": { "type": "Polygon", "coordinates": [ [ [ 30.268149782619069, 59.943741129072784 ], [ 30.268472535895253, 59.943844479576775 ], [ 30.268716279107217, 59.94365353562663 ], [ 30.268393525255885, 59.943550183893237 ], [ 30.268149782619069, 59.943741129072784 ] ] ] } },
{ "type": "Feature", "properties": { "height": 4.5, "match_type": "matched", "height_source": "source_b" }, "geometry": { "type": "Polygon", "coordinates": [ [ [ 30.268822, 59.943900999998647 ], [ 30.268786, 59.943932999998658 ], [ 30.26893, 59.94397299999865 ], [ 30.268966, 59.943940999998645 ], [ 30.268822, 59.943900999998647 ] ] ] } },
{ "type": "Feature", "properties": { "height": 16.0, "match_type": "only_a", "height_source": "ml_predicted" }, "geometry": { "type": "Polygon", "coordinates": [ [ [ 30.2691, 59.94387 ], [ 30.26922, 59.94391 ], [ 30.26951, 59.94366 ], [ 30.26952, 59.94361 ], [ 30.26945, 59.94359 ], [ 30.2695, 59.94355 ], [ 30.2694, 59.94352 ], [ 30.26952, 59.94342 ], [ 30.26929, 59.94335 ], [ 30.26922, 59.94341 ], [ 30.26913, 59.94338 ], [ 30.26907, 59.94344 ], [ 30.26912, 59.94345 ], [ 30.26906, 59.94355 ], [ 30.26915, 59.94358 ], [ 30.2691, 59.94362 ], [ 30.26922, 59.94366 ], [ 30.26915, 59.94372 ], [ 30.26921, 59.94373 ], [ 30.2691, 59.94387 ] ] ] } },
{ "type": "Feature", "properties": { "height": 4.5, "match_type": "matched", "height_source": "source_b" }, "geometry": { "type": "Polygon", "coordinates": [ [ [ 30.264272, 59.945792999998659 ], [ 30.26411, 59.945747999998666 ], [ 30.26403, 59.945821999998657 ], [ 30.264193, 59.945865999998638 ], [ 30.264272, 59.945792999998659 ] ] ] } },
{ "type": "Feature", "properties": { "height": 6.6, "match_type": "matched", "height_source": "source_b" }, "geometry": { "type": "Polygon", "coordinates": [ [ [ 30.264359, 59.946035999998664 ], [ 30.264557, 59.945870999998675 ], [ 30.264272, 59.945792999998659 ], [ 30.264193, 59.945865999998638 ], [ 30.263664, 59.945723999998641 ], [ 30.263557, 59.945823999998666 ], [ 30.264359, 59.946035999998664 ] ] ] } },
{ "type": "Feature", "properties": { "height": 15.0, "match_type": "matched", "height_source": "source_b" }, "geometry": { "type": "Polygon", "coordinates": [ [ [ 30.263872, 59.940508999998656 ], [ 30.264209, 59.940602999998653 ], [ 30.264548, 59.940322999998642 ], [ 30.263567, 59.940041999998662 ], [ 30.263468, 59.940126999998647 ], [ 30.26411, 59.940286999998641 ], [ 30.264155, 59.940321999998652 ], [ 30.264018, 59.940448999998672 ], [ 30.263955, 59.94043199999868 ], [ 30.263872, 59.940508999998656 ] ] ] } },
{ "type": "Feature", "properties": { "height": 18.0, "match_type": "matched", "height_source": "source_b" }, "geometry": { "type": "Polygon", "coordinates": [ [ [ 30.264157, 59.938767999998639 ], [ 30.264298, 59.938641999998651 ], [ 30.264086, 59.93857899999864 ], [ 30.264366, 59.938346999998657 ], [ 30.264151, 59.93828399999866 ], [ 30.263727, 59.938643999998646 ], [ 30.264157, 59.938767999998639 ] ] ] } },
{ "type": "Feature", "properties": { "height": 6.6, "match_type": "matched", "height_source": "source_b" }, "geometry": { "type": "Polygon", "coordinates": [ [ [ 30.26411, 59.93466499999866 ], [ 30.26375, 59.934975999998656 ], [ 30.264002, 59.935047999998652 ], [ 30.264357, 59.934739999998655 ], [ 30.26411, 59.93466499999866 ] ] ] } },
{ "type": "Feature", "properties": { "height": 15.0, "match_type": "matched", "height_source": "source_b" }, "geometry": { "type": "Polygon", "coordinates": [ [ [ 30.264192, 59.941645999998649 ], [ 30.264229, 59.941614999998663 ], [ 30.264052, 59.941561999998633 ], [ 30.263989, 59.941614999998649 ], [ 30.264192, 59.941645999998649 ] ] ] } },
{ "type": "Feature", "properties": { "height": 15.0, "match_type": "matched", "height_source": "source_b" }, "geometry": { "type": "Polygon", "coordinates": [ [ [ 30.264008, 59.937919999998634 ], [ 30.264353, 59.93762999999867 ], [ 30.2642, 59.937584999998641 ], [ 30.264537, 59.937354999998611 ], [ 30.264639, 59.937374999998653 ], [ 30.264691, 59.937328999998662 ], [ 30.26403, 59.937124999998659 ], [ 30.263873, 59.93725699999866 ], [ 30.26421, 59.937357999998646 ], [ 30.264162, 59.937397999998652 ], [ 30.26409, 59.937376999998634 ], [ 30.26389, 59.937543999998674 ], [ 30.264054, 59.937593999998626 ], [ 30.263804, 59.937802999998667 ], [ 30.263903, 59.937832999998648 ], [ 30.263855, 59.937873999998651 ], [ 30.264008, 59.937919999998634 ] ] ] } },
{ "type": "Feature", "properties": { "height": 6.6, "match_type": "matched", "height_source": "source_b" }, "geometry": { "type": "Polygon", "coordinates": [ [ [ 30.263899, 59.941892999998657 ], [ 30.263774, 59.941999999998657 ], [ 30.264223, 59.942131999998658 ], [ 30.264347, 59.942025999998648 ], [ 30.263899, 59.941892999998657 ] ] ] } },
{ "type": "Feature", "properties": { "height": 6.6, "match_type": "matched", "height_source": "source_b" }, "geometry": { "type": "Polygon", "coordinates": [ [ [ 30.264168, 59.935984999998666 ], [ 30.26441, 59.93576899999865 ], [ 30.264696, 59.935849999998666 ], [ 30.264807, 59.935750999998646 ], [ 30.264417, 59.935641999998658 ], [ 30.264328, 59.935720999998651 ], [ 30.264177, 59.93567899999865 ], [ 30.264125, 59.93572399999865 ], [ 30.264168, 59.935735999998663 ], [ 30.264001, 59.935885999998654 ], [ 30.263952, 59.935871999998653 ], [ 30.263877, 59.935939999998652 ], [ 30.264019, 59.935979999998644 ], [ 30.263933, 59.936055999998665 ], [ 30.264351, 59.936172999998647 ], [ 30.264467, 59.936068999998653 ], [ 30.264168, 59.935984999998666 ] ], [ [ 30.264024, 59.935987999998666 ], [ 30.264061, 59.935952999998655 ], [ 30.264161, 59.935980999998648 ], [ 30.264124, 59.936014999998648 ], [ 30.264024, 59.935987999998666 ] ], [ [ 30.264327, 59.935737999998658 ], [ 30.264364, 59.935703999998651 ], [ 30.264465, 59.93573099999864 ], [ 30.264428, 59.935764999998661 ], [ 30.264327, 59.935737999998658 ] ] ] } },
{ "type": "Feature", "properties": { "height": 9.9, "match_type": "matched", "height_source": "source_b" }, "geometry": { "type": "Polygon", "coordinates": [ [ [ 30.264327, 59.935737999998658 ], [ 30.264428, 59.935764999998661 ], [ 30.264465, 59.93573099999864 ], [ 30.264364, 59.935703999998651 ], [ 30.264327, 59.935737999998658 ] ] ] } },
{ "type": "Feature", "properties": { "height": 9.9, "match_type": "matched", "height_source": "source_b" }, "geometry": { "type": "Polygon", "coordinates": [ [ [ 30.264024, 59.935987999998666 ], [ 30.264124, 59.936014999998648 ], [ 30.264161, 59.935980999998648 ], [ 30.264061, 59.935952999998655 ], [ 30.264024, 59.935987999998666 ] ] ] } },
{ "type": "Feature", "properties": { "height": 5.0, "match_type": "only_a", "height_source": "ml_predicted" }, "geometry": { "type": "Polygon", "coordinates": [ [ [ 30.26407, 59.93454 ], [ 30.26411, 59.9345 ], [ 30.26403, 59.93448 ], [ 30.26398, 59.93452 ], [ 30.26407, 59.93454 ] ] ] } },
{ "type": "Feature", "properties": { "height": 6.6, "match_type": "matched", "height_source": "source_b" }, "geometry": { "type": "Polygon", "coordinates": [ [ [ 30.264276, 59.94509299999865 ], [ 30.264097, 59.945190999998644 ], [ 30.264297, 59.945244999998643 ], [ 30.264439, 59.945135999998641 ], [ 30.264276, 59.94509299999865 ] ] ] } },
{ "type": "Feature", "properties": { "height": 5.2, "match_type": "only_a", "height_source": "ml_predicted" }, "geometry": { "type": "Polygon", "coordinates": [ [ [ 30.26413, 59.937 ], [ 30.26422, 59.93703 ], [ 30.26427, 59.93698 ], [ 30.26418, 59.93696 ], [ 30.26413, 59.937 ] ] ] } },
{ "type": "Feature", "properties": { "height": 5.5, "match_type": "only_a", "height_source": "ml_predicted" }, "geometry": { "type": "Polygon", "coordinates": [ [ [ 30.26416, 59.93524 ], [ 30.2642, 59.93527 ], [ 30.26422, 59.93525 ], [ 30.26416, 59.93524 ] ] ] } },
{ "type": "Feature", "properties": { "height": 18.0, "match_type": "matched", "height_source": "source_b" }, "geometry": { "type": "Polygon", "coordinates": [ [ [ 30.264402, 59.93825599999866 ], [ 30.264505, 59.938254999998648 ], [ 30.264741, 59.938120999998652 ], [ 30.264454, 59.938040999998641 ], [ 30.264151, 59.93828399999866 ], [ 30.264321, 59.938333999998676 ], [ 30.264402, 59.93825599999866 ] ] ] } },
{ "type": "Feature", "properties": { "height": 12.0, "match_type": "matched", "height_source": "source_b" }, "geometry": { "type": "Polygon", "coordinates": [ [ [ 30.265191, 59.934946999998658 ], [ 30.26506, 59.934908999998633 ], [ 30.264968, 59.934987999998654 ], [ 30.2651, 59.935025999998636 ], [ 30.265191, 59.934946999998658 ] ] ] } },
{ "type": "Feature", "properties": { "height": 4.0, "match_type": "matched", "height_source": "source_b" }, "geometry": { "type": "Polygon", "coordinates": [ [ [ 30.265086, 59.934915999998637 ], [ 30.265397, 59.935008999998651 ], [ 30.265737, 59.934719999998663 ], [ 30.265355, 59.934682999998657 ], [ 30.265086, 59.934915999998637 ] ] ] } },
{ "type": "Feature", "properties": { "height": 8.0, "match_type": "matched", "height_source": "source_b" }, "geometry": { "type": "Polygon", "coordinates": [ [ [ 30.264968, 59.934987999998654 ], [ 30.265355, 59.934682999998657 ], [ 30.265737, 59.934719999998663 ], [ 30.26581, 59.934656999998658 ], [ 30.265214, 59.934483999998648 ], [ 30.264076, 59.935472999998666 ], [ 30.264485, 59.93559199999865 ], [ 30.264786, 59.935329999998643 ], [ 30.264655, 59.935291999998647 ], [ 30.26493, 59.935053999998651 ], [ 30.265201, 59.935131999998639 ], [ 30.265358, 59.934994999998644 ], [ 30.265191, 59.934946999998658 ], [ 30.2651, 59.935025999998636 ], [ 30.264968, 59.934987999998654 ] ], [ [ 30.264308, 59.935473999998642 ], [ 30.264362, 59.935430999998651 ], [ 30.264424, 59.935450999998643 ], [ 30.26437, 59.935493999998656 ], [ 30.264308, 59.935473999998642 ] ] ] } },
{ "type": "Feature", "properties": { "height": 12.0, "match_type": "matched", "height_source": "source_b" }, "geometry": { "type": "Polygon", "coordinates": [ [ [ 30.264308, 59.935473999998642 ], [ 30.26437, 59.935493999998656 ], [ 30.264424, 59.935450999998643 ], [ 30.264362, 59.935430999998651 ], [ 30.264308, 59.935473999998642 ] ] ] } },
{ "type": "Feature", "properties": { "height": 4.5, "match_type": "matched", "height_source": "source_b" }, "geometry": { "type": "Polygon", "coordinates": [ [ [ 30.263975, 59.942683999998664 ], [ 30.26392, 59.942750999998651 ], [ 30.264146, 59.94279799999866 ], [ 30.264201, 59.942730999998645 ], [ 30.263975, 59.942683999998664 ] ] ] } },
{ "type": "Feature", "properties": { "height": 3.6, "match_type": "only_a", "height_source": "ml_predicted" }, "geometry": { "type": "Polygon", "coordinates": [ [ [ 30.26425, 59.94282 ], [ 30.26429, 59.94277 ], [ 30.26417, 59.9428 ], [ 30.26425, 59.94282 ] ] ] } },
{ "type": "Feature", "properties": { "height": 13.2, "match_type": "matched", "height_source": "source_b" }, "geometry": { "type": "Polygon", "coordinates": [ [ [ 30.264642, 59.942838999998671 ], [ 30.264285, 59.942759999998664 ], [ 30.26422, 59.942833999998648 ], [ 30.264577, 59.942912999998654 ], [ 30.264642, 59.942838999998671 ] ] ] } },
{ "type": "Feature", "properties": { "height": 4.5, "match_type": "matched", "height_source": "source_b" }, "geometry": { "type": "Polygon", "coordinates": [ [ [ 30.26448, 59.943052999998649 ], [ 30.264204, 59.942973999998642 ], [ 30.264135, 59.943035999998635 ], [ 30.264394, 59.94313299999866 ], [ 30.26448, 59.943052999998649 ] ] ] } },
{ "type": "Feature", "properties": { "height": 5.1, "match_type": "only_a", "height_source": "ml_predicted" }, "geometry": { "type": "Polygon", "coordinates": [ [ [ 30.2643, 59.94259 ], [ 30.26434, 59.94255 ], [ 30.26425, 59.94258 ], [ 30.2643, 59.94259 ] ] ] } },
{ "type": "Feature", "properties": { "height": 6.6, "match_type": "matched", "height_source": "source_b" }, "geometry": { "type": "Polygon", "coordinates": [ [ [ 30.264298, 59.938641999998651 ], [ 30.264576, 59.938406999998648 ], [ 30.264366, 59.938346999998657 ], [ 30.264086, 59.93857899999864 ], [ 30.264298, 59.938641999998651 ] ] ] } },
{ "type": "Feature", "properties": { "height": 4.5, "match_type": "matched", "height_source": "source_b" }, "geometry": { "type": "Polygon", "coordinates": [ [ [ 30.264107, 59.944599999998658 ], [ 30.264261, 59.944641999998673 ], [ 30.264322, 59.944585999998644 ], [ 30.264168, 59.94454399999865 ], [ 30.264107, 59.944599999998658 ] ] ] } },
{ "type": "Feature", "properties": { "height": 9.9, "match_type": "matched", "height_source": "source_b" }, "geometry": { "type": "Polygon", "coordinates": [ [ [ 30.263979, 59.939857999998651 ], [ 30.263918, 59.939916999998665 ], [ 30.264213, 59.939994999998667 ], [ 30.264275, 59.939935999998653 ], [ 30.263979, 59.939857999998651 ] ] ] } },
{ "type": "Feature", "properties": { "height": 6.0, "match_type": "only_a", "height_source": "ml_predicted" }, "geometry": { "type": "Polygon", "coordinates": [ [ [ 30.26437, 59.9426 ], [ 30.26445, 59.94262 ], [ 30.26449, 59.94258 ], [ 30.26441, 59.94256 ], [ 30.26437, 59.9426 ] ] ] } },
{ "type": "Feature", "properties": { "height": 5.0, "match_type": "only_a", "height_source": "ml_predicted" }, "geometry": { "type": "Polygon", "coordinates": [ [ [ 30.26439, 59.93474 ], [ 30.26428, 59.93469 ], [ 30.26427, 59.9347 ], [ 30.26439, 59.93474 ] ] ] } },
{ "type": "Feature", "properties": { "height": 4.5, "match_type": "matched", "height_source": "source_b" }, "geometry": { "type": "Polygon", "coordinates": [ [ [ 30.264514, 59.939759999998657 ], [ 30.264372, 59.939738999998646 ], [ 30.264329, 59.939775999998659 ], [ 30.264449, 59.93981199999866 ], [ 30.264514, 59.939759999998657 ] ] ] } },
{ "type": "Feature", "properties": { "height": 24.0, "match_type": "matched", "height_source": "source_b" }, "geometry": { "type": "Polygon", "coordinates": [ [ [ 30.266204, 59.937214999998659 ], [ 30.266375, 59.937265999998665 ], [ 30.266446, 59.937206999998637 ], [ 30.266327, 59.937170999998649 ], [ 30.266204, 59.937214999998659 ] ] ] } },
{ "type": "Feature", "properties": { "height": 27.0, "match_type": "matched", "height_source": "source_b" }, "geometry": { "type": "Polygon", "coordinates": [ [ [ 30.26461, 59.938004999998647 ], [ 30.264719, 59.938033999998652 ], [ 30.264819, 59.937940999998652 ], [ 30.26471, 59.93791099999865 ], [ 30.26461, 59.938004999998647 ] ] ] } },
{ "type": "Feature", "properties": { "height": 24.0, "match_type": "matched", "height_source": "source_b" }, "geometry": { "type": "Polygon", "coordinates": [ [ [ 30.266553, 59.936921999998653 ], [ 30.266722, 59.936972999998638 ], [ 30.266782, 59.936921999998667 ], [ 30.266665, 59.936886999998642 ], [ 30.266553, 59.936921999998653 ] ] ] } },
{ "type": "Feature", "properties": { "height": 21.0, "match_type": "matched", "height_source": "source_b" }, "geometry": { "type": "Polygon", "coordinates": [ [ [ 30.266215, 59.937435999998655 ], [ 30.26689, 59.936865999998652 ], [ 30.266693, 59.936803999998645 ], [ 30.26658, 59.936898999998654 ], [ 30.266782, 59.936921999998667 ], [ 30.266722, 59.936972999998638 ], [ 30.266553, 59.936921999998653 ], [ 30.266405, 59.937045999998638 ], [ 30.266613, 59.937066999998628 ], [ 30.266548, 59.937121999998659 ], [ 30.266376, 59.937070999998674 ], [ 30.266233, 59.937190999998649 ], [ 30.266446, 59.937206999998637 ], [ 30.266375, 59.937265999998665 ], [ 30.266204, 59.937214999998659 ], [ 30.266055, 59.937340999998661 ], [ 30.266233, 59.937351999998654 ], [ 30.266174, 59.937401999998642 ], [ 30.266011, 59.937377999998638 ], [ 30.266215, 59.937435999998655 ] ] ] } },
{ "type": "Feature", "properties": { "height": 27.0, "match_type": "matched", "height_source": "source_b" }, "geometry": { "type": "Polygon", "coordinates": [ [ [ 30.264863, 59.937765999998632 ], [ 30.264975, 59.937800999998643 ], [ 30.265122, 59.937680999998626 ], [ 30.265011, 59.937645999998658 ], [ 30.264863, 59.937765999998632 ] ] ] } },
{ "type": "Feature", "properties": { "height": 15.0, "match_type": "matched", "height_source": "source_b" }, "geometry": { "type": "Polygon", "coordinates": [ [ [ 30.265714, 59.937291999998628 ], [ 30.265577, 59.937408999998674 ], [ 30.266549, 59.937691999998648 ], [ 30.266611, 59.937630999998646 ], [ 30.266792, 59.937684999998645 ], [ 30.26686, 59.937622999998652 ], [ 30.266187, 59.937427999998647 ], [ 30.266118, 59.937488999998642 ], [ 30.265904, 59.937426999998642 ], [ 30.265973, 59.937366999998673 ], [ 30.265714, 59.937291999998628 ] ] ] } },
{ "type": "Feature", "properties": { "height": 24.0, "match_type": "matched", "height_source": "source_b" }, "geometry": { "type": "Polygon", "coordinates": [ [ [ 30.266032, 59.937359999998641 ], [ 30.266174, 59.937401999998642 ], [ 30.266233, 59.937351999998654 ], [ 30.266144, 59.937324999998658 ], [ 30.266032, 59.937359999998641 ] ] ] } },
{ "type": "Feature", "properties": { "height": 24.0, "match_type": "matched", "height_source": "source_b" }, "geometry": { "type": "Polygon", "coordinates": [ [ [ 30.266376, 59.937070999998674 ], [ 30.266548, 59.937121999998659 ], [ 30.266613, 59.937066999998628 ], [ 30.266504, 59.937034999998673 ], [ 30.266376, 59.937070999998674 ] ] ] } },
{ "type": "Feature", "properties": { "height": 21.0, "match_type": "matched", "height_source": "source_b" }, "geometry": { "type": "Polygon", "coordinates": [ [ [ 30.264454, 59.938040999998641 ], [ 30.264903, 59.938163999998629 ], [ 30.264857, 59.938207999998653 ], [ 30.264694, 59.938164999998648 ], [ 30.264636, 59.938219999998651 ], [ 30.265041, 59.938328999998681 ], [ 30.265227, 59.938155999998649 ], [ 30.264828, 59.938047999998645 ], [ 30.265714, 59.937273999998659 ], [ 30.265427, 59.937193999998634 ], [ 30.264454, 59.938040999998641 ] ], [ [ 30.264863, 59.937765999998632 ], [ 30.265011, 59.937645999998658 ], [ 30.265122, 59.937680999998626 ], [ 30.264975, 59.937800999998643 ], [ 30.264863, 59.937765999998632 ] ], [ [ 30.26461, 59.938004999998647 ], [ 30.26471, 59.93791099999865 ], [ 30.264819, 59.937940999998652 ], [ 30.264719, 59.938033999998652 ], [ 30.26461, 59.938004999998647 ] ], [ [ 30.26527, 59.937453999998674 ], [ 30.26538, 59.937352999998645 ], [ 30.265478, 59.937379999998633 ], [ 30.265369, 59.937480999998655 ], [ 30.26527, 59.937453999998674 ] ] ] } },
{ "type": "Feature", "properties": { "height": 18.0, "match_type": "matched", "height_source": "source_b" }, "geometry": { "type": "Polygon", "coordinates": [ [ [ 30.265973, 59.937366999998673 ], [ 30.265904, 59.937426999998642 ], [ 30.266118, 59.937488999998642 ], [ 30.266187, 59.937427999998647 ], [ 30.265973, 59.937366999998673 ] ] ] } },
{ "type": "Feature", "properties": { "height": 27.0, "match_type": "matched", "height_source": "source_b" }, "geometry": { "type": "Polygon", "coordinates": [ [ [ 30.26527, 59.937453999998674 ], [ 30.265369, 59.937480999998655 ], [ 30.265478, 59.937379999998633 ], [ 30.26538, 59.937352999998645 ], [ 30.26527, 59.937453999998674 ] ] ] } },
{ "type": "Feature", "properties": { "height": 27.0, "match_type": "matched", "height_source": "source_b" }, "geometry": { "type": "Polygon", "coordinates": [ [ [ 30.264741, 59.938120999998652 ], [ 30.264694, 59.938164999998648 ], [ 30.264857, 59.938207999998653 ], [ 30.264903, 59.938163999998629 ], [ 30.264741, 59.938120999998652 ] ] ] } },
{ "type": "Feature", "properties": { "height": 21.0, "match_type": "matched", "height_source": "source_b" }, "geometry": { "type": "Polygon", "coordinates": [ [ [ 30.264435, 59.940924999998657 ], [ 30.264302, 59.941037999998649 ], [ 30.264573, 59.94111899999865 ], [ 30.264629, 59.941071999998655 ], [ 30.264576, 59.941055999998667 ], [ 30.264654, 59.940989999998656 ], [ 30.264435, 59.940924999998657 ] ] ] } },
{ "type": "Feature", "properties": { "height": 21.0, "match_type": "matched", "height_source": "source_b" }, "geometry": { "type": "Polygon", "coordinates": [ [ [ 30.264302, 59.941037999998649 ], [ 30.264109, 59.941199999998652 ], [ 30.264281, 59.941251999998649 ], [ 30.264518, 59.941102999998648 ], [ 30.264302, 59.941037999998649 ] ] ] } },
{ "type": "Feature", "properties": { "height": 18.0, "match_type": "matched", "height_source": "source_b" }, "geometry": { "type": "Polygon", "coordinates": [ [ [ 30.264679, 59.940718999998658 ], [ 30.264435, 59.940924999998657 ], [ 30.265077, 59.941115999998651 ], [ 30.265323, 59.940909999998638 ], [ 30.264679, 59.940718999998658 ] ], [ [ 30.264717, 59.94093399999867 ], [ 30.264849, 59.940819999998652 ], [ 30.265055, 59.940879999998657 ], [ 30.264924, 59.940993999998646 ], [ 30.264717, 59.94093399999867 ] ] ] } },
{ "type": "Feature", "properties": { "height": 15.0, "match_type": "matched", "height_source": "source_b" }, "geometry": { "type": "Polygon", "coordinates": [ [ [ 30.265085, 59.940838999998626 ], [ 30.265623, 59.940998999998655 ], [ 30.266111, 59.940585999998653 ], [ 30.265818, 59.940498999998653 ], [ 30.265415, 59.940839999998666 ], [ 30.265168, 59.940766999998644 ], [ 30.265085, 59.940838999998626 ] ] ] } },
{ "type": "Feature", "properties": { "height": 9.9, "match_type": "matched", "height_source": "source_b" }, "geometry": { "type": "Polygon", "coordinates": [ [ [ 30.264901, 59.940783999998644 ], [ 30.265085, 59.940838999998626 ], [ 30.265168, 59.940766999998644 ], [ 30.264986, 59.940712999998659 ], [ 30.264901, 59.940783999998644 ] ] ] } },
{ "type": "Feature", "properties": { "height": 15.0, "match_type": "matched", "height_source": "source_b" }, "geometry": { "type": "Polygon", "coordinates": [ [ [ 30.26427, 59.942430999998635 ], [ 30.264196, 59.94252499999866 ], [ 30.264726, 59.942589999998653 ], [ 30.264773, 59.942529999998669 ], [ 30.26427, 59.942430999998635 ] ] ] } },
{ "type": "Feature", "properties": { "height": 15.0, "match_type": "matched", "height_source": "source_b" }, "geometry": { "type": "Polygon", "coordinates": [ [ [ 30.264742, 59.94601899999865 ], [ 30.265476, 59.945408999998655 ], [ 30.26521, 59.945328999998644 ], [ 30.264475, 59.94593899999866 ], [ 30.264742, 59.94601899999865 ] ] ] } },
{ "type": "Feature", "properties": { "height": 13.2, "match_type": "matched", "height_source": "source_b" }, "geometry": { "type": "Polygon", "coordinates": [ [ [ 30.264521, 59.934434999998629 ], [ 30.264469, 59.934487999998652 ], [ 30.264543, 59.934506999998661 ], [ 30.264593, 59.934451999998636 ], [ 30.264521, 59.934434999998629 ] ] ] } },
{ "type": "Feature", "properties": { "height": 9.9, "match_type": "matched", "height_source": "source_b" }, "geometry": { "type": "Polygon", "coordinates": [ [ [ 30.264304, 59.934173999998642 ], [ 30.264091, 59.934309999998646 ], [ 30.264593, 59.934451999998636 ], [ 30.264543, 59.934506999998661 ], [ 30.264375, 59.934442999998652 ], [ 30.264201, 59.934596999998647 ], [ 30.26445, 59.934668999998664 ], [ 30.264841, 59.934335999998659 ], [ 30.264304, 59.934173999998642 ] ] ] } },
{ "type": "Feature", "properties": { "height": 4.5, "match_type": "matched", "height_source": "source_b" }, "geometry": { "type": "Polygon", "coordinates": [ [ [ 30.26437, 59.944884999998663 ], [ 30.264318, 59.944928999998652 ], [ 30.264431, 59.944962999998644 ], [ 30.264483, 59.944918999998663 ], [ 30.26437, 59.944884999998663 ] ] ] } },
{ "type": "Feature", "properties": { "height": 4.5, "match_type": "matched", "height_source": "source_b" }, "geometry": { "type": "Polygon", "coordinates": [ [ [ 30.264308, 59.945586999998667 ], [ 30.264228, 59.94565599999865 ], [ 30.264478, 59.945726999998648 ], [ 30.264557, 59.94565699999864 ], [ 30.264308, 59.945586999998667 ] ] ] } },
{ "type": "Feature", "properties": { "height": 4.5, "match_type": "matched", "height_source": "source_b" }, "geometry": { "type": "Polygon", "coordinates": [ [ [ 30.264514, 59.942253999998634 ], [ 30.264462, 59.942298999998634 ], [ 30.26453, 59.942318999998648 ], [ 30.264582, 59.942273999998648 ], [ 30.264514, 59.942253999998634 ] ] ] } },
{ "type": "Feature", "properties": { "height": 13.2, "match_type": "matched", "height_source": "source_b" }, "geometry": { "type": "Polygon", "coordinates": [ [ [ 30.264538, 59.942815999998651 ], [ 30.264588, 59.942755999998646 ], [ 30.264693, 59.942632999998665 ], [ 30.264558, 59.942603999998653 ], [ 30.264404, 59.942786999998653 ], [ 30.264538, 59.942815999998651 ] ] ] } },
{ "type": "Feature", "properties": { "height": 6.6, "match_type": "matched", "height_source": "source_b" }, "geometry": { "type": "Polygon", "coordinates": [ [ [ 30.264129, 59.942952999998646 ], [ 30.26448, 59.943052999998649 ], [ 30.26454, 59.94299799999866 ], [ 30.264189, 59.942899999998652 ], [ 30.264129, 59.942952999998646 ] ] ] } },
{ "type": "Feature", "properties": { "height": 3.9, "match_type": "only_a", "height_source": "ml_predicted" }, "geometry": { "type": "Polygon", "coordinates": [ [ [ 30.26457, 59.93963 ], [ 30.2645, 59.93969 ], [ 30.26459, 59.93972 ], [ 30.26466, 59.93966 ], [ 30.26457, 59.93963 ] ] ] } },
{ "type": "Feature", "properties": { "height": 15.0, "match_type": "matched", "height_source": "source_b" }, "geometry": { "type": "Polygon", "coordinates": [ [ [ 30.264692, 59.94020899999866 ], [ 30.264615, 59.940185999998633 ], [ 30.264956, 59.939900999998656 ], [ 30.26503, 59.93992099999862 ], [ 30.265165, 59.939807999998656 ], [ 30.264912, 59.93974299999865 ], [ 30.264307, 59.940250999998653 ], [ 30.264548, 59.940322999998642 ], [ 30.264692, 59.94020899999866 ] ] ] } },
{ "type": "Feature", "properties": { "height": 9.9, "match_type": "matched", "height_source": "source_b" }, "geometry": { "type": "Polygon", "coordinates": [ [ [ 30.264541, 59.945614999998654 ], [ 30.264616, 59.945548999998643 ], [ 30.264127, 59.945405999998655 ], [ 30.26405, 59.94547299999865 ], [ 30.264541, 59.945614999998654 ] ] ] } },
{ "type": "Feature", "properties": { "height": 4.5, "match_type": "matched", "height_source": "source_b" }, "geometry": { "type": "Polygon", "coordinates": [ [ [ 30.264861, 59.945618999998644 ], [ 30.264616, 59.945548999998643 ], [ 30.264541, 59.945614999998654 ], [ 30.264781, 59.945684999998647 ], [ 30.264861, 59.945618999998644 ] ] ] } },
{ "type": "Feature", "properties": { "height": 6.6, "match_type": "matched", "height_source": "source_b" }, "geometry": { "type": "Polygon", "coordinates": [ [ [ 30.264634, 59.941336999998654 ], [ 30.264569, 59.941390999998653 ], [ 30.26467, 59.941421999998653 ], [ 30.264735, 59.941367999998654 ], [ 30.264634, 59.941336999998654 ] ] ] } },
{ "type": "Feature", "properties": { "height": 13.2, "match_type": "matched", "height_source": "source_b" }, "geometry": { "type": "Polygon", "coordinates": [ [ [ 30.26468, 59.939673999998647 ], [ 30.264857, 59.939529999998634 ], [ 30.264731, 59.93949399999866 ], [ 30.264626, 59.939583999998675 ], [ 30.264411, 59.939494999998665 ], [ 30.264299, 59.939587999998665 ], [ 30.26468, 59.939673999998647 ] ] ] } },
{ "type": "Feature", "properties": { "height": 13.2, "match_type": "matched", "height_source": "source_b" }, "geometry": { "type": "Polygon", "coordinates": [ [ [ 30.26464, 59.944583999998649 ], [ 30.264537, 59.944666999998645 ], [ 30.264409, 59.944626999998654 ], [ 30.264306, 59.944709999998665 ], [ 30.264426, 59.944746999998657 ], [ 30.264335, 59.944820999998655 ], [ 30.264638, 59.944914999998673 ], [ 30.264934, 59.944675999998644 ], [ 30.26464, 59.944583999998649 ] ] ] } },
{ "type": "Feature", "properties": { "height": 4.5, "match_type": "matched", "height_source": "source_b" }, "geometry": { "type": "Polygon", "coordinates": [ [ [ 30.26517, 59.94536199999866 ], [ 30.264678, 59.945219999998656 ], [ 30.264593, 59.945291999998659 ], [ 30.265083, 59.945433999998649 ], [ 30.26517, 59.94536199999866 ] ] ] } },
{ "type": "Feature", "properties": { "height": 6.6, "match_type": "matched", "height_source": "source_b" }, "geometry": { "type": "Polygon", "coordinates": [ [ [ 30.264972, 59.935490999998649 ], [ 30.264818, 59.935446999998653 ], [ 30.26465, 59.935596999998658 ], [ 30.264909, 59.93566999999868 ], [ 30.26529, 59.935329999998658 ], [ 30.265113, 59.935279999998649 ], [ 30.265014, 59.935362999998645 ], [ 30.26509, 59.935384999998647 ], [ 30.264972, 59.935490999998649 ] ] ] } },
{ "type": "Feature", "properties": { "height": 4.5, "match_type": "matched", "height_source": "source_b" }, "geometry": { "type": "Polygon", "coordinates": [ [ [ 30.264773, 59.942529999998669 ], [ 30.264827, 59.942460999998652 ], [ 30.264695, 59.942434999998689 ], [ 30.264641, 59.942503999998664 ], [ 30.264773, 59.942529999998669 ] ] ] } },
{ "type": "Feature", "properties": { "height": 9.9, "match_type": "matched", "height_source": "source_b" }, "geometry": { "type": "Polygon", "coordinates": [ [ [ 30.264634, 59.941336999998654 ], [ 30.264735, 59.941367999998654 ], [ 30.264897, 59.941234999998649 ], [ 30.265311, 59.941361999998669 ], [ 30.265391, 59.941295999998651 ], [ 30.264876, 59.941137999998645 ], [ 30.264634, 59.941336999998654 ] ] ] } },
{ "type": "Feature", "properties": { "height": 6.6, "match_type": "matched", "height_source": "source_b" }, "geometry": { "type": "Polygon", "coordinates": [ [ [ 30.264298, 59.94155699999866 ], [ 30.264727, 59.941689999998665 ], [ 30.264857, 59.941582999998651 ], [ 30.264429, 59.941450999998651 ], [ 30.264298, 59.94155699999866 ] ] ] } },
{ "type": "Feature", "properties": { "height": 13.2, "match_type": "matched", "height_source": "source_b" }, "geometry": { "type": "Polygon", "coordinates": [ [ [ 30.264945, 59.939457999998645 ], [ 30.26507, 59.939340999998656 ], [ 30.264692, 59.939233999998635 ], [ 30.264563, 59.939344999998653 ], [ 30.264945, 59.939457999998645 ] ] ] } },
{ "type": "Feature", "properties": { "height": 21.0, "match_type": "matched", "height_source": "source_b" }, "geometry": { "type": "Polygon", "coordinates": [ [ [ 30.263919, 59.943149999998639 ], [ 30.264525, 59.94331299999866 ], [ 30.264717, 59.943133999998651 ], [ 30.264466, 59.943065999998659 ], [ 30.264334, 59.94318899999864 ], [ 30.263979, 59.943093999998659 ], [ 30.263919, 59.943149999998639 ] ] ] } },
{ "type": "Feature", "properties": { "height": 4.5, "match_type": "matched", "height_source": "source_b" }, "geometry": { "type": "Polygon", "coordinates": [ [ [ 30.264717, 59.935933999998653 ], [ 30.264658, 59.935986999998661 ], [ 30.264733, 59.936007999998644 ], [ 30.264792, 59.93595499999865 ], [ 30.264717, 59.935933999998653 ] ] ] } },
{ "type": "Feature", "properties": { "height": 13.2, "match_type": "matched", "height_source": "source_b" }, "geometry": { "type": "Polygon", "coordinates": [ [ [ 30.264891, 59.93883999999867 ], [ 30.264275, 59.938662999998641 ], [ 30.264157, 59.938767999998639 ], [ 30.264767, 59.938947999998653 ], [ 30.264891, 59.93883999999867 ] ] ] } },
{ "type": "Feature", "properties": { "height": 9.9, "match_type": "matched", "height_source": "source_b" }, "geometry": { "type": "Polygon", "coordinates": [ [ [ 30.264309, 59.944233999998666 ], [ 30.264077, 59.944170999998668 ], [ 30.263911, 59.944323999998652 ], [ 30.264146, 59.944387999998646 ], [ 30.264309, 59.944233999998666 ] ] ] } },
{ "type": "Feature", "properties": { "height": 9.9, "match_type": "matched", "height_source": "source_b" }, "geometry": { "type": "Polygon", "coordinates": [ [ [ 30.264784, 59.944362999998624 ], [ 30.264309, 59.944233999998666 ], [ 30.264184, 59.94435299999865 ], [ 30.264653, 59.944480999998682 ], [ 30.264784, 59.944362999998624 ] ] ] } },
{ "type": "Feature", "properties": { "height": 11.5, "match_type": "only_a", "height_source": "ml_predicted" }, "geometry": { "type": "Polygon", "coordinates": [ [ [ 30.26484, 59.94363 ], [ 30.2649, 59.94365 ], [ 30.26493, 59.94363 ], [ 30.26487, 59.94361 ], [ 30.26484, 59.94363 ] ] ] } },
{ "type": "Feature", "properties": { "height": 24.0, "match_type": "matched", "height_source": "source_b" }, "geometry": { "type": "Polygon", "coordinates": [ [ [ 30.264555, 59.936453999998633 ], [ 30.264639, 59.936477999998658 ], [ 30.26468, 59.936442999998633 ], [ 30.264596, 59.93641799999866 ], [ 30.264555, 59.936453999998633 ] ] ] } },
{ "type": "Feature", "properties": { "height": 24.0, "match_type": "matched", "height_source": "source_b" }, "geometry": { "type": "Polygon", "coordinates": [ [ [ 30.264274, 59.936376999998664 ], [ 30.264357, 59.936400999998646 ], [ 30.264398, 59.936365999998642 ], [ 30.264314, 59.936340999998649 ], [ 30.264274, 59.936376999998664 ] ] ] } },
{ "type": "Feature", "properties": { "height": 24.0, "match_type": "matched", "height_source": "source_b" }, "geometry": { "type": "Polygon", "coordinates": [ [ [ 30.264832, 59.936527999998653 ], [ 30.264915, 59.936552999998675 ], [ 30.264956, 59.936516999998645 ], [ 30.264873, 59.936492999998642 ], [ 30.264832, 59.936527999998653 ] ] ] } },
{ "type": "Feature", "properties": { "height": 21.0, "match_type": "matched", "height_source": "source_b" }, "geometry": { "type": "Polygon", "coordinates": [ [ [ 30.264234, 59.936251999998653 ], [ 30.264111, 59.936355999998646 ], [ 30.264888, 59.936579999998642 ], [ 30.26484, 59.936620999998645 ], [ 30.265007, 59.936664999998648 ], [ 30.265203, 59.936487999998654 ], [ 30.264234, 59.936251999998653 ] ], [ [ 30.264555, 59.936453999998633 ], [ 30.264596, 59.93641799999866 ], [ 30.26468, 59.936442999998633 ], [ 30.264639, 59.936477999998658 ], [ 30.264555, 59.936453999998633 ] ], [ [ 30.264274, 59.936376999998664 ], [ 30.264314, 59.936340999998649 ], [ 30.264398, 59.936365999998642 ], [ 30.264357, 59.936400999998646 ], [ 30.264274, 59.936376999998664 ] ], [ [ 30.264832, 59.936527999998653 ], [ 30.264873, 59.936492999998642 ], [ 30.264956, 59.936516999998645 ], [ 30.264915, 59.936552999998675 ], [ 30.264832, 59.936527999998653 ] ] ] } },
{ "type": "Feature", "properties": { "height": 9.9, "match_type": "matched", "height_source": "source_b" }, "geometry": { "type": "Polygon", "coordinates": [ [ [ 30.264901, 59.940783999998644 ], [ 30.264986, 59.940712999998659 ], [ 30.265198, 59.94053399999865 ], [ 30.264978, 59.940467999998667 ], [ 30.264679, 59.940718999998658 ], [ 30.264901, 59.940783999998644 ] ] ] } },
{ "type": "Feature", "properties": { "height": 4.5, "match_type": "matched", "height_source": "source_b" }, "geometry": { "type": "Polygon", "coordinates": [ [ [ 30.264855, 59.93586899999864 ], [ 30.264811, 59.935899999998661 ], [ 30.264917, 59.935890999998648 ], [ 30.264855, 59.93586899999864 ] ] ] } },
{ "type": "Feature", "properties": { "height": 13.2, "match_type": "matched", "height_source": "source_b" }, "geometry": { "type": "Polygon", "coordinates": [ [ [ 30.26468, 59.939673999998647 ], [ 30.265165, 59.939807999998656 ], [ 30.265364, 59.939651999998638 ], [ 30.265141, 59.93958699999866 ], [ 30.265039, 59.939681999998655 ], [ 30.264768, 59.939601999998665 ], [ 30.26468, 59.939673999998647 ] ] ] } },
{ "type": "Feature", "properties": { "height": 13.2, "match_type": "matched", "height_source": "source_b" }, "geometry": { "type": "Polygon", "coordinates": [ [ [ 30.265537, 59.939473999998647 ], [ 30.26507, 59.939340999998656 ], [ 30.264945, 59.939457999998645 ], [ 30.265202, 59.939539999998665 ], [ 30.265141, 59.93958699999866 ], [ 30.265364, 59.939651999998638 ], [ 30.265537, 59.939473999998647 ] ] ] } },
{ "type": "Feature", "properties": { "height": 9.9, "match_type": "matched", "height_source": "source_b" }, "geometry": { "type": "Polygon", "coordinates": [ [ [ 30.265164, 59.940310999998658 ], [ 30.264978, 59.940467999998667 ], [ 30.26539, 59.940590999998633 ], [ 30.265581, 59.940429999998656 ], [ 30.265435, 59.940385999998661 ], [ 30.265358, 59.940451999998672 ], [ 30.265319, 59.940439999998674 ], [ 30.26539, 59.940379999998662 ], [ 30.265164, 59.940310999998658 ] ] ] } },
{ "type": "Feature", "properties": { "height": 18.0, "match_type": "matched", "height_source": "source_b" }, "geometry": { "type": "Polygon", "coordinates": [ [ [ 30.264721, 59.944944999998647 ], [ 30.264491, 59.945131999998665 ], [ 30.264724, 59.94520399999864 ], [ 30.264954, 59.945015999998652 ], [ 30.264721, 59.944944999998647 ] ] ] } },
{ "type": "Feature", "properties": { "height": 18.0, "match_type": "matched", "height_source": "source_b" }, "geometry": { "type": "Polygon", "coordinates": [ [ [ 30.265231, 59.938569999998649 ], [ 30.265515, 59.938316999998634 ], [ 30.265358, 59.93842599999865 ], [ 30.265123, 59.938358999998641 ], [ 30.265094, 59.938384999998654 ], [ 30.265205, 59.938416999998651 ], [ 30.265155, 59.938460999998647 ], [ 30.264402, 59.93825599999866 ], [ 30.264321, 59.938333999998676 ], [ 30.265231, 59.938569999998649 ] ] ] } },
{ "type": "Feature", "properties": { "height": 21.0, "match_type": "matched", "height_source": "source_b" }, "geometry": { "type": "Polygon", "coordinates": [ [ [ 30.265485, 59.938308999998618 ], [ 30.265364, 59.938271999998641 ], [ 30.265296, 59.93833199999866 ], [ 30.265165, 59.938293999998649 ], [ 30.265123, 59.938358999998641 ], [ 30.265358, 59.93842599999865 ], [ 30.265485, 59.938308999998618 ] ] ] } },
{ "type": "Feature", "properties": { "height": 15.0, "match_type": "matched", "height_source": "source_b" }, "geometry": { "type": "Polygon", "coordinates": [ [ [ 30.264717, 59.943133999998651 ], [ 30.26495, 59.942921999998653 ], [ 30.2647, 59.942851999998659 ], [ 30.264466, 59.943065999998659 ], [ 30.264717, 59.943133999998651 ] ] ] } },
{ "type": "Feature", "properties": { "height": 6.6, "match_type": "matched", "height_source": "source_b" }, "geometry": { "type": "Polygon", "coordinates": [ [ [ 30.265143, 59.944460999998633 ], [ 30.264784, 59.944362999998624 ], [ 30.264653, 59.944480999998682 ], [ 30.265016, 59.944579999998659 ], [ 30.265143, 59.944460999998633 ] ] ] } },
{ "type": "Feature", "properties": { "height": 6.6, "match_type": "matched", "height_source": "source_b" }, "geometry": { "type": "Polygon", "coordinates": [ [ [ 30.265295, 59.94450199999865 ], [ 30.265143, 59.944460999998633 ], [ 30.265016, 59.944579999998659 ], [ 30.265167, 59.944620999998655 ], [ 30.265295, 59.94450199999865 ] ] ] } },
{ "type": "Feature", "properties": { "height": 15.0, "match_type": "matched", "height_source": "source_b" }, "geometry": { "type": "Polygon", "coordinates": [ [ [ 30.264891, 59.93883999999867 ], [ 30.265017, 59.938873999998663 ], [ 30.265141, 59.938774999998643 ], [ 30.265632, 59.938919999998639 ], [ 30.265768, 59.938810999998658 ], [ 30.265283, 59.938667999998664 ], [ 30.265355, 59.938603999998655 ], [ 30.265231, 59.938569999998649 ], [ 30.264891, 59.93883999999867 ] ] ] } },
{ "type": "Feature", "properties": { "height": 13.2, "match_type": "matched", "height_source": "source_b" }, "geometry": { "type": "Polygon", "coordinates": [ [ [ 30.265142, 59.94506499999865 ], [ 30.265089, 59.945114999998637 ], [ 30.265221, 59.945150999998653 ], [ 30.265274, 59.945100999998658 ], [ 30.265142, 59.94506499999865 ] ] ] } },
{ "type": "Feature", "properties": { "height": 15.0, "match_type": "matched", "height_source": "source_b" }, "geometry": { "type": "Polygon", "coordinates": [ [ [ 30.265142, 59.94506499999865 ], [ 30.265345, 59.945119999998653 ], [ 30.265592, 59.944891999998646 ], [ 30.265389, 59.944836999998643 ], [ 30.265142, 59.94506499999865 ] ] ] } },
{ "type": "Feature", "properties": { "height": 13.2, "match_type": "matched", "height_source": "source_b" }, "geometry": { "type": "Polygon", "coordinates": [ [ [ 30.265281, 59.940211999998652 ], [ 30.265164, 59.940310999998658 ], [ 30.26539, 59.940379999998662 ], [ 30.26551, 59.940278999998661 ], [ 30.265281, 59.940211999998652 ] ] ] } },
{ "type": "Feature", "properties": { "height": 9.9, "match_type": "matched", "height_source": "source_b" }, "geometry": { "type": "Polygon", "coordinates": [ [ [ 30.265679, 59.941014999998657 ], [ 30.265468, 59.940951999998674 ], [ 30.265255, 59.941137999998659 ], [ 30.265466, 59.941198999998647 ], [ 30.265679, 59.941014999998657 ] ] ] } },
{ "type": "Feature", "properties": { "height": 13.2, "match_type": "matched", "height_source": "source_b" }, "geometry": { "type": "Polygon", "coordinates": [ [ [ 30.264956, 59.936738999998681 ], [ 30.264481, 59.937141999998673 ], [ 30.264764, 59.937226999998629 ], [ 30.26524, 59.936822999998647 ], [ 30.264956, 59.936738999998681 ] ] ] } },
{ "type": "Feature", "properties": { "height": 21.0, "match_type": "matched", "height_source": "source_b" }, "geometry": { "type": "Polygon", "coordinates": [ [ [ 30.26495, 59.942921999998653 ], [ 30.265215, 59.942688999998644 ], [ 30.264763, 59.942586999998639 ], [ 30.264722, 59.942654999998638 ], [ 30.264892, 59.942679999998653 ], [ 30.264763, 59.942795999998637 ], [ 30.264588, 59.942755999998646 ], [ 30.264538, 59.942815999998651 ], [ 30.26495, 59.942921999998653 ] ] ] } },
{ "type": "Feature", "properties": { "height": 21.0, "match_type": "matched", "height_source": "source_b" }, "geometry": { "type": "Polygon", "coordinates": [ [ [ 30.266003, 59.937533999998671 ], [ 30.265933, 59.937592999998664 ], [ 30.265859, 59.937568999998668 ], [ 30.26542, 59.937930999998649 ], [ 30.265498, 59.937954999998659 ], [ 30.26538, 59.938050999998651 ], [ 30.265497, 59.938086999998667 ], [ 30.265425, 59.938145999998646 ], [ 30.265702, 59.938230999998652 ], [ 30.266276, 59.937760999998652 ], [ 30.266182, 59.937731999998668 ], [ 30.266309, 59.937628999998651 ], [ 30.266003, 59.937533999998671 ] ] ] } },
{ "type": "Feature", "properties": { "height": 21.0, "match_type": "matched", "height_source": "source_b" }, "geometry": { "type": "Polygon", "coordinates": [ [ [ 30.265606, 59.944154999998652 ], [ 30.265846, 59.943950999998663 ], [ 30.264768, 59.943638999998626 ], [ 30.264549, 59.943836999998659 ], [ 30.264809, 59.943915999998652 ], [ 30.264935, 59.943801999998662 ], [ 30.265617, 59.943992999998649 ], [ 30.265479, 59.944116999998641 ], [ 30.265606, 59.944154999998652 ] ] ] } },
{ "type": "Feature", "properties": { "height": 27.0, "match_type": "matched", "height_source": "source_b" }, "geometry": { "type": "Polygon", "coordinates": [ [ [ 30.264515, 59.943997999998672 ], [ 30.264451, 59.943964999998656 ], [ 30.264387, 59.943997999998672 ], [ 30.264451, 59.944029999998648 ], [ 30.264515, 59.943997999998672 ] ] ] } },
{ "type": "Feature", "properties": { "height": 18.0, "match_type": "matched", "height_source": "source_b" }, "geometry": { "type": "Polygon", "coordinates": [ [ [ 30.265427, 59.944316999998634 ], [ 30.266228, 59.944542999998653 ], [ 30.266342, 59.944441999998659 ], [ 30.26571, 59.944263999998654 ], [ 30.265662, 59.94430699999868 ], [ 30.265602, 59.944289999998652 ], [ 30.265984, 59.943946999998644 ], [ 30.265882, 59.943915999998652 ], [ 30.265427, 59.944316999998634 ] ] ] } },
{ "type": "Feature", "properties": { "height": 21.0, "match_type": "matched", "height_source": "source_b" }, "geometry": { "type": "Polygon", "coordinates": [ [ [ 30.265427, 59.944316999998634 ], [ 30.265606, 59.944154999998652 ], [ 30.264549, 59.943836999998659 ], [ 30.264399, 59.943978999998649 ], [ 30.264512, 59.943987999998654 ], [ 30.264431, 59.94402799999866 ], [ 30.265427, 59.944316999998634 ] ] ] } },
{ "type": "Feature", "properties": { "height": 5.2, "match_type": "only_a", "height_source": "ml_predicted" }, "geometry": { "type": "Polygon", "coordinates": [ [ [ 30.26533, 59.93529 ], [ 30.2653, 59.93532 ], [ 30.26546, 59.93537 ], [ 30.26549, 59.93534 ], [ 30.26533, 59.93529 ] ] ] } },
{ "type": "Feature", "properties": { "height": 6.2, "match_type": "only_a", "height_source": "ml_predicted" }, "geometry": { "type": "Polygon", "coordinates": [ [ [ 30.26535, 59.93864 ], [ 30.26555, 59.93846 ], [ 30.26544, 59.93843 ], [ 30.26524, 59.93861 ], [ 30.26535, 59.93864 ] ] ] } },
{ "type": "Feature", "properties": { "height": 15.0, "match_type": "matched", "height_source": "source_b" }, "geometry": { "type": "Polygon", "coordinates": [ [ [ 30.265136, 59.943727999998643 ], [ 30.265349, 59.943787999998655 ], [ 30.265535, 59.943622999998667 ], [ 30.265321, 59.94356199999865 ], [ 30.265136, 59.943727999998643 ] ] ] } },
{ "type": "Feature", "properties": { "height": 6.6, "match_type": "matched", "height_source": "source_b" }, "geometry": { "type": "Polygon", "coordinates": [ [ [ 30.265737, 59.936249999998672 ], [ 30.265435, 59.936501999998647 ], [ 30.265651, 59.936563999998654 ], [ 30.265952, 59.936319999998666 ], [ 30.265737, 59.936249999998672 ] ] ] } },
{ "type": "Feature", "properties": { "height": 6.6, "match_type": "matched", "height_source": "source_b" }, "geometry": { "type": "Polygon", "coordinates": [ [ [ 30.26595, 59.938027999998653 ], [ 30.265702, 59.938230999998652 ], [ 30.265425, 59.938145999998646 ], [ 30.265297, 59.938250999998644 ], [ 30.265515, 59.938316999998634 ], [ 30.265406, 59.938413999998652 ], [ 30.266014, 59.938586999998648 ], [ 30.266266, 59.938362999998667 ], [ 30.266182, 59.938338999998649 ], [ 30.266324, 59.938211999998664 ], [ 30.266408, 59.938235999998689 ], [ 30.266464, 59.938185999998652 ], [ 30.26595, 59.938027999998653 ] ] ] } },
{ "type": "Feature", "properties": { "height": 9.9, "match_type": "matched", "height_source": "source_b" }, "geometry": { "type": "Polygon", "coordinates": [ [ [ 30.266266, 59.938362999998667 ], [ 30.266408, 59.938235999998689 ], [ 30.266324, 59.938211999998664 ], [ 30.266182, 59.938338999998649 ], [ 30.266266, 59.938362999998667 ] ] ] } },
{ "type": "Feature", "properties": { "height": 6.7, "match_type": "only_a", "height_source": "ml_predicted" }, "geometry": { "type": "Polygon", "coordinates": [ [ [ 30.26545, 59.935 ], [ 30.26541, 59.93502 ], [ 30.26549, 59.93501 ], [ 30.26545, 59.935 ] ] ] } },
{ "type": "Feature", "properties": { "height": 15.0, "match_type": "matched", "height_source": "source_b" }, "geometry": { "type": "Polygon", "coordinates": [ [ [ 30.265463, 59.937202999998647 ], [ 30.265645, 59.937253999998632 ], [ 30.266316, 59.936687999998647 ], [ 30.266119, 59.936633999998648 ], [ 30.265463, 59.937202999998647 ] ] ] } },
{ "type": "Feature", "properties": { "height": 13.2, "match_type": "matched", "height_source": "source_b" }, "geometry": { "type": "Polygon", "coordinates": [ [ [ 30.265685, 59.935438999998667 ], [ 30.265438, 59.935363999998629 ], [ 30.265047, 59.935690999998634 ], [ 30.265295, 59.935765999998665 ], [ 30.265685, 59.935438999998667 ] ] ] } },
{ "type": "Feature", "properties": { "height": 4.5, "match_type": "matched", "height_source": "source_b" }, "geometry": { "type": "Polygon", "coordinates": [ [ [ 30.265362, 59.939135999998634 ], [ 30.265464, 59.939046999998659 ], [ 30.265313, 59.939003999998647 ], [ 30.265211, 59.939091999998645 ], [ 30.265362, 59.939135999998634 ] ] ] } },
{ "type": "Feature", "properties": { "height": 9.9, "match_type": "matched", "height_source": "source_b" }, "geometry": { "type": "Polygon", "coordinates": [ [ [ 30.265308, 59.940219999998639 ], [ 30.265581, 59.940300999998669 ], [ 30.265647, 59.940244999998676 ], [ 30.265376, 59.940163999998639 ], [ 30.265308, 59.940219999998639 ] ] ] } },
{ "type": "Feature", "properties": { "height": 18.0, "match_type": "matched", "height_source": "source_b" }, "geometry": { "type": "Polygon", "coordinates": [ [ [ 30.265076, 59.943357999998661 ], [ 30.264907, 59.943503999998626 ], [ 30.265111, 59.943563999998659 ], [ 30.26528, 59.943417999998651 ], [ 30.265076, 59.943357999998661 ] ] ] } },
{ "type": "Feature", "properties": { "height": 18.0, "match_type": "matched", "height_source": "source_b" }, "geometry": { "type": "Polygon", "coordinates": [ [ [ 30.265528, 59.942966999998653 ], [ 30.265076, 59.943357999998661 ], [ 30.26528, 59.943417999998651 ], [ 30.265734, 59.943024999998663 ], [ 30.265528, 59.942966999998653 ] ] ] } },
{ "type": "Feature", "properties": { "height": 18.0, "match_type": "matched", "height_source": "source_b" }, "geometry": { "type": "Polygon", "coordinates": [ [ [ 30.26575, 59.94277499999864 ], [ 30.265528, 59.942966999998653 ], [ 30.265734, 59.943024999998663 ], [ 30.265936, 59.942902999998651 ], [ 30.26589, 59.942888999998672 ], [ 30.265953, 59.942834999998666 ], [ 30.26575, 59.94277499999864 ] ] ] } },
{ "type": "Feature", "properties": { "height": 9.9, "match_type": "matched", "height_source": "source_b" }, "geometry": { "type": "Polygon", "coordinates": [ [ [ 30.265581, 59.940429999998656 ], [ 30.265492, 59.940506999998647 ], [ 30.265727, 59.94057599999865 ], [ 30.265818, 59.940498999998653 ], [ 30.265581, 59.940429999998656 ] ] ] } },
{ "type": "Feature", "properties": { "height": 6.6, "match_type": "matched", "height_source": "source_b" }, "geometry": { "type": "Polygon", "coordinates": [ [ [ 30.265688, 59.941607999998638 ], [ 30.265591, 59.94169599999865 ], [ 30.26598, 59.941773999998652 ], [ 30.266052, 59.941708999998653 ], [ 30.265688, 59.941607999998638 ] ] ] } },
{ "type": "Feature", "properties": { "height": 6.6, "match_type": "matched", "height_source": "source_b" }, "geometry": { "type": "Polygon", "coordinates": [ [ [ 30.265612, 59.941772999998648 ], [ 30.265491, 59.941880999998673 ], [ 30.265618, 59.941916999998632 ], [ 30.265739, 59.941807999998638 ], [ 30.265612, 59.941772999998648 ] ] ] } },
{ "type": "Feature", "properties": { "height": 13.2, "match_type": "matched", "height_source": "source_b" }, "geometry": { "type": "Polygon", "coordinates": [ [ [ 30.265549, 59.944879999998662 ], [ 30.265675, 59.944767999998646 ], [ 30.265809, 59.944648999998648 ], [ 30.26565, 59.944603999998648 ], [ 30.265389, 59.944836999998643 ], [ 30.265549, 59.944879999998662 ] ] ] } },
{ "type": "Feature", "properties": { "height": 4.5, "match_type": "matched", "height_source": "source_b" }, "geometry": { "type": "Polygon", "coordinates": [ [ [ 30.26576, 59.935024999998639 ], [ 30.265845, 59.934951999998653 ], [ 30.265743, 59.934921999998636 ], [ 30.265659, 59.934994999998672 ], [ 30.26576, 59.935024999998639 ] ] ] } },
{ "type": "Feature", "properties": { "height": 15.0, "match_type": "matched", "height_source": "source_b" }, "geometry": { "type": "Polygon", "coordinates": [ [ [ 30.265463, 59.945139999998659 ], [ 30.265693, 59.945207999998658 ], [ 30.266047, 59.944903999998651 ], [ 30.265817, 59.944836999998657 ], [ 30.265463, 59.945139999998659 ] ] ] } },
{ "type": "Feature", "properties": { "height": 15.0, "match_type": "matched", "height_source": "source_b" }, "geometry": { "type": "Polygon", "coordinates": [ [ [ 30.265675, 59.944767999998646 ], [ 30.266047, 59.944903999998651 ], [ 30.266208, 59.944765999998651 ], [ 30.265809, 59.944648999998648 ], [ 30.265675, 59.944767999998646 ] ] ] } },
{ "type": "Feature", "properties": { "height": 6.6, "match_type": "matched", "height_source": "source_b" }, "geometry": { "type": "Polygon", "coordinates": [ [ [ 30.265635, 59.943676999998651 ], [ 30.26553, 59.943763999998659 ], [ 30.265648, 59.943799999998639 ], [ 30.265752, 59.943712999998624 ], [ 30.265635, 59.943676999998651 ] ] ] } },
{ "type": "Feature", "properties": { "height": 6.6, "match_type": "matched", "height_source": "source_b" }, "geometry": { "type": "Polygon", "coordinates": [ [ [ 30.265623, 59.940998999998655 ], [ 30.265706, 59.941022999998651 ], [ 30.265788, 59.940953999998655 ], [ 30.265705, 59.940928999998661 ], [ 30.265623, 59.940998999998655 ] ] ] } },
{ "type": "Feature", "properties": { "height": 15.0, "match_type": "matched", "height_source": "source_b" }, "geometry": { "type": "Polygon", "coordinates": [ [ [ 30.265469, 59.941546999998636 ], [ 30.265733, 59.941620999998648 ], [ 30.265925, 59.941446999998675 ], [ 30.265661, 59.941372999998649 ], [ 30.265469, 59.941546999998636 ] ] ] } },
{ "type": "Feature", "properties": { "height": 6.7, "match_type": "only_a", "height_source": "ml_predicted" }, "geometry": { "type": "Polygon", "coordinates": [ [ [ 30.26571, 59.93902 ], [ 30.26589, 59.93887 ], [ 30.26578, 59.93883 ], [ 30.2656, 59.93898 ], [ 30.26571, 59.93902 ] ] ] } },
{ "type": "Feature", "properties": { "height": 15.0, "match_type": "matched", "height_source": "source_b" }, "geometry": { "type": "Polygon", "coordinates": [ [ [ 30.265825, 59.939731999998649 ], [ 30.265699, 59.939844999998648 ], [ 30.265878, 59.939895999998633 ], [ 30.26598, 59.939804999998671 ], [ 30.265825, 59.939731999998649 ] ] ] } },
{ "type": "Feature", "properties": { "height": 6.6, "match_type": "matched", "height_source": "source_b" }, "geometry": { "type": "Polygon", "coordinates": [ [ [ 30.265656, 59.943895999998652 ], [ 30.265758, 59.943924999998636 ], [ 30.265952, 59.94374599999864 ], [ 30.265846, 59.943716999998664 ], [ 30.265656, 59.943895999998652 ] ] ] } },
{ "type": "Feature", "properties": { "height": 13.2, "match_type": "matched", "height_source": "source_b" }, "geometry": { "type": "Polygon", "coordinates": [ [ [ 30.265632, 59.939213999998657 ], [ 30.265755, 59.939106999998671 ], [ 30.265613, 59.939065999998661 ], [ 30.265701, 59.938989999998668 ], [ 30.265572, 59.938952999998648 ], [ 30.265362, 59.939135999998634 ], [ 30.265632, 59.939213999998657 ] ] ] } },
{ "type": "Feature", "properties": { "height": 13.2, "match_type": "matched", "height_source": "source_b" }, "geometry": { "type": "Polygon", "coordinates": [ [ [ 30.265792, 59.939261999998621 ], [ 30.265882, 59.939234999998654 ], [ 30.266023, 59.939108999998652 ], [ 30.265825, 59.939046999998659 ], [ 30.265632, 59.939213999998657 ], [ 30.265792, 59.939261999998621 ] ] ] } },
{ "type": "Feature", "properties": { "height": 15.0, "match_type": "matched", "height_source": "source_b" }, "geometry": { "type": "Polygon", "coordinates": [ [ [ 30.266014, 59.938586999998648 ], [ 30.265779, 59.93851999999864 ], [ 30.265575, 59.938701999998642 ], [ 30.265809, 59.938767999998653 ], [ 30.266014, 59.938586999998648 ] ] ] } },
{ "type": "Feature", "properties": { "height": 15.0, "match_type": "matched", "height_source": "source_b" }, "geometry": { "type": "Polygon", "coordinates": [ [ [ 30.265732, 59.939929999998618 ], [ 30.265527, 59.940102999998665 ], [ 30.265747, 59.940168999998654 ], [ 30.26586, 59.940070999998653 ], [ 30.265922, 59.940089999998627 ], [ 30.26597, 59.940048999998666 ], [ 30.265904, 59.940029999998657 ], [ 30.265946, 59.939992999998637 ], [ 30.265732, 59.939929999998618 ] ] ] } },
{ "type": "Feature", "properties": { "height": 15.0, "match_type": "matched", "height_source": "source_b" }, "geometry": { "type": "Polygon", "coordinates": [ [ [ 30.266052, 59.941708999998653 ], [ 30.26598, 59.941773999998652 ], [ 30.265828, 59.941908999998653 ], [ 30.266088, 59.941982999998679 ], [ 30.266312, 59.941782999998651 ], [ 30.266052, 59.941708999998653 ] ] ] } },
{ "type": "Feature", "properties": { "height": 6.6, "match_type": "matched", "height_source": "source_b" }, "geometry": { "type": "Polygon", "coordinates": [ [ [ 30.266015, 59.94024799999864 ], [ 30.266228, 59.940068999998658 ], [ 30.266095, 59.940026999998658 ], [ 30.265916, 59.940174999998646 ], [ 30.265785, 59.940135999998652 ], [ 30.265747, 59.940168999998654 ], [ 30.266015, 59.94024799999864 ] ] ] } },
{ "type": "Feature", "properties": { "height": 9.9, "match_type": "matched", "height_source": "source_b" }, "geometry": { "type": "Polygon", "coordinates": [ [ [ 30.26591, 59.93496999999865 ], [ 30.265956, 59.934930999998649 ], [ 30.266978, 59.935224999998653 ], [ 30.266925, 59.935269999998624 ], [ 30.267075, 59.935310999998649 ], [ 30.267334, 59.935079999998649 ], [ 30.266009, 59.934704999998658 ], [ 30.265743, 59.934921999998636 ], [ 30.26591, 59.93496999999865 ] ] ] } },
{ "type": "Feature", "properties": { "height": 9.9, "match_type": "matched", "height_source": "source_b" }, "geometry": { "type": "Polygon", "coordinates": [ [ [ 30.265573, 59.935366999998664 ], [ 30.265924, 59.935074999998655 ], [ 30.265634, 59.934986999998678 ], [ 30.265318, 59.935249999998646 ], [ 30.265573, 59.935366999998664 ] ] ] } },
{ "type": "Feature", "properties": { "height": 5.1, "match_type": "only_a", "height_source": "ml_predicted" }, "geometry": { "type": "Polygon", "coordinates": [ [ [ 30.26592, 59.94387 ], [ 30.26588, 59.94386 ], [ 30.26583, 59.9439 ], [ 30.26587, 59.94391 ], [ 30.26592, 59.94387 ] ] ] } },
{ "type": "Feature", "properties": { "height": 18.0, "match_type": "matched", "height_source": "source_b" }, "geometry": { "type": "Polygon", "coordinates": [ [ [ 30.265966, 59.942587999998658 ], [ 30.26575, 59.94277499999864 ], [ 30.265995, 59.942846999998636 ], [ 30.266211, 59.942659999998646 ], [ 30.265966, 59.942587999998658 ] ] ] } },
{ "type": "Feature", "properties": { "height": 9.4, "match_type": "only_a", "height_source": "ml_predicted" }, "geometry": { "type": "Polygon", "coordinates": [ [ [ 30.26601, 59.94432 ], [ 30.26605, 59.94428 ], [ 30.26599, 59.94426 ], [ 30.26595, 59.9443 ], [ 30.26601, 59.94432 ] ] ] } },
{ "type": "Feature", "properties": { "height": 4.5, "match_type": "matched", "height_source": "source_b" }, "geometry": { "type": "Polygon", "coordinates": [ [ [ 30.265952, 59.94374599999864 ], [ 30.265996, 59.943704999998673 ], [ 30.265848, 59.943664999998624 ], [ 30.265804, 59.943705999998649 ], [ 30.265952, 59.94374599999864 ] ] ] } },
{ "type": "Feature", "properties": { "height": 15.0, "match_type": "matched", "height_source": "source_b" }, "geometry": { "type": "Polygon", "coordinates": [ [ [ 30.266503, 59.939754999998634 ], [ 30.265968, 59.939603999998639 ], [ 30.265825, 59.939731999998649 ], [ 30.266125, 59.939817999998667 ], [ 30.266208, 59.939742999998643 ], [ 30.266294, 59.93976699999866 ], [ 30.266101, 59.93996399999866 ], [ 30.266229, 59.939999999998662 ], [ 30.266503, 59.939754999998634 ] ] ] } },
{ "type": "Feature", "properties": { "height": 15.0, "match_type": "matched", "height_source": "source_b" }, "geometry": { "type": "Polygon", "coordinates": [ [ [ 30.265977, 59.941241999998667 ], [ 30.265799, 59.94141199999865 ], [ 30.266044, 59.94147499999864 ], [ 30.26622, 59.941305999998661 ], [ 30.265977, 59.941241999998667 ] ] ] } },
{ "type": "Feature", "properties": { "height": 15.0, "match_type": "matched", "height_source": "source_b" }, "geometry": { "type": "Polygon", "coordinates": [ [ [ 30.266496, 59.941154999998652 ], [ 30.266054, 59.941043999998634 ], [ 30.266008, 59.941088999998641 ], [ 30.266076, 59.941105999998662 ], [ 30.266128, 59.941217999998635 ], [ 30.266077, 59.941268999998655 ], [ 30.266377, 59.941336999998647 ], [ 30.266442, 59.94127399999865 ], [ 30.26639, 59.941259999998671 ], [ 30.266496, 59.941154999998652 ] ] ] } },
{ "type": "Feature", "properties": { "height": 9.9, "match_type": "matched", "height_source": "source_b" }, "geometry": { "type": "Polygon", "coordinates": [ [ [ 30.265991, 59.943269999998655 ], [ 30.266828, 59.943504999998645 ], [ 30.266921, 59.943422999998639 ], [ 30.266087, 59.943186999998659 ], [ 30.265991, 59.943269999998655 ] ] ] } },
{ "type": "Feature", "properties": { "height": 9.9, "match_type": "matched", "height_source": "source_b" }, "geometry": { "type": "Polygon", "coordinates": [ [ [ 30.266184, 59.945838999998649 ], [ 30.265983, 59.94578199999868 ], [ 30.265864, 59.945885999998652 ], [ 30.266071, 59.945944999998673 ], [ 30.266184, 59.945838999998649 ] ] ] } },
{ "type": "Feature", "properties": { "height": 4.5, "match_type": "matched", "height_source": "source_b" }, "geometry": { "type": "Polygon", "coordinates": [ [ [ 30.265976, 59.944105999998641 ], [ 30.265911, 59.94416999999865 ], [ 30.266041, 59.944203999998642 ], [ 30.266107, 59.944140999998666 ], [ 30.265976, 59.944105999998641 ] ] ] } },
{ "type": "Feature", "properties": { "height": 6.6, "match_type": "matched", "height_source": "source_b" }, "geometry": { "type": "Polygon", "coordinates": [ [ [ 30.266111, 59.940585999998653 ], [ 30.266017, 59.94066499999866 ], [ 30.266106, 59.940691999998648 ], [ 30.2662, 59.940612999998635 ], [ 30.266111, 59.940585999998653 ] ] ] } },
{ "type": "Feature", "properties": { "height": 6.6, "match_type": "matched", "height_source": "source_b" }, "geometry": { "type": "Polygon", "coordinates": [ [ [ 30.266272, 59.940781999998649 ], [ 30.266129, 59.940915999998637 ], [ 30.266456, 59.941002999998645 ], [ 30.266598, 59.940867999998673 ], [ 30.266272, 59.940781999998649 ] ] ] } },
{ "type": "Feature", "properties": { "height": 21.0, "match_type": "matched", "height_source": "source_b" }, "geometry": { "type": "Polygon", "coordinates": [ [ [ 30.266015, 59.94024799999864 ], [ 30.267025, 59.940543999998638 ], [ 30.267131, 59.940453999998667 ], [ 30.266125, 59.94015099999865 ], [ 30.266015, 59.94024799999864 ] ] ] } },
{ "type": "Feature", "properties": { "height": 24.0, "match_type": "matched", "height_source": "source_b" }, "geometry": { "type": "Polygon", "coordinates": [ [ [ 30.26642, 59.938431999998649 ], [ 30.266547, 59.938468999998641 ], [ 30.266623, 59.938405999998636 ], [ 30.266498, 59.938367999998647 ], [ 30.26642, 59.938431999998649 ] ] ] } },
{ "type": "Feature", "properties": { "height": 24.0, "match_type": "matched", "height_source": "source_b" }, "geometry": { "type": "Polygon", "coordinates": [ [ [ 30.267091, 59.937874999998648 ], [ 30.26723, 59.937916999998649 ], [ 30.26731, 59.937850999998666 ], [ 30.26717, 59.937808999998651 ], [ 30.267091, 59.937874999998648 ] ] ] } },
{ "type": "Feature", "properties": { "height": 21.0, "match_type": "matched", "height_source": "source_b" }, "geometry": { "type": "Polygon", "coordinates": [ [ [ 30.267505, 59.937859999998636 ], [ 30.267216, 59.937770999998655 ], [ 30.26717, 59.937808999998651 ], [ 30.26731, 59.937850999998666 ], [ 30.26723, 59.937916999998649 ], [ 30.267091, 59.937874999998648 ], [ 30.26683, 59.938092999998652 ], [ 30.266975, 59.938136999998662 ], [ 30.266898, 59.938200999998649 ], [ 30.266752, 59.938156999998675 ], [ 30.266498, 59.938367999998647 ], [ 30.266623, 59.938405999998636 ], [ 30.266547, 59.938468999998641 ], [ 30.266734, 59.938522999998639 ], [ 30.267505, 59.937859999998636 ] ] ] } },
{ "type": "Feature", "properties": { "height": 9.9, "match_type": "matched", "height_source": "source_b" }, "geometry": { "type": "Polygon", "coordinates": [ [ [ 30.26642, 59.938431999998649 ], [ 30.266154, 59.93865399999865 ], [ 30.266477, 59.938742999998652 ], [ 30.266734, 59.938522999998639 ], [ 30.26642, 59.938431999998649 ] ] ] } },
{ "type": "Feature", "properties": { "height": 24.0, "match_type": "matched", "height_source": "source_b" }, "geometry": { "type": "Polygon", "coordinates": [ [ [ 30.266752, 59.938156999998675 ], [ 30.266898, 59.938200999998649 ], [ 30.266975, 59.938136999998662 ], [ 30.26683, 59.938092999998652 ], [ 30.266752, 59.938156999998675 ] ] ] } },
{ "type": "Feature", "properties": { "height": 21.0, "match_type": "matched", "height_source": "source_b" }, "geometry": { "type": "Polygon", "coordinates": [ [ [ 30.267068, 59.93662299999864 ], [ 30.267184, 59.936528999998643 ], [ 30.266946, 59.936459999998661 ], [ 30.266893, 59.936504999998647 ], [ 30.266746, 59.936459999998647 ], [ 30.266703, 59.936494999998637 ], [ 30.266648, 59.936477999998658 ], [ 30.266739, 59.936400999998654 ], [ 30.266503, 59.936332999998669 ], [ 30.266194, 59.936592999998652 ], [ 30.266437, 59.936665999998645 ], [ 30.266577, 59.936547999998638 ], [ 30.266775, 59.936606999998659 ], [ 30.266635, 59.936724999998638 ], [ 30.266864, 59.936792999998666 ], [ 30.267004, 59.936674999998672 ], [ 30.267197, 59.936731999998656 ], [ 30.267067, 59.936841999998641 ], [ 30.267207, 59.936879999998645 ], [ 30.267472, 59.93666399999865 ], [ 30.267194, 59.93657299999866 ], [ 30.267119, 59.936637999998666 ], [ 30.267068, 59.93662299999864 ] ] ] } },
{ "type": "Feature", "properties": { "height": 4.5, "match_type": "matched", "height_source": "source_b" }, "geometry": { "type": "Polygon", "coordinates": [ [ [ 30.266308, 59.94336099999866 ], [ 30.266204, 59.943451999998651 ], [ 30.266429, 59.943516999998664 ], [ 30.266536, 59.943421999998634 ], [ 30.266308, 59.94336099999866 ] ] ] } },
{ "type": "Feature", "properties": { "height": 18.0, "match_type": "matched", "height_source": "source_b" }, "geometry": { "type": "Polygon", "coordinates": [ [ [ 30.265521, 59.936186999998661 ], [ 30.265769, 59.936260999998666 ], [ 30.2665, 59.935635999998659 ], [ 30.266248, 59.935563999998656 ], [ 30.265521, 59.936186999998661 ] ] ] } },
{ "type": "Feature", "properties": { "height": 1.7, "match_type": "only_a", "height_source": "ml_predicted" }, "geometry": { "type": "Polygon", "coordinates": [ [ [ 30.26626, 59.94264 ], [ 30.26607, 59.94258 ], [ 30.26603, 59.94262 ], [ 30.26622, 59.94267 ], [ 30.26626, 59.94264 ] ] ] } },
{ "type": "Feature", "properties": { "height": 4.5, "match_type": "matched", "height_source": "source_b" }, "geometry": { "type": "Polygon", "coordinates": [ [ [ 30.26616, 59.937991999998665 ], [ 30.266115, 59.938027999998667 ], [ 30.266326, 59.93809499999864 ], [ 30.266372, 59.93805999999865 ], [ 30.26616, 59.937991999998665 ] ] ] } },
{ "type": "Feature", "properties": { "height": 18.0, "match_type": "matched", "height_source": "source_b" }, "geometry": { "type": "Polygon", "coordinates": [ [ [ 30.266219, 59.943554999998646 ], [ 30.266046, 59.943711999998662 ], [ 30.2662, 59.943754999998639 ], [ 30.266374, 59.943596999998661 ], [ 30.266219, 59.943554999998646 ] ] ] } },
{ "type": "Feature", "properties": { "height": 15.0, "match_type": "matched", "height_source": "source_b" }, "geometry": { "type": "Polygon", "coordinates": [ [ [ 30.266819, 59.939572999998653 ], [ 30.266926, 59.939482999998667 ], [ 30.266517, 59.93936199999866 ], [ 30.266635, 59.939266999998694 ], [ 30.26651, 59.939228999998655 ], [ 30.266285, 59.939413999998649 ], [ 30.266819, 59.939572999998653 ] ] ] } },
{ "type": "Feature", "properties": { "height": 18.0, "match_type": "matched", "height_source": "source_b" }, "geometry": { "type": "Polygon", "coordinates": [ [ [ 30.266052, 59.941708999998653 ], [ 30.266312, 59.941782999998651 ], [ 30.266509, 59.941607999998638 ], [ 30.266249, 59.941533999998647 ], [ 30.266052, 59.941708999998653 ] ] ] } },
{ "type": "Feature", "properties": { "height": 9.9, "match_type": "matched", "height_source": "source_b" }, "geometry": { "type": "Polygon", "coordinates": [ [ [ 30.265733, 59.941620999998648 ], [ 30.266052, 59.941708999998653 ], [ 30.26613, 59.94163999999865 ], [ 30.265811, 59.941550999998661 ], [ 30.265733, 59.941620999998648 ] ] ] } },
{ "type": "Feature", "properties": { "height": 15.1, "match_type": "only_a", "height_source": "ml_predicted" }, "geometry": { "type": "Polygon", "coordinates": [ [ [ 30.26637, 59.94311 ], [ 30.26671, 59.9432 ], [ 30.26674, 59.94317 ], [ 30.26641, 59.94307 ], [ 30.26637, 59.94311 ] ] ] } },
{ "type": "Feature", "properties": { "height": 15.0, "match_type": "matched", "height_source": "source_b" }, "geometry": { "type": "Polygon", "coordinates": [ [ [ 30.267088, 59.945209999998653 ], [ 30.267211, 59.945091999998645 ], [ 30.266877, 59.944990999998652 ], [ 30.26668, 59.94515199999865 ], [ 30.267088, 59.945209999998653 ] ] ] } },
{ "type": "Feature", "properties": { "height": 15.0, "match_type": "matched", "height_source": "source_b" }, "geometry": { "type": "Polygon", "coordinates": [ [ [ 30.266747, 59.94509399999864 ], [ 30.266877, 59.944990999998652 ], [ 30.266604, 59.944911999998673 ], [ 30.266385, 59.945101999998649 ], [ 30.266517, 59.945139999998645 ], [ 30.266651, 59.945064999998642 ], [ 30.266747, 59.94509399999864 ] ] ] } },
{ "type": "Feature", "properties": { "height": 9.9, "match_type": "matched", "height_source": "source_b" }, "geometry": { "type": "Polygon", "coordinates": [ [ [ 30.266398, 59.935606999998633 ], [ 30.266678, 59.935680999998674 ], [ 30.266979, 59.935418999998639 ], [ 30.266707, 59.935336999998647 ], [ 30.266398, 59.935606999998633 ] ] ] } },
{ "type": "Feature", "properties": { "height": 4.5, "match_type": "matched", "height_source": "source_b" }, "geometry": { "type": "Polygon", "coordinates": [ [ [ 30.266979, 59.935418999998639 ], [ 30.267026, 59.935379999998652 ], [ 30.266849, 59.935325999998632 ], [ 30.266802, 59.935364999998647 ], [ 30.266979, 59.935418999998639 ] ] ] } },
{ "type": "Feature", "properties": { "height": 24.0, "match_type": "matched", "height_source": "source_b" }, "geometry": { "type": "Polygon", "coordinates": [ [ [ 30.266367, 59.943059999998667 ], [ 30.266528, 59.943103999998648 ], [ 30.266597, 59.943039999998675 ], [ 30.266663, 59.943058999998634 ], [ 30.266594, 59.943121999998681 ], [ 30.266725, 59.943157999998633 ], [ 30.266936, 59.943031999998666 ], [ 30.266786, 59.942990999998642 ], [ 30.266889, 59.942896999998645 ], [ 30.266537, 59.94279999999867 ], [ 30.266345, 59.942938999998653 ], [ 30.266463, 59.942971999998662 ], [ 30.266367, 59.943059999998667 ] ] ] } },
{ "type": "Feature", "properties": { "height": 27.0, "match_type": "matched", "height_source": "source_b" }, "geometry": { "type": "Polygon", "coordinates": [ [ [ 30.266528, 59.943103999998648 ], [ 30.266594, 59.943121999998681 ], [ 30.266663, 59.943058999998634 ], [ 30.266597, 59.943039999998675 ], [ 30.266528, 59.943103999998648 ] ] ] } },
{ "type": "Feature", "properties": { "height": 19.0, "match_type": "only_a", "height_source": "ml_predicted" }, "geometry": { "type": "Polygon", "coordinates": [ [ [ 30.26643, 59.94308 ], [ 30.26654, 59.94313 ], [ 30.26656, 59.94312 ], [ 30.26643, 59.94308 ] ] ] } },
{ "type": "Feature", "properties": { "height": 4.0, "match_type": "only_a", "height_source": "ml_predicted" }, "geometry": { "type": "Polygon", "coordinates": [ [ [ 30.26645, 59.94136 ], [ 30.26652, 59.9413 ], [ 30.26641, 59.94135 ], [ 30.26645, 59.94136 ] ] ] } },
{ "type": "Feature", "properties": { "height": 4.5, "match_type": "matched", "height_source": "source_b" }, "geometry": { "type": "Polygon", "coordinates": [ [ [ 30.266391, 59.938076999998643 ], [ 30.266324, 59.938129999998651 ], [ 30.266437, 59.938165999998667 ], [ 30.266504, 59.93811299999868 ], [ 30.266391, 59.938076999998643 ] ] ] } },
{ "type": "Feature", "properties": { "height": 3.7, "match_type": "only_a", "height_source": "ml_predicted" }, "geometry": { "type": "Polygon", "coordinates": [ [ [ 30.26652, 59.9416 ], [ 30.26655, 59.94158 ], [ 30.26642, 59.94157 ], [ 30.26652, 59.9416 ] ] ] } },
{ "type": "Feature", "properties": { "height": 18.0, "match_type": "matched", "height_source": "source_b" }, "geometry": { "type": "Polygon", "coordinates": [ [ [ 30.266575, 59.93754099999866 ], [ 30.266777, 59.937598999998649 ], [ 30.267449, 59.937037999998658 ], [ 30.267237, 59.936973999998635 ], [ 30.266575, 59.93754099999866 ] ] ] } },
{ "type": "Feature", "properties": { "height": 15.0, "match_type": "matched", "height_source": "source_b" }, "geometry": { "type": "Polygon", "coordinates": [ [ [ 30.265882, 59.943915999998652 ], [ 30.266574, 59.944121999998664 ], [ 30.26666, 59.944048999998657 ], [ 30.265966, 59.943841999998639 ], [ 30.265882, 59.943915999998652 ] ] ] } },
{ "type": "Feature", "properties": { "height": 21.0, "match_type": "matched", "height_source": "source_b" }, "geometry": { "type": "Polygon", "coordinates": [ [ [ 30.266503, 59.939754999998634 ], [ 30.2664, 59.939845999998653 ], [ 30.266985, 59.94001599999865 ], [ 30.266961, 59.940037999998637 ], [ 30.267379, 59.940126999998647 ], [ 30.267482, 59.940036999998647 ], [ 30.266503, 59.939754999998634 ] ] ] } },
{ "type": "Feature", "properties": { "height": 5.8, "match_type": "only_a", "height_source": "ml_predicted" }, "geometry": { "type": "Polygon", "coordinates": [ [ [ 30.2666, 59.94386 ], [ 30.26662, 59.94384 ], [ 30.26645, 59.94382 ], [ 30.2666, 59.94386 ] ] ] } },
{ "type": "Feature", "properties": { "height": 9.9, "match_type": "matched", "height_source": "source_b" }, "geometry": { "type": "Polygon", "coordinates": [ [ [ 30.266995, 59.942725999998643 ], [ 30.267071, 59.94266199999867 ], [ 30.267134, 59.94268099999865 ], [ 30.267346, 59.942502999998638 ], [ 30.267189, 59.942504999998654 ], [ 30.267232, 59.942468999998646 ], [ 30.267099, 59.942428999998626 ], [ 30.267046, 59.942472999998635 ], [ 30.267185, 59.942514999998643 ], [ 30.267094, 59.942590999998657 ], [ 30.266982, 59.942555999998632 ], [ 30.266773, 59.942627999998663 ], [ 30.266493, 59.942543999998648 ], [ 30.266392, 59.942629999998644 ], [ 30.266901, 59.942810999998649 ], [ 30.26698, 59.942797999998646 ], [ 30.267036, 59.942737999998663 ], [ 30.266995, 59.942725999998643 ] ] ] } },
{ "type": "Feature", "properties": { "height": 13.2, "match_type": "matched", "height_source": "source_b" }, "geometry": { "type": "Polygon", "coordinates": [ [ [ 30.266956, 59.942548999998657 ], [ 30.267094, 59.942590999998657 ], [ 30.267185, 59.942514999998643 ], [ 30.267046, 59.942472999998635 ], [ 30.266956, 59.942548999998657 ] ] ] } },
{ "type": "Feature", "properties": { "height": 15.0, "match_type": "matched", "height_source": "source_b" }, "geometry": { "type": "Polygon", "coordinates": [ [ [ 30.267008, 59.942401999998658 ], [ 30.267232, 59.942468999998646 ], [ 30.267611, 59.942151999998636 ], [ 30.267387, 59.942084999998649 ], [ 30.267008, 59.942401999998658 ] ] ] } },
{ "type": "Feature", "properties": { "height": 13.2, "match_type": "matched", "height_source": "source_b" }, "geometry": { "type": "Polygon", "coordinates": [ [ [ 30.267232, 59.942468999998646 ], [ 30.267189, 59.942504999998654 ], [ 30.267298, 59.942488999998645 ], [ 30.267232, 59.942468999998646 ] ] ] } },
{ "type": "Feature", "properties": { "height": 21.0, "match_type": "matched", "height_source": "source_b" }, "geometry": { "type": "Polygon", "coordinates": [ [ [ 30.266595, 59.939160999998656 ], [ 30.267119, 59.939320999998664 ], [ 30.267291, 59.939173999998651 ], [ 30.267027, 59.939095999998649 ], [ 30.267152, 59.938988999998671 ], [ 30.2669, 59.938916999998654 ], [ 30.266595, 59.939160999998656 ] ] ] } },
{ "type": "Feature", "properties": { "height": 15.0, "match_type": "matched", "height_source": "source_b" }, "geometry": { "type": "Polygon", "coordinates": [ [ [ 30.266522, 59.945934999998656 ], [ 30.266636, 59.945966999998667 ], [ 30.266695, 59.945914999998656 ], [ 30.266581, 59.945882999998666 ], [ 30.266522, 59.945934999998656 ] ] ] } },
{ "type": "Feature", "properties": { "height": 15.0, "match_type": "matched", "height_source": "source_b" }, "geometry": { "type": "Polygon", "coordinates": [ [ [ 30.266018, 59.945791999998654 ], [ 30.266108, 59.945817999998638 ], [ 30.26617, 59.945762999998642 ], [ 30.266079, 59.945736999998665 ], [ 30.266018, 59.945791999998654 ] ] ] } },
{ "type": "Feature", "properties": { "height": 13.2, "match_type": "matched", "height_source": "source_b" }, "geometry": { "type": "Polygon", "coordinates": [ [ [ 30.266108, 59.945817999998638 ], [ 30.266522, 59.945934999998656 ], [ 30.266581, 59.945882999998666 ], [ 30.266695, 59.945914999998656 ], [ 30.266636, 59.945966999998667 ], [ 30.266718, 59.945989999998659 ], [ 30.266877, 59.945848999998645 ], [ 30.266013, 59.945603999998674 ], [ 30.265854, 59.945744999998631 ], [ 30.266018, 59.945791999998654 ], [ 30.266079, 59.945736999998665 ], [ 30.26617, 59.945762999998642 ], [ 30.266108, 59.945817999998638 ] ] ] } },
{ "type": "Feature", "properties": { "height": 21.0, "match_type": "matched", "height_source": "source_b" }, "geometry": { "type": "Polygon", "coordinates": [ [ [ 30.267756, 59.936329999998655 ], [ 30.267454, 59.93624199999865 ], [ 30.267397, 59.936293999998668 ], [ 30.267314, 59.936271999998652 ], [ 30.267374, 59.936218999998651 ], [ 30.266822, 59.936060999998638 ], [ 30.266752, 59.936117999998658 ], [ 30.266806, 59.936133999998631 ], [ 30.266616, 59.936294999998658 ], [ 30.266565, 59.936279999998646 ], [ 30.266503, 59.936332999998669 ], [ 30.267454, 59.936606999998659 ], [ 30.267542, 59.936528999998643 ], [ 30.267346, 59.936472999998664 ], [ 30.267499, 59.93633899999864 ], [ 30.267685, 59.936391999998648 ], [ 30.267756, 59.936329999998655 ] ], [ [ 30.266847, 59.936333999998659 ], [ 30.267016, 59.93618499999868 ], [ 30.267191, 59.936234999998646 ], [ 30.267023, 59.936383999998668 ], [ 30.266847, 59.936333999998659 ] ] ] } },
{ "type": "Feature", "properties": { "height": 21.0, "match_type": "matched", "height_source": "source_b" }, "geometry": { "type": "Polygon", "coordinates": [ [ [ 30.266474, 59.941353999998633 ], [ 30.266738, 59.941429999998647 ], [ 30.266942, 59.941250999998651 ], [ 30.266678, 59.941174999998651 ], [ 30.266474, 59.941353999998633 ] ] ] } },
{ "type": "Feature", "properties": { "height": 13.2, "match_type": "matched", "height_source": "source_b" }, "geometry": { "type": "Polygon", "coordinates": [ [ [ 30.267119, 59.939320999998664 ], [ 30.266815, 59.939230999998678 ], [ 30.266745, 59.939294999998651 ], [ 30.266917, 59.939341999998661 ], [ 30.266799, 59.939446999998651 ], [ 30.266926, 59.939482999998667 ], [ 30.267119, 59.939320999998664 ] ] ] } },
{ "type": "Feature", "properties": { "height": 13.2, "match_type": "matched", "height_source": "source_b" }, "geometry": { "type": "Polygon", "coordinates": [ [ [ 30.266694, 59.94192399999865 ], [ 30.266525, 59.942069999998658 ], [ 30.266744, 59.942134999998672 ], [ 30.266915, 59.941988999998664 ], [ 30.266694, 59.94192399999865 ] ] ] } },
{ "type": "Feature", "properties": { "height": 4.5, "match_type": "matched", "height_source": "source_b" }, "geometry": { "type": "Polygon", "coordinates": [ [ [ 30.266431, 59.943675999998653 ], [ 30.266285, 59.943804999998648 ], [ 30.266394, 59.943836999998645 ], [ 30.266441, 59.943794999998673 ], [ 30.266624, 59.943810999998632 ], [ 30.266811, 59.943864999998667 ], [ 30.266879, 59.943803999998643 ], [ 30.266431, 59.943675999998653 ] ] ] } },
{ "type": "Feature", "properties": { "height": 4.5, "match_type": "matched", "height_source": "source_b" }, "geometry": { "type": "Polygon", "coordinates": [ [ [ 30.266925, 59.935269999998624 ], [ 30.266891, 59.93530199999865 ], [ 30.267041, 59.93534199999867 ], [ 30.267075, 59.935310999998649 ], [ 30.266925, 59.935269999998624 ] ] ] } },
{ "type": "Feature", "properties": { "height": 13.2, "match_type": "matched", "height_source": "source_b" }, "geometry": { "type": "Polygon", "coordinates": [ [ [ 30.266964, 59.940675999998639 ], [ 30.266818, 59.940633999998653 ], [ 30.266654, 59.940778999998642 ], [ 30.266799, 59.94082099999865 ], [ 30.266964, 59.940675999998639 ] ] ] } },
{ "type": "Feature", "properties": { "height": 4.5, "match_type": "matched", "height_source": "source_b" }, "geometry": { "type": "Polygon", "coordinates": [ [ [ 30.266909, 59.941807999998638 ], [ 30.266832, 59.941863999998652 ], [ 30.266953, 59.941904999998641 ], [ 30.26703, 59.941849999998652 ], [ 30.266909, 59.941807999998638 ] ] ] } },
{ "type": "Feature", "properties": { "height": 18.7, "match_type": "only_a", "height_source": "ml_predicted" }, "geometry": { "type": "Polygon", "coordinates": [ [ [ 30.26684, 59.94314 ], [ 30.26691, 59.9431 ], [ 30.26691, 59.94308 ], [ 30.26684, 59.94314 ] ] ] } },
{ "type": "Feature", "properties": { "height": 15.0, "match_type": "matched", "height_source": "source_b" }, "geometry": { "type": "Polygon", "coordinates": [ [ [ 30.26663, 59.944139999998633 ], [ 30.266863, 59.944208999998665 ], [ 30.267296, 59.94384099999867 ], [ 30.267063, 59.943771999998653 ], [ 30.26663, 59.944139999998633 ] ] ] } },
{ "type": "Feature", "properties": { "height": 15.0, "match_type": "matched", "height_source": "source_b" }, "geometry": { "type": "Polygon", "coordinates": [ [ [ 30.266344, 59.94438299999868 ], [ 30.266576, 59.944451999998634 ], [ 30.266863, 59.944208999998665 ], [ 30.26663, 59.944139999998633 ], [ 30.266344, 59.94438299999868 ] ] ] } },
{ "type": "Feature", "properties": { "height": 11.4, "match_type": "only_a", "height_source": "ml_predicted" }, "geometry": { "type": "Polygon", "coordinates": [ [ [ 30.26691, 59.94292 ], [ 30.26694, 59.94289 ], [ 30.2666, 59.94279 ], [ 30.26658, 59.94281 ], [ 30.26691, 59.94292 ] ] ] } },
{ "type": "Feature", "properties": { "height": 13.2, "match_type": "matched", "height_source": "source_b" }, "geometry": { "type": "Polygon", "coordinates": [ [ [ 30.266813, 59.945388999998649 ], [ 30.266897, 59.945315999998641 ], [ 30.266577, 59.945226999998646 ], [ 30.266506, 59.945299999998653 ], [ 30.266813, 59.945388999998649 ] ] ] } },
{ "type": "Feature", "properties": { "height": 4.6, "match_type": "only_a", "height_source": "ml_predicted" }, "geometry": { "type": "Polygon", "coordinates": [ [ [ 30.26702, 59.94189 ], [ 30.26712, 59.94192 ], [ 30.26718, 59.94187 ], [ 30.26706, 59.94185 ], [ 30.26702, 59.94189 ] ] ] } },
{ "type": "Feature", "properties": { "height": 7.1, "match_type": "only_a", "height_source": "ml_predicted" }, "geometry": { "type": "Polygon", "coordinates": [ [ [ 30.26707, 59.93632 ], [ 30.2671, 59.9363 ], [ 30.26693, 59.93628 ], [ 30.26707, 59.93632 ] ] ] } },
{ "type": "Feature", "properties": { "height": 15.0, "match_type": "matched", "height_source": "source_b" }, "geometry": { "type": "Polygon", "coordinates": [ [ [ 30.26747, 59.940792999998671 ], [ 30.267282, 59.940738999998672 ], [ 30.267095, 59.940900999998654 ], [ 30.267283, 59.940954999998638 ], [ 30.26747, 59.940792999998671 ] ] ] } },
{ "type": "Feature", "properties": { "height": 9.9, "match_type": "matched", "height_source": "source_b" }, "geometry": { "type": "Polygon", "coordinates": [ [ [ 30.267293, 59.945881999998676 ], [ 30.267365, 59.945818999998671 ], [ 30.267111, 59.945747999998666 ], [ 30.266735, 59.946077999998664 ], [ 30.26689, 59.94612299999865 ], [ 30.267198, 59.945854999998645 ], [ 30.267293, 59.945881999998676 ] ] ] } },
{ "type": "Feature", "properties": { "height": 21.0, "match_type": "matched", "height_source": "source_b" }, "geometry": { "type": "Polygon", "coordinates": [ [ [ 30.267454, 59.93624199999865 ], [ 30.267756, 59.936329999998655 ], [ 30.267859, 59.93624299999864 ], [ 30.26769, 59.936191999998641 ], [ 30.267829, 59.936075999998643 ], [ 30.267958, 59.936142999998644 ], [ 30.268056, 59.936059999998619 ], [ 30.267125, 59.935791999998642 ], [ 30.267053, 59.935854999998647 ], [ 30.267099, 59.935867999998649 ], [ 30.266822, 59.936060999998638 ], [ 30.267374, 59.936218999998651 ], [ 30.267431, 59.936167999998652 ], [ 30.267509, 59.936190999998665 ], [ 30.267454, 59.93624199999865 ] ], [ [ 30.267326, 59.935923999998664 ], [ 30.267446, 59.93595899999864 ], [ 30.267292, 59.936091999998659 ], [ 30.267172, 59.936055999998679 ], [ 30.267326, 59.935923999998664 ] ] ] } },
{ "type": "Feature", "properties": { "height": 15.0, "match_type": "matched", "height_source": "source_b" }, "geometry": { "type": "Polygon", "coordinates": [ [ [ 30.266703, 59.941181999998641 ], [ 30.266942, 59.941250999998651 ], [ 30.267138, 59.941079999998657 ], [ 30.266899, 59.941010999998639 ], [ 30.266703, 59.941181999998641 ] ] ] } },
{ "type": "Feature", "properties": { "height": 15.0, "match_type": "matched", "height_source": "source_b" }, "geometry": { "type": "Polygon", "coordinates": [ [ [ 30.267282, 59.940738999998672 ], [ 30.266989, 59.940653999998652 ], [ 30.266873, 59.940753999998684 ], [ 30.267166, 59.940838999998633 ], [ 30.267282, 59.940738999998672 ] ] ] } },
{ "type": "Feature", "properties": { "height": 21.0, "match_type": "matched", "height_source": "source_b" }, "geometry": { "type": "Polygon", "coordinates": [ [ [ 30.2669, 59.938916999998654 ], [ 30.267152, 59.938988999998671 ], [ 30.267281, 59.938867999998656 ], [ 30.267651, 59.938967999998681 ], [ 30.267766, 59.938859999998662 ], [ 30.267167, 59.938660999998689 ], [ 30.2669, 59.938916999998654 ] ] ] } },
{ "type": "Feature", "properties": { "height": 11.9, "match_type": "only_a", "height_source": "ml_predicted" }, "geometry": { "type": "Polygon", "coordinates": [ [ [ 30.26718, 59.94187 ], [ 30.26712, 59.94192 ], [ 30.26721, 59.94188 ], [ 30.26718, 59.94187 ] ] ] } },
{ "type": "Feature", "properties": { "height": 15.0, "match_type": "matched", "height_source": "source_b" }, "geometry": { "type": "Polygon", "coordinates": [ [ [ 30.26731, 59.940195999998636 ], [ 30.267086, 59.940380999998645 ], [ 30.267277, 59.940439999998674 ], [ 30.267502, 59.940253999998653 ], [ 30.26731, 59.940195999998636 ] ] ] } },
{ "type": "Feature", "properties": { "height": 9.9, "match_type": "matched", "height_source": "source_b" }, "geometry": { "type": "Polygon", "coordinates": [ [ [ 30.267216, 59.937770999998655 ], [ 30.267339, 59.937712999998638 ], [ 30.267014, 59.937612999998649 ], [ 30.26693, 59.937680999998641 ], [ 30.267216, 59.937770999998655 ] ] ] } },
{ "type": "Feature", "properties": { "height": 6.6, "match_type": "matched", "height_source": "source_b" }, "geometry": { "type": "Polygon", "coordinates": [ [ [ 30.266911, 59.939495999998641 ], [ 30.266857, 59.939540999998655 ], [ 30.267149, 59.939623999998666 ], [ 30.267201, 59.939577999998633 ], [ 30.266911, 59.939495999998641 ] ] ] } },
{ "type": "Feature", "properties": { "height": 15.0, "match_type": "matched", "height_source": "source_b" }, "geometry": { "type": "Polygon", "coordinates": [ [ [ 30.267225, 59.943819999998631 ], [ 30.267888, 59.943262999998652 ], [ 30.267658, 59.943193999998634 ], [ 30.266995, 59.943750999998649 ], [ 30.267225, 59.943819999998631 ] ] ] } },
{ "type": "Feature", "properties": { "height": 15.0, "match_type": "matched", "height_source": "source_b" }, "geometry": { "type": "Polygon", "coordinates": [ [ [ 30.266813, 59.945388999998649 ], [ 30.26728, 59.945538999998654 ], [ 30.267423, 59.945414999998647 ], [ 30.266936, 59.945279999998661 ], [ 30.266813, 59.945388999998649 ] ] ] } },
{ "type": "Feature", "properties": { "height": 24.0, "match_type": "matched", "height_source": "source_b" }, "geometry": { "type": "Polygon", "coordinates": [ [ [ 30.267041, 59.941679999998662 ], [ 30.266954, 59.941753999998639 ], [ 30.267212, 59.94182999999866 ], [ 30.26716, 59.941874999998646 ], [ 30.267599, 59.942003999998633 ], [ 30.267703, 59.941914999998652 ], [ 30.267608, 59.94188699999868 ], [ 30.267643, 59.941856999998656 ], [ 30.267041, 59.941679999998662 ] ] ] } },
{ "type": "Feature", "properties": { "height": 6.6, "match_type": "matched", "height_source": "source_b" }, "geometry": { "type": "Polygon", "coordinates": [ [ [ 30.267302, 59.939336999998623 ], [ 30.267204, 59.939423999998652 ], [ 30.267604, 59.939573999998672 ], [ 30.267801, 59.939598999998658 ], [ 30.267904, 59.939506999998635 ], [ 30.267302, 59.939336999998623 ] ] ] } },
{ "type": "Feature", "properties": { "height": 4.5, "match_type": "matched", "height_source": "source_b" }, "geometry": { "type": "Polygon", "coordinates": [ [ [ 30.267288, 59.941496999998655 ], [ 30.267387, 59.941530999998633 ], [ 30.267447, 59.941486999998666 ], [ 30.267347, 59.941452999998646 ], [ 30.267288, 59.941496999998655 ] ] ] } },
{ "type": "Feature", "properties": { "height": 15.0, "match_type": "matched", "height_source": "source_b" }, "geometry": { "type": "Polygon", "coordinates": [ [ [ 30.267907, 59.940157999998654 ], [ 30.26773, 59.940314999998648 ], [ 30.267682, 59.940300999998655 ], [ 30.267548, 59.940420999998651 ], [ 30.267805, 59.940493999998658 ], [ 30.268085, 59.940243999998664 ], [ 30.268081, 59.940206999998665 ], [ 30.267907, 59.940157999998654 ] ] ] } },
{ "type": "Feature", "properties": { "height": 15.0, "match_type": "matched", "height_source": "source_b" }, "geometry": { "type": "Polygon", "coordinates": [ [ [ 30.267482, 59.940036999998647 ], [ 30.267325, 59.940175999998637 ], [ 30.267689, 59.940279999998651 ], [ 30.267907, 59.940157999998654 ], [ 30.267482, 59.940036999998647 ] ] ] } },
{ "type": "Feature", "properties": { "height": 15.0, "match_type": "matched", "height_source": "source_b" }, "geometry": { "type": "Polygon", "coordinates": [ [ [ 30.267267, 59.938688999998632 ], [ 30.267377, 59.938720999998658 ], [ 30.26748, 59.938630999998658 ], [ 30.267369, 59.938598999998668 ], [ 30.267267, 59.938688999998632 ] ] ] } },
{ "type": "Feature", "properties": { "height": 4.5, "match_type": "matched", "height_source": "source_b" }, "geometry": { "type": "Polygon", "coordinates": [ [ [ 30.267472, 59.93666399999865 ], [ 30.267317, 59.936790999998657 ], [ 30.26741, 59.936821999998678 ], [ 30.267562, 59.936689999998656 ], [ 30.267472, 59.93666399999865 ] ] ] } },
{ "type": "Feature", "properties": { "height": 13.2, "match_type": "matched", "height_source": "source_b" }, "geometry": { "type": "Polygon", "coordinates": [ [ [ 30.267638, 59.941594999998657 ], [ 30.267429, 59.94177199999865 ], [ 30.267665, 59.941841999998658 ], [ 30.267874, 59.941665999998662 ], [ 30.267638, 59.941594999998657 ] ] ] } },
{ "type": "Feature", "properties": { "height": 15.0, "match_type": "matched", "height_source": "source_b" }, "geometry": { "type": "Polygon", "coordinates": [ [ [ 30.267221, 59.944405999998658 ], [ 30.267477, 59.94447999999867 ], [ 30.26756, 59.944408999998657 ], [ 30.267761, 59.944503999998645 ], [ 30.267877, 59.944403999998649 ], [ 30.26761, 59.944365999998659 ], [ 30.267664, 59.944319999998633 ], [ 30.267408, 59.944244999998645 ], [ 30.267221, 59.944405999998658 ] ] ] } },
{ "type": "Feature", "properties": { "height": 12.5, "match_type": "only_a", "height_source": "ml_predicted" }, "geometry": { "type": "Polygon", "coordinates": [ [ [ 30.26748, 59.94285 ], [ 30.26778, 59.94296 ], [ 30.26811, 59.94269 ], [ 30.26777, 59.9426 ], [ 30.26748, 59.94285 ] ] ] } },
{ "type": "Feature", "properties": { "height": 3.3, "match_type": "only_a", "height_source": "ml_predicted" }, "geometry": { "type": "Polygon", "coordinates": [ [ [ 30.26748, 59.94458 ], [ 30.26756, 59.94451 ], [ 30.26746, 59.94449 ], [ 30.26738, 59.94456 ], [ 30.26748, 59.94458 ] ] ] } },
{ "type": "Feature", "properties": { "height": 6.6, "match_type": "matched", "height_source": "source_b" }, "geometry": { "type": "Polygon", "coordinates": [ [ [ 30.267412, 59.934840999998649 ], [ 30.267584, 59.934837999998649 ], [ 30.267587, 59.934760999998659 ], [ 30.267416, 59.934756999998648 ], [ 30.267412, 59.934840999998649 ] ], [ [ 30.267552, 59.934796999998639 ], [ 30.267503, 59.934821999998633 ], [ 30.267454, 59.934796999998653 ], [ 30.26749, 59.934772999998643 ], [ 30.267552, 59.934796999998639 ] ] ] } },
{ "type": "Feature", "properties": { "height": 9.9, "match_type": "matched", "height_source": "source_b" }, "geometry": { "type": "Polygon", "coordinates": [ [ [ 30.267552, 59.934796999998639 ], [ 30.26749, 59.934772999998643 ], [ 30.267454, 59.934796999998653 ], [ 30.267503, 59.934821999998633 ], [ 30.267552, 59.934796999998639 ] ] ] } },
{ "type": "Feature", "properties": { "height": 4.5, "match_type": "matched", "height_source": "source_b" }, "geometry": { "type": "Polygon", "coordinates": [ [ [ 30.267388, 59.93478599999866 ], [ 30.26733, 59.934791999998644 ], [ 30.267354, 59.934846999998641 ], [ 30.267412, 59.934840999998649 ], [ 30.267388, 59.93478599999866 ] ] ] } },
{ "type": "Feature", "properties": { "height": 2.1, "match_type": "only_a", "height_source": "ml_predicted" }, "geometry": { "type": "Polygon", "coordinates": [ [ [ 30.26752, 59.93687 ], [ 30.26748, 59.93686 ], [ 30.2674, 59.93693 ], [ 30.26743, 59.93694 ], [ 30.26752, 59.93687 ] ] ] } },
{ "type": "Feature", "properties": { "height": 9.9, "match_type": "matched", "height_source": "source_b" }, "geometry": { "type": "Polygon", "coordinates": [ [ [ 30.267646, 59.937444999998661 ], [ 30.267308, 59.937347999998607 ], [ 30.26722, 59.937423999998643 ], [ 30.267559, 59.937520999998647 ], [ 30.267646, 59.937444999998661 ] ] ] } },
{ "type": "Feature", "properties": { "height": 15.0, "match_type": "matched", "height_source": "source_b" }, "geometry": { "type": "Polygon", "coordinates": [ [ [ 30.267744, 59.941046999998633 ], [ 30.267527, 59.941237999998648 ], [ 30.267773, 59.941308999998633 ], [ 30.267824, 59.941263999998661 ], [ 30.268008, 59.941316999998641 ], [ 30.268136, 59.941203999998642 ], [ 30.267889, 59.941170999998647 ], [ 30.267958, 59.941109999998666 ], [ 30.267744, 59.941046999998633 ] ] ] } },
{ "type": "Feature", "properties": { "height": 5.2, "match_type": "only_a", "height_source": "ml_predicted" }, "geometry": { "type": "Polygon", "coordinates": [ [ [ 30.26757, 59.94207 ], [ 30.26763, 59.94202 ], [ 30.26756, 59.94198 ], [ 30.26748, 59.94196 ], [ 30.26741, 59.94202 ], [ 30.26757, 59.94207 ] ] ] } },
{ "type": "Feature", "properties": { "height": 13.2, "match_type": "matched", "height_source": "source_b" }, "geometry": { "type": "Polygon", "coordinates": [ [ [ 30.267505, 59.937859999998636 ], [ 30.267897, 59.937517999998647 ], [ 30.267646, 59.937444999998661 ], [ 30.267258, 59.937782999998653 ], [ 30.267505, 59.937859999998636 ] ] ] } },
{ "type": "Feature", "properties": { "height": 9.9, "match_type": "matched", "height_source": "source_b" }, "geometry": { "type": "Polygon", "coordinates": [ [ [ 30.267556, 59.941569999998649 ], [ 30.267944, 59.941686999998645 ], [ 30.268017, 59.941624999998638 ], [ 30.267971, 59.941610999998659 ], [ 30.268182, 59.941434999998648 ], [ 30.267973, 59.941371999998658 ], [ 30.267817, 59.941502999998654 ], [ 30.267888, 59.941523999998658 ], [ 30.26783, 59.941571999998658 ], [ 30.267626, 59.941510999998656 ], [ 30.267556, 59.941569999998649 ] ] ] } },
{ "type": "Feature", "properties": { "height": 6.6, "match_type": "matched", "height_source": "source_b" }, "geometry": { "type": "Polygon", "coordinates": [ [ [ 30.267365, 59.945818999998671 ], [ 30.267293, 59.945881999998676 ], [ 30.267717, 59.946004999998657 ], [ 30.267793, 59.945938999998646 ], [ 30.267365, 59.945818999998671 ] ] ] } },
{ "type": "Feature", "properties": { "height": 15.0, "match_type": "matched", "height_source": "source_b" }, "geometry": { "type": "Polygon", "coordinates": [ [ [ 30.267557, 59.945351999998643 ], [ 30.267698, 59.94523499999864 ], [ 30.267211, 59.945091999998645 ], [ 30.267088, 59.945209999998653 ], [ 30.267557, 59.945351999998643 ] ] ] } },
{ "type": "Feature", "properties": { "height": 4.5, "match_type": "matched", "height_source": "source_b" }, "geometry": { "type": "Polygon", "coordinates": [ [ [ 30.26768, 59.942201999998666 ], [ 30.267487, 59.942377999998641 ], [ 30.267607, 59.942410999998657 ], [ 30.2678, 59.942234999998632 ], [ 30.26768, 59.942201999998666 ] ] ] } },
{ "type": "Feature", "properties": { "height": 6.6, "match_type": "matched", "height_source": "source_b" }, "geometry": { "type": "Polygon", "coordinates": [ [ [ 30.2678, 59.942234999998632 ], [ 30.267838, 59.94219999999865 ], [ 30.268063, 59.941993999998658 ], [ 30.267777, 59.941915999998656 ], [ 30.267683, 59.942003999998647 ], [ 30.267847, 59.942048999998647 ], [ 30.26768, 59.942201999998666 ], [ 30.2678, 59.942234999998632 ] ] ] } },
{ "type": "Feature", "properties": { "height": 7.2, "match_type": "only_a", "height_source": "ml_predicted" }, "geometry": { "type": "Polygon", "coordinates": [ [ [ 30.26773, 59.93558 ], [ 30.26767, 59.93556 ], [ 30.26764, 59.93559 ], [ 30.2677, 59.9356 ], [ 30.26773, 59.93558 ] ] ] } },
{ "type": "Feature", "properties": { "height": 21.0, "match_type": "matched", "height_source": "source_b" }, "geometry": { "type": "Polygon", "coordinates": [ [ [ 30.269043, 59.941409999998655 ], [ 30.269171, 59.941290999998643 ], [ 30.268919, 59.941217999998621 ], [ 30.268749, 59.941370999998639 ], [ 30.269043, 59.941409999998655 ] ] ] } },
{ "type": "Feature", "properties": { "height": 4.5, "match_type": "matched", "height_source": "source_b" }, "geometry": { "type": "Polygon", "coordinates": [ [ [ 30.268276, 59.941205999998637 ], [ 30.268221, 59.941251999998642 ], [ 30.268524, 59.941343999998637 ], [ 30.268579, 59.941296999998642 ], [ 30.268276, 59.941205999998637 ] ] ] } },
{ "type": "Feature", "properties": { "height": 18.0, "match_type": "matched", "height_source": "source_b" }, "geometry": { "type": "Polygon", "coordinates": [ [ [ 30.26956, 59.941540999998637 ], [ 30.269203, 59.941494999998675 ], [ 30.268936, 59.941379999998638 ], [ 30.26879, 59.941506999998666 ], [ 30.269397, 59.941688999998647 ], [ 30.26956, 59.941540999998637 ] ] ] } },
{ "type": "Feature", "properties": { "height": 18.0, "match_type": "matched", "height_source": "source_b" }, "geometry": { "type": "Polygon", "coordinates": [ [ [ 30.268919, 59.941217999998621 ], [ 30.268733, 59.941163999998658 ], [ 30.268608, 59.941271999998655 ], [ 30.2688, 59.941328999998653 ], [ 30.268919, 59.941217999998621 ] ] ] } },
{ "type": "Feature", "properties": { "height": 18.0, "match_type": "matched", "height_source": "source_b" }, "geometry": { "type": "Polygon", "coordinates": [ [ [ 30.268819, 59.941089999998688 ], [ 30.267977, 59.94084799999866 ], [ 30.267744, 59.941046999998633 ], [ 30.268579, 59.941296999998642 ], [ 30.268819, 59.941089999998688 ] ], [ [ 30.268128, 59.940922999998634 ], [ 30.268448, 59.941044999998674 ], [ 30.268521, 59.941025999998637 ], [ 30.268374, 59.941146999998658 ], [ 30.268068, 59.941026999998655 ], [ 30.268128, 59.940922999998634 ] ] ] } },
{ "type": "Feature", "properties": { "height": 15.0, "match_type": "matched", "height_source": "source_b" }, "geometry": { "type": "Polygon", "coordinates": [ [ [ 30.267694, 59.938196999998659 ], [ 30.268637, 59.938467999998636 ], [ 30.26894, 59.938187999998632 ], [ 30.26863, 59.938144999998656 ], [ 30.268444, 59.938313999998648 ], [ 30.268382, 59.938296999998649 ], [ 30.268419, 59.938263999998654 ], [ 30.268146, 59.938187999998647 ], [ 30.268055, 59.938203999998649 ], [ 30.268232, 59.938042999998657 ], [ 30.268015, 59.937943999998637 ], [ 30.267694, 59.938196999998659 ] ] ] } },
{ "type": "Feature", "properties": { "height": 5.5, "match_type": "only_a", "height_source": "ml_predicted" }, "geometry": { "type": "Polygon", "coordinates": [ [ [ 30.26777, 59.93656 ], [ 30.26768, 59.93654 ], [ 30.26763, 59.93658 ], [ 30.26772, 59.93661 ], [ 30.26777, 59.93656 ] ] ] } },
{ "type": "Feature", "properties": { "height": 15.0, "match_type": "matched", "height_source": "source_b" }, "geometry": { "type": "Polygon", "coordinates": [ [ [ 30.26854, 59.935750999998646 ], [ 30.268818, 59.935516999998647 ], [ 30.268233, 59.935348999998659 ], [ 30.267952, 59.93559399999863 ], [ 30.268186, 59.935663999998631 ], [ 30.268338, 59.935533999998654 ], [ 30.268552, 59.935590999998659 ], [ 30.268407, 59.935716999998647 ], [ 30.26854, 59.935750999998646 ] ] ] } },
{ "type": "Feature", "properties": { "height": 15.0, "match_type": "matched", "height_source": "source_b" }, "geometry": { "type": "Polygon", "coordinates": [ [ [ 30.268103, 59.93545699999865 ], [ 30.268233, 59.935348999998659 ], [ 30.267762, 59.935213999998673 ], [ 30.267592, 59.935361999998648 ], [ 30.268103, 59.93545699999865 ] ] ] } },
{ "type": "Feature", "properties": { "height": 5.1, "match_type": "only_a", "height_source": "ml_predicted" }, "geometry": { "type": "Polygon", "coordinates": [ [ [ 30.26778, 59.94592 ], [ 30.26784, 59.94587 ], [ 30.26743, 59.94575 ], [ 30.26737, 59.9458 ], [ 30.26778, 59.94592 ] ] ] } },
{ "type": "Feature", "properties": { "height": 18.0, "match_type": "matched", "height_source": "source_b" }, "geometry": { "type": "Polygon", "coordinates": [ [ [ 30.267167, 59.938660999998689 ], [ 30.267267, 59.938688999998632 ], [ 30.267369, 59.938598999998668 ], [ 30.267507, 59.938637999998647 ], [ 30.267579, 59.938574999998664 ], [ 30.26744, 59.938535999998663 ], [ 30.267594, 59.938399999998637 ], [ 30.267814, 59.93846299999867 ], [ 30.267936, 59.938355999998642 ], [ 30.268178, 59.938472999998659 ], [ 30.268552, 59.938540999998658 ], [ 30.268637, 59.938467999998636 ], [ 30.267945, 59.938268999998641 ], [ 30.267855, 59.938347999998648 ], [ 30.267711, 59.938306999998652 ], [ 30.267801, 59.938227999998638 ], [ 30.267694, 59.938196999998659 ], [ 30.267167, 59.938660999998689 ] ] ] } },
{ "type": "Feature", "properties": { "height": 15.0, "match_type": "matched", "height_source": "source_b" }, "geometry": { "type": "Polygon", "coordinates": [ [ [ 30.267594, 59.938399999998637 ], [ 30.26744, 59.938535999998663 ], [ 30.267579, 59.938574999998664 ], [ 30.267733, 59.93843999999865 ], [ 30.267594, 59.938399999998637 ] ] ] } },
{ "type": "Feature", "properties": { "height": 15.0, "match_type": "matched", "height_source": "source_b" }, "geometry": { "type": "Polygon", "coordinates": [ [ [ 30.267801, 59.938227999998638 ], [ 30.267711, 59.938306999998652 ], [ 30.267855, 59.938347999998648 ], [ 30.267945, 59.938268999998641 ], [ 30.267801, 59.938227999998638 ] ] ] } },
{ "type": "Feature", "properties": { "height": 6.6, "match_type": "matched", "height_source": "source_b" }, "geometry": { "type": "Polygon", "coordinates": [ [ [ 30.267636, 59.942383999998647 ], [ 30.267754, 59.942416999998656 ], [ 30.267834, 59.942343999998641 ], [ 30.26799, 59.942386999998639 ], [ 30.268112, 59.942274999998638 ], [ 30.267838, 59.94219999999865 ], [ 30.267636, 59.942383999998647 ] ] ] } },
{ "type": "Feature", "properties": { "height": 15.0, "match_type": "matched", "height_source": "source_b" }, "geometry": { "type": "Polygon", "coordinates": [ [ [ 30.267838, 59.94219999999865 ], [ 30.268112, 59.942274999998638 ], [ 30.268177, 59.942216999998664 ], [ 30.268046, 59.942180999998648 ], [ 30.268135, 59.94209899999867 ], [ 30.268295, 59.942142999998651 ], [ 30.268367, 59.942077999998645 ], [ 30.268063, 59.941993999998658 ], [ 30.267838, 59.94219999999865 ] ] ] } },
{ "type": "Feature", "properties": { "height": 15.0, "match_type": "matched", "height_source": "source_b" }, "geometry": { "type": "Polygon", "coordinates": [ [ [ 30.267879, 59.938832999998652 ], [ 30.267592, 59.939080999998666 ], [ 30.267857, 59.93915799999867 ], [ 30.268145, 59.938909999998657 ], [ 30.267879, 59.938832999998652 ] ] ] } },
{ "type": "Feature", "properties": { "height": 4.5, "match_type": "matched", "height_source": "source_b" }, "geometry": { "type": "Polygon", "coordinates": [ [ [ 30.267835, 59.944512999998686 ], [ 30.26779, 59.944557999998636 ], [ 30.267868, 59.94457799999865 ], [ 30.267914, 59.944533999998669 ], [ 30.267835, 59.944512999998686 ] ] ] } },
{ "type": "Feature", "properties": { "height": 18.0, "match_type": "matched", "height_source": "source_b" }, "geometry": { "type": "Polygon", "coordinates": [ [ [ 30.267996, 59.94597399999865 ], [ 30.268107, 59.946004999998657 ], [ 30.268272, 59.945855999998628 ], [ 30.268161, 59.945824999998656 ], [ 30.267996, 59.94597399999865 ] ] ] } },
{ "type": "Feature", "properties": { "height": 15.0, "match_type": "matched", "height_source": "source_b" }, "geometry": { "type": "Polygon", "coordinates": [ [ [ 30.268422, 59.94561099999865 ], [ 30.268259, 59.945755999998653 ], [ 30.268133, 59.945719999998659 ], [ 30.267881, 59.94594299999865 ], [ 30.267996, 59.94597399999865 ], [ 30.268161, 59.945824999998656 ], [ 30.268272, 59.945855999998628 ], [ 30.268107, 59.946004999998657 ], [ 30.268216, 59.946037999998659 ], [ 30.268629, 59.945670999998647 ], [ 30.268422, 59.94561099999865 ] ] ] } },
{ "type": "Feature", "properties": { "height": 5.1, "match_type": "only_a", "height_source": "ml_predicted" }, "geometry": { "type": "Polygon", "coordinates": [ [ [ 30.26786, 59.94246 ], [ 30.26796, 59.94245 ], [ 30.26784, 59.94245 ], [ 30.26786, 59.94246 ] ] ] } },
{ "type": "Feature", "properties": { "height": 5.4, "match_type": "only_a", "height_source": "ml_predicted" }, "geometry": { "type": "Polygon", "coordinates": [ [ [ 30.26794, 59.94248 ], [ 30.26786, 59.94246 ], [ 30.26783, 59.94248 ], [ 30.26792, 59.94251 ], [ 30.26794, 59.94248 ] ] ] } },
{ "type": "Feature", "properties": { "height": 13.2, "match_type": "matched", "height_source": "source_b" }, "geometry": { "type": "Polygon", "coordinates": [ [ [ 30.267805, 59.942928999998657 ], [ 30.267457, 59.942836999998661 ], [ 30.267335, 59.942950999998651 ], [ 30.267939, 59.943122999998643 ], [ 30.268052, 59.943021999998656 ], [ 30.268103, 59.943035999998656 ], [ 30.268498, 59.942685999998638 ], [ 30.26783, 59.942496999998667 ], [ 30.267734, 59.942581999998644 ], [ 30.268085, 59.94268099999865 ], [ 30.267805, 59.942928999998657 ] ] ] } },
{ "type": "Feature", "properties": { "height": 4.5, "match_type": "matched", "height_source": "source_b" }, "geometry": { "type": "Polygon", "coordinates": [ [ [ 30.267916, 59.945563999998654 ], [ 30.267842, 59.945622999998662 ], [ 30.267998, 59.945671999998652 ], [ 30.268072, 59.945613999998649 ], [ 30.267916, 59.945563999998654 ] ] ] } },
{ "type": "Feature", "properties": { "height": 18.0, "match_type": "matched", "height_source": "source_b" }, "geometry": { "type": "Polygon", "coordinates": [ [ [ 30.267723, 59.934304999998652 ], [ 30.268138, 59.934399999998647 ], [ 30.26846, 59.934119999998657 ], [ 30.268202, 59.934050999998654 ], [ 30.26801, 59.934220999998637 ], [ 30.267847, 59.93417899999865 ], [ 30.267723, 59.934304999998652 ] ] ] } },
{ "type": "Feature", "properties": { "height": 15.0, "match_type": "matched", "height_source": "source_b" }, "geometry": { "type": "Polygon", "coordinates": [ [ [ 30.268015, 59.937943999998637 ], [ 30.268286, 59.93801499999865 ], [ 30.268434, 59.937867999998659 ], [ 30.268383, 59.937855999998646 ], [ 30.268418, 59.937819999998659 ], [ 30.268215, 59.93776799999867 ], [ 30.268015, 59.937943999998637 ] ] ] } },
{ "type": "Feature", "properties": { "height": 13.2, "match_type": "matched", "height_source": "source_b" }, "geometry": { "type": "Polygon", "coordinates": [ [ [ 30.268418, 59.937819999998659 ], [ 30.268516, 59.937771999998674 ], [ 30.268281, 59.937708999998648 ], [ 30.268215, 59.93776799999867 ], [ 30.268418, 59.937819999998659 ] ] ] } },
{ "type": "Feature", "properties": { "height": 15.0, "match_type": "matched", "height_source": "source_b" }, "geometry": { "type": "Polygon", "coordinates": [ [ [ 30.267224, 59.944832999998667 ], [ 30.267324, 59.944746999998642 ], [ 30.266979, 59.944645999998649 ], [ 30.266879, 59.944731999998673 ], [ 30.267224, 59.944832999998667 ] ] ] } },
{ "type": "Feature", "properties": { "height": 15.0, "match_type": "matched", "height_source": "source_b" }, "geometry": { "type": "Polygon", "coordinates": [ [ [ 30.267306, 59.944430999998637 ], [ 30.26724, 59.944487999998671 ], [ 30.26718, 59.944470999998657 ], [ 30.266979, 59.944645999998649 ], [ 30.267209, 59.944712999998636 ], [ 30.267273, 59.944657999998633 ], [ 30.267371, 59.94468599999864 ], [ 30.267439, 59.944626999998654 ], [ 30.267341, 59.944597999998635 ], [ 30.267477, 59.94447999999867 ], [ 30.267306, 59.944430999998637 ] ] ] } },
{ "type": "Feature", "properties": { "height": 15.0, "match_type": "matched", "height_source": "source_b" }, "geometry": { "type": "Polygon", "coordinates": [ [ [ 30.267855, 59.945017999998647 ], [ 30.267955, 59.944931999998651 ], [ 30.267324, 59.944746999998642 ], [ 30.267224, 59.944832999998667 ], [ 30.267855, 59.945017999998647 ] ] ] } },
{ "type": "Feature", "properties": { "height": 4.0, "match_type": "only_a", "height_source": "ml_predicted" }, "geometry": { "type": "Polygon", "coordinates": [ [ [ 30.26806, 59.94465 ], [ 30.26811, 59.9446 ], [ 30.26801, 59.94464 ], [ 30.26806, 59.94465 ] ] ] } },
{ "type": "Feature", "properties": { "height": 21.0, "match_type": "matched", "height_source": "source_b" }, "geometry": { "type": "Polygon", "coordinates": [ [ [ 30.267125, 59.935791999998642 ], [ 30.268056, 59.936059999998619 ], [ 30.268358, 59.935796999998637 ], [ 30.267424, 59.93552999999865 ], [ 30.267125, 59.935791999998642 ] ], [ [ 30.267607, 59.935668999998647 ], [ 30.267986, 59.935772999998669 ], [ 30.267851, 59.935880999998652 ], [ 30.267485, 59.935780999998634 ], [ 30.267607, 59.935668999998647 ] ] ] } },
{ "type": "Feature", "properties": { "height": 15.0, "match_type": "matched", "height_source": "source_b" }, "geometry": { "type": "Polygon", "coordinates": [ [ [ 30.268195, 59.936635999998643 ], [ 30.268052, 59.936724999998667 ], [ 30.268393, 59.936831999998653 ], [ 30.267757, 59.93739199999866 ], [ 30.267936, 59.937444999998661 ], [ 30.268609, 59.936876999998653 ], [ 30.268518, 59.936849999998628 ], [ 30.268625, 59.936759999998635 ], [ 30.268195, 59.936635999998643 ] ] ] } },
{ "type": "Feature", "properties": { "height": 6.8, "match_type": "only_a", "height_source": "ml_predicted" }, "geometry": { "type": "Polygon", "coordinates": [ [ [ 30.26807, 59.94569 ], [ 30.2681, 59.94567 ], [ 30.26802, 59.94568 ], [ 30.26807, 59.94569 ] ] ] } },
{ "type": "Feature", "properties": { "height": 6.2, "match_type": "only_a", "height_source": "ml_predicted" }, "geometry": { "type": "Polygon", "coordinates": [ [ [ 30.26809, 59.94575 ], [ 30.26803, 59.94573 ], [ 30.26799, 59.94576 ], [ 30.26806, 59.94578 ], [ 30.26809, 59.94575 ] ] ] } },
{ "type": "Feature", "properties": { "height": 13.2, "match_type": "matched", "height_source": "source_b" }, "geometry": { "type": "Polygon", "coordinates": [ [ [ 30.268116, 59.941945999998637 ], [ 30.268308, 59.941769999998655 ], [ 30.268168, 59.941731999998652 ], [ 30.268023, 59.941819999998643 ], [ 30.268064, 59.941831999998669 ], [ 30.26798, 59.941907999998627 ], [ 30.268116, 59.941945999998637 ] ] ] } },
{ "type": "Feature", "properties": { "height": 15.0, "match_type": "matched", "height_source": "source_b" }, "geometry": { "type": "Polygon", "coordinates": [ [ [ 30.268063, 59.941993999998658 ], [ 30.268223, 59.942037999998647 ], [ 30.268507, 59.941778999998647 ], [ 30.268347, 59.941734999998644 ], [ 30.268063, 59.941993999998658 ] ] ] } },
{ "type": "Feature", "properties": { "height": 4.5, "match_type": "matched", "height_source": "source_b" }, "geometry": { "type": "Polygon", "coordinates": [ [ [ 30.268039, 59.944468999998634 ], [ 30.267943, 59.944554999998623 ], [ 30.268016, 59.94457499999865 ], [ 30.268111, 59.944488999998626 ], [ 30.268039, 59.944468999998634 ] ] ] } },
{ "type": "Feature", "properties": { "height": 4.0, "match_type": "only_a", "height_source": "ml_predicted" }, "geometry": { "type": "Polygon", "coordinates": [ [ [ 30.26811, 59.94466 ], [ 30.26816, 59.94462 ], [ 30.26807, 59.94465 ], [ 30.26811, 59.94466 ] ] ] } },
{ "type": "Feature", "properties": { "height": 24.0, "match_type": "matched", "height_source": "source_b" }, "geometry": { "type": "Polygon", "coordinates": [ [ [ 30.268356, 59.93987399999866 ], [ 30.268509, 59.939915999998661 ], [ 30.268686, 59.93976699999866 ], [ 30.26846, 59.939703999998649 ], [ 30.268352, 59.939800999998667 ], [ 30.268417, 59.93981899999865 ], [ 30.268356, 59.93987399999866 ] ] ] } },
{ "type": "Feature", "properties": { "height": 27.0, "match_type": "matched", "height_source": "source_b" }, "geometry": { "type": "Polygon", "coordinates": [ [ [ 30.268352, 59.939800999998667 ], [ 30.268292, 59.939855999998656 ], [ 30.268356, 59.93987399999866 ], [ 30.268417, 59.93981899999865 ], [ 30.268352, 59.939800999998667 ] ] ] } },
{ "type": "Feature", "properties": { "height": 27.0, "match_type": "matched", "height_source": "source_b" }, "geometry": { "type": "Polygon", "coordinates": [ [ [ 30.268057, 59.939789999998659 ], [ 30.268, 59.939840999998673 ], [ 30.268086, 59.939864999998655 ], [ 30.268143, 59.939813999998655 ], [ 30.268057, 59.939789999998659 ] ] ] } },
{ "type": "Feature", "properties": { "height": 24.0, "match_type": "matched", "height_source": "source_b" }, "geometry": { "type": "Polygon", "coordinates": [ [ [ 30.268509, 59.939915999998661 ], [ 30.268143, 59.939813999998655 ], [ 30.268086, 59.939864999998655 ], [ 30.268, 59.939840999998673 ], [ 30.268057, 59.939789999998659 ], [ 30.267899, 59.939744999998638 ], [ 30.267781, 59.939849999998657 ], [ 30.268389, 59.940020999998673 ], [ 30.268509, 59.939915999998661 ] ] ] } },
{ "type": "Feature", "properties": { "height": 4.5, "match_type": "matched", "height_source": "source_b" }, "geometry": { "type": "Polygon", "coordinates": [ [ [ 30.268, 59.938778999998632 ], [ 30.267932, 59.938832999998667 ], [ 30.268106, 59.93888799999867 ], [ 30.268174, 59.938833999998643 ], [ 30.268, 59.938778999998632 ] ] ] } },
{ "type": "Feature", "properties": { "height": 2.5, "match_type": "only_a", "height_source": "ml_predicted" }, "geometry": { "type": "Polygon", "coordinates": [ [ [ 30.26816, 59.94495 ], [ 30.2682, 59.94491 ], [ 30.26812, 59.94489 ], [ 30.26807, 59.94493 ], [ 30.26816, 59.94495 ] ] ] } },
{ "type": "Feature", "properties": { "height": 8.4, "match_type": "only_a", "height_source": "ml_predicted" }, "geometry": { "type": "Polygon", "coordinates": [ [ [ 30.26823, 59.94291 ], [ 30.26824, 59.94296 ], [ 30.26807, 59.94304 ], [ 30.26797, 59.94315 ], [ 30.26805, 59.94317 ], [ 30.26842, 59.94283 ], [ 30.26836, 59.94281 ], [ 30.26823, 59.94291 ] ] ] } },
{ "type": "Feature", "properties": { "height": 4.1, "match_type": "only_a", "height_source": "ml_predicted" }, "geometry": { "type": "Polygon", "coordinates": [ [ [ 30.26823, 59.94418 ], [ 30.26829, 59.94409 ], [ 30.26825, 59.94408 ], [ 30.26805, 59.94425 ], [ 30.26823, 59.94418 ] ] ] } },
{ "type": "Feature", "properties": { "height": 9.9, "match_type": "matched", "height_source": "source_b" }, "geometry": { "type": "Polygon", "coordinates": [ [ [ 30.267787, 59.944176999998653 ], [ 30.267734, 59.944222999998644 ], [ 30.268018, 59.944304999998636 ], [ 30.268071, 59.944258999998659 ], [ 30.267787, 59.944176999998653 ] ] ] } },
{ "type": "Feature", "properties": { "height": 9.9, "match_type": "matched", "height_source": "source_b" }, "geometry": { "type": "Polygon", "coordinates": [ [ [ 30.268052, 59.943944999998664 ], [ 30.268, 59.94399099999864 ], [ 30.268283, 59.944072999998646 ], [ 30.268336, 59.944025999998665 ], [ 30.268052, 59.943944999998664 ] ] ] } },
{ "type": "Feature", "properties": { "height": 13.2, "match_type": "matched", "height_source": "source_b" }, "geometry": { "type": "Polygon", "coordinates": [ [ [ 30.26781, 59.944182999998667 ], [ 30.268015, 59.944241999998667 ], [ 30.268227, 59.944056999998637 ], [ 30.268021, 59.943997999998672 ], [ 30.26781, 59.944182999998667 ] ] ] } },
{ "type": "Feature", "properties": { "height": 4.5, "match_type": "matched", "height_source": "source_b" }, "geometry": { "type": "Polygon", "coordinates": [ [ [ 30.267964, 59.938482999998648 ], [ 30.267865, 59.938580999998649 ], [ 30.268156, 59.938655999998666 ], [ 30.268255, 59.938557999998672 ], [ 30.267964, 59.938482999998648 ] ] ] } },
{ "type": "Feature", "properties": { "height": 9.9, "match_type": "matched", "height_source": "source_b" }, "geometry": { "type": "Polygon", "coordinates": [ [ [ 30.268281, 59.937708999998648 ], [ 30.268747, 59.937834999998643 ], [ 30.268799, 59.937783999998643 ], [ 30.268573, 59.93772499999865 ], [ 30.268656, 59.937644999998639 ], [ 30.268422, 59.937582999998646 ], [ 30.268281, 59.937708999998648 ] ] ] } },
{ "type": "Feature", "properties": { "height": 24.0, "match_type": "matched", "height_source": "source_b" }, "geometry": { "type": "Polygon", "coordinates": [ [ [ 30.268336, 59.939326999998634 ], [ 30.268054, 59.939588999998655 ], [ 30.268686, 59.93976699999866 ], [ 30.268975, 59.939508999998658 ], [ 30.268336, 59.939326999998634 ] ], [ [ 30.268368, 59.939581999998651 ], [ 30.268504, 59.939457999998659 ], [ 30.268682, 59.939506999998635 ], [ 30.268546, 59.939630999998641 ], [ 30.268368, 59.939581999998651 ] ], [ [ 30.268622, 59.939631999998646 ], [ 30.26867, 59.93959099999865 ], [ 30.268741, 59.939611999998633 ], [ 30.268693, 59.939652999998678 ], [ 30.268622, 59.939631999998646 ] ] ] } },
{ "type": "Feature", "properties": { "height": 27.0, "match_type": "matched", "height_source": "source_b" }, "geometry": { "type": "Polygon", "coordinates": [ [ [ 30.268622, 59.939631999998646 ], [ 30.268693, 59.939652999998678 ], [ 30.268741, 59.939611999998633 ], [ 30.26867, 59.93959099999865 ], [ 30.268622, 59.939631999998646 ] ] ] } },
{ "type": "Feature", "properties": { "height": 9.9, "match_type": "matched", "height_source": "source_b" }, "geometry": { "type": "Polygon", "coordinates": [ [ [ 30.26809, 59.936688999998651 ], [ 30.268195, 59.936635999998643 ], [ 30.268462, 59.936388999998648 ], [ 30.268298, 59.936337999998649 ], [ 30.268051, 59.936562999998635 ], [ 30.267822, 59.936499999998652 ], [ 30.267725, 59.936588999998634 ], [ 30.26809, 59.936688999998651 ] ] ] } },
{ "type": "Feature", "properties": { "height": 4.5, "match_type": "matched", "height_source": "source_b" }, "geometry": { "type": "Polygon", "coordinates": [ [ [ 30.268208, 59.936419999998655 ], [ 30.268298, 59.936337999998649 ], [ 30.268097, 59.936284999998655 ], [ 30.268008, 59.936361999998631 ], [ 30.268208, 59.936419999998655 ] ] ] } },
{ "type": "Feature", "properties": { "height": 6.0, "match_type": "only_a", "height_source": "ml_predicted" }, "geometry": { "type": "Polygon", "coordinates": [ [ [ 30.26836, 59.94214 ], [ 30.26845, 59.94216 ], [ 30.26849, 59.94213 ], [ 30.26838, 59.9421 ], [ 30.26836, 59.94214 ] ] ] } },
{ "type": "Feature", "properties": { "height": 9.9, "match_type": "matched", "height_source": "source_b" }, "geometry": { "type": "Polygon", "coordinates": [ [ [ 30.268215, 59.938941999998669 ], [ 30.268368, 59.938984999998681 ], [ 30.268653, 59.938726999998657 ], [ 30.268499, 59.938683999998638 ], [ 30.268215, 59.938941999998669 ] ] ] } },
{ "type": "Feature", "properties": { "height": 21.0, "match_type": "matched", "height_source": "source_b" }, "geometry": { "type": "Polygon", "coordinates": [ [ [ 30.269342, 59.942095999998642 ], [ 30.26938, 59.942062999998655 ], [ 30.269285, 59.942035999998637 ], [ 30.269247, 59.942067999998635 ], [ 30.269342, 59.942095999998642 ] ] ] } },
{ "type": "Feature", "properties": { "height": 21.0, "match_type": "matched", "height_source": "source_b" }, "geometry": { "type": "Polygon", "coordinates": [ [ [ 30.268799, 59.94257299999866 ], [ 30.268843, 59.942533999998659 ], [ 30.268748, 59.942506999998642 ], [ 30.268704, 59.942544999998638 ], [ 30.268799, 59.94257299999866 ] ] ] } },
{ "type": "Feature", "properties": { "height": 21.0, "match_type": "matched", "height_source": "source_b" }, "geometry": { "type": "Polygon", "coordinates": [ [ [ 30.268934, 59.942453999998662 ], [ 30.268972, 59.942419999998656 ], [ 30.268875, 59.94239299999866 ], [ 30.268837, 59.942425999998648 ], [ 30.268934, 59.942453999998662 ] ] ] } },
{ "type": "Feature", "properties": { "height": 21.0, "match_type": "matched", "height_source": "source_b" }, "geometry": { "type": "Polygon", "coordinates": [ [ [ 30.269204, 59.942217999998654 ], [ 30.26924, 59.942185999998642 ], [ 30.269117, 59.94219299999866 ], [ 30.269204, 59.942217999998654 ] ] ] } },
{ "type": "Feature", "properties": { "height": 21.0, "match_type": "matched", "height_source": "source_b" }, "geometry": { "type": "Polygon", "coordinates": [ [ [ 30.268671, 59.942684999998647 ], [ 30.268707, 59.942652999998657 ], [ 30.268605, 59.942623999998659 ], [ 30.268568, 59.942655999998685 ], [ 30.268671, 59.942684999998647 ] ] ] } },
{ "type": "Feature", "properties": { "height": 21.0, "match_type": "matched", "height_source": "source_b" }, "geometry": { "type": "Polygon", "coordinates": [ [ [ 30.269069, 59.942334999998636 ], [ 30.269112, 59.942297999998665 ], [ 30.269017, 59.942270999998676 ], [ 30.268974, 59.942307999998654 ], [ 30.269069, 59.942334999998636 ] ] ] } },
{ "type": "Feature", "properties": { "height": 18.0, "match_type": "matched", "height_source": "source_b" }, "geometry": { "type": "Polygon", "coordinates": [ [ [ 30.269226, 59.941970999998645 ], [ 30.268434, 59.942667999998655 ], [ 30.268628, 59.942722999998644 ], [ 30.268671, 59.942684999998647 ], [ 30.268568, 59.942655999998685 ], [ 30.268605, 59.942623999998659 ], [ 30.268707, 59.942652999998657 ], [ 30.268799, 59.94257299999866 ], [ 30.268704, 59.942544999998638 ], [ 30.268748, 59.942506999998642 ], [ 30.268843, 59.942533999998659 ], [ 30.268934, 59.942453999998662 ], [ 30.268837, 59.942425999998648 ], [ 30.268875, 59.94239299999866 ], [ 30.268972, 59.942419999998656 ], [ 30.269069, 59.942334999998636 ], [ 30.268974, 59.942307999998654 ], [ 30.269017, 59.942270999998676 ], [ 30.269112, 59.942297999998665 ], [ 30.269204, 59.942217999998654 ], [ 30.269117, 59.94219299999866 ], [ 30.269153, 59.942160999998649 ], [ 30.26924, 59.942185999998642 ], [ 30.269342, 59.942095999998642 ], [ 30.269247, 59.942067999998635 ], [ 30.269423, 59.942024999998644 ], [ 30.269226, 59.941970999998645 ] ] ] } },
{ "type": "Feature", "properties": { "height": 1.8, "match_type": "only_a", "height_source": "ml_predicted" }, "geometry": { "type": "Polygon", "coordinates": [ [ [ 30.26843, 59.93871 ], [ 30.2685, 59.93865 ], [ 30.26842, 59.93862 ], [ 30.26835, 59.93868 ], [ 30.26843, 59.93871 ] ] ] } },
{ "type": "Feature", "properties": { "height": 21.0, "match_type": "matched", "height_source": "source_b" }, "geometry": { "type": "Polygon", "coordinates": [ [ [ 30.268504, 59.937511999998662 ], [ 30.268422, 59.937582999998646 ], [ 30.268575, 59.937623999998635 ], [ 30.26874, 59.937532999998652 ], [ 30.268504, 59.937511999998662 ] ] ] } },
{ "type": "Feature", "properties": { "height": 18.0, "match_type": "matched", "height_source": "source_b" }, "geometry": { "type": "Polygon", "coordinates": [ [ [ 30.268676, 59.941691999998646 ], [ 30.268729, 59.941643999998661 ], [ 30.268598, 59.941607999998645 ], [ 30.268545, 59.941655999998659 ], [ 30.268676, 59.941691999998646 ] ] ] } },
{ "type": "Feature", "properties": { "height": 15.0, "match_type": "matched", "height_source": "source_b" }, "geometry": { "type": "Polygon", "coordinates": [ [ [ 30.268573, 59.941521999998649 ], [ 30.268341, 59.941732999998635 ], [ 30.268598, 59.941762999998652 ], [ 30.268676, 59.941691999998646 ], [ 30.268545, 59.941655999998659 ], [ 30.268598, 59.941607999998645 ], [ 30.268729, 59.941643999998661 ], [ 30.268795, 59.941582999998651 ], [ 30.268573, 59.941521999998649 ] ] ] } },
{ "type": "Feature", "properties": { "height": 4.5, "match_type": "matched", "height_source": "source_b" }, "geometry": { "type": "Polygon", "coordinates": [ [ [ 30.268497, 59.944536999998654 ], [ 30.268391, 59.944625999998649 ], [ 30.268854, 59.944758999998655 ], [ 30.268951, 59.944672999998652 ], [ 30.268497, 59.944536999998654 ] ] ] } },
{ "type": "Feature", "properties": { "height": 6.6, "match_type": "matched", "height_source": "source_b" }, "geometry": { "type": "Polygon", "coordinates": [ [ [ 30.268458, 59.937829999998648 ], [ 30.268549, 59.937853999998651 ], [ 30.268514, 59.937889999998639 ], [ 30.26866, 59.93792499999865 ], [ 30.26873, 59.937852999998647 ], [ 30.268516, 59.937771999998674 ], [ 30.268458, 59.937829999998648 ] ] ] } },
{ "type": "Feature", "properties": { "height": 18.0, "match_type": "matched", "height_source": "source_b" }, "geometry": { "type": "Polygon", "coordinates": [ [ [ 30.269091, 59.934706999998653 ], [ 30.269216, 59.93459999999866 ], [ 30.268694, 59.934447999998646 ], [ 30.26857, 59.934555999998651 ], [ 30.269091, 59.934706999998653 ] ] ] } },
{ "type": "Feature", "properties": { "height": 4.5, "match_type": "matched", "height_source": "source_b" }, "geometry": { "type": "Polygon", "coordinates": [ [ [ 30.26862, 59.939184999998645 ], [ 30.268548, 59.939246999998652 ], [ 30.268647, 59.939275999998635 ], [ 30.268719, 59.939213999998671 ], [ 30.26862, 59.939184999998645 ] ] ] } },
{ "type": "Feature", "properties": { "height": 21.0, "match_type": "matched", "height_source": "source_b" }, "geometry": { "type": "Polygon", "coordinates": [ [ [ 30.269428, 59.936190999998665 ], [ 30.268622, 59.936060999998645 ], [ 30.268574, 59.936105999998645 ], [ 30.269345, 59.93624099999866 ], [ 30.269428, 59.936190999998665 ] ] ] } },
{ "type": "Feature", "properties": { "height": 18.0, "match_type": "matched", "height_source": "source_b" }, "geometry": { "type": "Polygon", "coordinates": [ [ [ 30.268594, 59.935878999998629 ], [ 30.268356, 59.93608899999866 ], [ 30.269248, 59.936345999998643 ], [ 30.269375, 59.936236999998634 ], [ 30.268574, 59.936105999998645 ], [ 30.26875, 59.935940999998657 ], [ 30.268846, 59.93596599999865 ], [ 30.268798, 59.936010999998651 ], [ 30.269207, 59.936122999998652 ], [ 30.269324, 59.936018999998637 ], [ 30.269193, 59.935980999998627 ], [ 30.269132, 59.936033999998642 ], [ 30.268594, 59.935878999998629 ] ] ] } },
{ "type": "Feature", "properties": { "height": 18.0, "match_type": "matched", "height_source": "source_b" }, "geometry": { "type": "Polygon", "coordinates": [ [ [ 30.268945, 59.937354999998639 ], [ 30.268751, 59.937298999998667 ], [ 30.268504, 59.937511999998662 ], [ 30.26874, 59.937532999998652 ], [ 30.268856, 59.937432999998677 ], [ 30.268727, 59.937394999998652 ], [ 30.268763, 59.937363999998688 ], [ 30.268891, 59.937401999998642 ], [ 30.268945, 59.937354999998639 ] ] ] } },
{ "type": "Feature", "properties": { "height": 21.0, "match_type": "matched", "height_source": "source_b" }, "geometry": { "type": "Polygon", "coordinates": [ [ [ 30.268856, 59.937432999998677 ], [ 30.268891, 59.937401999998642 ], [ 30.268763, 59.937363999998688 ], [ 30.268727, 59.937394999998652 ], [ 30.268856, 59.937432999998677 ] ] ] } },
{ "type": "Feature", "properties": { "height": 9.5, "match_type": "only_a", "height_source": "ml_predicted" }, "geometry": { "type": "Polygon", "coordinates": [ [ [ 30.26865, 59.94321 ], [ 30.2689, 59.94328 ], [ 30.26899, 59.94321 ], [ 30.26936, 59.94332 ], [ 30.26931, 59.94336 ], [ 30.26946, 59.9434 ], [ 30.26953, 59.94327 ], [ 30.26882, 59.94306 ], [ 30.26865, 59.94321 ] ] ] } },
{ "type": "Feature", "properties": { "height": 6.6, "match_type": "matched", "height_source": "source_b" }, "geometry": { "type": "Polygon", "coordinates": [ [ [ 30.268546, 59.943239999998653 ], [ 30.268417, 59.943349999998652 ], [ 30.268485, 59.943369999998659 ], [ 30.268457, 59.943393999998648 ], [ 30.268662, 59.943416999998654 ], [ 30.268787, 59.943309999998633 ], [ 30.268546, 59.943239999998653 ] ] ] } },
{ "type": "Feature", "properties": { "height": 4.5, "match_type": "matched", "height_source": "source_b" }, "geometry": { "type": "Polygon", "coordinates": [ [ [ 30.268569, 59.936308999998651 ], [ 30.268294, 59.936543999998662 ], [ 30.268394, 59.936572999998653 ], [ 30.268663, 59.936335999998668 ], [ 30.268569, 59.936308999998651 ] ] ] } },
{ "type": "Feature", "properties": { "height": 4.5, "match_type": "matched", "height_source": "source_b" }, "geometry": { "type": "Polygon", "coordinates": [ [ [ 30.268652, 59.944940999998636 ], [ 30.268585, 59.945001999998659 ], [ 30.268845, 59.945073999998648 ], [ 30.268912, 59.945012999998639 ], [ 30.268652, 59.944940999998636 ] ] ] } },
{ "type": "Feature", "properties": { "height": 5.0, "match_type": "only_a", "height_source": "ml_predicted" }, "geometry": { "type": "Polygon", "coordinates": [ [ [ 30.26868, 59.93573 ], [ 30.26861, 59.93571 ], [ 30.26854, 59.93577 ], [ 30.26861, 59.93579 ], [ 30.26868, 59.93573 ] ] ] } },
{ "type": "Feature", "properties": { "height": 15.0, "match_type": "matched", "height_source": "source_b" }, "geometry": { "type": "Polygon", "coordinates": [ [ [ 30.268499, 59.938683999998638 ], [ 30.268653, 59.938726999998657 ], [ 30.26892, 59.938483999998645 ], [ 30.268767, 59.938440999998647 ], [ 30.268499, 59.938683999998638 ] ] ] } },
{ "type": "Feature", "properties": { "height": 21.0, "match_type": "matched", "height_source": "source_b" }, "geometry": { "type": "Polygon", "coordinates": [ [ [ 30.269245, 59.945105999998653 ], [ 30.269529, 59.944845999998662 ], [ 30.268951, 59.944672999998652 ], [ 30.268652, 59.944940999998636 ], [ 30.269245, 59.945105999998653 ] ], [ [ 30.268856, 59.944920999998658 ], [ 30.268996, 59.944790999998652 ], [ 30.269223, 59.944851999998676 ], [ 30.269082, 59.944982999998643 ], [ 30.268856, 59.944920999998658 ] ] ] } },
{ "type": "Feature", "properties": { "height": 21.0, "match_type": "matched", "height_source": "source_b" }, "geometry": { "type": "Polygon", "coordinates": [ [ [ 30.268552, 59.940353999998663 ], [ 30.267977, 59.94084799999866 ], [ 30.268184, 59.940908999998648 ], [ 30.268313, 59.940798999998677 ], [ 30.268427, 59.940832999998648 ], [ 30.268479, 59.940787999998633 ], [ 30.268368, 59.94075499999866 ], [ 30.268653, 59.940512999998653 ], [ 30.269197, 59.940708999998684 ], [ 30.269347, 59.940715999998659 ], [ 30.269515, 59.940626999998635 ], [ 30.268552, 59.940353999998663 ] ] ] } },
{ "type": "Feature", "properties": { "height": 4.5, "match_type": "matched", "height_source": "source_b" }, "geometry": { "type": "Polygon", "coordinates": [ [ [ 30.268443, 59.940982999998646 ], [ 30.268638, 59.941037999998635 ], [ 30.268749, 59.940952999998643 ], [ 30.268543, 59.940894999998669 ], [ 30.268443, 59.940982999998646 ] ] ] } },
{ "type": "Feature", "properties": { "height": 3.2, "match_type": "only_a", "height_source": "ml_predicted" }, "geometry": { "type": "Polygon", "coordinates": [ [ [ 30.26872, 59.93814 ], [ 30.26875, 59.93811 ], [ 30.26858, 59.93806 ], [ 30.26855, 59.93809 ], [ 30.26872, 59.93814 ] ] ] } },
{ "type": "Feature", "properties": { "height": 9.9, "match_type": "matched", "height_source": "source_b" }, "geometry": { "type": "Polygon", "coordinates": [ [ [ 30.268694, 59.934447999998646 ], [ 30.268928, 59.934518999998659 ], [ 30.269371, 59.934121999998652 ], [ 30.269137, 59.934059999998638 ], [ 30.268694, 59.934447999998646 ] ] ] } },
{ "type": "Feature", "properties": { "height": 15.0, "match_type": "matched", "height_source": "source_b" }, "geometry": { "type": "Polygon", "coordinates": [ [ [ 30.268759, 59.94555599999866 ], [ 30.267698, 59.94523499999864 ], [ 30.267557, 59.945351999998643 ], [ 30.268629, 59.945670999998647 ], [ 30.268759, 59.94555599999866 ] ] ] } },
{ "type": "Feature", "properties": { "height": 24.0, "match_type": "matched", "height_source": "source_b" }, "geometry": { "type": "Polygon", "coordinates": [ [ [ 30.269459, 59.936160999998648 ], [ 30.268798, 59.936010999998651 ], [ 30.268846, 59.93596599999865 ], [ 30.26875, 59.935940999998657 ], [ 30.268622, 59.936060999998645 ], [ 30.269379, 59.93619399999865 ], [ 30.269459, 59.936160999998648 ] ] ] } },
{ "type": "Feature", "properties": { "height": 21.0, "match_type": "matched", "height_source": "source_b" }, "geometry": { "type": "Polygon", "coordinates": [ [ [ 30.269031, 59.940201999998635 ], [ 30.269139, 59.940104999998645 ], [ 30.269212, 59.940039999998653 ], [ 30.269014, 59.939979999998648 ], [ 30.268821, 59.940139999998657 ], [ 30.269031, 59.940201999998635 ] ] ] } },
{ "type": "Feature", "properties": { "height": 21.0, "match_type": "matched", "height_source": "source_b" }, "geometry": { "type": "Polygon", "coordinates": [ [ [ 30.269359, 59.940167999998643 ], [ 30.269139, 59.940104999998645 ], [ 30.269031, 59.940201999998635 ], [ 30.269246, 59.940263999998663 ], [ 30.269359, 59.940167999998643 ] ] ] } },
{ "type": "Feature", "properties": { "height": 21.0, "match_type": "matched", "height_source": "source_b" }, "geometry": { "type": "Polygon", "coordinates": [ [ [ 30.268497, 59.944536999998654 ], [ 30.269529, 59.944845999998662 ], [ 30.269796, 59.944612999998647 ], [ 30.268733, 59.944305999998669 ], [ 30.26867, 59.944360999998658 ], [ 30.268925, 59.944433999998665 ], [ 30.268801, 59.944541999998656 ], [ 30.26857, 59.944475999998637 ], [ 30.268497, 59.944536999998654 ] ], [ [ 30.26909, 59.944632999998653 ], [ 30.269215, 59.944527999998655 ], [ 30.269499, 59.944612999998647 ], [ 30.269375, 59.944717999998652 ], [ 30.26909, 59.944632999998653 ] ] ] } },
{ "type": "Feature", "properties": { "height": 15.0, "match_type": "matched", "height_source": "source_b" }, "geometry": { "type": "Polygon", "coordinates": [ [ [ 30.26928, 59.942716999998659 ], [ 30.268871, 59.943051999998673 ], [ 30.269541, 59.943257999998686 ], [ 30.269623, 59.943189999998665 ], [ 30.269027, 59.943006999998659 ], [ 30.269075, 59.942967999998658 ], [ 30.269334, 59.943046999998636 ], [ 30.269546, 59.942873999998668 ], [ 30.26937, 59.942819999998633 ], [ 30.269438, 59.942765999998649 ], [ 30.26928, 59.942716999998659 ] ] ] } },
{ "type": "Feature", "properties": { "height": 21.0, "match_type": "matched", "height_source": "source_b" }, "geometry": { "type": "Polygon", "coordinates": [ [ [ 30.269211, 59.93576699999867 ], [ 30.269321, 59.93566999999868 ], [ 30.268818, 59.935516999998647 ], [ 30.268712, 59.935598999998668 ], [ 30.269211, 59.93576699999867 ] ] ] } },
{ "type": "Feature", "properties": { "height": 18.0, "match_type": "matched", "height_source": "source_b" }, "geometry": { "type": "Polygon", "coordinates": [ [ [ 30.268652, 59.944940999998636 ], [ 30.268776, 59.944829999998653 ], [ 30.268313, 59.944699999998647 ], [ 30.268189, 59.944811999998642 ], [ 30.268652, 59.944940999998636 ] ] ] } },
{ "type": "Feature", "properties": { "height": 6.1, "match_type": "only_a", "height_source": "ml_predicted" }, "geometry": { "type": "Polygon", "coordinates": [ [ [ 30.2688, 59.94183 ], [ 30.26874, 59.94178 ], [ 30.26871, 59.94181 ], [ 30.2688, 59.94183 ] ] ] } },
{ "type": "Feature", "properties": { "height": 6.8, "match_type": "only_a", "height_source": "ml_predicted" }, "geometry": { "type": "Polygon", "coordinates": [ [ [ 30.26882, 59.94181 ], [ 30.26888, 59.94179 ], [ 30.26876, 59.94179 ], [ 30.26882, 59.94181 ] ] ] } },
{ "type": "Feature", "properties": { "height": 5.3, "match_type": "only_a", "height_source": "ml_predicted" }, "geometry": { "type": "Polygon", "coordinates": [ [ [ 30.26885, 59.94192 ], [ 30.26889, 59.94194 ], [ 30.26893, 59.9419 ], [ 30.26888, 59.94189 ], [ 30.26885, 59.94192 ] ] ] } },
{ "type": "Feature", "properties": { "height": 4.5, "match_type": "matched", "height_source": "source_b" }, "geometry": { "type": "Polygon", "coordinates": [ [ [ 30.268694, 59.941875999998651 ], [ 30.269102, 59.941941999998669 ], [ 30.269151, 59.941894999998638 ], [ 30.268753, 59.941817999998648 ], [ 30.268694, 59.941875999998651 ] ] ] } },
{ "type": "Feature", "properties": { "height": 18.0, "match_type": "matched", "height_source": "source_b" }, "geometry": { "type": "Polygon", "coordinates": [ [ [ 30.269136, 59.936983999998631 ], [ 30.26888, 59.937214999998659 ], [ 30.269046, 59.937261999998654 ], [ 30.26911, 59.937203999998637 ], [ 30.269, 59.937172999998644 ], [ 30.269141, 59.937175999998615 ], [ 30.269265, 59.937063999998642 ], [ 30.269149, 59.937031999998659 ], [ 30.269186, 59.936997999998638 ], [ 30.269136, 59.936983999998631 ] ] ] } },
{ "type": "Feature", "properties": { "height": 21.0, "match_type": "matched", "height_source": "source_b" }, "geometry": { "type": "Polygon", "coordinates": [ [ [ 30.26911, 59.937203999998637 ], [ 30.269141, 59.937175999998615 ], [ 30.269, 59.937172999998644 ], [ 30.26911, 59.937203999998637 ] ] ] } },
{ "type": "Feature", "properties": { "height": 9.9, "match_type": "matched", "height_source": "source_b" }, "geometry": { "type": "Polygon", "coordinates": [ [ [ 30.268955, 59.937890999998643 ], [ 30.268834, 59.937962999998646 ], [ 30.269222, 59.938068999998649 ], [ 30.26931, 59.937986999998671 ], [ 30.268955, 59.937890999998643 ] ] ] } },
{ "type": "Feature", "properties": { "height": 15.0, "match_type": "matched", "height_source": "source_b" }, "geometry": { "type": "Polygon", "coordinates": [ [ [ 30.268955, 59.937890999998643 ], [ 30.269153, 59.937943999998666 ], [ 30.269527, 59.937597999998658 ], [ 30.26933, 59.937544999998664 ], [ 30.268955, 59.937890999998643 ] ] ] } },
{ "type": "Feature", "properties": { "height": 17.4, "match_type": "only_a", "height_source": "ml_predicted" }, "geometry": { "type": "Polygon", "coordinates": [ [ [ 30.26901, 59.94398 ], [ 30.26907, 59.94404 ], [ 30.26937, 59.94413 ], [ 30.26928, 59.94415 ], [ 30.26917, 59.9443 ], [ 30.26889, 59.94422 ], [ 30.26879, 59.9443 ], [ 30.26981, 59.94461 ], [ 30.27008, 59.94441 ], [ 30.26982, 59.94433 ], [ 30.26964, 59.94446 ], [ 30.26938, 59.9444 ], [ 30.26964, 59.94414 ], [ 30.26955, 59.94411 ], [ 30.2696, 59.94407 ], [ 30.26917, 59.94394 ], [ 30.26901, 59.94398 ] ] ] } },
{ "type": "Feature", "properties": { "height": 24.0, "match_type": "matched", "height_source": "source_b" }, "geometry": { "type": "Polygon", "coordinates": [ [ [ 30.268364, 59.945166999998662 ], [ 30.268495, 59.945053999998663 ], [ 30.267986, 59.94490499999867 ], [ 30.267855, 59.945017999998647 ], [ 30.268364, 59.945166999998662 ] ] ] } },
{ "type": "Feature", "properties": { "height": 24.0, "match_type": "matched", "height_source": "source_b" }, "geometry": { "type": "Polygon", "coordinates": [ [ [ 30.269102, 59.945232999998666 ], [ 30.268495, 59.945053999998663 ], [ 30.268364, 59.945166999998662 ], [ 30.268924, 59.945330999998646 ], [ 30.269102, 59.945232999998666 ] ] ] } },
{ "type": "Feature", "properties": { "height": 24.0, "match_type": "matched", "height_source": "source_b" }, "geometry": { "type": "Polygon", "coordinates": [ [ [ 30.268852, 59.945159999998644 ], [ 30.269102, 59.945232999998666 ], [ 30.269245, 59.945105999998653 ], [ 30.268997, 59.945036999998642 ], [ 30.268852, 59.945159999998644 ] ] ] } },
{ "type": "Feature", "properties": { "height": 4.5, "match_type": "matched", "height_source": "source_b" }, "geometry": { "type": "Polygon", "coordinates": [ [ [ 30.269195, 59.941629999998668 ], [ 30.269073, 59.941592999998655 ], [ 30.268925, 59.941722999998646 ], [ 30.269049, 59.941758999998648 ], [ 30.269195, 59.941629999998668 ] ] ] } },
{ "type": "Feature", "properties": { "height": 21.0, "match_type": "matched", "height_source": "source_b" }, "geometry": { "type": "Polygon", "coordinates": [ [ [ 30.269201, 59.936924999998681 ], [ 30.269136, 59.936983999998631 ], [ 30.269186, 59.936997999998638 ], [ 30.269149, 59.937031999998659 ], [ 30.269265, 59.937063999998642 ], [ 30.269366, 59.936971999998647 ], [ 30.269201, 59.936924999998681 ] ] ] } },
{ "type": "Feature", "properties": { "height": 15.0, "match_type": "matched", "height_source": "source_b" }, "geometry": { "type": "Polygon", "coordinates": [ [ [ 30.268883, 59.936350999998652 ], [ 30.268585, 59.93660499999865 ], [ 30.268855, 59.936684999998661 ], [ 30.269153, 59.936431999998668 ], [ 30.268883, 59.936350999998652 ] ] ] } },
{ "type": "Feature", "properties": { "height": 15.0, "match_type": "matched", "height_source": "source_b" }, "geometry": { "type": "Polygon", "coordinates": [ [ [ 30.269713, 59.935948999998637 ], [ 30.269858, 59.935829999998624 ], [ 30.269321, 59.93566999999868 ], [ 30.269179, 59.935794999998642 ], [ 30.269713, 59.935948999998637 ] ] ] } },
{ "type": "Feature", "properties": { "height": 15.0, "match_type": "matched", "height_source": "source_b" }, "geometry": { "type": "Polygon", "coordinates": [ [ [ 30.269397, 59.936038999998651 ], [ 30.269548, 59.936082999998632 ], [ 30.269713, 59.935948999998637 ], [ 30.269555, 59.93590299999866 ], [ 30.269397, 59.936038999998651 ] ] ] } },
{ "type": "Feature", "properties": { "height": 18.0, "match_type": "matched", "height_source": "source_b" }, "geometry": { "type": "Polygon", "coordinates": [ [ [ 30.270028, 59.942427999998635 ], [ 30.269713, 59.942335999998662 ], [ 30.26928, 59.942716999998659 ], [ 30.269693, 59.942844999998655 ], [ 30.269779, 59.94277499999864 ], [ 30.269526, 59.942695999998648 ], [ 30.269783, 59.942487999998654 ], [ 30.269905, 59.942524999998675 ], [ 30.270028, 59.942427999998635 ] ] ] } },
{ "type": "Feature", "properties": { "height": 18.0, "match_type": "matched", "height_source": "source_b" }, "geometry": { "type": "Polygon", "coordinates": [ [ [ 30.269573, 59.94592299999865 ], [ 30.269726, 59.945793999998635 ], [ 30.269221, 59.945640999998652 ], [ 30.268991, 59.945829999998651 ], [ 30.269242, 59.945900999998663 ], [ 30.269306, 59.945846999998651 ], [ 30.269573, 59.94592299999865 ] ] ] } },
{ "type": "Feature", "properties": { "height": 6.4, "match_type": "only_a", "height_source": "ml_predicted" }, "geometry": { "type": "Polygon", "coordinates": [ [ [ 30.26923, 59.93809 ], [ 30.26914, 59.93806 ], [ 30.26907, 59.93809 ], [ 30.26918, 59.93814 ], [ 30.26923, 59.93809 ] ] ] } },
{ "type": "Feature", "properties": { "height": 13.2, "match_type": "matched", "height_source": "source_b" }, "geometry": { "type": "Polygon", "coordinates": [ [ [ 30.268778, 59.941077999998654 ], [ 30.26901, 59.941141999998649 ], [ 30.269198, 59.940971999998666 ], [ 30.268967, 59.940906999998653 ], [ 30.268778, 59.941077999998654 ] ] ] } },
{ "type": "Feature", "properties": { "height": 11.8, "match_type": "only_a", "height_source": "ml_predicted" }, "geometry": { "type": "Polygon", "coordinates": [ [ [ 30.26928, 59.94415 ], [ 30.2692, 59.94417 ], [ 30.26915, 59.94424 ], [ 30.26917, 59.94425 ], [ 30.26928, 59.94415 ] ] ] } },
{ "type": "Feature", "properties": { "height": 5.3, "match_type": "only_a", "height_source": "ml_predicted" }, "geometry": { "type": "Polygon", "coordinates": [ [ [ 30.2693, 59.93837 ], [ 30.26925, 59.93841 ], [ 30.26934, 59.93838 ], [ 30.2693, 59.93837 ] ] ] } },
{ "type": "Feature", "properties": { "height": 27.0, "match_type": "matched", "height_source": "source_b" }, "geometry": { "type": "Polygon", "coordinates": [ [ [ 30.269551, 59.93754599999864 ], [ 30.269321, 59.937439999998666 ], [ 30.269238, 59.937521999998651 ], [ 30.269506, 59.93758999999865 ], [ 30.269551, 59.93754599999864 ] ] ] } },
{ "type": "Feature", "properties": { "height": 9.9, "match_type": "matched", "height_source": "source_b" }, "geometry": { "type": "Polygon", "coordinates": [ [ [ 30.269253, 59.938454999998662 ], [ 30.269556, 59.938536999998639 ], [ 30.269759, 59.938409999998662 ], [ 30.269665, 59.938383999998663 ], [ 30.26974, 59.938313999998648 ], [ 30.269534, 59.938258999998652 ], [ 30.269461, 59.938325999998646 ], [ 30.269349, 59.938295999998665 ], [ 30.269275, 59.938364999998647 ], [ 30.269333, 59.93838099999865 ], [ 30.269253, 59.938454999998662 ] ] ] } },
{ "type": "Feature", "properties": { "height": 18.0, "match_type": "matched", "height_source": "source_b" }, "geometry": { "type": "Polygon", "coordinates": [ [ [ 30.269384, 59.939665999998667 ], [ 30.269627, 59.939731999998635 ], [ 30.26985, 59.939535999998661 ], [ 30.269614, 59.939467999998648 ], [ 30.269384, 59.939665999998667 ] ] ] } },
{ "type": "Feature", "properties": { "height": 21.0, "match_type": "matched", "height_source": "source_b" }, "geometry": { "type": "Polygon", "coordinates": [ [ [ 30.269721, 59.943843999998634 ], [ 30.269565, 59.943979999998639 ], [ 30.269346, 59.943915999998637 ], [ 30.269484, 59.943795999998663 ], [ 30.269362, 59.943760999998638 ], [ 30.269173, 59.94392499999865 ], [ 30.27024, 59.944237999998656 ], [ 30.27045, 59.944057999998641 ], [ 30.269721, 59.943843999998634 ] ], [ [ 30.269865, 59.943954999998667 ], [ 30.270067, 59.944013999998646 ], [ 30.269999, 59.944072999998646 ], [ 30.269797, 59.94401399999866 ], [ 30.269865, 59.943954999998667 ] ] ] } },
{ "type": "Feature", "properties": { "height": 18.0, "match_type": "matched", "height_source": "source_b" }, "geometry": { "type": "Polygon", "coordinates": [ [ [ 30.269115, 59.94127499999864 ], [ 30.269334, 59.941334999998659 ], [ 30.2694, 59.941276999998635 ], [ 30.269178, 59.94121599999864 ], [ 30.269115, 59.94127499999864 ] ] ] } },
{ "type": "Feature", "properties": { "height": 18.0, "match_type": "matched", "height_source": "source_b" }, "geometry": { "type": "Polygon", "coordinates": [ [ [ 30.269798, 59.940427999998654 ], [ 30.269949, 59.94030199999866 ], [ 30.269396, 59.940136999998657 ], [ 30.269246, 59.940263999998663 ], [ 30.269798, 59.940427999998654 ] ] ] } },
{ "type": "Feature", "properties": { "height": 9.9, "match_type": "matched", "height_source": "source_b" }, "geometry": { "type": "Polygon", "coordinates": [ [ [ 30.269216, 59.93459999999866 ], [ 30.269413, 59.934427999998668 ], [ 30.269699, 59.934158999998637 ], [ 30.269609, 59.93413399999865 ], [ 30.269567, 59.934175999998665 ], [ 30.269371, 59.934121999998652 ], [ 30.269333, 59.934157999998639 ], [ 30.269389, 59.934175999998637 ], [ 30.269364, 59.934197999998645 ], [ 30.269478, 59.934229999998649 ], [ 30.269095, 59.934568999998653 ], [ 30.269216, 59.93459999999866 ] ] ] } },
{ "type": "Feature", "properties": { "height": 9.9, "match_type": "matched", "height_source": "source_b" }, "geometry": { "type": "Polygon", "coordinates": [ [ [ 30.269396, 59.940136999998657 ], [ 30.269542, 59.940179999998648 ], [ 30.269771, 59.939982999998648 ], [ 30.269625, 59.939940999998647 ], [ 30.269396, 59.940136999998657 ] ] ] } },
{ "type": "Feature", "properties": { "height": 27.0, "match_type": "matched", "height_source": "source_b" }, "geometry": { "type": "Polygon", "coordinates": [ [ [ 30.269324, 59.936018999998637 ], [ 30.269207, 59.936122999998652 ], [ 30.269459, 59.936160999998648 ], [ 30.269548, 59.936082999998632 ], [ 30.269324, 59.936018999998637 ] ] ] } },
{ "type": "Feature", "properties": { "height": 24.0, "match_type": "matched", "height_source": "source_b" }, "geometry": { "type": "Polygon", "coordinates": [ [ [ 30.269375, 59.941709999998658 ], [ 30.269686, 59.941799999998672 ], [ 30.269894, 59.941624999998652 ], [ 30.269848, 59.941551999998659 ], [ 30.270079, 59.941468999998648 ], [ 30.269747, 59.941368999998659 ], [ 30.269716, 59.941396999998666 ], [ 30.269839, 59.941430999998644 ], [ 30.269803, 59.941463999998653 ], [ 30.26968, 59.941429999998647 ], [ 30.269375, 59.941709999998658 ] ] ] } },
{ "type": "Feature", "properties": { "height": 27.0, "match_type": "matched", "height_source": "source_b" }, "geometry": { "type": "Polygon", "coordinates": [ [ [ 30.26968, 59.941429999998647 ], [ 30.269803, 59.941463999998653 ], [ 30.269839, 59.941430999998644 ], [ 30.269716, 59.941396999998666 ], [ 30.26968, 59.941429999998647 ] ] ] } },
{ "type": "Feature", "properties": { "height": 9.9, "match_type": "matched", "height_source": "source_b" }, "geometry": { "type": "Polygon", "coordinates": [ [ [ 30.269334, 59.941334999998659 ], [ 30.26968, 59.941429999998647 ], [ 30.269716, 59.941396999998666 ], [ 30.2694, 59.941276999998635 ], [ 30.269334, 59.941334999998659 ] ] ] } },
{ "type": "Feature", "properties": { "height": 15.0, "match_type": "matched", "height_source": "source_b" }, "geometry": { "type": "Polygon", "coordinates": [ [ [ 30.269014, 59.939979999998648 ], [ 30.269433, 59.94010599999865 ], [ 30.269514, 59.940035999998656 ], [ 30.269359, 59.939988999998633 ], [ 30.269565, 59.939816999998655 ], [ 30.270324, 59.940034999998637 ], [ 30.270423, 59.939948999998663 ], [ 30.269384, 59.939665999998667 ], [ 30.269014, 59.939979999998648 ] ] ] } },
{ "type": "Feature", "properties": { "height": 4.3, "match_type": "only_a", "height_source": "ml_predicted" }, "geometry": { "type": "Polygon", "coordinates": [ [ [ 30.26941, 59.93828 ], [ 30.2695, 59.93826 ], [ 30.26945, 59.93824 ], [ 30.26941, 59.93828 ] ] ] } },
{ "type": "Feature", "properties": { "height": 27.0, "match_type": "matched", "height_source": "source_b" }, "geometry": { "type": "Polygon", "coordinates": [ [ [ 30.269463, 59.938840999998661 ], [ 30.269566, 59.938871999998653 ], [ 30.269599, 59.938842999998656 ], [ 30.269496, 59.938812999998653 ], [ 30.269463, 59.938840999998661 ] ] ] } },
{ "type": "Feature", "properties": { "height": 24.0, "match_type": "matched", "height_source": "source_b" }, "geometry": { "type": "Polygon", "coordinates": [ [ [ 30.268975, 59.939508999998658 ], [ 30.269785, 59.938810999998644 ], [ 30.269409, 59.938703999998651 ], [ 30.269302, 59.938793999998651 ], [ 30.269599, 59.938842999998656 ], [ 30.269482, 59.938846999998646 ], [ 30.269343, 59.938969999998633 ], [ 30.269426, 59.938993999998665 ], [ 30.269383, 59.939031999998654 ], [ 30.2693, 59.939008999998677 ], [ 30.269142, 59.939147999998653 ], [ 30.269236, 59.93917499999862 ], [ 30.269194, 59.939211999998655 ], [ 30.269101, 59.939184999998673 ], [ 30.268908, 59.939355999998661 ], [ 30.269006, 59.939383999998633 ], [ 30.268965, 59.939419999998663 ], [ 30.268867, 59.939392999998653 ], [ 30.268793, 59.939457999998659 ], [ 30.268975, 59.939508999998658 ] ] ] } },
{ "type": "Feature", "properties": { "height": 27.0, "match_type": "matched", "height_source": "source_b" }, "geometry": { "type": "Polygon", "coordinates": [ [ [ 30.268867, 59.939392999998653 ], [ 30.268965, 59.939419999998663 ], [ 30.269006, 59.939383999998633 ], [ 30.268908, 59.939355999998661 ], [ 30.268867, 59.939392999998653 ] ] ] } },
{ "type": "Feature", "properties": { "height": 27.0, "match_type": "matched", "height_source": "source_b" }, "geometry": { "type": "Polygon", "coordinates": [ [ [ 30.269101, 59.939184999998673 ], [ 30.269194, 59.939211999998655 ], [ 30.269236, 59.93917499999862 ], [ 30.269142, 59.939147999998653 ], [ 30.269101, 59.939184999998673 ] ] ] } },
{ "type": "Feature", "properties": { "height": 27.0, "match_type": "matched", "height_source": "source_b" }, "geometry": { "type": "Polygon", "coordinates": [ [ [ 30.2693, 59.939008999998677 ], [ 30.269383, 59.939031999998654 ], [ 30.269426, 59.938993999998665 ], [ 30.269343, 59.938969999998633 ], [ 30.2693, 59.939008999998677 ] ] ] } },
{ "type": "Feature", "properties": { "height": 6.6, "match_type": "matched", "height_source": "source_b" }, "geometry": { "type": "Polygon", "coordinates": [ [ [ 30.269699, 59.934158999998637 ], [ 30.269413, 59.934427999998668 ], [ 30.269518, 59.934457999998642 ], [ 30.269727, 59.934263999998642 ], [ 30.269799, 59.934282999998644 ], [ 30.269877, 59.934206999998672 ], [ 30.269699, 59.934158999998637 ] ] ] } },
{ "type": "Feature", "properties": { "height": 15.0, "match_type": "matched", "height_source": "source_b" }, "geometry": { "type": "Polygon", "coordinates": [ [ [ 30.269905, 59.946016999998641 ], [ 30.27005, 59.945891999998679 ], [ 30.269726, 59.945793999998635 ], [ 30.269573, 59.94592299999865 ], [ 30.269905, 59.946016999998641 ] ] ] } },
{ "type": "Feature", "properties": { "height": 4.5, "match_type": "matched", "height_source": "source_b" }, "geometry": { "type": "Polygon", "coordinates": [ [ [ 30.269501, 59.937069999998656 ], [ 30.269435, 59.937128999998649 ], [ 30.269572, 59.93716799999865 ], [ 30.269639, 59.937108999998642 ], [ 30.269501, 59.937069999998656 ] ] ] } },
{ "type": "Feature", "properties": { "height": 30.0, "match_type": "matched", "height_source": "source_b" }, "geometry": { "type": "Polygon", "coordinates": [ [ [ 30.269638, 59.937567999998642 ], [ 30.269748, 59.937457999998649 ], [ 30.269621, 59.937425999998666 ], [ 30.269667, 59.937380999998638 ], [ 30.269555, 59.937352999998652 ], [ 30.269437, 59.937469999998633 ], [ 30.269638, 59.937567999998642 ] ] ] } },
{ "type": "Feature", "properties": { "height": 33.0, "match_type": "matched", "height_source": "source_b" }, "geometry": { "type": "Polygon", "coordinates": [ [ [ 30.269514, 59.937535999998651 ], [ 30.269552, 59.93749899999866 ], [ 30.269437, 59.937469999998633 ], [ 30.269399, 59.937506999998654 ], [ 30.269514, 59.937535999998651 ] ] ] } },
{ "type": "Feature", "properties": { "height": 33.0, "match_type": "matched", "height_source": "source_b" }, "geometry": { "type": "Polygon", "coordinates": [ [ [ 30.269667, 59.937380999998638 ], [ 30.269621, 59.937425999998666 ], [ 30.269748, 59.937457999998649 ], [ 30.269794, 59.937412999998664 ], [ 30.269667, 59.937380999998638 ] ] ] } },
{ "type": "Feature", "properties": { "height": 27.0, "match_type": "matched", "height_source": "source_b" }, "geometry": { "type": "Polygon", "coordinates": [ [ [ 30.269794, 59.937412999998664 ], [ 30.269739, 59.937466999998648 ], [ 30.269893, 59.937505999998635 ], [ 30.269948, 59.937452999998669 ], [ 30.269794, 59.937412999998664 ] ] ] } },
{ "type": "Feature", "properties": { "height": 15.0, "match_type": "matched", "height_source": "source_b" }, "geometry": { "type": "Polygon", "coordinates": [ [ [ 30.269614, 59.939467999998648 ], [ 30.270084, 59.939600999998639 ], [ 30.270152, 59.93954199999866 ], [ 30.269887, 59.939466999998658 ], [ 30.269981, 59.939381999998652 ], [ 30.27025, 59.939456999998654 ], [ 30.270302, 59.93941199999864 ], [ 30.269826, 59.939277999998673 ], [ 30.269614, 59.939467999998648 ] ] ] } },
{ "type": "Feature", "properties": { "height": 13.2, "match_type": "matched", "height_source": "source_b" }, "geometry": { "type": "Polygon", "coordinates": [ [ [ 30.270195, 59.941155999998642 ], [ 30.270378, 59.941205999998651 ], [ 30.270643, 59.940971999998652 ], [ 30.270469, 59.940907999998643 ], [ 30.270195, 59.941155999998642 ] ] ] } },
{ "type": "Feature", "properties": { "height": 13.2, "match_type": "matched", "height_source": "source_b" }, "geometry": { "type": "Polygon", "coordinates": [ [ [ 30.270357, 59.941008999998658 ], [ 30.270469, 59.940907999998643 ], [ 30.269515, 59.940626999998635 ], [ 30.269454, 59.940679999998657 ], [ 30.2696, 59.940722999998648 ], [ 30.269496, 59.940812999998634 ], [ 30.269897, 59.940930999998656 ], [ 30.269869, 59.940954999998638 ], [ 30.269976, 59.940985999998659 ], [ 30.270053, 59.940919999998648 ], [ 30.270357, 59.941008999998658 ] ] ] } },
{ "type": "Feature", "properties": { "height": 9.9, "match_type": "matched", "height_source": "source_b" }, "geometry": { "type": "Polygon", "coordinates": [ [ [ 30.269693, 59.942844999998655 ], [ 30.269943, 59.942921999998639 ], [ 30.270029, 59.942851999998659 ], [ 30.269779, 59.94277499999864 ], [ 30.269693, 59.942844999998655 ] ] ] } },
{ "type": "Feature", "properties": { "height": 18.0, "match_type": "matched", "height_source": "source_b" }, "geometry": { "type": "Polygon", "coordinates": [ [ [ 30.269645, 59.934858999998653 ], [ 30.269786, 59.934723999998667 ], [ 30.269248, 59.934571999998653 ], [ 30.269091, 59.934706999998653 ], [ 30.269645, 59.934858999998653 ] ] ] } },
{ "type": "Feature", "properties": { "height": 6.5, "match_type": "only_a", "height_source": "ml_predicted" }, "geometry": { "type": "Polygon", "coordinates": [ [ [ 30.26965, 59.94364 ], [ 30.2697, 59.94361 ], [ 30.26961, 59.94363 ], [ 30.26965, 59.94364 ] ] ] } },
{ "type": "Feature", "properties": { "height": 21.0, "match_type": "matched", "height_source": "source_b" }, "geometry": { "type": "Polygon", "coordinates": [ [ [ 30.270499, 59.942170999998638 ], [ 30.270442, 59.942219999998635 ], [ 30.270538, 59.942247999998635 ], [ 30.270595, 59.942198999998645 ], [ 30.270499, 59.942170999998638 ] ] ] } },
{ "type": "Feature", "properties": { "height": 21.0, "match_type": "matched", "height_source": "source_b" }, "geometry": { "type": "Polygon", "coordinates": [ [ [ 30.270196, 59.942475999998642 ], [ 30.270297, 59.942504999998647 ], [ 30.270354, 59.942453999998662 ], [ 30.270253, 59.942425999998648 ], [ 30.270196, 59.942475999998642 ] ] ] } },
{ "type": "Feature", "properties": { "height": 21.0, "match_type": "matched", "height_source": "source_b" }, "geometry": { "type": "Polygon", "coordinates": [ [ [ 30.269858, 59.942212999998659 ], [ 30.269937, 59.942234999998632 ], [ 30.269988, 59.942189999998632 ], [ 30.269911, 59.942167999998638 ], [ 30.269858, 59.942212999998659 ] ] ] } },
{ "type": "Feature", "properties": { "height": 18.0, "match_type": "matched", "height_source": "source_b" }, "geometry": { "type": "Polygon", "coordinates": [ [ [ 30.270059, 59.942042999998648 ], [ 30.269911, 59.942167999998638 ], [ 30.269988, 59.942189999998632 ], [ 30.269937, 59.942234999998632 ], [ 30.269858, 59.942212999998659 ], [ 30.269713, 59.942335999998662 ], [ 30.270196, 59.942475999998642 ], [ 30.270253, 59.942425999998648 ], [ 30.270354, 59.942453999998662 ], [ 30.270297, 59.942504999998647 ], [ 30.270693, 59.94261799999866 ], [ 30.27098, 59.942366999998647 ], [ 30.270858, 59.94233199999865 ], [ 30.270906, 59.942289999998657 ], [ 30.270595, 59.942198999998645 ], [ 30.270538, 59.942247999998635 ], [ 30.270442, 59.942219999998635 ], [ 30.270499, 59.942170999998638 ], [ 30.270059, 59.942042999998648 ] ], [ [ 30.269955, 59.942340999998642 ], [ 30.270143, 59.942176999998658 ], [ 30.270363, 59.94224099999866 ], [ 30.270175, 59.942403999998668 ], [ 30.269955, 59.942340999998642 ] ], [ [ 30.270439, 59.942477999998651 ], [ 30.270627, 59.942314999998672 ], [ 30.270847, 59.942378999998652 ], [ 30.270659, 59.942541999998667 ], [ 30.270439, 59.942477999998651 ] ] ] } },
{ "type": "Feature", "properties": { "height": 18.0, "match_type": "matched", "height_source": "source_b" }, "geometry": { "type": "Polygon", "coordinates": [ [ [ 30.269189, 59.941961999998661 ], [ 30.269423, 59.942024999998644 ], [ 30.269686, 59.941799999998672 ], [ 30.269441, 59.94172699999865 ], [ 30.269189, 59.941961999998661 ] ] ] } },
{ "type": "Feature", "properties": { "height": 3.6, "match_type": "only_a", "height_source": "ml_predicted" }, "geometry": { "type": "Polygon", "coordinates": [ [ [ 30.26968, 59.94365 ], [ 30.26974, 59.94367 ], [ 30.2698, 59.94363 ], [ 30.26973, 59.94361 ], [ 30.26968, 59.94365 ] ] ] } },
{ "type": "Feature", "properties": { "height": 24.0, "match_type": "matched", "height_source": "source_b" }, "geometry": { "type": "Polygon", "coordinates": [ [ [ 30.269936, 59.936914999998642 ], [ 30.269839, 59.936884999998661 ], [ 30.269704, 59.936995999998658 ], [ 30.269513, 59.936937999998669 ], [ 30.269679, 59.936834999998666 ], [ 30.269397, 59.936752999998646 ], [ 30.269201, 59.936924999998681 ], [ 30.269751, 59.937074999998636 ], [ 30.269936, 59.936914999998642 ] ] ] } },
{ "type": "Feature", "properties": { "height": 4.5, "match_type": "matched", "height_source": "source_b" }, "geometry": { "type": "Polygon", "coordinates": [ [ [ 30.269413, 59.93796999999865 ], [ 30.26935, 59.938011999998636 ], [ 30.26954, 59.938082999998656 ], [ 30.269603, 59.938040999998627 ], [ 30.269413, 59.93796999999865 ] ] ] } },
{ "type": "Feature", "properties": { "height": 4.5, "match_type": "matched", "height_source": "source_b" }, "geometry": { "type": "Polygon", "coordinates": [ [ [ 30.269986, 59.943410999998662 ], [ 30.270158, 59.943261999998676 ], [ 30.269888, 59.943183999998659 ], [ 30.269717, 59.94333399999865 ], [ 30.269986, 59.943410999998662 ] ] ] } },
{ "type": "Feature", "properties": { "height": 9.9, "match_type": "matched", "height_source": "source_b" }, "geometry": { "type": "Polygon", "coordinates": [ [ [ 30.269741, 59.937121999998659 ], [ 30.26961, 59.937241999998648 ], [ 30.269846, 59.93730699999864 ], [ 30.269767, 59.937378999998657 ], [ 30.270057, 59.93745899999864 ], [ 30.270272, 59.937260999998657 ], [ 30.269741, 59.937121999998659 ] ] ] } },
{ "type": "Feature", "properties": { "height": 13.2, "match_type": "matched", "height_source": "source_b" }, "geometry": { "type": "Polygon", "coordinates": [ [ [ 30.269826, 59.939277999998673 ], [ 30.270094, 59.939353999998637 ], [ 30.27052, 59.938998999998653 ], [ 30.270251, 59.938917999998637 ], [ 30.269826, 59.939277999998673 ] ] ] } },
{ "type": "Feature", "properties": { "height": 13.2, "match_type": "matched", "height_source": "source_b" }, "geometry": { "type": "Polygon", "coordinates": [ [ [ 30.27024, 59.944237999998656 ], [ 30.269956, 59.944154999998652 ], [ 30.26982, 59.944271999998648 ], [ 30.270104, 59.944354999998644 ], [ 30.27024, 59.944237999998656 ] ] ] } },
{ "type": "Feature", "properties": { "height": 15.0, "match_type": "matched", "height_source": "source_b" }, "geometry": { "type": "Polygon", "coordinates": [ [ [ 30.269554, 59.945430999998663 ], [ 30.269852, 59.945540999998649 ], [ 30.270006, 59.945409999998652 ], [ 30.269898, 59.945377999998669 ], [ 30.270091, 59.945213999998643 ], [ 30.270201, 59.945245999998654 ], [ 30.270347, 59.945121999998648 ], [ 30.270004, 59.945047999998636 ], [ 30.269554, 59.945430999998663 ] ] ] } },
{ "type": "Feature", "properties": { "height": 1.6, "match_type": "only_a", "height_source": "ml_predicted" }, "geometry": { "type": "Polygon", "coordinates": [ [ [ 30.26988, 59.9371 ], [ 30.26996, 59.93703 ], [ 30.26986, 59.937 ], [ 30.26977, 59.93707 ], [ 30.26988, 59.9371 ] ] ] } },
{ "type": "Feature", "properties": { "height": 19.6, "match_type": "only_a", "height_source": "ml_predicted" }, "geometry": { "type": "Polygon", "coordinates": [ [ [ 30.2699, 59.94384 ], [ 30.26978, 59.9438 ], [ 30.26973, 59.94385 ], [ 30.26984, 59.94388 ], [ 30.2699, 59.94384 ] ] ] } },
{ "type": "Feature", "properties": { "height": 21.0, "match_type": "matched", "height_source": "source_b" }, "geometry": { "type": "Polygon", "coordinates": [ [ [ 30.269892, 59.943661999998653 ], [ 30.270137, 59.943456999998666 ], [ 30.269902, 59.94338599999864 ], [ 30.269657, 59.943590999998655 ], [ 30.269892, 59.943661999998653 ] ] ] } },
{ "type": "Feature", "properties": { "height": 9.9, "match_type": "matched", "height_source": "source_b" }, "geometry": { "type": "Polygon", "coordinates": [ [ [ 30.269942, 59.937992999998642 ], [ 30.269794, 59.93811699999862 ], [ 30.269906, 59.938150999998655 ], [ 30.270093, 59.938037999998656 ], [ 30.269942, 59.937992999998642 ] ] ] } },
{ "type": "Feature", "properties": { "height": 7.7, "match_type": "only_a", "height_source": "ml_predicted" }, "geometry": { "type": "Polygon", "coordinates": [ [ [ 30.26996, 59.93648 ], [ 30.26992, 59.93651 ], [ 30.27008, 59.93654 ], [ 30.26995, 59.93665 ], [ 30.26998, 59.93666 ], [ 30.27011, 59.93655 ], [ 30.27004, 59.93663 ], [ 30.27025, 59.93669 ], [ 30.27036, 59.93661 ], [ 30.27023, 59.93666 ], [ 30.27008, 59.93662 ], [ 30.27023, 59.93651 ], [ 30.27001, 59.9364 ], [ 30.26993, 59.93647 ], [ 30.26996, 59.93648 ] ] ] } },
{ "type": "Feature", "properties": { "height": 12.5, "match_type": "only_a", "height_source": "ml_predicted" }, "geometry": { "type": "Polygon", "coordinates": [ [ [ 30.27017, 59.94374 ], [ 30.26982, 59.94364 ], [ 30.26975, 59.9437 ], [ 30.26998, 59.94376 ], [ 30.27017, 59.94374 ] ] ] } },
{ "type": "Feature", "properties": { "height": 21.0, "match_type": "matched", "height_source": "source_b" }, "geometry": { "type": "Polygon", "coordinates": [ [ [ 30.270885, 59.943678999998667 ], [ 30.271168, 59.943427999998633 ], [ 30.27027, 59.943160999998646 ], [ 30.269986, 59.943410999998662 ], [ 30.270885, 59.943678999998667 ] ], [ [ 30.270319, 59.94343099999864 ], [ 30.270461, 59.943309999998618 ], [ 30.270847, 59.94342399999865 ], [ 30.270705, 59.94354499999865 ], [ 30.270319, 59.94343099999864 ] ] ] } },
{ "type": "Feature", "properties": { "height": 2.3, "match_type": "only_a", "height_source": "ml_predicted" }, "geometry": { "type": "Polygon", "coordinates": [ [ [ 30.27, 59.93827 ], [ 30.27034, 59.93837 ], [ 30.27039, 59.93832 ], [ 30.27006, 59.93822 ], [ 30.27, 59.93827 ] ] ] } },
{ "type": "Feature", "properties": { "height": 18.0, "match_type": "matched", "height_source": "source_b" }, "geometry": { "type": "Polygon", "coordinates": [ [ [ 30.270083, 59.939855999998663 ], [ 30.270293, 59.939659999998653 ], [ 30.27002, 59.939582999998656 ], [ 30.269801, 59.939779999998649 ], [ 30.270083, 59.939855999998663 ] ] ] } },
{ "type": "Feature", "properties": { "height": 4.4, "match_type": "only_a", "height_source": "ml_predicted" }, "geometry": { "type": "Polygon", "coordinates": [ [ [ 30.27004, 59.94319 ], [ 30.27019, 59.94323 ], [ 30.27028, 59.94315 ], [ 30.27013, 59.94311 ], [ 30.27004, 59.94319 ] ] ] } },
{ "type": "Feature", "properties": { "height": 15.0, "match_type": "matched", "height_source": "source_b" }, "geometry": { "type": "Polygon", "coordinates": [ [ [ 30.269747, 59.941368999998659 ], [ 30.270079, 59.941468999998648 ], [ 30.270378, 59.941205999998651 ], [ 30.270056, 59.941116999998656 ], [ 30.270002, 59.941161999998656 ], [ 30.270055, 59.941179999998674 ], [ 30.269861, 59.941341999998649 ], [ 30.269747, 59.941368999998659 ] ] ] } },
{ "type": "Feature", "properties": { "height": 27.0, "match_type": "matched", "height_source": "source_b" }, "geometry": { "type": "Polygon", "coordinates": [ [ [ 30.270211, 59.936489999998649 ], [ 30.270251, 59.936453999998633 ], [ 30.27005, 59.936360999998641 ], [ 30.270017, 59.936391999998634 ], [ 30.270211, 59.936489999998649 ] ] ] } },
{ "type": "Feature", "properties": { "height": 24.0, "match_type": "matched", "height_source": "source_b" }, "geometry": { "type": "Polygon", "coordinates": [ [ [ 30.269909, 59.936302999998638 ], [ 30.269569, 59.936598999998651 ], [ 30.269743, 59.93664999999865 ], [ 30.27005, 59.936360999998641 ], [ 30.270251, 59.936453999998633 ], [ 30.27014, 59.936554999998656 ], [ 30.270322, 59.93660499999865 ], [ 30.270439, 59.936498999998648 ], [ 30.269909, 59.936302999998638 ] ] ] } },
{ "type": "Feature", "properties": { "height": 13.2, "match_type": "matched", "height_source": "source_b" }, "geometry": { "type": "Polygon", "coordinates": [ [ [ 30.270254, 59.937166999998659 ], [ 30.270544, 59.936899999998673 ], [ 30.27005, 59.936764999998672 ], [ 30.2699, 59.936903999998648 ], [ 30.270247, 59.936998999998643 ], [ 30.270098, 59.937136999998629 ], [ 30.270159, 59.937194999998653 ], [ 30.270129, 59.937223999998629 ], [ 30.270311, 59.93727199999865 ], [ 30.270386, 59.937202999998647 ], [ 30.270254, 59.937166999998659 ] ] ] } },
{ "type": "Feature", "properties": { "height": 13.2, "match_type": "matched", "height_source": "source_b" }, "geometry": { "type": "Polygon", "coordinates": [ [ [ 30.269741, 59.942858999998649 ], [ 30.269626, 59.94295299999866 ], [ 30.270063, 59.94308899999865 ], [ 30.270178, 59.942994999998675 ], [ 30.269741, 59.942858999998649 ] ] ] } },
{ "type": "Feature", "properties": { "height": 6.6, "match_type": "matched", "height_source": "source_b" }, "geometry": { "type": "Polygon", "coordinates": [ [ [ 30.27021, 59.934036999998632 ], [ 30.270141, 59.934097999998635 ], [ 30.270408, 59.934171999998647 ], [ 30.270495, 59.934087999998631 ], [ 30.27021, 59.934036999998632 ] ] ] } },
{ "type": "Feature", "properties": { "height": 9.9, "match_type": "matched", "height_source": "source_b" }, "geometry": { "type": "Polygon", "coordinates": [ [ [ 30.270656, 59.936285999998674 ], [ 30.270552, 59.936254999998667 ], [ 30.270427, 59.936358999998667 ], [ 30.27053, 59.936389999998653 ], [ 30.270656, 59.936285999998674 ] ] ] } },
{ "type": "Feature", "properties": { "height": 24.0, "match_type": "matched", "height_source": "source_b" }, "geometry": { "type": "Polygon", "coordinates": [ [ [ 30.270656, 59.936285999998674 ], [ 30.270854, 59.936119999998652 ], [ 30.270353, 59.935967999998653 ], [ 30.270281, 59.935976999998644 ], [ 30.270138, 59.936101999998641 ], [ 30.270502, 59.936179999998636 ], [ 30.270475, 59.936202999998635 ], [ 30.270656, 59.936285999998674 ] ] ] } },
{ "type": "Feature", "properties": { "height": 24.0, "match_type": "matched", "height_source": "source_b" }, "geometry": { "type": "Polygon", "coordinates": [ [ [ 30.270381, 59.936173999998637 ], [ 30.270138, 59.936101999998641 ], [ 30.269909, 59.936302999998638 ], [ 30.270411, 59.936489999998663 ], [ 30.27053, 59.936389999998653 ], [ 30.270196, 59.936332999998669 ], [ 30.270381, 59.936173999998637 ] ] ] } },
{ "type": "Feature", "properties": { "height": 15.0, "match_type": "matched", "height_source": "source_b" }, "geometry": { "type": "Polygon", "coordinates": [ [ [ 30.26997, 59.94024799999864 ], [ 30.270138, 59.940095999998647 ], [ 30.269827, 59.940009999998665 ], [ 30.269758, 59.940071999998679 ], [ 30.269941, 59.940122999998657 ], [ 30.269842, 59.94021299999865 ], [ 30.26997, 59.94024799999864 ] ] ] } },
{ "type": "Feature", "properties": { "height": 21.0, "match_type": "matched", "height_source": "source_b" }, "geometry": { "type": "Polygon", "coordinates": [ [ [ 30.27014, 59.936554999998656 ], [ 30.270076, 59.93661199999864 ], [ 30.270258, 59.936662999998646 ], [ 30.270322, 59.93660499999865 ], [ 30.27014, 59.936554999998656 ] ] ] } },
{ "type": "Feature", "properties": { "height": 13.2, "match_type": "matched", "height_source": "source_b" }, "geometry": { "type": "Polygon", "coordinates": [ [ [ 30.270003, 59.940256999998653 ], [ 30.269798, 59.940427999998654 ], [ 30.270186, 59.940539999998649 ], [ 30.270333, 59.940410999998676 ], [ 30.270034, 59.940324999998651 ], [ 30.270084, 59.940281999998632 ], [ 30.270003, 59.940256999998653 ] ] ] } },
{ "type": "Feature", "properties": { "height": 9.9, "match_type": "matched", "height_source": "source_b" }, "geometry": { "type": "Polygon", "coordinates": [ [ [ 30.269988, 59.94293599999866 ], [ 30.270235, 59.943013999998648 ], [ 30.270318, 59.942946999998647 ], [ 30.270071, 59.942868999998659 ], [ 30.269988, 59.94293599999866 ] ] ] } },
{ "type": "Feature", "properties": { "height": 21.0, "match_type": "matched", "height_source": "source_b" }, "geometry": { "type": "Polygon", "coordinates": [ [ [ 30.270885, 59.943678999998667 ], [ 30.270189, 59.94347199999865 ], [ 30.270085, 59.943558999998665 ], [ 30.270556, 59.943699999998664 ], [ 30.27047, 59.943771999998638 ], [ 30.270001, 59.943630999998668 ], [ 30.26994, 59.943682999998643 ], [ 30.270635, 59.943889999998639 ], [ 30.270885, 59.943678999998667 ] ] ] } },
{ "type": "Feature", "properties": { "height": 15.0, "match_type": "matched", "height_source": "source_b" }, "geometry": { "type": "Polygon", "coordinates": [ [ [ 30.27007, 59.944883999998638 ], [ 30.270319, 59.944950999998674 ], [ 30.270469, 59.944811999998635 ], [ 30.270221, 59.944743999998671 ], [ 30.27007, 59.944883999998638 ] ] ] } },
{ "type": "Feature", "properties": { "height": 13.2, "match_type": "matched", "height_source": "source_b" }, "geometry": { "type": "Polygon", "coordinates": [ [ [ 30.270093, 59.940136999998671 ], [ 30.270221, 59.940169999998652 ], [ 30.270345, 59.940135999998638 ], [ 30.270563, 59.940192999998665 ], [ 30.270643, 59.940115999998675 ], [ 30.270227, 59.940006999998651 ], [ 30.270093, 59.940136999998671 ] ] ] } },
{ "type": "Feature", "properties": { "height": 21.0, "match_type": "matched", "height_source": "source_b" }, "geometry": { "type": "Polygon", "coordinates": [ [ [ 30.270522, 59.938181999998648 ], [ 30.27019, 59.938086999998653 ], [ 30.269992, 59.938210999998653 ], [ 30.270368, 59.938317999998667 ], [ 30.270522, 59.938181999998648 ] ] ] } },
{ "type": "Feature", "properties": { "height": 18.0, "match_type": "matched", "height_source": "source_b" }, "geometry": { "type": "Polygon", "coordinates": [ [ [ 30.270516, 59.938675999998658 ], [ 30.270251, 59.938917999998637 ], [ 30.271056, 59.939198999998666 ], [ 30.270896, 59.939339999998637 ], [ 30.271048, 59.939382999998642 ], [ 30.271312, 59.939148999998629 ], [ 30.271219, 59.939122999998659 ], [ 30.271353, 59.939003999998647 ], [ 30.271446, 59.93903099999865 ], [ 30.271517, 59.938968999998657 ], [ 30.271152, 59.938861999998664 ], [ 30.270982, 59.939008999998677 ], [ 30.270555, 59.938883999998637 ], [ 30.270658, 59.938795999998661 ], [ 30.270825, 59.938844999998679 ], [ 30.270893, 59.93878599999865 ], [ 30.270516, 59.938675999998658 ] ] ] } },
{ "type": "Feature", "properties": { "height": 3.4, "match_type": "only_a", "height_source": "ml_predicted" }, "geometry": { "type": "Polygon", "coordinates": [ [ [ 30.27021, 59.93937 ], [ 30.27029, 59.9394 ], [ 30.27033, 59.93937 ], [ 30.27024, 59.93934 ], [ 30.27021, 59.93937 ] ] ] } },
{ "type": "Feature", "properties": { "height": 9.9, "match_type": "matched", "height_source": "source_b" }, "geometry": { "type": "Polygon", "coordinates": [ [ [ 30.27052, 59.942628999998639 ], [ 30.270256, 59.942844999998655 ], [ 30.270388, 59.942884999998647 ], [ 30.270651, 59.942668999998645 ], [ 30.27052, 59.942628999998639 ] ] ] } },
{ "type": "Feature", "properties": { "height": 23.2, "match_type": "only_a", "height_source": "ml_predicted" }, "geometry": { "type": "Polygon", "coordinates": [ [ [ 30.27022, 59.944 ], [ 30.27035, 59.94395 ], [ 30.2703, 59.94393 ], [ 30.27022, 59.944 ] ] ] } },
{ "type": "Feature", "properties": { "height": 21.0, "match_type": "matched", "height_source": "source_b" }, "geometry": { "type": "Polygon", "coordinates": [ [ [ 30.270183, 59.941933999998668 ], [ 30.270262, 59.941955999998648 ], [ 30.270313, 59.941910999998662 ], [ 30.270236, 59.941888999998639 ], [ 30.270183, 59.941933999998668 ] ] ] } },
{ "type": "Feature", "properties": { "height": 18.0, "match_type": "matched", "height_source": "source_b" }, "geometry": { "type": "Polygon", "coordinates": [ [ [ 30.27036, 59.941781999998646 ], [ 30.270236, 59.941888999998639 ], [ 30.270313, 59.941910999998662 ], [ 30.270262, 59.941955999998648 ], [ 30.270183, 59.941933999998668 ], [ 30.270059, 59.942042999998648 ], [ 30.271047, 59.942308999998659 ], [ 30.271288, 59.942101999998656 ], [ 30.271155, 59.942062999998655 ], [ 30.271196, 59.942026999998674 ], [ 30.27036, 59.941781999998646 ] ], [ [ 30.270286, 59.94205499999866 ], [ 30.270474, 59.941891999998653 ], [ 30.270694, 59.941954999998657 ], [ 30.270506, 59.942118999998648 ], [ 30.270286, 59.94205499999866 ] ], [ [ 30.270719, 59.942178999998653 ], [ 30.270907, 59.942015999998674 ], [ 30.271127, 59.942079999998633 ], [ 30.270939, 59.942242999998641 ], [ 30.270719, 59.942178999998653 ] ] ] } },
{ "type": "Feature", "properties": { "height": 9.9, "match_type": "matched", "height_source": "source_b" }, "geometry": { "type": "Polygon", "coordinates": [ [ [ 30.270186, 59.940539999998649 ], [ 30.270268, 59.940562999998662 ], [ 30.270446, 59.940408999998652 ], [ 30.270365, 59.940385999998654 ], [ 30.270186, 59.940539999998649 ] ] ] } },
{ "type": "Feature", "properties": { "height": 22.8, "match_type": "only_a", "height_source": "ml_predicted" }, "geometry": { "type": "Polygon", "coordinates": [ [ [ 30.27035, 59.94389 ], [ 30.2704, 59.94391 ], [ 30.27048, 59.94384 ], [ 30.27043, 59.94382 ], [ 30.27035, 59.94389 ] ] ] } },
{ "type": "Feature", "properties": { "height": 5.1, "match_type": "only_a", "height_source": "ml_predicted" }, "geometry": { "type": "Polygon", "coordinates": [ [ [ 30.27038, 59.94291 ], [ 30.27031, 59.94289 ], [ 30.27027, 59.94292 ], [ 30.27034, 59.94294 ], [ 30.27038, 59.94291 ] ] ] } },
{ "type": "Feature", "properties": { "height": 18.0, "match_type": "matched", "height_source": "source_b" }, "geometry": { "type": "Polygon", "coordinates": [ [ [ 30.270423, 59.939948999998663 ], [ 30.270632, 59.939755999998653 ], [ 30.270439, 59.939700999998649 ], [ 30.270229, 59.939895999998633 ], [ 30.270423, 59.939948999998663 ] ] ] } },
{ "type": "Feature", "properties": { "height": 3.1, "match_type": "only_a", "height_source": "ml_predicted" }, "geometry": { "type": "Polygon", "coordinates": [ [ [ 30.27042, 59.94022 ], [ 30.2704, 59.94025 ], [ 30.27052, 59.94025 ], [ 30.27042, 59.94022 ] ] ] } },
{ "type": "Feature", "properties": { "height": 6.6, "match_type": "matched", "height_source": "source_b" }, "geometry": { "type": "Polygon", "coordinates": [ [ [ 30.270539, 59.934959999998661 ], [ 30.270575, 59.934924999998657 ], [ 30.269803, 59.934705999998634 ], [ 30.269693, 59.934812999998648 ], [ 30.270437, 59.935029999998655 ], [ 30.270379, 59.935072999998631 ], [ 30.270648, 59.935153999998647 ], [ 30.270807, 59.935018999998647 ], [ 30.270539, 59.934959999998661 ] ] ] } },
{ "type": "Feature", "properties": { "height": 27.0, "match_type": "matched", "height_source": "source_b" }, "geometry": { "type": "Polygon", "coordinates": [ [ [ 30.270034, 59.943888999998634 ], [ 30.270104, 59.943909999998652 ], [ 30.270177, 59.943847999998638 ], [ 30.270106, 59.94382699999867 ], [ 30.270034, 59.943888999998634 ] ] ] } },
{ "type": "Feature", "properties": { "height": 27.0, "match_type": "matched", "height_source": "source_b" }, "geometry": { "type": "Polygon", "coordinates": [ [ [ 30.269874, 59.94383099999866 ], [ 30.269988, 59.943864999998681 ], [ 30.270039, 59.943790999998654 ], [ 30.269952, 59.943765999998647 ], [ 30.269874, 59.94383099999866 ] ] ] } },
{ "type": "Feature", "properties": { "height": 24.0, "match_type": "matched", "height_source": "source_b" }, "geometry": { "type": "Polygon", "coordinates": [ [ [ 30.269824, 59.943873999998665 ], [ 30.270201, 59.943984999998634 ], [ 30.270396, 59.943818999998662 ], [ 30.270295, 59.94378899999866 ], [ 30.270227, 59.943845999998658 ], [ 30.270173, 59.943829999998641 ], [ 30.270196, 59.943809999998649 ], [ 30.270101, 59.94378199999867 ], [ 30.270145, 59.943743999998645 ], [ 30.27002, 59.943706999998675 ], [ 30.269952, 59.943765999998647 ], [ 30.270039, 59.943790999998654 ], [ 30.270032, 59.943827999998646 ], [ 30.269988, 59.943864999998681 ], [ 30.269874, 59.94383099999866 ], [ 30.269824, 59.943873999998665 ] ], [ [ 30.270034, 59.943888999998634 ], [ 30.270106, 59.94382699999867 ], [ 30.270177, 59.943847999998638 ], [ 30.270104, 59.943909999998652 ], [ 30.270034, 59.943888999998634 ] ] ] } },
{ "type": "Feature", "properties": { "height": 27.0, "match_type": "matched", "height_source": "source_b" }, "geometry": { "type": "Polygon", "coordinates": [ [ [ 30.270145, 59.943743999998645 ], [ 30.270101, 59.94378199999867 ], [ 30.270196, 59.943809999998649 ], [ 30.270173, 59.943829999998641 ], [ 30.270227, 59.943845999998658 ], [ 30.270295, 59.94378899999866 ], [ 30.270145, 59.943743999998645 ] ] ] } },
{ "type": "Feature", "properties": { "height": 4.5, "match_type": "matched", "height_source": "source_b" }, "geometry": { "type": "Polygon", "coordinates": [ [ [ 30.270221, 59.944743999998671 ], [ 30.270469, 59.944811999998635 ], [ 30.270534, 59.944750999998647 ], [ 30.270286, 59.944683999998638 ], [ 30.270221, 59.944743999998671 ] ] ] } },
{ "type": "Feature", "properties": { "height": 4.5, "match_type": "matched", "height_source": "source_b" }, "geometry": { "type": "Polygon", "coordinates": [ [ [ 30.270521, 59.937520999998661 ], [ 30.270458, 59.937582999998646 ], [ 30.270578, 59.937613999998646 ], [ 30.270641, 59.937550999998678 ], [ 30.270521, 59.937520999998661 ] ] ] } },
{ "type": "Feature", "properties": { "height": 4.5, "match_type": "matched", "height_source": "source_b" }, "geometry": { "type": "Polygon", "coordinates": [ [ [ 30.270392, 59.944567999998661 ], [ 30.270322, 59.944630999998651 ], [ 30.270413, 59.944656999998656 ], [ 30.270483, 59.944592999998633 ], [ 30.270392, 59.944567999998661 ] ] ] } },
{ "type": "Feature", "properties": { "height": 5.7, "match_type": "only_a", "height_source": "ml_predicted" }, "geometry": { "type": "Polygon", "coordinates": [ [ [ 30.27049, 59.94513 ], [ 30.27053, 59.94509 ], [ 30.27041, 59.94505 ], [ 30.27036, 59.94509 ], [ 30.27049, 59.94513 ] ] ] } },
{ "type": "Feature", "properties": { "height": 13.2, "match_type": "matched", "height_source": "source_b" }, "geometry": { "type": "Polygon", "coordinates": [ [ [ 30.271037, 59.938596999998637 ], [ 30.271321, 59.93867299999863 ], [ 30.271391, 59.938610999998645 ], [ 30.2708, 59.938431999998649 ], [ 30.270516, 59.938675999998658 ], [ 30.271011, 59.938820999998647 ], [ 30.271081, 59.938755999998627 ], [ 30.270816, 59.938680999998638 ], [ 30.270965, 59.938611999998649 ], [ 30.27091, 59.938595999998661 ], [ 30.270985, 59.938528999998645 ], [ 30.271081, 59.938555999998655 ], [ 30.271037, 59.938596999998637 ] ] ] } },
{ "type": "Feature", "properties": { "height": 4.1, "match_type": "only_a", "height_source": "ml_predicted" }, "geometry": { "type": "Polygon", "coordinates": [ [ [ 30.27054, 59.93641 ], [ 30.27046, 59.93647 ], [ 30.27055, 59.9365 ], [ 30.27064, 59.93643 ], [ 30.27054, 59.93641 ] ] ] } },
{ "type": "Feature", "properties": { "height": 6.6, "match_type": "matched", "height_source": "source_b" }, "geometry": { "type": "Polygon", "coordinates": [ [ [ 30.270624, 59.944821999998659 ], [ 30.270521, 59.944913999998654 ], [ 30.270927, 59.945027999998644 ], [ 30.27103, 59.944935999998648 ], [ 30.270624, 59.944821999998659 ] ] ] } },
{ "type": "Feature", "properties": { "height": 4.5, "match_type": "matched", "height_source": "source_b" }, "geometry": { "type": "Polygon", "coordinates": [ [ [ 30.270481, 59.934573999998662 ], [ 30.270445, 59.934609999998649 ], [ 30.270559, 59.934637999998657 ], [ 30.270594, 59.934601999998669 ], [ 30.270481, 59.934573999998662 ] ] ] } },
{ "type": "Feature", "properties": { "height": 2.4, "match_type": "only_a", "height_source": "ml_predicted" }, "geometry": { "type": "Polygon", "coordinates": [ [ [ 30.27056, 59.93991 ], [ 30.27064, 59.93984 ], [ 30.27057, 59.93982 ], [ 30.27048, 59.93989 ], [ 30.27056, 59.93991 ] ] ] } },
{ "type": "Feature", "properties": { "height": 21.0, "match_type": "matched", "height_source": "source_b" }, "geometry": { "type": "Polygon", "coordinates": [ [ [ 30.270311, 59.939404999998651 ], [ 30.270555, 59.939475999998649 ], [ 30.270761, 59.939299999998646 ], [ 30.270517, 59.939227999998664 ], [ 30.270311, 59.939404999998651 ] ] ] } },
{ "type": "Feature", "properties": { "height": 4.5, "match_type": "matched", "height_source": "source_b" }, "geometry": { "type": "Polygon", "coordinates": [ [ [ 30.270649, 59.937190999998649 ], [ 30.270562, 59.937271999998643 ], [ 30.270738, 59.937319999998635 ], [ 30.270825, 59.937238999998648 ], [ 30.270649, 59.937190999998649 ] ] ] } },
{ "type": "Feature", "properties": { "height": 21.0, "match_type": "matched", "height_source": "source_b" }, "geometry": { "type": "Polygon", "coordinates": [ [ [ 30.270891, 59.941311999998661 ], [ 30.27066, 59.941512999998665 ], [ 30.27116, 59.941631999998656 ], [ 30.271292, 59.941514999998638 ], [ 30.271062, 59.941448999998656 ], [ 30.271138, 59.941381999998654 ], [ 30.270891, 59.941311999998661 ] ] ] } },
{ "type": "Feature", "properties": { "height": 21.0, "match_type": "matched", "height_source": "source_b" }, "geometry": { "type": "Polygon", "coordinates": [ [ [ 30.270891, 59.941311999998661 ], [ 30.271138, 59.941381999998654 ], [ 30.271225, 59.941302999998648 ], [ 30.271431, 59.941383999998649 ], [ 30.271591, 59.941248999998642 ], [ 30.271106, 59.941123999998666 ], [ 30.270891, 59.941311999998661 ] ] ] } },
{ "type": "Feature", "properties": { "height": 4.8, "match_type": "only_a", "height_source": "ml_predicted" }, "geometry": { "type": "Polygon", "coordinates": [ [ [ 30.27062, 59.94282 ], [ 30.27075, 59.94271 ], [ 30.27065, 59.94269 ], [ 30.27053, 59.94279 ], [ 30.27062, 59.94282 ] ] ] } },
{ "type": "Feature", "properties": { "height": 9.9, "match_type": "matched", "height_source": "source_b" }, "geometry": { "type": "Polygon", "coordinates": [ [ [ 30.270844, 59.93913899999864 ], [ 30.270581, 59.939063999998638 ], [ 30.27062, 59.939028999998641 ], [ 30.27052, 59.938998999998653 ], [ 30.270318, 59.93916599999865 ], [ 30.27068, 59.939276999998626 ], [ 30.270844, 59.93913899999864 ] ] ] } },
{ "type": "Feature", "properties": { "height": 15.0, "match_type": "matched", "height_source": "source_b" }, "geometry": { "type": "Polygon", "coordinates": [ [ [ 30.270785, 59.945426999998674 ], [ 30.270337, 59.945306999998657 ], [ 30.270202, 59.945433999998635 ], [ 30.27065, 59.945553999998666 ], [ 30.270785, 59.945426999998674 ] ] ] } },
{ "type": "Feature", "properties": { "height": 4.5, "match_type": "matched", "height_source": "source_b" }, "geometry": { "type": "Polygon", "coordinates": [ [ [ 30.270654, 59.933955999998659 ], [ 30.270566, 59.934037999998651 ], [ 30.270676, 59.934068999998644 ], [ 30.270762, 59.933985999998633 ], [ 30.270654, 59.933955999998659 ] ] ] } },
{ "type": "Feature", "properties": { "height": 4.2, "match_type": "only_a", "height_source": "ml_predicted" }, "geometry": { "type": "Polygon", "coordinates": [ [ [ 30.27068, 59.94513 ], [ 30.2707, 59.9451 ], [ 30.27059, 59.9451 ], [ 30.27068, 59.94513 ] ] ] } },
{ "type": "Feature", "properties": { "height": 15.0, "match_type": "matched", "height_source": "source_b" }, "geometry": { "type": "Polygon", "coordinates": [ [ [ 30.270692, 59.939772999998659 ], [ 30.270915, 59.939581999998637 ], [ 30.270311, 59.939404999998651 ], [ 30.270084, 59.939600999998639 ], [ 30.270692, 59.939772999998659 ] ], [ [ 30.270479, 59.939507999998639 ], [ 30.270731, 59.939574999998662 ], [ 30.270639, 59.939662999998653 ], [ 30.270387, 59.939595999998659 ], [ 30.270479, 59.939507999998639 ] ] ] } },
{ "type": "Feature", "properties": { "height": 3.6, "match_type": "only_a", "height_source": "ml_predicted" }, "geometry": { "type": "Polygon", "coordinates": [ [ [ 30.27072, 59.93945 ], [ 30.27065, 59.93951 ], [ 30.27076, 59.93946 ], [ 30.27072, 59.93945 ] ] ] } },
{ "type": "Feature", "properties": { "height": 6.6, "match_type": "matched", "height_source": "source_b" }, "geometry": { "type": "Polygon", "coordinates": [ [ [ 30.271813, 59.942384999998652 ], [ 30.271177, 59.94219699999865 ], [ 30.270693, 59.94261799999866 ], [ 30.270845, 59.942661999998656 ], [ 30.270992, 59.942524999998675 ], [ 30.271238, 59.942591999998669 ], [ 30.271301, 59.942534999998649 ], [ 30.271081, 59.942472999998635 ], [ 30.271213, 59.942359999998658 ], [ 30.271677, 59.942496999998653 ], [ 30.271813, 59.942384999998652 ] ] ] } },
{ "type": "Feature", "properties": { "height": 13.2, "match_type": "matched", "height_source": "source_b" }, "geometry": { "type": "Polygon", "coordinates": [ [ [ 30.270747, 59.940126999998654 ], [ 30.270557, 59.94028399999867 ], [ 30.27046, 59.940253999998653 ], [ 30.270399, 59.940304999998659 ], [ 30.270747, 59.940410999998662 ], [ 30.270997, 59.94020299999864 ], [ 30.270747, 59.940126999998654 ] ] ] } },
{ "type": "Feature", "properties": { "height": 3.4, "match_type": "only_a", "height_source": "ml_predicted" }, "geometry": { "type": "Polygon", "coordinates": [ [ [ 30.27077, 59.93734 ], [ 30.27089, 59.93737 ], [ 30.27095, 59.93732 ], [ 30.27083, 59.93729 ], [ 30.27077, 59.93734 ] ] ] } },
{ "type": "Feature", "properties": { "height": 6.6, "match_type": "matched", "height_source": "source_b" }, "geometry": { "type": "Polygon", "coordinates": [ [ [ 30.270608, 59.945379999998664 ], [ 30.270785, 59.945426999998674 ], [ 30.270936, 59.945284999998634 ], [ 30.270759, 59.945237999998653 ], [ 30.270608, 59.945379999998664 ] ] ] } },
{ "type": "Feature", "properties": { "height": 21.0, "match_type": "matched", "height_source": "source_b" }, "geometry": { "type": "Polygon", "coordinates": [ [ [ 30.271057, 59.937415999998649 ], [ 30.270983, 59.937487999998652 ], [ 30.270667, 59.937376999998619 ], [ 30.270521, 59.937520999998661 ], [ 30.270845, 59.937583999998637 ], [ 30.270758, 59.937669999998647 ], [ 30.271034, 59.937739999998655 ], [ 30.271299, 59.937478999998667 ], [ 30.271057, 59.937415999998649 ] ] ] } },
{ "type": "Feature", "properties": { "height": 4.5, "match_type": "matched", "height_source": "source_b" }, "geometry": { "type": "Polygon", "coordinates": [ [ [ 30.270814, 59.94499599999866 ], [ 30.270613, 59.945168999998671 ], [ 30.270763, 59.945212999998652 ], [ 30.270964, 59.945039999998684 ], [ 30.270814, 59.94499599999866 ] ] ] } },
{ "type": "Feature", "properties": { "height": 15.0, "match_type": "matched", "height_source": "source_b" }, "geometry": { "type": "Polygon", "coordinates": [ [ [ 30.270785, 59.934163999998653 ], [ 30.270672, 59.934266999998677 ], [ 30.27062, 59.934252999998662 ], [ 30.27053, 59.934385999998653 ], [ 30.270771, 59.93445199999865 ], [ 30.271018, 59.934227999998654 ], [ 30.270785, 59.934163999998653 ] ] ] } },
{ "type": "Feature", "properties": { "height": 4.5, "match_type": "matched", "height_source": "source_b" }, "geometry": { "type": "Polygon", "coordinates": [ [ [ 30.270745, 59.939727999998645 ], [ 30.270873, 59.939764999998651 ], [ 30.270946, 59.939702999998687 ], [ 30.270818, 59.939664999998634 ], [ 30.270745, 59.939727999998645 ] ] ] } },
{ "type": "Feature", "properties": { "height": 6.6, "match_type": "matched", "height_source": "source_b" }, "geometry": { "type": "Polygon", "coordinates": [ [ [ 30.270865, 59.936855999998649 ], [ 30.270804, 59.936908999998657 ], [ 30.271188, 59.937019999998661 ], [ 30.27125, 59.936965999998662 ], [ 30.270865, 59.936855999998649 ] ] ] } },
{ "type": "Feature", "properties": { "height": 15.0, "match_type": "matched", "height_source": "source_b" }, "geometry": { "type": "Polygon", "coordinates": [ [ [ 30.270682, 59.93498299999866 ], [ 30.270807, 59.935018999998647 ], [ 30.27125, 59.934629999998648 ], [ 30.270981, 59.934585999998653 ], [ 30.270938, 59.934626999998642 ], [ 30.270981, 59.93463999999868 ], [ 30.270632, 59.934940999998659 ], [ 30.270706, 59.934960999998665 ], [ 30.270682, 59.93498299999866 ] ] ] } },
{ "type": "Feature", "properties": { "height": 9.9, "match_type": "matched", "height_source": "source_b" }, "geometry": { "type": "Polygon", "coordinates": [ [ [ 30.270896, 59.939339999998637 ], [ 30.270687, 59.939514999998657 ], [ 30.270846, 59.939561999998659 ], [ 30.271048, 59.939382999998642 ], [ 30.270896, 59.939339999998637 ] ] ] } },
{ "type": "Feature", "properties": { "height": 18.0, "match_type": "matched", "height_source": "source_b" }, "geometry": { "type": "Polygon", "coordinates": [ [ [ 30.271429, 59.936810999998649 ], [ 30.271861, 59.936409999998638 ], [ 30.270854, 59.936119999998652 ], [ 30.270713, 59.93624499999865 ], [ 30.270797, 59.93626999999865 ], [ 30.270692, 59.936359999998643 ], [ 30.270944, 59.93643499999861 ], [ 30.271071, 59.93632599999863 ], [ 30.271269, 59.936383999998675 ], [ 30.271228, 59.936418999998615 ], [ 30.271601, 59.936528999998643 ], [ 30.271353, 59.93669099999866 ], [ 30.271125, 59.936623999998645 ], [ 30.271041, 59.936695999998655 ], [ 30.271429, 59.936810999998649 ] ] ] } },
{ "type": "Feature", "properties": { "height": 13.2, "match_type": "matched", "height_source": "source_b" }, "geometry": { "type": "Polygon", "coordinates": [ [ [ 30.27105, 59.940617999998636 ], [ 30.270692, 59.940508999998642 ], [ 30.270539, 59.940630999998639 ], [ 30.270891, 59.940743999998652 ], [ 30.27105, 59.940617999998636 ] ] ] } },
{ "type": "Feature", "properties": { "height": 13.2, "match_type": "matched", "height_source": "source_b" }, "geometry": { "type": "Polygon", "coordinates": [ [ [ 30.270826, 59.940550999998656 ], [ 30.27105, 59.940617999998636 ], [ 30.271151, 59.940536999998649 ], [ 30.270932, 59.940466999998655 ], [ 30.270826, 59.940550999998656 ] ] ] } },
{ "type": "Feature", "properties": { "height": 18.0, "match_type": "matched", "height_source": "source_b" }, "geometry": { "type": "Polygon", "coordinates": [ [ [ 30.27027, 59.943160999998646 ], [ 30.271168, 59.943427999998633 ], [ 30.27156, 59.943086999998656 ], [ 30.270994, 59.942924999998667 ], [ 30.270909, 59.942998999998679 ], [ 30.271252, 59.943097999998649 ], [ 30.271026, 59.943294999998663 ], [ 30.270588, 59.943167999998643 ], [ 30.27084, 59.942948999998642 ], [ 30.270935, 59.942929999998633 ], [ 30.270622, 59.942836999998661 ], [ 30.27027, 59.943160999998646 ] ] ] } },
{ "type": "Feature", "properties": { "height": 13.2, "match_type": "matched", "height_source": "source_b" }, "geometry": { "type": "Polygon", "coordinates": [ [ [ 30.271318, 59.936905999998658 ], [ 30.270933, 59.93679599999863 ], [ 30.270865, 59.936855999998649 ], [ 30.27125, 59.936965999998662 ], [ 30.271318, 59.936905999998658 ] ] ] } },
{ "type": "Feature", "properties": { "height": 4.5, "match_type": "matched", "height_source": "source_b" }, "geometry": { "type": "Polygon", "coordinates": [ [ [ 30.270936, 59.945284999998634 ], [ 30.27088, 59.945337999998664 ], [ 30.270958, 59.94535899999866 ], [ 30.271014, 59.945305999998652 ], [ 30.270936, 59.945284999998634 ] ] ] } },
{ "type": "Feature", "properties": { "height": 9.9, "match_type": "matched", "height_source": "source_b" }, "geometry": { "type": "Polygon", "coordinates": [ [ [ 30.270976, 59.938287999998664 ], [ 30.271405, 59.93838199999864 ], [ 30.271483, 59.938315999998657 ], [ 30.271684, 59.938375999998655 ], [ 30.271758, 59.938313999998648 ], [ 30.271159, 59.938134999998667 ], [ 30.270976, 59.938287999998664 ] ] ] } },
{ "type": "Feature", "properties": { "height": 4.5, "match_type": "matched", "height_source": "source_b" }, "geometry": { "type": "Polygon", "coordinates": [ [ [ 30.270846, 59.939561999998659 ], [ 30.270946, 59.939589999998645 ], [ 30.27122, 59.939347999998652 ], [ 30.27112, 59.939318999998655 ], [ 30.270846, 59.939561999998659 ] ] ] } },
{ "type": "Feature", "properties": { "height": 24.0, "match_type": "matched", "height_source": "source_b" }, "geometry": { "type": "Polygon", "coordinates": [ [ [ 30.271393, 59.94486499999865 ], [ 30.271182, 59.944805999998657 ], [ 30.271318, 59.944683999998638 ], [ 30.270839, 59.944548999998645 ], [ 30.270764, 59.944615999998661 ], [ 30.270985, 59.94467799999866 ], [ 30.270848, 59.944800999998655 ], [ 30.270606, 59.944732999998649 ], [ 30.270535, 59.944796999998651 ], [ 30.271281, 59.944969999998662 ], [ 30.271393, 59.94486499999865 ] ] ] } },
{ "type": "Feature", "properties": { "height": 9.3, "match_type": "only_a", "height_source": "ml_predicted" }, "geometry": { "type": "Polygon", "coordinates": [ [ [ 30.27118, 59.93887 ], [ 30.27095, 59.9388 ], [ 30.27087, 59.93886 ], [ 30.27111, 59.93893 ], [ 30.27118, 59.93887 ] ] ] } },
{ "type": "Feature", "properties": { "height": 15.0, "match_type": "matched", "height_source": "source_b" }, "geometry": { "type": "Polygon", "coordinates": [ [ [ 30.270558, 59.93790299999867 ], [ 30.270779, 59.937959999998625 ], [ 30.271034, 59.937739999998655 ], [ 30.270812, 59.937683999998654 ], [ 30.270558, 59.93790299999867 ] ] ] } },
{ "type": "Feature", "properties": { "height": 18.0, "match_type": "matched", "height_source": "source_b" }, "geometry": { "type": "Polygon", "coordinates": [ [ [ 30.270522, 59.938181999998648 ], [ 30.270779, 59.937959999998625 ], [ 30.270558, 59.93790299999867 ], [ 30.270314, 59.938122999998633 ], [ 30.270522, 59.938181999998648 ] ] ] } },
{ "type": "Feature", "properties": { "height": 18.0, "match_type": "matched", "height_source": "source_b" }, "geometry": { "type": "Polygon", "coordinates": [ [ [ 30.27066, 59.941512999998665 ], [ 30.270522, 59.94163599999866 ], [ 30.270599, 59.941657999998654 ], [ 30.270548, 59.941703999998644 ], [ 30.270471, 59.941681999998636 ], [ 30.27036, 59.941781999998646 ], [ 30.270808, 59.941912999998635 ], [ 30.270866, 59.941862999998641 ], [ 30.270954, 59.941888999998653 ], [ 30.270896, 59.941938999998634 ], [ 30.271353, 59.942047999998643 ], [ 30.271609, 59.941827999998679 ], [ 30.271198, 59.941670999998657 ], [ 30.27114, 59.941719999998647 ], [ 30.271042, 59.941690999998642 ], [ 30.2711, 59.941641999998645 ], [ 30.27066, 59.941512999998665 ] ], [ [ 30.270578, 59.941777999998656 ], [ 30.270767, 59.941614999998663 ], [ 30.270987, 59.941678999998636 ], [ 30.270799, 59.941841999998658 ], [ 30.270578, 59.941777999998656 ] ], [ [ 30.27104, 59.941914999998652 ], [ 30.271228, 59.941751999998658 ], [ 30.271448, 59.941815999998667 ], [ 30.27126, 59.941978999998653 ], [ 30.27104, 59.941914999998652 ] ] ] } },
{ "type": "Feature", "properties": { "height": 21.0, "match_type": "matched", "height_source": "source_b" }, "geometry": { "type": "Polygon", "coordinates": [ [ [ 30.270471, 59.941681999998636 ], [ 30.270548, 59.941703999998644 ], [ 30.270599, 59.941657999998654 ], [ 30.270522, 59.94163599999866 ], [ 30.270471, 59.941681999998636 ] ] ] } },
{ "type": "Feature", "properties": { "height": 21.0, "match_type": "matched", "height_source": "source_b" }, "geometry": { "type": "Polygon", "coordinates": [ [ [ 30.2711, 59.941641999998645 ], [ 30.271042, 59.941690999998642 ], [ 30.27114, 59.941719999998647 ], [ 30.271198, 59.941670999998657 ], [ 30.2711, 59.941641999998645 ] ] ] } },
{ "type": "Feature", "properties": { "height": 21.0, "match_type": "matched", "height_source": "source_b" }, "geometry": { "type": "Polygon", "coordinates": [ [ [ 30.270808, 59.941912999998635 ], [ 30.270896, 59.941938999998634 ], [ 30.270954, 59.941888999998653 ], [ 30.270866, 59.941862999998641 ], [ 30.270808, 59.941912999998635 ] ] ] } },
{ "type": "Feature", "properties": { "height": 13.2, "match_type": "matched", "height_source": "source_b" }, "geometry": { "type": "Polygon", "coordinates": [ [ [ 30.271643, 59.935420999998648 ], [ 30.271785, 59.935294999998661 ], [ 30.271237, 59.935135999998664 ], [ 30.271088, 59.935260999998654 ], [ 30.271643, 59.935420999998648 ] ] ] } },
{ "type": "Feature", "properties": { "height": 13.2, "match_type": "matched", "height_source": "source_b" }, "geometry": { "type": "Polygon", "coordinates": [ [ [ 30.271237, 59.935135999998664 ], [ 30.271423, 59.935189999998649 ], [ 30.271632, 59.935119999998655 ], [ 30.271728, 59.935032999998626 ], [ 30.271442, 59.934952999998657 ], [ 30.271237, 59.935135999998664 ] ] ] } },
{ "type": "Feature", "properties": { "height": 18.0, "match_type": "matched", "height_source": "source_b" }, "geometry": { "type": "Polygon", "coordinates": [ [ [ 30.271831, 59.944461999998637 ], [ 30.270921, 59.944198999998648 ], [ 30.270583, 59.944477999998647 ], [ 30.271526, 59.944738999998648 ], [ 30.271831, 59.944461999998637 ] ], [ [ 30.271037, 59.944318999998657 ], [ 30.271198, 59.944360999998658 ], [ 30.27107, 59.94448499999865 ], [ 30.270909, 59.94444299999865 ], [ 30.271037, 59.944318999998657 ] ], [ [ 30.271476, 59.944466999998667 ], [ 30.27162, 59.944504999998649 ], [ 30.271505, 59.944610999998666 ], [ 30.271363, 59.944572999998641 ], [ 30.271476, 59.944466999998667 ] ] ] } },
{ "type": "Feature", "properties": { "height": 18.0, "match_type": "matched", "height_source": "source_b" }, "geometry": { "type": "Polygon", "coordinates": [ [ [ 30.270921, 59.944198999998648 ], [ 30.27119, 59.944277999998668 ], [ 30.271519, 59.943981999998648 ], [ 30.271256, 59.943901999998644 ], [ 30.270921, 59.944198999998648 ] ] ] } },
{ "type": "Feature", "properties": { "height": 6.6, "match_type": "matched", "height_source": "source_b" }, "geometry": { "type": "Polygon", "coordinates": [ [ [ 30.271159, 59.938134999998667 ], [ 30.271374, 59.93819899999864 ], [ 30.271518, 59.938065999998663 ], [ 30.271303, 59.938003999998649 ], [ 30.271159, 59.938134999998667 ] ] ] } },
{ "type": "Feature", "properties": { "height": 7.1, "match_type": "only_a", "height_source": "ml_predicted" }, "geometry": { "type": "Polygon", "coordinates": [ [ [ 30.27118, 59.94579 ], [ 30.27121, 59.94576 ], [ 30.27109, 59.94577 ], [ 30.27118, 59.94579 ] ] ] } },
{ "type": "Feature", "properties": { "height": 24.0, "match_type": "matched", "height_source": "source_b" }, "geometry": { "type": "Polygon", "coordinates": [ [ [ 30.27039, 59.945755999998653 ], [ 30.27145, 59.946013999998641 ], [ 30.271642, 59.945964999998637 ], [ 30.271785, 59.945797999998639 ], [ 30.271626, 59.945751999998649 ], [ 30.271586, 59.945884999998654 ], [ 30.271616, 59.945892999998655 ], [ 30.271431, 59.945991999998668 ], [ 30.271343, 59.945952999998653 ], [ 30.271363, 59.945860999998658 ], [ 30.271237, 59.945827999998656 ], [ 30.271165, 59.94589799999865 ], [ 30.270637, 59.945759999998664 ], [ 30.270709, 59.945689999998656 ], [ 30.270609, 59.945663999998644 ], [ 30.270481, 59.945667999998648 ], [ 30.27039, 59.945755999998653 ] ] ] } },
{ "type": "Feature", "properties": { "height": 27.0, "match_type": "matched", "height_source": "source_b" }, "geometry": { "type": "Polygon", "coordinates": [ [ [ 30.270709, 59.945689999998656 ], [ 30.270637, 59.945759999998664 ], [ 30.271165, 59.94589799999865 ], [ 30.271237, 59.945827999998656 ], [ 30.270709, 59.945689999998656 ] ] ] } },
{ "type": "Feature", "properties": { "height": 27.0, "match_type": "matched", "height_source": "source_b" }, "geometry": { "type": "Polygon", "coordinates": [ [ [ 30.271527, 59.945915999998661 ], [ 30.271616, 59.945892999998655 ], [ 30.271593, 59.945839999998654 ], [ 30.271644, 59.945789999998659 ], [ 30.271503, 59.945784999998651 ], [ 30.271363, 59.945860999998658 ], [ 30.271384, 59.945900999998663 ], [ 30.271341, 59.945941999998674 ], [ 30.271472, 59.945989999998673 ], [ 30.271533, 59.945962999998642 ], [ 30.271527, 59.945915999998661 ] ] ] } },
{ "type": "Feature", "properties": { "height": 13.2, "match_type": "matched", "height_source": "source_b" }, "geometry": { "type": "Polygon", "coordinates": [ [ [ 30.271122, 59.942959999998635 ], [ 30.271191, 59.942896999998645 ], [ 30.271518, 59.942595999998638 ], [ 30.271301, 59.942534999998649 ], [ 30.270903, 59.942899999998652 ], [ 30.271122, 59.942959999998635 ] ] ] } },
{ "type": "Feature", "properties": { "height": 18.0, "match_type": "matched", "height_source": "source_b" }, "geometry": { "type": "Polygon", "coordinates": [ [ [ 30.271081, 59.942472999998635 ], [ 30.27162, 59.942623999998659 ], [ 30.271698, 59.942553999998651 ], [ 30.271159, 59.942402999998635 ], [ 30.271081, 59.942472999998635 ] ] ] } },
{ "type": "Feature", "properties": { "height": 15.0, "match_type": "matched", "height_source": "source_b" }, "geometry": { "type": "Polygon", "coordinates": [ [ [ 30.271577, 59.937763999998651 ], [ 30.271303, 59.938003999998649 ], [ 30.271518, 59.938065999998663 ], [ 30.271754, 59.937909999998659 ], [ 30.271712, 59.937897999998661 ], [ 30.271793, 59.937827999998653 ], [ 30.271577, 59.937763999998651 ] ] ] } },
{ "type": "Feature", "properties": { "height": 11.7, "match_type": "only_a", "height_source": "ml_predicted" }, "geometry": { "type": "Polygon", "coordinates": [ [ [ 30.2713, 59.93752 ], [ 30.27127, 59.93751 ], [ 30.2712, 59.93757 ], [ 30.27123, 59.93758 ], [ 30.2713, 59.93752 ] ] ] } },
{ "type": "Feature", "properties": { "height": 1.7, "match_type": "only_a", "height_source": "ml_predicted" }, "geometry": { "type": "Polygon", "coordinates": [ [ [ 30.2713, 59.94573 ], [ 30.27141, 59.94576 ], [ 30.27149, 59.9457 ], [ 30.27137, 59.94567 ], [ 30.2713, 59.94573 ] ] ] } },
{ "type": "Feature", "properties": { "height": 6.3, "match_type": "only_a", "height_source": "ml_predicted" }, "geometry": { "type": "Polygon", "coordinates": [ [ [ 30.27131, 59.94037 ], [ 30.27128, 59.9404 ], [ 30.27136, 59.94039 ], [ 30.27131, 59.94037 ] ] ] } },
{ "type": "Feature", "properties": { "height": 6.6, "match_type": "matched", "height_source": "source_b" }, "geometry": { "type": "Polygon", "coordinates": [ [ [ 30.2716, 59.936765999998634 ], [ 30.271512, 59.93673999999865 ], [ 30.271304, 59.936917999998656 ], [ 30.271393, 59.936943999998668 ], [ 30.2716, 59.936765999998634 ] ] ] } },
{ "type": "Feature", "properties": { "height": 18.0, "match_type": "matched", "height_source": "source_b" }, "geometry": { "type": "Polygon", "coordinates": [ [ [ 30.271057, 59.937415999998649 ], [ 30.271299, 59.937478999998667 ], [ 30.271754, 59.937065999998637 ], [ 30.271543, 59.937000999998652 ], [ 30.271057, 59.937415999998649 ] ] ] } },
{ "type": "Feature", "properties": { "height": 15.0, "match_type": "matched", "height_source": "source_b" }, "geometry": { "type": "Polygon", "coordinates": [ [ [ 30.271628, 59.940962999998654 ], [ 30.271776, 59.940823999998649 ], [ 30.271982, 59.940644999998682 ], [ 30.271723, 59.940569999998637 ], [ 30.271382, 59.940860999998648 ], [ 30.271628, 59.940962999998654 ] ] ] } },
{ "type": "Feature", "properties": { "height": 18.0, "match_type": "matched", "height_source": "source_b" }, "geometry": { "type": "Polygon", "coordinates": [ [ [ 30.272437, 59.941190999998653 ], [ 30.272815, 59.940870999998644 ], [ 30.272721, 59.940842999998665 ], [ 30.272937, 59.940659999998665 ], [ 30.273015, 59.940683999998633 ], [ 30.273675, 59.940104999998674 ], [ 30.273507, 59.940056999998674 ], [ 30.272845, 59.940632999998648 ], [ 30.27269, 59.940587999998648 ], [ 30.272363, 59.940870999998644 ], [ 30.2726, 59.94093899999865 ], [ 30.272495, 59.94102899999865 ], [ 30.271776, 59.940823999998649 ], [ 30.271628, 59.940962999998654 ], [ 30.272437, 59.941190999998653 ] ] ] } },
{ "type": "Feature", "properties": { "height": 4.5, "match_type": "matched", "height_source": "source_b" }, "geometry": { "type": "Polygon", "coordinates": [ [ [ 30.272495, 59.94102899999865 ], [ 30.2726, 59.94093899999865 ], [ 30.272474, 59.940902999998656 ], [ 30.27237, 59.940993999998639 ], [ 30.272495, 59.94102899999865 ] ] ] } },
{ "type": "Feature", "properties": { "height": 15.0, "match_type": "matched", "height_source": "source_b" }, "geometry": { "type": "Polygon", "coordinates": [ [ [ 30.271982, 59.940644999998682 ], [ 30.272229, 59.940429999998656 ], [ 30.27198, 59.94035099999865 ], [ 30.271723, 59.940569999998637 ], [ 30.271982, 59.940644999998682 ] ] ] } },
{ "type": "Feature", "properties": { "height": 18.0, "match_type": "matched", "height_source": "source_b" }, "geometry": { "type": "Polygon", "coordinates": [ [ [ 30.272229, 59.940429999998656 ], [ 30.272513, 59.940181999998657 ], [ 30.272266, 59.94010599999865 ], [ 30.27198, 59.94035099999865 ], [ 30.272229, 59.940429999998656 ] ] ] } },
{ "type": "Feature", "properties": { "height": 9.9, "match_type": "matched", "height_source": "source_b" }, "geometry": { "type": "Polygon", "coordinates": [ [ [ 30.272033, 59.945586999998667 ], [ 30.271756, 59.94550999999867 ], [ 30.271689, 59.945560999998669 ], [ 30.271794, 59.945594999998647 ], [ 30.271708, 59.945663999998658 ], [ 30.271367, 59.945556999998651 ], [ 30.271271, 59.945646999998651 ], [ 30.271785, 59.945797999998639 ], [ 30.272033, 59.945586999998667 ] ] ] } },
{ "type": "Feature", "properties": { "height": 21.0, "match_type": "matched", "height_source": "source_b" }, "geometry": { "type": "Polygon", "coordinates": [ [ [ 30.270711, 59.945495999998641 ], [ 30.271271, 59.945646999998651 ], [ 30.2714, 59.945525999998658 ], [ 30.270841, 59.945374999998641 ], [ 30.270711, 59.945495999998641 ] ] ] } },
{ "type": "Feature", "properties": { "height": 13.2, "match_type": "matched", "height_source": "source_b" }, "geometry": { "type": "Polygon", "coordinates": [ [ [ 30.271883, 59.934555999998651 ], [ 30.271442, 59.934952999998657 ], [ 30.271728, 59.935032999998626 ], [ 30.272155, 59.934633999998667 ], [ 30.271883, 59.934555999998651 ] ] ] } },
{ "type": "Feature", "properties": { "height": 11.3, "match_type": "only_a", "height_source": "ml_predicted" }, "geometry": { "type": "Polygon", "coordinates": [ [ [ 30.27142, 59.94486 ], [ 30.27138, 59.94482 ], [ 30.27136, 59.94484 ], [ 30.27142, 59.94486 ] ] ] } },
{ "type": "Feature", "properties": { "height": 4.5, "match_type": "matched", "height_source": "source_b" }, "geometry": { "type": "Polygon", "coordinates": [ [ [ 30.271517, 59.938968999998657 ], [ 30.271446, 59.93903099999865 ], [ 30.271296, 59.939162999998636 ], [ 30.271452, 59.939203999998647 ], [ 30.271665, 59.939013999998643 ], [ 30.271517, 59.938968999998657 ] ] ] } },
{ "type": "Feature", "properties": { "height": 18.0, "match_type": "matched", "height_source": "source_b" }, "geometry": { "type": "Polygon", "coordinates": [ [ [ 30.270962, 59.939868999998652 ], [ 30.271698, 59.940082999998637 ], [ 30.271946, 59.939884999998668 ], [ 30.271674, 59.939804999998657 ], [ 30.271511, 59.93995899999863 ], [ 30.271262, 59.939893999998652 ], [ 30.271466, 59.939745999998664 ], [ 30.271179, 59.939667999998633 ], [ 30.270962, 59.939868999998652 ] ] ] } },
{ "type": "Feature", "properties": { "height": 9.9, "match_type": "matched", "height_source": "source_b" }, "geometry": { "type": "Polygon", "coordinates": [ [ [ 30.271518, 59.942595999998638 ], [ 30.271431, 59.942675999998663 ], [ 30.271654, 59.942736999998658 ], [ 30.271741, 59.942656999998661 ], [ 30.271518, 59.942595999998638 ] ] ] } },
{ "type": "Feature", "properties": { "height": 9.9, "match_type": "matched", "height_source": "source_b" }, "geometry": { "type": "Polygon", "coordinates": [ [ [ 30.272172, 59.942168999998628 ], [ 30.271457, 59.941957999998671 ], [ 30.271177, 59.94219699999865 ], [ 30.271406, 59.942264999998649 ], [ 30.271528, 59.942160999998649 ], [ 30.272015, 59.94230499999864 ], [ 30.272172, 59.942168999998628 ] ] ] } },
{ "type": "Feature", "properties": { "height": 4.5, "match_type": "matched", "height_source": "source_b" }, "geometry": { "type": "Polygon", "coordinates": [ [ [ 30.271616, 59.93851199999866 ], [ 30.271474, 59.938634999998662 ], [ 30.271557, 59.93865799999864 ], [ 30.271696, 59.938534999998637 ], [ 30.271616, 59.93851199999866 ] ] ] } },
{ "type": "Feature", "properties": { "height": 6.6, "match_type": "matched", "height_source": "source_b" }, "geometry": { "type": "Polygon", "coordinates": [ [ [ 30.2708, 59.938431999998649 ], [ 30.271474, 59.938634999998662 ], [ 30.271616, 59.93851199999866 ], [ 30.271265, 59.938408999998657 ], [ 30.271183, 59.938479999998648 ], [ 30.271063, 59.938444999998644 ], [ 30.271209, 59.938356999998653 ], [ 30.270976, 59.938287999998664 ], [ 30.2708, 59.938431999998649 ] ] ] } },
{ "type": "Feature", "properties": { "height": 13.4, "match_type": "only_a", "height_source": "ml_predicted" }, "geometry": { "type": "Polygon", "coordinates": [ [ [ 30.27154, 59.94476 ], [ 30.27141, 59.94472 ], [ 30.27132, 59.9448 ], [ 30.27144, 59.94484 ], [ 30.27154, 59.94476 ] ] ] } },
{ "type": "Feature", "properties": { "height": 6.6, "match_type": "matched", "height_source": "source_b" }, "geometry": { "type": "Polygon", "coordinates": [ [ [ 30.270594, 59.939903999998641 ], [ 30.270481, 59.939997999998653 ], [ 30.2714, 59.940279999998637 ], [ 30.271564, 59.940143999998647 ], [ 30.271246, 59.940045999998652 ], [ 30.271197, 59.940086999998648 ], [ 30.270594, 59.939903999998641 ] ] ] } },
{ "type": "Feature", "properties": { "height": 13.2, "match_type": "matched", "height_source": "source_b" }, "geometry": { "type": "Polygon", "coordinates": [ [ [ 30.272154, 59.939389999998653 ], [ 30.272421, 59.939470999998647 ], [ 30.272706, 59.939217999998647 ], [ 30.272023, 59.93902199999868 ], [ 30.272093, 59.938958999998633 ], [ 30.271665, 59.938836999998657 ], [ 30.271517, 59.938968999998657 ], [ 30.272347, 59.939218999998644 ], [ 30.272154, 59.939389999998653 ] ] ] } },
{ "type": "Feature", "properties": { "height": 9.9, "match_type": "matched", "height_source": "source_b" }, "geometry": { "type": "Polygon", "coordinates": [ [ [ 30.271011, 59.938820999998647 ], [ 30.271517, 59.938968999998657 ], [ 30.271665, 59.938836999998657 ], [ 30.271579, 59.938812999998639 ], [ 30.271507, 59.938876999998627 ], [ 30.271081, 59.938755999998627 ], [ 30.271011, 59.938820999998647 ] ] ] } },
{ "type": "Feature", "properties": { "height": 15.0, "match_type": "matched", "height_source": "source_b" }, "geometry": { "type": "Polygon", "coordinates": [ [ [ 30.271122, 59.942959999998635 ], [ 30.27156, 59.943086999998656 ], [ 30.271744, 59.942927999998652 ], [ 30.271575, 59.942878999998634 ], [ 30.271463, 59.942975999998652 ], [ 30.271191, 59.942896999998645 ], [ 30.271122, 59.942959999998635 ] ] ] } },
{ "type": "Feature", "properties": { "height": 4.5, "match_type": "matched", "height_source": "source_b" }, "geometry": { "type": "Polygon", "coordinates": [ [ [ 30.271594, 59.941998999998638 ], [ 30.271714, 59.941895999998657 ], [ 30.271577, 59.941854999998633 ], [ 30.271457, 59.941957999998671 ], [ 30.271594, 59.941998999998638 ] ] ] } },
{ "type": "Feature", "properties": { "height": 13.2, "match_type": "matched", "height_source": "source_b" }, "geometry": { "type": "Polygon", "coordinates": [ [ [ 30.271153, 59.934212999998628 ], [ 30.271076, 59.934276999998652 ], [ 30.271499, 59.934404999998655 ], [ 30.271582, 59.934334999998654 ], [ 30.271533, 59.93432099999864 ], [ 30.271585, 59.934276999998644 ], [ 30.271482, 59.934245999998645 ], [ 30.271424, 59.934293999998644 ], [ 30.271153, 59.934212999998628 ] ] ] } },
{ "type": "Feature", "properties": { "height": 4.5, "match_type": "matched", "height_source": "source_b" }, "geometry": { "type": "Polygon", "coordinates": [ [ [ 30.271391, 59.938610999998645 ], [ 30.271321, 59.93867299999863 ], [ 30.271733, 59.938791999998635 ], [ 30.271997, 59.93856199999864 ], [ 30.271852, 59.938518999998649 ], [ 30.271659, 59.938686999998652 ], [ 30.271391, 59.938610999998645 ] ] ] } },
{ "type": "Feature", "properties": { "height": 18.0, "match_type": "matched", "height_source": "source_b" }, "geometry": { "type": "Polygon", "coordinates": [ [ [ 30.271557, 59.943640999998642 ], [ 30.271728, 59.94369199999867 ], [ 30.271788, 59.943638999998612 ], [ 30.271968, 59.943691999998656 ], [ 30.271907, 59.943743999998659 ], [ 30.272108, 59.943802999998638 ], [ 30.27232, 59.943615999998634 ], [ 30.27212, 59.943559999998641 ], [ 30.27207, 59.943603999998651 ], [ 30.271714, 59.943501999998681 ], [ 30.271557, 59.943640999998642 ] ] ] } },
{ "type": "Feature", "properties": { "height": 21.0, "match_type": "matched", "height_source": "source_b" }, "geometry": { "type": "Polygon", "coordinates": [ [ [ 30.271526, 59.944738999998648 ], [ 30.271698, 59.944788999998671 ], [ 30.271993, 59.944533999998669 ], [ 30.271809, 59.944480999998682 ], [ 30.271526, 59.944738999998648 ] ] ] } },
{ "type": "Feature", "properties": { "height": 9.9, "match_type": "matched", "height_source": "source_b" }, "geometry": { "type": "Polygon", "coordinates": [ [ [ 30.271296, 59.939162999998636 ], [ 30.271188, 59.939258999998657 ], [ 30.271724, 59.939408999998655 ], [ 30.271831, 59.939309999998656 ], [ 30.271296, 59.939162999998636 ] ] ] } },
{ "type": "Feature", "properties": { "height": 18.0, "match_type": "matched", "height_source": "source_b" }, "geometry": { "type": "Polygon", "coordinates": [ [ [ 30.271256, 59.943901999998644 ], [ 30.271801, 59.944062999998636 ], [ 30.27184, 59.944029999998648 ], [ 30.271923, 59.944053999998651 ], [ 30.271883, 59.944087999998672 ], [ 30.272177, 59.944174999998658 ], [ 30.272273, 59.944154999998645 ], [ 30.272503, 59.943957999998666 ], [ 30.272445, 59.943941999998643 ], [ 30.27248, 59.943911999998647 ], [ 30.272196, 59.943828999998679 ], [ 30.272165, 59.943854999998649 ], [ 30.272078, 59.943828999998679 ], [ 30.272108, 59.943802999998638 ], [ 30.271557, 59.943640999998642 ], [ 30.271256, 59.943901999998644 ] ], [ [ 30.271591, 59.943894999998648 ], [ 30.271717, 59.943782999998675 ], [ 30.271931, 59.943842999998658 ], [ 30.271805, 59.943954999998653 ], [ 30.271591, 59.943894999998648 ] ], [ [ 30.272073, 59.944035999998654 ], [ 30.272183, 59.943939999998648 ], [ 30.272326, 59.943980999998665 ], [ 30.272215, 59.94407699999865 ], [ 30.272073, 59.944035999998654 ] ] ] } },
{ "type": "Feature", "properties": { "height": 3.5, "match_type": "only_a", "height_source": "ml_predicted" }, "geometry": { "type": "Polygon", "coordinates": [ [ [ 30.27177, 59.94181 ], [ 30.27187, 59.94184 ], [ 30.27192, 59.94179 ], [ 30.27183, 59.94176 ], [ 30.27177, 59.94181 ] ] ] } },
{ "type": "Feature", "properties": { "height": 18.0, "match_type": "matched", "height_source": "source_b" }, "geometry": { "type": "Polygon", "coordinates": [ [ [ 30.272342, 59.941827999998665 ], [ 30.272652, 59.94156099999865 ], [ 30.272112, 59.941400999998656 ], [ 30.271797, 59.94168099999866 ], [ 30.271851, 59.941696999998655 ], [ 30.271778, 59.941760999998628 ], [ 30.272191, 59.941876999998655 ], [ 30.272275, 59.941807999998652 ], [ 30.272342, 59.941827999998665 ] ], [ [ 30.27198, 59.941718999998656 ], [ 30.272118, 59.941589999998662 ], [ 30.272309, 59.941641999998645 ], [ 30.272172, 59.941768999998637 ], [ 30.27198, 59.941718999998656 ] ] ] } },
{ "type": "Feature", "properties": { "height": 4.5, "match_type": "matched", "height_source": "source_b" }, "geometry": { "type": "Polygon", "coordinates": [ [ [ 30.272396, 59.938209999998648 ], [ 30.271867, 59.938069999998653 ], [ 30.271795, 59.938114999998668 ], [ 30.272333, 59.938266999998646 ], [ 30.272396, 59.938209999998648 ] ] ] } },
{ "type": "Feature", "properties": { "height": 4.5, "match_type": "matched", "height_source": "source_b" }, "geometry": { "type": "Polygon", "coordinates": [ [ [ 30.271785, 59.935294999998661 ], [ 30.27191, 59.935305999998626 ], [ 30.272006, 59.935223999998634 ], [ 30.271906, 59.935194999998636 ], [ 30.271785, 59.935294999998661 ] ] ] } },
{ "type": "Feature", "properties": { "height": 6.6, "match_type": "matched", "height_source": "source_b" }, "geometry": { "type": "Polygon", "coordinates": [ [ [ 30.271406, 59.942264999998649 ], [ 30.272234, 59.942508999998637 ], [ 30.272304, 59.942448999998639 ], [ 30.271476, 59.942203999998654 ], [ 30.271406, 59.942264999998649 ] ] ] } },
{ "type": "Feature", "properties": { "height": 9.9, "match_type": "matched", "height_source": "source_b" }, "geometry": { "type": "Polygon", "coordinates": [ [ [ 30.272234, 59.942508999998637 ], [ 30.271813, 59.942384999998652 ], [ 30.271708, 59.942469999998643 ], [ 30.271919, 59.942531999998664 ], [ 30.271851, 59.942589999998638 ], [ 30.272064, 59.942652999998657 ], [ 30.272234, 59.942508999998637 ] ] ] } },
{ "type": "Feature", "properties": { "height": 11.2, "match_type": "only_a", "height_source": "ml_predicted" }, "geometry": { "type": "Polygon", "coordinates": [ [ [ 30.27187, 59.94488 ], [ 30.27183, 59.94487 ], [ 30.27179, 59.9449 ], [ 30.27183, 59.94491 ], [ 30.27187, 59.94488 ] ] ] } },
{ "type": "Feature", "properties": { "height": 13.2, "match_type": "matched", "height_source": "source_b" }, "geometry": { "type": "Polygon", "coordinates": [ [ [ 30.271797, 59.94168099999866 ], [ 30.271972, 59.941526999998658 ], [ 30.271815, 59.941478999998644 ], [ 30.271628, 59.94163299999866 ], [ 30.271797, 59.94168099999866 ] ] ] } },
{ "type": "Feature", "properties": { "height": 9.9, "match_type": "matched", "height_source": "source_b" }, "geometry": { "type": "Polygon", "coordinates": [ [ [ 30.271785, 59.935294999998661 ], [ 30.271991, 59.935122999998626 ], [ 30.271849, 59.935083999998653 ], [ 30.271646, 59.935254999998655 ], [ 30.271785, 59.935294999998661 ] ] ] } },
{ "type": "Feature", "properties": { "height": 4.5, "match_type": "matched", "height_source": "source_b" }, "geometry": { "type": "Polygon", "coordinates": [ [ [ 30.272036, 59.944329999998651 ], [ 30.271928, 59.944432999998661 ], [ 30.272442, 59.944526999998651 ], [ 30.272516, 59.944455999998652 ], [ 30.272036, 59.944329999998651 ] ] ] } },
{ "type": "Feature", "properties": { "height": 18.0, "match_type": "matched", "height_source": "source_b" }, "geometry": { "type": "Polygon", "coordinates": [ [ [ 30.271543, 59.937000999998652 ], [ 30.271754, 59.937065999998637 ], [ 30.272165, 59.936722999998658 ], [ 30.271968, 59.936665999998645 ], [ 30.2719, 59.936721999998653 ], [ 30.271619, 59.936639999998647 ], [ 30.271512, 59.93673999999865 ], [ 30.271761, 59.936812999998644 ], [ 30.271543, 59.937000999998652 ] ] ] } },
{ "type": "Feature", "properties": { "height": 18.0, "match_type": "matched", "height_source": "source_b" }, "geometry": { "type": "Polygon", "coordinates": [ [ [ 30.271674, 59.939804999998657 ], [ 30.271946, 59.939884999998668 ], [ 30.272421, 59.939470999998647 ], [ 30.27189, 59.939356999998665 ], [ 30.271756, 59.939469999998657 ], [ 30.271982, 59.939536999998651 ], [ 30.271857, 59.939642999998654 ], [ 30.271671, 59.939587999998665 ], [ 30.271512, 59.939722999998651 ], [ 30.271704, 59.939779999998635 ], [ 30.271674, 59.939804999998657 ] ] ] } },
{ "type": "Feature", "properties": { "height": 18.0, "match_type": "matched", "height_source": "source_b" }, "geometry": { "type": "Polygon", "coordinates": [ [ [ 30.271985, 59.936593999998657 ], [ 30.272111, 59.936475999998621 ], [ 30.271861, 59.936409999998638 ], [ 30.271742, 59.936525999998643 ], [ 30.271985, 59.936593999998657 ] ] ] } },
{ "type": "Feature", "properties": { "height": 21.0, "match_type": "matched", "height_source": "source_b" }, "geometry": { "type": "Polygon", "coordinates": [ [ [ 30.271968, 59.936665999998645 ], [ 30.272165, 59.936722999998658 ], [ 30.272374, 59.936546999998662 ], [ 30.272111, 59.936475999998621 ], [ 30.271968, 59.936665999998645 ] ] ] } },
{ "type": "Feature", "properties": { "height": 3.3, "match_type": "only_a", "height_source": "ml_predicted" }, "geometry": { "type": "Polygon", "coordinates": [ [ [ 30.27201, 59.94182 ], [ 30.27196, 59.94187 ], [ 30.2721, 59.94191 ], [ 30.27216, 59.94186 ], [ 30.27201, 59.94182 ] ] ] } },
{ "type": "Feature", "properties": { "height": 4.3, "match_type": "only_a", "height_source": "ml_predicted" }, "geometry": { "type": "Polygon", "coordinates": [ [ [ 30.27206, 59.93868 ], [ 30.27212, 59.93863 ], [ 30.27205, 59.93861 ], [ 30.272, 59.93866 ], [ 30.27206, 59.93868 ] ] ] } },
{ "type": "Feature", "properties": { "height": 21.0, "match_type": "matched", "height_source": "source_b" }, "geometry": { "type": "Polygon", "coordinates": [ [ [ 30.271972, 59.941526999998658 ], [ 30.272112, 59.941400999998656 ], [ 30.271591, 59.941248999998642 ], [ 30.271451, 59.94136699999865 ], [ 30.271972, 59.941526999998658 ] ] ] } },
{ "type": "Feature", "properties": { "height": 15.0, "match_type": "matched", "height_source": "source_b" }, "geometry": { "type": "Polygon", "coordinates": [ [ [ 30.271848, 59.938042999998657 ], [ 30.272099, 59.938130999998627 ], [ 30.272296, 59.937957999998652 ], [ 30.272043, 59.937889999998667 ], [ 30.271848, 59.938042999998657 ] ] ] } },
{ "type": "Feature", "properties": { "height": 13.2, "match_type": "matched", "height_source": "source_b" }, "geometry": { "type": "Polygon", "coordinates": [ [ [ 30.271883, 59.934555999998651 ], [ 30.272475, 59.934724999998657 ], [ 30.27259, 59.934627999998646 ], [ 30.272288, 59.934540999998653 ], [ 30.272402, 59.934445999998637 ], [ 30.272108, 59.93436499999865 ], [ 30.271883, 59.934555999998651 ] ] ] } },
{ "type": "Feature", "properties": { "height": 9.9, "match_type": "matched", "height_source": "source_b" }, "geometry": { "type": "Polygon", "coordinates": [ [ [ 30.272145, 59.935562999998666 ], [ 30.272287, 59.935437999998655 ], [ 30.271785, 59.935294999998661 ], [ 30.271643, 59.935420999998648 ], [ 30.272145, 59.935562999998666 ] ] ] } },
{ "type": "Feature", "properties": { "height": 9.9, "match_type": "matched", "height_source": "source_b" }, "geometry": { "type": "Polygon", "coordinates": [ [ [ 30.272158, 59.935401999998653 ], [ 30.272287, 59.935437999998655 ], [ 30.272444, 59.935301999998664 ], [ 30.27232, 59.935265999998634 ], [ 30.272158, 59.935401999998653 ] ] ] } },
{ "type": "Feature", "properties": { "height": 4.5, "match_type": "matched", "height_source": "source_b" }, "geometry": { "type": "Polygon", "coordinates": [ [ [ 30.272305, 59.938881999998671 ], [ 30.272151, 59.938833999998643 ], [ 30.272092, 59.938880999998631 ], [ 30.272244, 59.93892999999867 ], [ 30.272305, 59.938881999998671 ] ] ] } },
{ "type": "Feature", "properties": { "height": 4.8, "match_type": "only_a", "height_source": "ml_predicted" }, "geometry": { "type": "Polygon", "coordinates": [ [ [ 30.27218, 59.93495 ], [ 30.27224, 59.93497 ], [ 30.27228, 59.93493 ], [ 30.27222, 59.93491 ], [ 30.27218, 59.93495 ] ] ] } },
{ "type": "Feature", "properties": { "height": 9.9, "match_type": "matched", "height_source": "source_b" }, "geometry": { "type": "Polygon", "coordinates": [ [ [ 30.27248, 59.942878999998634 ], [ 30.272278, 59.943060999998664 ], [ 30.272491, 59.943120999998648 ], [ 30.272695, 59.942942999998635 ], [ 30.27248, 59.942878999998634 ] ] ] } },
{ "type": "Feature", "properties": { "height": 9.9, "match_type": "matched", "height_source": "source_b" }, "geometry": { "type": "Polygon", "coordinates": [ [ [ 30.272491, 59.943120999998648 ], [ 30.273323, 59.943351999998626 ], [ 30.274139, 59.942646999998637 ], [ 30.27397, 59.942597999998654 ], [ 30.273901, 59.942656999998661 ], [ 30.273608, 59.942575999998674 ], [ 30.273649, 59.942537999998663 ], [ 30.273465, 59.942486999998636 ], [ 30.273347, 59.942593999998678 ], [ 30.273052, 59.942637999998638 ], [ 30.273739, 59.94277099999865 ], [ 30.273502, 59.942993999998656 ], [ 30.273328, 59.942966999998639 ], [ 30.273341, 59.943010999998663 ], [ 30.273493, 59.943055999998634 ], [ 30.273304, 59.943233999998654 ], [ 30.273049, 59.943170999998671 ], [ 30.273136, 59.943162999998641 ], [ 30.273264, 59.943048999998659 ], [ 30.273055, 59.94298799999865 ], [ 30.272863, 59.943153999998657 ], [ 30.272655, 59.943057999998658 ], [ 30.272491, 59.943120999998648 ] ] ] } },
{ "type": "Feature", "properties": { "height": 9.9, "match_type": "matched", "height_source": "source_b" }, "geometry": { "type": "Polygon", "coordinates": [ [ [ 30.273134, 59.942605999998662 ], [ 30.273348, 59.942412999998666 ], [ 30.273078, 59.942337999998657 ], [ 30.272845, 59.942548999998657 ], [ 30.273134, 59.942605999998662 ] ] ] } },
{ "type": "Feature", "properties": { "height": 15.0, "match_type": "matched", "height_source": "source_b" }, "geometry": { "type": "Polygon", "coordinates": [ [ [ 30.272107, 59.934678999998653 ], [ 30.271952, 59.934823999998656 ], [ 30.272232, 59.934899999998649 ], [ 30.272388, 59.934753999998634 ], [ 30.272107, 59.934678999998653 ] ] ] } },
{ "type": "Feature", "properties": { "height": 4.5, "match_type": "matched", "height_source": "source_b" }, "geometry": { "type": "Polygon", "coordinates": [ [ [ 30.272251, 59.937214999998645 ], [ 30.272175, 59.937276999998659 ], [ 30.272319, 59.937321999998645 ], [ 30.272395, 59.937259999998631 ], [ 30.272251, 59.937214999998645 ] ] ] } },
{ "type": "Feature", "properties": { "height": 9.9, "match_type": "matched", "height_source": "source_b" }, "geometry": { "type": "Polygon", "coordinates": [ [ [ 30.272092, 59.93860599999865 ], [ 30.272425, 59.938319999998662 ], [ 30.27232, 59.93829099999865 ], [ 30.271981, 59.93857499999865 ], [ 30.272092, 59.93860599999865 ] ] ] } },
{ "type": "Feature", "properties": { "height": 9.9, "match_type": "matched", "height_source": "source_b" }, "geometry": { "type": "Polygon", "coordinates": [ [ [ 30.272474, 59.940902999998656 ], [ 30.272363, 59.940870999998644 ], [ 30.27232, 59.940908999998634 ], [ 30.272431, 59.940940999998666 ], [ 30.272474, 59.940902999998656 ] ] ] } },
{ "type": "Feature", "properties": { "height": 21.0, "match_type": "matched", "height_source": "source_b" }, "geometry": { "type": "Polygon", "coordinates": [ [ [ 30.271333, 59.945398999998652 ], [ 30.272033, 59.945586999998667 ], [ 30.272333, 59.945334999998664 ], [ 30.271613, 59.945122999998652 ], [ 30.271469, 59.94526499999867 ], [ 30.271415, 59.945250999998677 ], [ 30.27146, 59.945207999998672 ], [ 30.27122, 59.945144999998639 ], [ 30.271095, 59.945266999998651 ], [ 30.271389, 59.945343999998649 ], [ 30.271333, 59.945398999998652 ] ], [ [ 30.271738, 59.945236999998649 ], [ 30.271948, 59.945294999998659 ], [ 30.271824, 59.945409999998645 ], [ 30.271613, 59.945352999998661 ], [ 30.271738, 59.945236999998649 ] ] ] } },
{ "type": "Feature", "properties": { "height": 13.2, "match_type": "matched", "height_source": "source_b" }, "geometry": { "type": "Polygon", "coordinates": [ [ [ 30.272491, 59.941960999998656 ], [ 30.272407, 59.942037999998647 ], [ 30.272606, 59.942090999998648 ], [ 30.272571, 59.942125999998645 ], [ 30.272715, 59.942162999998644 ], [ 30.272837, 59.942062999998669 ], [ 30.272491, 59.941960999998656 ] ] ] } },
{ "type": "Feature", "properties": { "height": 13.2, "match_type": "matched", "height_source": "source_b" }, "geometry": { "type": "Polygon", "coordinates": [ [ [ 30.27266, 59.945548999998636 ], [ 30.272395, 59.945761999998645 ], [ 30.272663, 59.945845999998639 ], [ 30.272927, 59.945632999998644 ], [ 30.27266, 59.945548999998636 ] ] ] } },
{ "type": "Feature", "properties": { "height": 4.5, "match_type": "matched", "height_source": "source_b" }, "geometry": { "type": "Polygon", "coordinates": [ [ [ 30.272658, 59.934521999998658 ], [ 30.27274, 59.934452999998626 ], [ 30.272435, 59.934364999998657 ], [ 30.272359, 59.93443299999862 ], [ 30.272658, 59.934521999998658 ] ] ] } },
{ "type": "Feature", "properties": { "height": 13.2, "match_type": "matched", "height_source": "source_b" }, "geometry": { "type": "Polygon", "coordinates": [ [ [ 30.272359, 59.93443299999862 ], [ 30.272421, 59.934375999998664 ], [ 30.272382, 59.93436499999865 ], [ 30.272808, 59.934003999998673 ], [ 30.272611, 59.933941999998652 ], [ 30.272108, 59.93436499999865 ], [ 30.272359, 59.93443299999862 ] ] ] } },
{ "type": "Feature", "properties": { "height": 4.5, "match_type": "matched", "height_source": "source_b" }, "geometry": { "type": "Polygon", "coordinates": [ [ [ 30.272352, 59.937422999998653 ], [ 30.272271, 59.937511999998648 ], [ 30.272386, 59.937537999998675 ], [ 30.272465, 59.937447999998646 ], [ 30.272352, 59.937422999998653 ] ] ] } },
{ "type": "Feature", "properties": { "height": 15.0, "match_type": "matched", "height_source": "source_b" }, "geometry": { "type": "Polygon", "coordinates": [ [ [ 30.272093, 59.938958999998633 ], [ 30.272023, 59.93902199999868 ], [ 30.272706, 59.939217999998647 ], [ 30.272918, 59.939027999998665 ], [ 30.272648, 59.938951999998658 ], [ 30.272509, 59.939077999998631 ], [ 30.272093, 59.938958999998633 ] ] ] } },
{ "type": "Feature", "properties": { "height": 4.5, "match_type": "matched", "height_source": "source_b" }, "geometry": { "type": "Polygon", "coordinates": [ [ [ 30.272444, 59.935301999998664 ], [ 30.272508, 59.935230999998659 ], [ 30.272841, 59.934921999998636 ], [ 30.272352, 59.934787999998662 ], [ 30.272283, 59.93485299999864 ], [ 30.272656, 59.934952999998657 ], [ 30.27232, 59.935265999998634 ], [ 30.272444, 59.935301999998664 ] ] ] } },
{ "type": "Feature", "properties": { "height": 13.2, "match_type": "matched", "height_source": "source_b" }, "geometry": { "type": "Polygon", "coordinates": [ [ [ 30.272735, 59.942647999998641 ], [ 30.272585, 59.942783999998653 ], [ 30.272805, 59.942851999998659 ], [ 30.272772, 59.942877999998657 ], [ 30.272864, 59.942862999998638 ], [ 30.273114, 59.942937999998641 ], [ 30.273055, 59.94298799999865 ], [ 30.273209, 59.943033999998661 ], [ 30.27347, 59.942814999998646 ], [ 30.273314, 59.942767999998665 ], [ 30.273255, 59.942816999998648 ], [ 30.273006, 59.942742999998643 ], [ 30.273045, 59.942710999998674 ], [ 30.272735, 59.942647999998641 ] ] ] } },
{ "type": "Feature", "properties": { "height": 15.0, "match_type": "matched", "height_source": "source_b" }, "geometry": { "type": "Polygon", "coordinates": [ [ [ 30.272585, 59.942783999998653 ], [ 30.27248, 59.942878999998634 ], [ 30.272695, 59.942942999998635 ], [ 30.272805, 59.942851999998659 ], [ 30.272585, 59.942783999998653 ] ] ] } },
{ "type": "Feature", "properties": { "height": 4.5, "match_type": "matched", "height_source": "source_b" }, "geometry": { "type": "Polygon", "coordinates": [ [ [ 30.272391, 59.94385199999865 ], [ 30.2725, 59.943885999998663 ], [ 30.272568, 59.94383199999865 ], [ 30.272458, 59.943797999998658 ], [ 30.272391, 59.94385199999865 ] ] ] } },
{ "type": "Feature", "properties": { "height": 4.5, "match_type": "matched", "height_source": "source_b" }, "geometry": { "type": "Polygon", "coordinates": [ [ [ 30.272983, 59.937401999998642 ], [ 30.272914, 59.937465999998672 ], [ 30.272572, 59.937365999998633 ], [ 30.272518, 59.937410999998669 ], [ 30.27295, 59.937536999998635 ], [ 30.273002, 59.937492999998646 ], [ 30.273121, 59.937524999998637 ], [ 30.273193, 59.937459999998644 ], [ 30.272983, 59.937401999998642 ] ] ] } },
{ "type": "Feature", "properties": { "height": 9.9, "match_type": "matched", "height_source": "source_b" }, "geometry": { "type": "Polygon", "coordinates": [ [ [ 30.2731, 59.935315999998643 ], [ 30.272573, 59.935170999998654 ], [ 30.272508, 59.935230999998659 ], [ 30.273007, 59.935400999998635 ], [ 30.2731, 59.935315999998643 ] ] ] } },
{ "type": "Feature", "properties": { "height": 6.6, "match_type": "matched", "height_source": "source_b" }, "geometry": { "type": "Polygon", "coordinates": [ [ [ 30.272516, 59.942270999998662 ], [ 30.272172, 59.942168999998628 ], [ 30.272015, 59.94230499999864 ], [ 30.272358, 59.942405999998634 ], [ 30.272516, 59.942270999998662 ] ] ] } },
{ "type": "Feature", "properties": { "height": 4.5, "match_type": "matched", "height_source": "source_b" }, "geometry": { "type": "Polygon", "coordinates": [ [ [ 30.272226, 59.938647999998658 ], [ 30.272347, 59.938686999998652 ], [ 30.272611, 59.93846399999866 ], [ 30.272486, 59.938426999998654 ], [ 30.272226, 59.938647999998658 ] ] ] } },
{ "type": "Feature", "properties": { "height": 4.5, "match_type": "matched", "height_source": "source_b" }, "geometry": { "type": "Polygon", "coordinates": [ [ [ 30.272558, 59.944501999998643 ], [ 30.273129, 59.944665999998655 ], [ 30.273275, 59.94453299999865 ], [ 30.273143, 59.944493999998663 ], [ 30.27304, 59.944572999998655 ], [ 30.272619, 59.944448999998635 ], [ 30.272558, 59.944501999998643 ] ] ] } },
{ "type": "Feature", "properties": { "height": 4.1, "match_type": "only_a", "height_source": "ml_predicted" }, "geometry": { "type": "Polygon", "coordinates": [ [ [ 30.27257, 59.93484 ], [ 30.2726, 59.93481 ], [ 30.27248, 59.93482 ], [ 30.27257, 59.93484 ] ] ] } },
{ "type": "Feature", "properties": { "height": 21.0, "match_type": "matched", "height_source": "source_b" }, "geometry": { "type": "Polygon", "coordinates": [ [ [ 30.272578, 59.937816999998645 ], [ 30.272777, 59.937641999998654 ], [ 30.27253, 59.937570999998648 ], [ 30.272397, 59.937688999998649 ], [ 30.272087, 59.937600999998644 ], [ 30.272221, 59.93748299999865 ], [ 30.271976, 59.937412999998664 ], [ 30.271772, 59.937592999998664 ], [ 30.272578, 59.937816999998645 ] ] ] } },
{ "type": "Feature", "properties": { "height": 9.9, "match_type": "matched", "height_source": "source_b" }, "geometry": { "type": "Polygon", "coordinates": [ [ [ 30.27262, 59.939798999998672 ], [ 30.272302, 59.940068999998658 ], [ 30.272593, 59.940155999998659 ], [ 30.272911, 59.93988599999863 ], [ 30.27262, 59.939798999998672 ] ] ] } },
{ "type": "Feature", "properties": { "height": 5.5, "match_type": "only_a", "height_source": "ml_predicted" }, "geometry": { "type": "Polygon", "coordinates": [ [ [ 30.27264, 59.93758 ], [ 30.27255, 59.93756 ], [ 30.27253, 59.93758 ], [ 30.27261, 59.9376 ], [ 30.27264, 59.93758 ] ] ] } },
{ "type": "Feature", "properties": { "height": 9.9, "match_type": "matched", "height_source": "source_b" }, "geometry": { "type": "Polygon", "coordinates": [ [ [ 30.272151, 59.938833999998643 ], [ 30.272543, 59.938958999998633 ], [ 30.272624, 59.938894999998659 ], [ 30.272234, 59.938769999998662 ], [ 30.272151, 59.938833999998643 ] ] ] } },
{ "type": "Feature", "properties": { "height": 9.9, "match_type": "matched", "height_source": "source_b" }, "geometry": { "type": "Polygon", "coordinates": [ [ [ 30.271698, 59.944788999998671 ], [ 30.271526, 59.944738999998648 ], [ 30.271229, 59.945019999998664 ], [ 30.271613, 59.945122999998652 ], [ 30.271692, 59.945052999998666 ], [ 30.271475, 59.944992999998661 ], [ 30.271698, 59.944788999998671 ] ] ] } },
{ "type": "Feature", "properties": { "height": 18.0, "match_type": "matched", "height_source": "source_b" }, "geometry": { "type": "Polygon", "coordinates": [ [ [ 30.271613, 59.945122999998652 ], [ 30.272333, 59.945334999998664 ], [ 30.272621, 59.94509299999865 ], [ 30.271898, 59.944870999998649 ], [ 30.271613, 59.945122999998652 ] ], [ [ 30.271991, 59.944977999998649 ], [ 30.272255, 59.945050999998649 ], [ 30.272124, 59.945170999998666 ], [ 30.27186, 59.945096999998668 ], [ 30.271991, 59.944977999998649 ] ] ] } },
{ "type": "Feature", "properties": { "height": 4.5, "match_type": "matched", "height_source": "source_b" }, "geometry": { "type": "Polygon", "coordinates": [ [ [ 30.272542, 59.943897999998633 ], [ 30.27265, 59.943932999998658 ], [ 30.272721, 59.943877999998655 ], [ 30.272613, 59.943842999998658 ], [ 30.272542, 59.943897999998633 ] ] ] } },
{ "type": "Feature", "properties": { "height": 15.0, "match_type": "matched", "height_source": "source_b" }, "geometry": { "type": "Polygon", "coordinates": [ [ [ 30.272845, 59.942548999998657 ], [ 30.272735, 59.942647999998641 ], [ 30.272953, 59.942717999998649 ], [ 30.273076, 59.94261799999866 ], [ 30.272845, 59.942548999998657 ] ] ] } },
{ "type": "Feature", "properties": { "height": 15.0, "match_type": "matched", "height_source": "source_b" }, "geometry": { "type": "Polygon", "coordinates": [ [ [ 30.272664, 59.935713999998647 ], [ 30.272809, 59.935581999998647 ], [ 30.272287, 59.935437999998655 ], [ 30.272145, 59.935562999998666 ], [ 30.272664, 59.935713999998647 ] ] ] } },
{ "type": "Feature", "properties": { "height": 21.0, "match_type": "matched", "height_source": "source_b" }, "geometry": { "type": "Polygon", "coordinates": [ [ [ 30.272043, 59.937889999998667 ], [ 30.272671, 59.938058999998688 ], [ 30.273043, 59.937726999998645 ], [ 30.272935, 59.937696999998664 ], [ 30.272594, 59.937973999998654 ], [ 30.272331, 59.937899999998656 ], [ 30.272459, 59.937782999998653 ], [ 30.271772, 59.937592999998664 ], [ 30.271577, 59.937763999998651 ], [ 30.271843, 59.937838999998633 ], [ 30.271975, 59.937710999998643 ], [ 30.272174, 59.937762999998633 ], [ 30.272043, 59.937889999998667 ] ] ] } },
{ "type": "Feature", "properties": { "height": 5.8, "match_type": "only_a", "height_source": "ml_predicted" }, "geometry": { "type": "Polygon", "coordinates": [ [ [ 30.27271, 59.93785 ], [ 30.27277, 59.93784 ], [ 30.27259, 59.93782 ], [ 30.27271, 59.93785 ] ] ] } },
{ "type": "Feature", "properties": { "height": 4.7, "match_type": "only_a", "height_source": "ml_predicted" }, "geometry": { "type": "Polygon", "coordinates": [ [ [ 30.27274, 59.93489 ], [ 30.27279, 59.93485 ], [ 30.27269, 59.93482 ], [ 30.27264, 59.93486 ], [ 30.27274, 59.93489 ] ] ] } },
{ "type": "Feature", "properties": { "height": 6.6, "match_type": "matched", "height_source": "source_b" }, "geometry": { "type": "Polygon", "coordinates": [ [ [ 30.2731, 59.935315999998643 ], [ 30.273191, 59.935235999998667 ], [ 30.272811, 59.935130999998648 ], [ 30.272925, 59.935025999998615 ], [ 30.272776, 59.93498499999864 ], [ 30.272573, 59.935170999998654 ], [ 30.2731, 59.935315999998643 ] ] ] } },
{ "type": "Feature", "properties": { "height": 4.5, "match_type": "matched", "height_source": "source_b" }, "geometry": { "type": "Polygon", "coordinates": [ [ [ 30.272815, 59.934566999998658 ], [ 30.272758, 59.934616999998639 ], [ 30.272906, 59.934659999998658 ], [ 30.272964, 59.934608999998645 ], [ 30.272815, 59.934566999998658 ] ] ] } },
{ "type": "Feature", "properties": { "height": 4.0, "match_type": "only_a", "height_source": "ml_predicted" }, "geometry": { "type": "Polygon", "coordinates": [ [ [ 30.2728, 59.93772 ], [ 30.27287, 59.93774 ], [ 30.27293, 59.93769 ], [ 30.27286, 59.93767 ], [ 30.2728, 59.93772 ] ] ] } },
{ "type": "Feature", "properties": { "height": 21.0, "match_type": "matched", "height_source": "source_b" }, "geometry": { "type": "Polygon", "coordinates": [ [ [ 30.272837, 59.942062999998669 ], [ 30.27321, 59.941720999998651 ], [ 30.272652, 59.94156099999865 ], [ 30.272262, 59.941893999998648 ], [ 30.272837, 59.942062999998669 ] ], [ [ 30.272656, 59.941912999998635 ], [ 30.272471, 59.941859999998648 ], [ 30.272629, 59.941721999998656 ], [ 30.272816, 59.941775999998647 ], [ 30.272656, 59.941912999998635 ] ] ] } },
{ "type": "Feature", "properties": { "height": 4.8, "match_type": "only_a", "height_source": "ml_predicted" }, "geometry": { "type": "Polygon", "coordinates": [ [ [ 30.27281, 59.93491 ], [ 30.27286, 59.93487 ], [ 30.2728, 59.93485 ], [ 30.27275, 59.93489 ], [ 30.27281, 59.93491 ] ] ] } },
{ "type": "Feature", "properties": { "height": 18.0, "match_type": "matched", "height_source": "source_b" }, "geometry": { "type": "Polygon", "coordinates": [ [ [ 30.273916, 59.943746999998645 ], [ 30.273883, 59.943773999998641 ], [ 30.27291, 59.943490999998652 ], [ 30.272597, 59.943762999998647 ], [ 30.273587, 59.944019999998659 ], [ 30.273491, 59.944098999998673 ], [ 30.273736, 59.944172999998649 ], [ 30.274156, 59.943818999998634 ], [ 30.273916, 59.943746999998645 ] ], [ [ 30.272925, 59.943731999998626 ], [ 30.273034, 59.943630999998661 ], [ 30.273337, 59.943713999998643 ], [ 30.273228, 59.943814999998644 ], [ 30.272925, 59.943731999998626 ] ], [ [ 30.273802, 59.943841999998639 ], [ 30.273644, 59.943971999998681 ], [ 30.273427, 59.943863999998662 ], [ 30.273541, 59.943765999998647 ], [ 30.273802, 59.943841999998639 ] ] ] } },
{ "type": "Feature", "properties": { "height": 15.0, "match_type": "matched", "height_source": "source_b" }, "geometry": { "type": "Polygon", "coordinates": [ [ [ 30.272776, 59.936687999998647 ], [ 30.272693, 59.936759999998635 ], [ 30.273409, 59.936965999998648 ], [ 30.273327, 59.937037999998658 ], [ 30.273225, 59.937008999998667 ], [ 30.273111, 59.937108999998628 ], [ 30.273213, 59.937137999998633 ], [ 30.273141, 59.937200999998637 ], [ 30.272809, 59.937105999998643 ], [ 30.272707, 59.937194999998653 ], [ 30.273179, 59.937329999998639 ], [ 30.273549, 59.937005999998654 ], [ 30.273789, 59.93707499999865 ], [ 30.273872, 59.937002999998654 ], [ 30.272776, 59.936687999998647 ] ] ] } },
{ "type": "Feature", "properties": { "height": 9.9, "match_type": "matched", "height_source": "source_b" }, "geometry": { "type": "Polygon", "coordinates": [ [ [ 30.272707, 59.937194999998653 ], [ 30.272809, 59.937105999998643 ], [ 30.272662, 59.937063999998657 ], [ 30.272609, 59.937110999998652 ], [ 30.272685, 59.937132999998653 ], [ 30.272637, 59.937174999998653 ], [ 30.272707, 59.937194999998653 ] ] ] } },
{ "type": "Feature", "properties": { "height": 4.6, "match_type": "only_a", "height_source": "ml_predicted" }, "geometry": { "type": "Polygon", "coordinates": [ [ [ 30.27291, 59.93504 ], [ 30.27297, 59.93499 ], [ 30.27287, 59.93496 ], [ 30.27281, 59.93501 ], [ 30.27291, 59.93504 ] ] ] } },
{ "type": "Feature", "properties": { "height": 15.0, "match_type": "matched", "height_source": "source_b" }, "geometry": { "type": "Polygon", "coordinates": [ [ [ 30.272572, 59.937365999998633 ], [ 30.272914, 59.937465999998672 ], [ 30.272983, 59.937401999998642 ], [ 30.272642, 59.937302999998664 ], [ 30.272572, 59.937365999998633 ] ] ] } },
{ "type": "Feature", "properties": { "height": 4.5, "match_type": "matched", "height_source": "source_b" }, "geometry": { "type": "Polygon", "coordinates": [ [ [ 30.273169, 59.940985999998645 ], [ 30.273335, 59.941031999998636 ], [ 30.273394, 59.940977999998651 ], [ 30.273228, 59.940931999998661 ], [ 30.273169, 59.940985999998645 ] ] ] } },
{ "type": "Feature", "properties": { "height": 13.2, "match_type": "matched", "height_source": "source_b" }, "geometry": { "type": "Polygon", "coordinates": [ [ [ 30.272983, 59.941350999998647 ], [ 30.273335, 59.941031999998636 ], [ 30.273169, 59.940985999998645 ], [ 30.272953, 59.941181999998655 ], [ 30.272656, 59.941098999998644 ], [ 30.27273, 59.94103199999865 ], [ 30.272652, 59.941009999998649 ], [ 30.272437, 59.941190999998653 ], [ 30.272983, 59.941350999998647 ] ] ] } },
{ "type": "Feature", "properties": { "height": 15.0, "match_type": "matched", "height_source": "source_b" }, "geometry": { "type": "Polygon", "coordinates": [ [ [ 30.273043, 59.937726999998645 ], [ 30.273163, 59.937619999998653 ], [ 30.273315, 59.937475999998618 ], [ 30.273207, 59.93744699999862 ], [ 30.272935, 59.937696999998664 ], [ 30.273043, 59.937726999998645 ] ] ] } },
{ "type": "Feature", "properties": { "height": 24.0, "match_type": "matched", "height_source": "source_b" }, "geometry": { "type": "Polygon", "coordinates": [ [ [ 30.272075, 59.944924999998634 ], [ 30.272621, 59.94509299999865 ], [ 30.272944, 59.944829999998653 ], [ 30.272373, 59.944671999998654 ], [ 30.272275, 59.94476099999865 ], [ 30.272579, 59.944844999998651 ], [ 30.272452, 59.944960999998663 ], [ 30.272132, 59.944871999998639 ], [ 30.272075, 59.944924999998634 ] ] ] } },
{ "type": "Feature", "properties": { "height": 4.5, "match_type": "matched", "height_source": "source_b" }, "geometry": { "type": "Polygon", "coordinates": [ [ [ 30.272897, 59.934865999998657 ], [ 30.272846, 59.934910999998657 ], [ 30.272953, 59.934941999998664 ], [ 30.273004, 59.934896999998635 ], [ 30.272897, 59.934865999998657 ] ] ] } },
{ "type": "Feature", "properties": { "height": 4.5, "match_type": "matched", "height_source": "source_b" }, "geometry": { "type": "Polygon", "coordinates": [ [ [ 30.272832, 59.940268999998658 ], [ 30.272755, 59.940326999998675 ], [ 30.272866, 59.940364999998657 ], [ 30.272943, 59.94030699999864 ], [ 30.272832, 59.940268999998658 ] ] ] } },
{ "type": "Feature", "properties": { "height": 21.0, "match_type": "matched", "height_source": "source_b" }, "geometry": { "type": "Polygon", "coordinates": [ [ [ 30.272942, 59.937817999998664 ], [ 30.273687, 59.938032999998647 ], [ 30.27374, 59.937984999998662 ], [ 30.273153, 59.937795999998642 ], [ 30.273304, 59.937658999998646 ], [ 30.273163, 59.937619999998653 ], [ 30.272942, 59.937817999998664 ] ] ] } },
{ "type": "Feature", "properties": { "height": 5.5, "match_type": "only_a", "height_source": "ml_predicted" }, "geometry": { "type": "Polygon", "coordinates": [ [ [ 30.27297, 59.93862 ], [ 30.27302, 59.93863 ], [ 30.27308, 59.93858 ], [ 30.27303, 59.93857 ], [ 30.27297, 59.93862 ] ] ] } },
{ "type": "Feature", "properties": { "height": 9.9, "match_type": "matched", "height_source": "source_b" }, "geometry": { "type": "Polygon", "coordinates": [ [ [ 30.273322, 59.939999999998662 ], [ 30.272996, 59.939904999998667 ], [ 30.272894, 59.939997999998646 ], [ 30.273142, 59.940033999998633 ], [ 30.273113, 59.94005999999866 ], [ 30.273223, 59.940090999998652 ], [ 30.273322, 59.939999999998662 ] ] ] } },
{ "type": "Feature", "properties": { "height": 6.8, "match_type": "only_a", "height_source": "ml_predicted" }, "geometry": { "type": "Polygon", "coordinates": [ [ [ 30.27303, 59.94073 ], [ 30.27307, 59.9407 ], [ 30.27296, 59.94071 ], [ 30.27303, 59.94073 ] ] ] } },
{ "type": "Feature", "properties": { "height": 9.9, "match_type": "matched", "height_source": "source_b" }, "geometry": { "type": "Polygon", "coordinates": [ [ [ 30.272707, 59.944374999998644 ], [ 30.273275, 59.94453299999865 ], [ 30.273534, 59.944295999998651 ], [ 30.273066, 59.944119999998641 ], [ 30.272867, 59.94430199999865 ], [ 30.272805, 59.944284999998658 ], [ 30.272707, 59.944374999998644 ] ] ] } },
{ "type": "Feature", "properties": { "height": 4.5, "match_type": "matched", "height_source": "source_b" }, "geometry": { "type": "Polygon", "coordinates": [ [ [ 30.272696, 59.934263999998656 ], [ 30.272617, 59.93433099999865 ], [ 30.272956, 59.934431999998644 ], [ 30.273036, 59.934363999998652 ], [ 30.272696, 59.934263999998656 ] ] ] } },
{ "type": "Feature", "properties": { "height": 4.5, "match_type": "matched", "height_source": "source_b" }, "geometry": { "type": "Polygon", "coordinates": [ [ [ 30.273047, 59.93475899999865 ], [ 30.27294, 59.934857999998627 ], [ 30.273045, 59.934886999998639 ], [ 30.273153, 59.93478799999864 ], [ 30.273047, 59.93475899999865 ] ] ] } },
{ "type": "Feature", "properties": { "height": 15.0, "match_type": "matched", "height_source": "source_b" }, "geometry": { "type": "Polygon", "coordinates": [ [ [ 30.273214, 59.939221999998651 ], [ 30.272924, 59.939480999998644 ], [ 30.273295, 59.939528999998657 ], [ 30.273244, 59.939574999998662 ], [ 30.273352, 59.939604999998664 ], [ 30.273525, 59.93945099999867 ], [ 30.273388, 59.939411999998654 ], [ 30.273507, 59.939304999998676 ], [ 30.273214, 59.939221999998651 ] ] ] } },
{ "type": "Feature", "properties": { "height": 4.5, "match_type": "matched", "height_source": "source_b" }, "geometry": { "type": "Polygon", "coordinates": [ [ [ 30.273281, 59.934702999998649 ], [ 30.273602, 59.934417999998665 ], [ 30.273487, 59.934379999998654 ], [ 30.273162, 59.934666999998647 ], [ 30.273281, 59.934702999998649 ] ] ] } },
{ "type": "Feature", "properties": { "height": 6.6, "match_type": "matched", "height_source": "source_b" }, "geometry": { "type": "Polygon", "coordinates": [ [ [ 30.27326, 59.934579999998647 ], [ 30.272719, 59.934472999998626 ], [ 30.272658, 59.934521999998658 ], [ 30.273162, 59.934666999998647 ], [ 30.27326, 59.934579999998647 ] ] ] } },
{ "type": "Feature", "properties": { "height": 9.9, "match_type": "matched", "height_source": "source_b" }, "geometry": { "type": "Polygon", "coordinates": [ [ [ 30.273487, 59.934379999998654 ], [ 30.273346, 59.934337999998625 ], [ 30.273115, 59.934541999998636 ], [ 30.27326, 59.934579999998647 ], [ 30.273487, 59.934379999998654 ] ] ] } },
{ "type": "Feature", "properties": { "height": 6.6, "match_type": "matched", "height_source": "source_b" }, "geometry": { "type": "Polygon", "coordinates": [ [ [ 30.273657, 59.935107999998657 ], [ 30.273958, 59.935200999998671 ], [ 30.274544, 59.934690999998651 ], [ 30.274182, 59.934581999998642 ], [ 30.273939, 59.934792999998635 ], [ 30.274073, 59.934869999998647 ], [ 30.273853, 59.935062999998635 ], [ 30.273628, 59.934991999998658 ], [ 30.273565, 59.935050999998651 ], [ 30.273689, 59.935086999998653 ], [ 30.273657, 59.935107999998657 ] ] ] } },
{ "type": "Feature", "properties": { "height": 6.6, "match_type": "matched", "height_source": "source_b" }, "geometry": { "type": "Polygon", "coordinates": [ [ [ 30.27328, 59.935160999998651 ], [ 30.273602, 59.934895999998659 ], [ 30.273381, 59.93483499999865 ], [ 30.27327, 59.934935999998665 ], [ 30.27335, 59.934957999998652 ], [ 30.273307, 59.934996999998653 ], [ 30.273182, 59.934960999998665 ], [ 30.273085, 59.935045999998657 ], [ 30.273134, 59.93505999999865 ], [ 30.273083, 59.935103999998653 ], [ 30.27328, 59.935160999998651 ] ] ] } },
{ "type": "Feature", "properties": { "height": 9.9, "match_type": "matched", "height_source": "source_b" }, "geometry": { "type": "Polygon", "coordinates": [ [ [ 30.274024, 59.934916999998656 ], [ 30.273458, 59.934759999998654 ], [ 30.273381, 59.93483499999865 ], [ 30.273941, 59.934989999998663 ], [ 30.274024, 59.934916999998656 ] ] ] } },
{ "type": "Feature", "properties": { "height": 13.2, "match_type": "matched", "height_source": "source_b" }, "geometry": { "type": "Polygon", "coordinates": [ [ [ 30.273958, 59.935200999998671 ], [ 30.273389, 59.935065999998656 ], [ 30.273259, 59.935179999998653 ], [ 30.273802, 59.935333999998676 ], [ 30.273958, 59.935200999998671 ] ] ] } },
{ "type": "Feature", "properties": { "height": 4.5, "match_type": "matched", "height_source": "source_b" }, "geometry": { "type": "Polygon", "coordinates": [ [ [ 30.273015, 59.940683999998633 ], [ 30.273217, 59.940741999998643 ], [ 30.273474, 59.94051399999865 ], [ 30.273273, 59.940456999998638 ], [ 30.273015, 59.940683999998633 ] ] ] } },
{ "type": "Feature", "properties": { "height": 9.9, "match_type": "matched", "height_source": "source_b" }, "geometry": { "type": "Polygon", "coordinates": [ [ [ 30.272931, 59.944610999998638 ], [ 30.272558, 59.944501999998643 ], [ 30.272483, 59.944566999998642 ], [ 30.272854, 59.944674999998654 ], [ 30.272931, 59.944610999998638 ] ] ] } },
{ "type": "Feature", "properties": { "height": 13.2, "match_type": "matched", "height_source": "source_b" }, "geometry": { "type": "Polygon", "coordinates": [ [ [ 30.272737, 59.944772999998634 ], [ 30.272944, 59.944829999998653 ], [ 30.273129, 59.944665999998655 ], [ 30.272931, 59.944610999998638 ], [ 30.272737, 59.944772999998634 ] ] ] } },
{ "type": "Feature", "properties": { "height": 13.2, "match_type": "matched", "height_source": "source_b" }, "geometry": { "type": "Polygon", "coordinates": [ [ [ 30.273439, 59.935640999998654 ], [ 30.273238, 59.935586999998634 ], [ 30.273111, 59.935704999998656 ], [ 30.272857, 59.935634999998641 ], [ 30.273266, 59.935298999998651 ], [ 30.273152, 59.935267999998644 ], [ 30.272664, 59.935713999998647 ], [ 30.273189, 59.93587199999866 ], [ 30.273439, 59.935640999998654 ] ] ] } },
{ "type": "Feature", "properties": { "height": 13.2, "match_type": "matched", "height_source": "source_b" }, "geometry": { "type": "Polygon", "coordinates": [ [ [ 30.273238, 59.935586999998634 ], [ 30.273439, 59.935640999998654 ], [ 30.273802, 59.935333999998676 ], [ 30.273259, 59.935179999998653 ], [ 30.273152, 59.935267999998644 ], [ 30.273517, 59.935333999998662 ], [ 30.273238, 59.935586999998634 ] ] ] } },
{ "type": "Feature", "properties": { "height": 6.6, "match_type": "matched", "height_source": "source_b" }, "geometry": { "type": "Polygon", "coordinates": [ [ [ 30.27231, 59.938287999998664 ], [ 30.273143, 59.938517999998659 ], [ 30.273215, 59.938451999998662 ], [ 30.272396, 59.938209999998648 ], [ 30.27231, 59.938287999998664 ] ] ] } },
{ "type": "Feature", "properties": { "height": 4.5, "match_type": "matched", "height_source": "source_b" }, "geometry": { "type": "Polygon", "coordinates": [ [ [ 30.273068, 59.945684999998647 ], [ 30.273013, 59.945728999998671 ], [ 30.273136, 59.945766999998639 ], [ 30.27319, 59.945721999998653 ], [ 30.273068, 59.945684999998647 ] ] ] } },
{ "type": "Feature", "properties": { "height": 18.0, "match_type": "matched", "height_source": "source_b" }, "geometry": { "type": "Polygon", "coordinates": [ [ [ 30.273078, 59.942337999998657 ], [ 30.273295, 59.942399999998663 ], [ 30.273706, 59.942041999998644 ], [ 30.273479, 59.941977999998635 ], [ 30.273078, 59.942337999998657 ] ] ] } },
{ "type": "Feature", "properties": { "height": 9.9, "match_type": "matched", "height_source": "source_b" }, "geometry": { "type": "Polygon", "coordinates": [ [ [ 30.272767, 59.938852999998659 ], [ 30.273037, 59.938930999998632 ], [ 30.273287, 59.938711999998645 ], [ 30.273017, 59.938633999998672 ], [ 30.272767, 59.938852999998659 ] ] ] } },
{ "type": "Feature", "properties": { "height": 18.0, "match_type": "matched", "height_source": "source_b" }, "geometry": { "type": "Polygon", "coordinates": [ [ [ 30.272907, 59.93825599999866 ], [ 30.272548, 59.938157999998658 ], [ 30.272462, 59.938226999998648 ], [ 30.273499, 59.938534999998659 ], [ 30.273976, 59.938118999998657 ], [ 30.273259, 59.937913999998649 ], [ 30.27314, 59.938016999998659 ], [ 30.27282, 59.937922999998634 ], [ 30.272682, 59.938048999998649 ], [ 30.272998, 59.938139999998675 ], [ 30.272907, 59.93825599999866 ] ], [ [ 30.273711, 59.938075999998667 ], [ 30.273348, 59.938385999998644 ], [ 30.27312, 59.938320999998652 ], [ 30.27341, 59.93806299999865 ], [ 30.273357, 59.938047999998652 ], [ 30.273383, 59.938024999998653 ], [ 30.273638, 59.938096999998642 ], [ 30.273711, 59.938075999998667 ] ] ] } },
{ "type": "Feature", "properties": { "height": 7.0, "match_type": "only_a", "height_source": "ml_predicted" }, "geometry": { "type": "Polygon", "coordinates": [ [ [ 30.27331, 59.94422 ], [ 30.27335, 59.94418 ], [ 30.27323, 59.94416 ], [ 30.27323, 59.9442 ], [ 30.27331, 59.94422 ] ] ] } },
{ "type": "Feature", "properties": { "height": 6.6, "match_type": "matched", "height_source": "source_b" }, "geometry": { "type": "Polygon", "coordinates": [ [ [ 30.273229, 59.945067999998649 ], [ 30.273038, 59.945238999998651 ], [ 30.273323, 59.945318999998641 ], [ 30.273515, 59.945146999998634 ], [ 30.273229, 59.945067999998649 ] ] ] } },
{ "type": "Feature", "properties": { "height": 15.0, "match_type": "matched", "height_source": "source_b" }, "geometry": { "type": "Polygon", "coordinates": [ [ [ 30.273178, 59.939957999998647 ], [ 30.273427, 59.940030999998648 ], [ 30.273746, 59.939751999998663 ], [ 30.273511, 59.939679999998667 ], [ 30.273178, 59.939957999998647 ] ] ] } },
{ "type": "Feature", "properties": { "height": 18.0, "match_type": "matched", "height_source": "source_b" }, "geometry": { "type": "Polygon", "coordinates": [ [ [ 30.274052, 59.940998999998641 ], [ 30.274321, 59.940746999998666 ], [ 30.273632, 59.940544999998657 ], [ 30.273345, 59.940790999998661 ], [ 30.274052, 59.940998999998641 ] ], [ [ 30.27367, 59.940797999998622 ], [ 30.273801, 59.940728999998655 ], [ 30.273757, 59.940715999998673 ], [ 30.273804, 59.940676999998658 ], [ 30.273981, 59.940729999998652 ], [ 30.273891, 59.940757999998659 ], [ 30.273838, 59.94084899999865 ], [ 30.27367, 59.940797999998622 ] ] ] } },
{ "type": "Feature", "properties": { "height": 15.0, "match_type": "matched", "height_source": "source_b" }, "geometry": { "type": "Polygon", "coordinates": [ [ [ 30.27286, 59.940834999998657 ], [ 30.273394, 59.940977999998651 ], [ 30.273505, 59.940873999998658 ], [ 30.27297, 59.940730999998657 ], [ 30.27286, 59.940834999998657 ] ] ] } },
{ "type": "Feature", "properties": { "height": 13.2, "match_type": "matched", "height_source": "source_b" }, "geometry": { "type": "Polygon", "coordinates": [ [ [ 30.273487, 59.934379999998654 ], [ 30.273665, 59.93424399999865 ], [ 30.273323, 59.934141999998658 ], [ 30.273157, 59.934284999998646 ], [ 30.273487, 59.934379999998654 ] ] ] } },
{ "type": "Feature", "properties": { "height": 4.5, "match_type": "matched", "height_source": "source_b" }, "geometry": { "type": "Polygon", "coordinates": [ [ [ 30.273164, 59.941289999998652 ], [ 30.273249, 59.941217999998621 ], [ 30.273158, 59.941191999998658 ], [ 30.273077, 59.941264999998651 ], [ 30.273164, 59.941289999998652 ] ] ] } },
{ "type": "Feature", "properties": { "height": 6.6, "match_type": "matched", "height_source": "source_b" }, "geometry": { "type": "Polygon", "coordinates": [ [ [ 30.272983, 59.941350999998647 ], [ 30.273469, 59.941493999998642 ], [ 30.27377, 59.941241999998667 ], [ 30.273603, 59.941191999998658 ], [ 30.273397, 59.941358999998656 ], [ 30.273077, 59.941264999998651 ], [ 30.272983, 59.941350999998647 ] ] ] } },
{ "type": "Feature", "properties": { "height": 6.6, "match_type": "matched", "height_source": "source_b" }, "geometry": { "type": "Polygon", "coordinates": [ [ [ 30.273287, 59.938711999998645 ], [ 30.273434, 59.938582999998658 ], [ 30.273205, 59.938516999998626 ], [ 30.273058, 59.938645999998641 ], [ 30.273287, 59.938711999998645 ] ] ] } },
{ "type": "Feature", "properties": { "height": 8.1, "match_type": "only_a", "height_source": "ml_predicted" }, "geometry": { "type": "Polygon", "coordinates": [ [ [ 30.2735, 59.94086 ], [ 30.27353, 59.94084 ], [ 30.27344, 59.94084 ], [ 30.2735, 59.94086 ] ] ] } },
{ "type": "Feature", "properties": { "height": 5.9, "match_type": "only_a", "height_source": "ml_predicted" }, "geometry": { "type": "Polygon", "coordinates": [ [ [ 30.27351, 59.93735 ], [ 30.27346, 59.9374 ], [ 30.27352, 59.93742 ], [ 30.27357, 59.93737 ], [ 30.27351, 59.93735 ] ] ] } },
{ "type": "Feature", "properties": { "height": 15.0, "match_type": "matched", "height_source": "source_b" }, "geometry": { "type": "Polygon", "coordinates": [ [ [ 30.273273, 59.940456999998638 ], [ 30.273474, 59.94051399999865 ], [ 30.273541, 59.940454999998657 ], [ 30.273443, 59.940426999998635 ], [ 30.273592, 59.940295999998639 ], [ 30.273491, 59.940266999998649 ], [ 30.273273, 59.940456999998638 ] ] ] } },
{ "type": "Feature", "properties": { "height": 6.6, "match_type": "matched", "height_source": "source_b" }, "geometry": { "type": "Polygon", "coordinates": [ [ [ 30.273711, 59.934270999998645 ], [ 30.273654, 59.934253999998653 ], [ 30.273487, 59.934379999998654 ], [ 30.273602, 59.934417999998665 ], [ 30.273662, 59.934367999998656 ], [ 30.273613, 59.934351999998633 ], [ 30.273711, 59.934270999998645 ] ] ] } },
{ "type": "Feature", "properties": { "height": 15.0, "match_type": "matched", "height_source": "source_b" }, "geometry": { "type": "Polygon", "coordinates": [ [ [ 30.273646, 59.943149999998667 ], [ 30.273174, 59.943566999998673 ], [ 30.273526, 59.943669999998633 ], [ 30.273616, 59.943588999998653 ], [ 30.273419, 59.943532999998652 ], [ 30.273732, 59.943256999998638 ], [ 30.273966, 59.94332399999864 ], [ 30.274038, 59.943260999998643 ], [ 30.273646, 59.943149999998667 ] ] ] } },
{ "type": "Feature", "properties": { "height": 21.0, "match_type": "matched", "height_source": "source_b" }, "geometry": { "type": "Polygon", "coordinates": [ [ [ 30.273706, 59.942041999998644 ], [ 30.273737, 59.942013999998636 ], [ 30.273914, 59.942062999998669 ], [ 30.273825, 59.942145999998637 ], [ 30.27397, 59.942183999998662 ], [ 30.274182, 59.941986999998633 ], [ 30.27365, 59.94183699999865 ], [ 30.273479, 59.941977999998635 ], [ 30.273706, 59.942041999998644 ] ] ] } },
{ "type": "Feature", "properties": { "height": 13.2, "match_type": "matched", "height_source": "source_b" }, "geometry": { "type": "Polygon", "coordinates": [ [ [ 30.273675, 59.940104999998674 ], [ 30.27382, 59.940007999998656 ], [ 30.274612, 59.940233999998632 ], [ 30.274678, 59.940177999998653 ], [ 30.273885, 59.939951999998655 ], [ 30.27403, 59.939828999998646 ], [ 30.273906, 59.939791999998633 ], [ 30.273572, 59.940074999998657 ], [ 30.273675, 59.940104999998674 ] ] ] } },
{ "type": "Feature", "properties": { "height": 18.0, "match_type": "matched", "height_source": "source_b" }, "geometry": { "type": "Polygon", "coordinates": [ [ [ 30.274124, 59.936144999998646 ], [ 30.274194, 59.936080999998651 ], [ 30.274518, 59.935801999998638 ], [ 30.274194, 59.935710999998626 ], [ 30.274069, 59.935826999998639 ], [ 30.274256, 59.935877999998638 ], [ 30.274126, 59.935993999998651 ], [ 30.273979, 59.93595099999866 ], [ 30.273851, 59.936067999998663 ], [ 30.274124, 59.936144999998646 ] ] ] } },
{ "type": "Feature", "properties": { "height": 18.0, "match_type": "matched", "height_source": "source_b" }, "geometry": { "type": "Polygon", "coordinates": [ [ [ 30.273851, 59.936067999998663 ], [ 30.273979, 59.93595099999866 ], [ 30.273935, 59.935938999998648 ], [ 30.274246, 59.935663999998646 ], [ 30.274045, 59.935602999998657 ], [ 30.273598, 59.935981999998639 ], [ 30.273851, 59.936067999998663 ] ], [ [ 30.273756, 59.935978999998632 ], [ 30.27369, 59.936006999998654 ], [ 30.273643, 59.935978999998639 ], [ 30.27369, 59.93595099999866 ], [ 30.273756, 59.935978999998632 ] ] ] } },
{ "type": "Feature", "properties": { "height": 21.0, "match_type": "matched", "height_source": "source_b" }, "geometry": { "type": "Polygon", "coordinates": [ [ [ 30.273756, 59.935978999998632 ], [ 30.27369, 59.93595099999866 ], [ 30.273643, 59.935978999998639 ], [ 30.27369, 59.936006999998654 ], [ 30.273756, 59.935978999998632 ] ] ] } },
{ "type": "Feature", "properties": { "height": 5.1, "match_type": "only_a", "height_source": "ml_predicted" }, "geometry": { "type": "Polygon", "coordinates": [ [ [ 30.27363, 59.94251 ], [ 30.2737, 59.94244 ], [ 30.27355, 59.9424 ], [ 30.27347, 59.94246 ], [ 30.27363, 59.94251 ] ] ] } },
{ "type": "Feature", "properties": { "height": 15.0, "match_type": "matched", "height_source": "source_b" }, "geometry": { "type": "Polygon", "coordinates": [ [ [ 30.274, 59.945255999998629 ], [ 30.274081, 59.945179999998651 ], [ 30.27374, 59.945087999998641 ], [ 30.273658, 59.945164999998667 ], [ 30.274, 59.945255999998629 ] ] ] } },
{ "type": "Feature", "properties": { "height": 3.8, "match_type": "only_a", "height_source": "ml_predicted" }, "geometry": { "type": "Polygon", "coordinates": [ [ [ 30.2737, 59.93423 ], [ 30.27376, 59.93417 ], [ 30.27371, 59.93415 ], [ 30.27364, 59.93421 ], [ 30.2737, 59.93423 ] ] ] } },
{ "type": "Feature", "properties": { "height": 4.5, "match_type": "matched", "height_source": "source_b" }, "geometry": { "type": "Polygon", "coordinates": [ [ [ 30.273528, 59.937231999998644 ], [ 30.273466, 59.937281999998667 ], [ 30.273568, 59.937312999998646 ], [ 30.273629, 59.937261999998661 ], [ 30.273528, 59.937231999998644 ] ] ] } },
{ "type": "Feature", "properties": { "height": 8.3, "match_type": "only_a", "height_source": "ml_predicted" }, "geometry": { "type": "Polygon", "coordinates": [ [ [ 30.27371, 59.93715 ], [ 30.27448, 59.93737 ], [ 30.27453, 59.93732 ], [ 30.27376, 59.9371 ], [ 30.27371, 59.93715 ] ] ] } },
{ "type": "Feature", "properties": { "height": 18.0, "match_type": "matched", "height_source": "source_b" }, "geometry": { "type": "Polygon", "coordinates": [ [ [ 30.274815, 59.939147999998667 ], [ 30.275022, 59.938966999998648 ], [ 30.273944, 59.93866499999865 ], [ 30.273731, 59.938835999998652 ], [ 30.274815, 59.939147999998667 ] ], [ [ 30.274069, 59.93874799999864 ], [ 30.2743, 59.938811999998649 ], [ 30.274208, 59.938895999998635 ], [ 30.273977, 59.938831999998641 ], [ 30.274069, 59.93874799999864 ] ], [ [ 30.274547, 59.938886999998651 ], [ 30.274786, 59.938952999998655 ], [ 30.274699, 59.93903199999864 ], [ 30.274459, 59.938965999998643 ], [ 30.274547, 59.938886999998651 ] ] ] } },
{ "type": "Feature", "properties": { "height": 15.0, "match_type": "matched", "height_source": "source_b" }, "geometry": { "type": "Polygon", "coordinates": [ [ [ 30.27442, 59.94481699999865 ], [ 30.2745, 59.944748999998673 ], [ 30.274046, 59.944615999998632 ], [ 30.274296, 59.944467999998636 ], [ 30.274031, 59.944389999998641 ], [ 30.273729, 59.944642999998635 ], [ 30.27442, 59.94481699999865 ] ] ] } },
{ "type": "Feature", "properties": { "height": 4.5, "match_type": "matched", "height_source": "source_b" }, "geometry": { "type": "Polygon", "coordinates": [ [ [ 30.273731, 59.937225999998645 ], [ 30.273667, 59.93727999999863 ], [ 30.273838, 59.937331999998648 ], [ 30.273902, 59.93727899999864 ], [ 30.273731, 59.937225999998645 ] ] ] } },
{ "type": "Feature", "properties": { "height": 11.2, "match_type": "only_a", "height_source": "ml_predicted" }, "geometry": { "type": "Polygon", "coordinates": [ [ [ 30.27368, 59.93803 ], [ 30.27379, 59.93803 ], [ 30.27371, 59.938 ], [ 30.27368, 59.93803 ] ] ] } },
{ "type": "Feature", "properties": { "height": 18.0, "match_type": "matched", "height_source": "source_b" }, "geometry": { "type": "Polygon", "coordinates": [ [ [ 30.27377, 59.941241999998667 ], [ 30.274052, 59.940998999998641 ], [ 30.273832, 59.940932999998637 ], [ 30.27355, 59.941175999998642 ], [ 30.27377, 59.941241999998667 ] ] ] } },
{ "type": "Feature", "properties": { "height": 15.0, "match_type": "matched", "height_source": "source_b" }, "geometry": { "type": "Polygon", "coordinates": [ [ [ 30.273339, 59.937753999998648 ], [ 30.273644, 59.937839999998658 ], [ 30.273877, 59.937624999998647 ], [ 30.273575, 59.93754399999866 ], [ 30.273339, 59.937753999998648 ] ] ] } },
{ "type": "Feature", "properties": { "height": 21.0, "match_type": "matched", "height_source": "source_b" }, "geometry": { "type": "Polygon", "coordinates": [ [ [ 30.273307, 59.939146999998648 ], [ 30.273419, 59.939176999998651 ], [ 30.273467, 59.939129999998634 ], [ 30.273356, 59.939100999998658 ], [ 30.273307, 59.939146999998648 ] ] ] } },
{ "type": "Feature", "properties": { "height": 18.0, "match_type": "matched", "height_source": "source_b" }, "geometry": { "type": "Polygon", "coordinates": [ [ [ 30.273234, 59.939212999998659 ], [ 30.274323, 59.939510999998653 ], [ 30.274505, 59.939342999998637 ], [ 30.274385, 59.939309999998635 ], [ 30.274263, 59.939421999998657 ], [ 30.274092, 59.939374999998648 ], [ 30.274216, 59.93926099999868 ], [ 30.273935, 59.939184999998659 ], [ 30.273812, 59.939297999998658 ], [ 30.273561, 59.939228999998633 ], [ 30.273684, 59.939115999998656 ], [ 30.273418, 59.939042999998648 ], [ 30.273356, 59.939100999998658 ], [ 30.273467, 59.939129999998634 ], [ 30.273419, 59.939176999998651 ], [ 30.273307, 59.939146999998648 ], [ 30.273234, 59.939212999998659 ] ] ] } },
{ "type": "Feature", "properties": { "height": 18.0, "match_type": "matched", "height_source": "source_b" }, "geometry": { "type": "Polygon", "coordinates": [ [ [ 30.273716, 59.940475999998689 ], [ 30.273808, 59.940501999998638 ], [ 30.273868, 59.940447999998653 ], [ 30.273775, 59.940421999998641 ], [ 30.273716, 59.940475999998689 ] ] ] } },
{ "type": "Feature", "properties": { "height": 18.0, "match_type": "matched", "height_source": "source_b" }, "geometry": { "type": "Polygon", "coordinates": [ [ [ 30.274161, 59.940596999998661 ], [ 30.274254, 59.940622999998673 ], [ 30.274313, 59.940568999998675 ], [ 30.274221, 59.940542999998648 ], [ 30.274161, 59.940596999998661 ] ] ] } },
{ "type": "Feature", "properties": { "height": 15.0, "match_type": "matched", "height_source": "source_b" }, "geometry": { "type": "Polygon", "coordinates": [ [ [ 30.274321, 59.940746999998666 ], [ 30.274575, 59.940531999998669 ], [ 30.273883, 59.94032899999867 ], [ 30.273775, 59.940421999998641 ], [ 30.273868, 59.940447999998653 ], [ 30.273808, 59.940501999998638 ], [ 30.273716, 59.940475999998689 ], [ 30.273632, 59.940544999998657 ], [ 30.274321, 59.940746999998666 ] ], [ [ 30.27404, 59.940451999998643 ], [ 30.27422, 59.940502999998643 ], [ 30.274081, 59.940626999998649 ], [ 30.273879, 59.940595999998642 ], [ 30.27404, 59.940451999998643 ] ], [ [ 30.274161, 59.940596999998661 ], [ 30.274221, 59.940542999998648 ], [ 30.274313, 59.940568999998675 ], [ 30.274254, 59.940622999998673 ], [ 30.274161, 59.940596999998661 ] ] ] } },
{ "type": "Feature", "properties": { "height": 3.1, "match_type": "only_a", "height_source": "ml_predicted" }, "geometry": { "type": "Polygon", "coordinates": [ [ [ 30.2739, 59.9394 ], [ 30.27385, 59.93945 ], [ 30.27426, 59.93956 ], [ 30.27431, 59.93951 ], [ 30.2739, 59.9394 ] ] ] } },
{ "type": "Feature", "properties": { "height": 18.0, "match_type": "matched", "height_source": "source_b" }, "geometry": { "type": "Polygon", "coordinates": [ [ [ 30.274933, 59.938939999998674 ], [ 30.275283, 59.93860599999865 ], [ 30.274313, 59.938330999998669 ], [ 30.273944, 59.93866499999865 ], [ 30.274933, 59.938939999998674 ] ], [ [ 30.274424, 59.938458999998652 ], [ 30.274857, 59.938573999998638 ], [ 30.274646, 59.938775999998647 ], [ 30.274212, 59.938660999998689 ], [ 30.274424, 59.938458999998652 ] ] ] } },
{ "type": "Feature", "properties": { "height": 15.0, "match_type": "only_a", "height_source": "ml_predicted" }, "geometry": { "type": "Polygon", "coordinates": [ [ [ 30.27394, 59.94022 ], [ 30.27404, 59.94011 ], [ 30.27389, 59.94025 ], [ 30.27404, 59.94028 ], [ 30.27394, 59.94022 ] ] ] } },
{ "type": "Feature", "properties": { "height": 24.0, "match_type": "matched", "height_source": "source_b" }, "geometry": { "type": "Polygon", "coordinates": [ [ [ 30.27387, 59.937133999998657 ], [ 30.273941, 59.937153999998657 ], [ 30.274001, 59.937101999998653 ], [ 30.273931, 59.937080999998635 ], [ 30.27387, 59.937133999998657 ] ] ] } },
{ "type": "Feature", "properties": { "height": 9.9, "match_type": "matched", "height_source": "source_b" }, "geometry": { "type": "Polygon", "coordinates": [ [ [ 30.274381, 59.937776999998654 ], [ 30.273964, 59.937660999998648 ], [ 30.273879, 59.937736999998634 ], [ 30.274296, 59.937853999998651 ], [ 30.274381, 59.937776999998654 ] ] ] } },
{ "type": "Feature", "properties": { "height": 6.6, "match_type": "matched", "height_source": "source_b" }, "geometry": { "type": "Polygon", "coordinates": [ [ [ 30.274002, 59.934534999998654 ], [ 30.274167, 59.934403999998651 ], [ 30.273711, 59.934270999998645 ], [ 30.273683, 59.934297999998634 ], [ 30.273774, 59.934328999998634 ], [ 30.273734, 59.934360999998653 ], [ 30.273935, 59.934421999998641 ], [ 30.273862, 59.934492999998646 ], [ 30.274002, 59.934534999998654 ] ] ] } },
{ "type": "Feature", "properties": { "height": 4.5, "match_type": "matched", "height_source": "source_b" }, "geometry": { "type": "Polygon", "coordinates": [ [ [ 30.274361, 59.934635999998662 ], [ 30.274428, 59.934581999998663 ], [ 30.27435, 59.934557999998674 ], [ 30.274283, 59.934612999998635 ], [ 30.274361, 59.934635999998662 ] ] ] } },
{ "type": "Feature", "properties": { "height": 9.9, "match_type": "matched", "height_source": "source_b" }, "geometry": { "type": "Polygon", "coordinates": [ [ [ 30.274167, 59.934403999998651 ], [ 30.274076, 59.934475999998654 ], [ 30.274621, 59.934639999998666 ], [ 30.274714, 59.93456299999864 ], [ 30.274167, 59.934403999998651 ] ] ] } },
{ "type": "Feature", "properties": { "height": 21.0, "match_type": "matched", "height_source": "source_b" }, "geometry": { "type": "Polygon", "coordinates": [ [ [ 30.274456, 59.937459999998673 ], [ 30.27437, 59.93753499999864 ], [ 30.273973, 59.937419999998653 ], [ 30.273773, 59.937593999998619 ], [ 30.273952, 59.937645999998665 ], [ 30.274048, 59.937561999998643 ], [ 30.274268, 59.937625999998666 ], [ 30.274166, 59.937714999998647 ], [ 30.274381, 59.937776999998654 ], [ 30.274673, 59.937521999998623 ], [ 30.274456, 59.937459999998673 ] ] ] } },
{ "type": "Feature", "properties": { "height": 30.0, "match_type": "matched", "height_source": "source_b" }, "geometry": { "type": "Polygon", "coordinates": [ [ [ 30.274499, 59.945882999998659 ], [ 30.274447, 59.945860999998629 ], [ 30.274409, 59.945882999998659 ], [ 30.274447, 59.945904999998653 ], [ 30.274499, 59.945882999998659 ] ] ] } },
{ "type": "Feature", "properties": { "height": 18.0, "match_type": "matched", "height_source": "source_b" }, "geometry": { "type": "Polygon", "coordinates": [ [ [ 30.274282, 59.945913999998666 ], [ 30.274494, 59.945969999998681 ], [ 30.274619, 59.945850999998633 ], [ 30.274407, 59.945794999998654 ], [ 30.274282, 59.945913999998666 ] ], [ [ 30.274499, 59.945882999998659 ], [ 30.27446, 59.945904999998653 ], [ 30.274409, 59.945882999998659 ], [ 30.274447, 59.945860999998629 ], [ 30.274499, 59.945882999998659 ] ], [ [ 30.274554, 59.945847999998648 ], [ 30.274554, 59.94587799999865 ], [ 30.274518, 59.945862999998639 ], [ 30.274554, 59.945847999998648 ] ], [ [ 30.274487, 59.945919999998651 ], [ 30.274487, 59.945949999998653 ], [ 30.274452, 59.945934999998656 ], [ 30.274487, 59.945919999998651 ] ], [ [ 30.27434, 59.945885999998644 ], [ 30.274351, 59.945915999998647 ], [ 30.274316, 59.945900999998649 ], [ 30.27434, 59.945885999998644 ] ], [ [ 30.274434, 59.945812999998658 ], [ 30.274434, 59.945841999998656 ], [ 30.274399, 59.945827999998656 ], [ 30.274434, 59.945812999998658 ] ] ] } },
{ "type": "Feature", "properties": { "height": 24.0, "match_type": "matched", "height_source": "source_b" }, "geometry": { "type": "Polygon", "coordinates": [ [ [ 30.274351, 59.945915999998647 ], [ 30.27434, 59.945885999998644 ], [ 30.274316, 59.945900999998649 ], [ 30.274351, 59.945915999998647 ] ] ] } },
{ "type": "Feature", "properties": { "height": 33.0, "match_type": "matched", "height_source": "source_b" }, "geometry": { "type": "Polygon", "coordinates": [ [ [ 30.274096, 59.945770999998658 ], [ 30.274057, 59.945748999998635 ], [ 30.274005, 59.945770999998672 ], [ 30.274057, 59.945793999998635 ], [ 30.274096, 59.945770999998658 ] ] ] } },
{ "type": "Feature", "properties": { "height": 24.0, "match_type": "matched", "height_source": "source_b" }, "geometry": { "type": "Polygon", "coordinates": [ [ [ 30.274423, 59.945841999998656 ], [ 30.274434, 59.945812999998658 ], [ 30.274399, 59.945827999998656 ], [ 30.274423, 59.945841999998656 ] ] ] } },
{ "type": "Feature", "properties": { "height": 24.0, "match_type": "matched", "height_source": "source_b" }, "geometry": { "type": "Polygon", "coordinates": [ [ [ 30.274554, 59.94587799999865 ], [ 30.274554, 59.945847999998648 ], [ 30.274518, 59.945862999998639 ], [ 30.274554, 59.94587799999865 ] ] ] } },
{ "type": "Feature", "properties": { "height": 27.0, "match_type": "matched", "height_source": "source_b" }, "geometry": { "type": "Polygon", "coordinates": [ [ [ 30.273936, 59.945789999998659 ], [ 30.274086, 59.94583199999866 ], [ 30.274169, 59.945755999998639 ], [ 30.27402, 59.945714999998678 ], [ 30.273936, 59.945789999998659 ] ], [ [ 30.274096, 59.945770999998658 ], [ 30.274057, 59.945793999998635 ], [ 30.274005, 59.945770999998672 ], [ 30.274057, 59.945748999998635 ], [ 30.274096, 59.945770999998658 ] ] ] } },
{ "type": "Feature", "properties": { "height": 13.2, "match_type": "matched", "height_source": "source_b" }, "geometry": { "type": "Polygon", "coordinates": [ [ [ 30.273861, 59.945810999998649 ], [ 30.274542, 59.94603299999865 ], [ 30.274744, 59.946002999998662 ], [ 30.274805, 59.945938999998646 ], [ 30.274719, 59.945866999998678 ], [ 30.274743, 59.945843999998651 ], [ 30.274, 59.945679999998639 ], [ 30.273854, 59.945769999998667 ], [ 30.273894, 59.94577999999867 ], [ 30.273861, 59.945810999998649 ] ], [ [ 30.274282, 59.945913999998666 ], [ 30.274407, 59.945794999998654 ], [ 30.274619, 59.945850999998633 ], [ 30.274494, 59.945969999998681 ], [ 30.274282, 59.945913999998666 ] ], [ [ 30.273936, 59.945789999998659 ], [ 30.27402, 59.945714999998678 ], [ 30.274169, 59.945755999998639 ], [ 30.274086, 59.94583199999866 ], [ 30.273936, 59.945789999998659 ] ] ] } },
{ "type": "Feature", "properties": { "height": 22.0, "match_type": "only_a", "height_source": "ml_predicted" }, "geometry": { "type": "Polygon", "coordinates": [ [ [ 30.27465, 59.94591 ], [ 30.27461, 59.94594 ], [ 30.2747, 59.94594 ], [ 30.27465, 59.94591 ] ] ] } },
{ "type": "Feature", "properties": { "height": 24.0, "match_type": "matched", "height_source": "source_b" }, "geometry": { "type": "Polygon", "coordinates": [ [ [ 30.274476, 59.945949999998653 ], [ 30.274487, 59.945919999998651 ], [ 30.274452, 59.945934999998656 ], [ 30.274476, 59.945949999998653 ] ] ] } },
{ "type": "Feature", "properties": { "height": 6.6, "match_type": "matched", "height_source": "source_b" }, "geometry": { "type": "Polygon", "coordinates": [ [ [ 30.273601, 59.93907299999865 ], [ 30.274176, 59.939227999998664 ], [ 30.274245, 59.939163999998641 ], [ 30.273963, 59.939087999998634 ], [ 30.274051, 59.939005999998649 ], [ 30.273758, 59.938926999998657 ], [ 30.273601, 59.93907299999865 ] ] ] } },
{ "type": "Feature", "properties": { "height": 21.0, "match_type": "matched", "height_source": "source_b" }, "geometry": { "type": "Polygon", "coordinates": [ [ [ 30.274241, 59.940127999998658 ], [ 30.274019, 59.940063999998664 ], [ 30.273897, 59.940171999998647 ], [ 30.273987, 59.940230999998647 ], [ 30.274126, 59.940233999998632 ], [ 30.274241, 59.940127999998658 ] ] ] } },
{ "type": "Feature", "properties": { "height": 24.0, "match_type": "matched", "height_source": "source_b" }, "geometry": { "type": "Polygon", "coordinates": [ [ [ 30.274094, 59.940260999998664 ], [ 30.274126, 59.940233999998632 ], [ 30.273987, 59.940230999998647 ], [ 30.274094, 59.940260999998664 ] ] ] } },
{ "type": "Feature", "properties": { "height": 15.0, "match_type": "matched", "height_source": "source_b" }, "geometry": { "type": "Polygon", "coordinates": [ [ [ 30.274045, 59.935602999998657 ], [ 30.274218, 59.935655999998659 ], [ 30.274509, 59.935400999998635 ], [ 30.274333, 59.935348999998666 ], [ 30.274045, 59.935602999998657 ] ] ] } },
{ "type": "Feature", "properties": { "height": 13.2, "match_type": "matched", "height_source": "source_b" }, "geometry": { "type": "Polygon", "coordinates": [ [ [ 30.27412, 59.945299999998639 ], [ 30.273932, 59.945467999998655 ], [ 30.274225, 59.945549999998647 ], [ 30.274413, 59.945381999998659 ], [ 30.27412, 59.945299999998639 ] ] ] } },
{ "type": "Feature", "properties": { "height": 12.2, "match_type": "only_a", "height_source": "ml_predicted" }, "geometry": { "type": "Polygon", "coordinates": [ [ [ 30.27424, 59.94014 ], [ 30.27425, 59.94021 ], [ 30.2743, 59.94015 ], [ 30.27409, 59.9401 ], [ 30.27424, 59.94014 ] ] ] } },
{ "type": "Feature", "properties": { "height": 4.6, "match_type": "only_a", "height_source": "ml_predicted" }, "geometry": { "type": "Polygon", "coordinates": [ [ [ 30.27425, 59.93926 ], [ 30.27429, 59.93922 ], [ 30.27433, 59.93919 ], [ 30.27427, 59.93917 ], [ 30.27419, 59.93924 ], [ 30.27425, 59.93926 ] ] ] } },
{ "type": "Feature", "properties": { "height": 11.1, "match_type": "only_a", "height_source": "ml_predicted" }, "geometry": { "type": "Polygon", "coordinates": [ [ [ 30.27423, 59.93868 ], [ 30.2743, 59.93866 ], [ 30.27437, 59.9386 ], [ 30.27433, 59.93858 ], [ 30.27423, 59.93868 ] ] ] } },
{ "type": "Feature", "properties": { "height": 15.0, "match_type": "matched", "height_source": "source_b" }, "geometry": { "type": "Polygon", "coordinates": [ [ [ 30.274031, 59.944389999998641 ], [ 30.274296, 59.944467999998636 ], [ 30.27462, 59.944191999998637 ], [ 30.27435, 59.944112999998666 ], [ 30.274031, 59.944389999998641 ] ] ] } },
{ "type": "Feature", "properties": { "height": 4.5, "match_type": "matched", "height_source": "source_b" }, "geometry": { "type": "Polygon", "coordinates": [ [ [ 30.274175, 59.93982899999866 ], [ 30.274263, 59.939854999998651 ], [ 30.274295, 59.939825999998661 ], [ 30.274208, 59.939800999998667 ], [ 30.274175, 59.93982899999866 ] ] ] } },
{ "type": "Feature", "properties": { "height": 24.0, "match_type": "matched", "height_source": "source_b" }, "geometry": { "type": "Polygon", "coordinates": [ [ [ 30.274263, 59.937247999998647 ], [ 30.274337, 59.937268999998651 ], [ 30.274388, 59.937224999998634 ], [ 30.274315, 59.937202999998647 ], [ 30.274263, 59.937247999998647 ] ] ] } },
{ "type": "Feature", "properties": { "height": 10.6, "match_type": "only_a", "height_source": "ml_predicted" }, "geometry": { "type": "Polygon", "coordinates": [ [ [ 30.27434, 59.94047 ], [ 30.27454, 59.94053 ], [ 30.27459, 59.94048 ], [ 30.27455, 59.94047 ], [ 30.27457, 59.94043 ], [ 30.27442, 59.94039 ], [ 30.27434, 59.94047 ] ] ] } },
{ "type": "Feature", "properties": { "height": 5.1, "match_type": "only_a", "height_source": "ml_predicted" }, "geometry": { "type": "Polygon", "coordinates": [ [ [ 30.27426, 59.93925 ], [ 30.27438, 59.93925 ], [ 30.27429, 59.93922 ], [ 30.27426, 59.93925 ] ] ] } },
{ "type": "Feature", "properties": { "height": 4.5, "match_type": "matched", "height_source": "source_b" }, "geometry": { "type": "Polygon", "coordinates": [ [ [ 30.274063, 59.945195999998639 ], [ 30.274, 59.945255999998629 ], [ 30.274122, 59.945288999998645 ], [ 30.274186, 59.945228999998626 ], [ 30.274063, 59.945195999998639 ] ] ] } },
{ "type": "Feature", "properties": { "height": 4.5, "match_type": "matched", "height_source": "source_b" }, "geometry": { "type": "Polygon", "coordinates": [ [ [ 30.274488, 59.939057999998653 ], [ 30.274438, 59.939099999998653 ], [ 30.27463, 59.939156999998623 ], [ 30.274682, 59.939111999998666 ], [ 30.274488, 59.939057999998653 ] ] ] } },
{ "type": "Feature", "properties": { "height": 6.6, "match_type": "matched", "height_source": "source_b" }, "geometry": { "type": "Polygon", "coordinates": [ [ [ 30.274464, 59.944829999998653 ], [ 30.274392, 59.944889999998637 ], [ 30.274704, 59.944983999998648 ], [ 30.274776, 59.944923999998664 ], [ 30.274464, 59.944829999998653 ] ] ] } },
{ "type": "Feature", "properties": { "height": 18.0, "match_type": "matched", "height_source": "source_b" }, "geometry": { "type": "Polygon", "coordinates": [ [ [ 30.274754, 59.940857999998634 ], [ 30.274473, 59.941108999998633 ], [ 30.275408, 59.941385999998658 ], [ 30.275699, 59.941128999998639 ], [ 30.274754, 59.940857999998634 ] ], [ [ 30.274726, 59.941127999998635 ], [ 30.274914, 59.940963999998672 ], [ 30.274958, 59.940976999998661 ], [ 30.274927, 59.941003999998664 ], [ 30.275337, 59.941088999998641 ], [ 30.275151, 59.941249999998647 ], [ 30.275111, 59.941237999998648 ], [ 30.275147, 59.941206999998656 ], [ 30.274808, 59.941107999998657 ], [ 30.274726, 59.941127999998635 ] ] ] } },
{ "type": "Feature", "properties": { "height": 15.0, "match_type": "matched", "height_source": "source_b" }, "geometry": { "type": "Polygon", "coordinates": [ [ [ 30.274911, 59.937314999998634 ], [ 30.274697, 59.937248999998651 ], [ 30.274647, 59.937294999998656 ], [ 30.274774, 59.937330999998657 ], [ 30.274702, 59.937394999998652 ], [ 30.274575, 59.937359999998634 ], [ 30.274456, 59.937459999998673 ], [ 30.274673, 59.937521999998623 ], [ 30.274911, 59.937314999998634 ] ] ] } },
{ "type": "Feature", "properties": { "height": 21.0, "match_type": "matched", "height_source": "source_b" }, "geometry": { "type": "Polygon", "coordinates": [ [ [ 30.274592, 59.937342999998641 ], [ 30.274697, 59.937248999998651 ], [ 30.273872, 59.937002999998654 ], [ 30.273758, 59.937101999998653 ], [ 30.27387, 59.937133999998657 ], [ 30.273931, 59.937080999998635 ], [ 30.274001, 59.937101999998653 ], [ 30.273941, 59.937153999998657 ], [ 30.274263, 59.937247999998647 ], [ 30.274315, 59.937202999998647 ], [ 30.274388, 59.937224999998634 ], [ 30.274337, 59.937268999998651 ], [ 30.274592, 59.937342999998641 ] ] ] } },
{ "type": "Feature", "properties": { "height": 15.0, "match_type": "matched", "height_source": "source_b" }, "geometry": { "type": "Polygon", "coordinates": [ [ [ 30.274463, 59.941786999998669 ], [ 30.27465, 59.941619999998657 ], [ 30.274538, 59.941585999998665 ], [ 30.274455, 59.941661999998672 ], [ 30.273997, 59.941530999998648 ], [ 30.273924, 59.941594999998671 ], [ 30.273925, 59.941630999998651 ], [ 30.274463, 59.941786999998669 ] ] ] } },
{ "type": "Feature", "properties": { "height": 15.0, "match_type": "matched", "height_source": "source_b" }, "geometry": { "type": "Polygon", "coordinates": [ [ [ 30.273997, 59.941530999998648 ], [ 30.274212, 59.941594999998649 ], [ 30.274422, 59.941404999998674 ], [ 30.274208, 59.941343999998644 ], [ 30.273997, 59.941530999998648 ] ] ] } },
{ "type": "Feature", "properties": { "height": 18.0, "match_type": "matched", "height_source": "source_b" }, "geometry": { "type": "Polygon", "coordinates": [ [ [ 30.274306, 59.942309999998663 ], [ 30.274544, 59.942087999998662 ], [ 30.274182, 59.941986999998633 ], [ 30.274102, 59.942060999998674 ], [ 30.274303, 59.942115999998649 ], [ 30.274209, 59.942202999998649 ], [ 30.274008, 59.942147999998646 ], [ 30.27397, 59.942183999998662 ], [ 30.274137, 59.942228999998633 ], [ 30.274076, 59.942284999998662 ], [ 30.273909, 59.942239999998641 ], [ 30.273878, 59.942268999998667 ], [ 30.274083, 59.942324999998647 ], [ 30.274, 59.942400999998654 ], [ 30.273795, 59.942345999998665 ], [ 30.273637, 59.942491999998673 ], [ 30.274421, 59.942674999998658 ], [ 30.274358, 59.942733999998637 ], [ 30.274531, 59.942780999998632 ], [ 30.274781, 59.942548999998664 ], [ 30.274457, 59.942460999998652 ], [ 30.274408, 59.942505999998637 ], [ 30.274165, 59.942440999998674 ], [ 30.274378, 59.942329999998655 ], [ 30.274306, 59.942309999998663 ] ] ] } },
{ "type": "Feature", "properties": { "height": 21.0, "match_type": "matched", "height_source": "source_b" }, "geometry": { "type": "Polygon", "coordinates": [ [ [ 30.273795, 59.942345999998665 ], [ 30.274, 59.942400999998654 ], [ 30.274083, 59.942324999998647 ], [ 30.273878, 59.942268999998667 ], [ 30.273795, 59.942345999998665 ] ] ] } },
{ "type": "Feature", "properties": { "height": 21.0, "match_type": "matched", "height_source": "source_b" }, "geometry": { "type": "Polygon", "coordinates": [ [ [ 30.273909, 59.942239999998641 ], [ 30.274076, 59.942284999998662 ], [ 30.274137, 59.942228999998633 ], [ 30.27397, 59.942183999998662 ], [ 30.273909, 59.942239999998641 ] ] ] } },
{ "type": "Feature", "properties": { "height": 21.0, "match_type": "matched", "height_source": "source_b" }, "geometry": { "type": "Polygon", "coordinates": [ [ [ 30.274008, 59.942147999998646 ], [ 30.274209, 59.942202999998649 ], [ 30.274303, 59.942115999998649 ], [ 30.274102, 59.942060999998674 ], [ 30.274008, 59.942147999998646 ] ] ] } },
{ "type": "Feature", "properties": { "height": 18.0, "match_type": "matched", "height_source": "source_b" }, "geometry": { "type": "Polygon", "coordinates": [ [ [ 30.274378, 59.942243999998645 ], [ 30.274658, 59.942324999998647 ], [ 30.274602, 59.942372999998661 ], [ 30.274942, 59.942470999998648 ], [ 30.275173, 59.942270999998662 ], [ 30.274544, 59.942087999998662 ], [ 30.274378, 59.942243999998645 ] ] ] } },
{ "type": "Feature", "properties": { "height": 15.0, "match_type": "matched", "height_source": "source_b" }, "geometry": { "type": "Polygon", "coordinates": [ [ [ 30.274467, 59.940380999998645 ], [ 30.274684, 59.94035199999864 ], [ 30.274767, 59.940280999998656 ], [ 30.274516, 59.940205999998661 ], [ 30.274385, 59.940315999998653 ], [ 30.274503, 59.94035099999865 ], [ 30.274467, 59.940380999998645 ] ] ] } },
{ "type": "Feature", "properties": { "height": 21.0, "match_type": "matched", "height_source": "source_b" }, "geometry": { "type": "Polygon", "coordinates": [ [ [ 30.274266, 59.940248999998659 ], [ 30.274202, 59.940302999998679 ], [ 30.274255, 59.940318999998638 ], [ 30.274319, 59.940264999998639 ], [ 30.274266, 59.940248999998659 ] ] ] } },
{ "type": "Feature", "properties": { "height": 18.0, "match_type": "matched", "height_source": "source_b" }, "geometry": { "type": "Polygon", "coordinates": [ [ [ 30.274245, 59.940434999998651 ], [ 30.274413, 59.940292999998654 ], [ 30.274319, 59.940264999998639 ], [ 30.274255, 59.940318999998638 ], [ 30.274202, 59.940302999998679 ], [ 30.274266, 59.940248999998659 ], [ 30.27415, 59.940213999998647 ], [ 30.273979, 59.940356999998649 ], [ 30.274245, 59.940434999998651 ] ] ] } },
{ "type": "Feature", "properties": { "height": 18.0, "match_type": "matched", "height_source": "source_b" }, "geometry": { "type": "Polygon", "coordinates": [ [ [ 30.27435, 59.940345999998634 ], [ 30.274467, 59.940380999998645 ], [ 30.274503, 59.94035099999865 ], [ 30.274385, 59.940315999998653 ], [ 30.27435, 59.940345999998634 ] ] ] } },
{ "type": "Feature", "properties": { "height": 18.0, "match_type": "matched", "height_source": "source_b" }, "geometry": { "type": "Polygon", "coordinates": [ [ [ 30.275051, 59.941279999998649 ], [ 30.274473, 59.941108999998633 ], [ 30.274208, 59.941343999998644 ], [ 30.274422, 59.941404999998674 ], [ 30.274515, 59.941386999998663 ], [ 30.27446, 59.941431999998649 ], [ 30.274562, 59.941463999998653 ], [ 30.274446, 59.941557999998651 ], [ 30.27465, 59.941619999998657 ], [ 30.275051, 59.941279999998649 ] ], [ [ 30.274538, 59.941322999998654 ], [ 30.274634, 59.941238999998667 ], [ 30.274794, 59.941283999998653 ], [ 30.274697, 59.941368999998673 ], [ 30.274538, 59.941322999998654 ] ] ] } },
{ "type": "Feature", "properties": { "height": 10.2, "match_type": "only_a", "height_source": "ml_predicted" }, "geometry": { "type": "Polygon", "coordinates": [ [ [ 30.2744, 59.93857 ], [ 30.27453, 59.93845 ], [ 30.27436, 59.93856 ], [ 30.2744, 59.93857 ] ] ] } },
{ "type": "Feature", "properties": { "height": 6.6, "match_type": "only_a", "height_source": "ml_predicted" }, "geometry": { "type": "Polygon", "coordinates": [ [ [ 30.27452, 59.93696 ], [ 30.27457, 59.93691 ], [ 30.27449, 59.93689 ], [ 30.27444, 59.93694 ], [ 30.27452, 59.93696 ] ] ] } },
{ "type": "Feature", "properties": { "height": 4.3, "match_type": "only_a", "height_source": "ml_predicted" }, "geometry": { "type": "Polygon", "coordinates": [ [ [ 30.27456, 59.94251 ], [ 30.27461, 59.94246 ], [ 30.2745, 59.94242 ], [ 30.27444, 59.94247 ], [ 30.27456, 59.94251 ] ] ] } },
{ "type": "Feature", "properties": { "height": 24.0, "match_type": "matched", "height_source": "source_b" }, "geometry": { "type": "Polygon", "coordinates": [ [ [ 30.274575, 59.937359999998634 ], [ 30.274702, 59.937394999998652 ], [ 30.274774, 59.937330999998657 ], [ 30.274647, 59.937294999998656 ], [ 30.274575, 59.937359999998634 ] ] ] } },
{ "type": "Feature", "properties": { "height": 18.0, "match_type": "matched", "height_source": "source_b" }, "geometry": { "type": "Polygon", "coordinates": [ [ [ 30.273916, 59.943746999998645 ], [ 30.274156, 59.943818999998634 ], [ 30.274628, 59.943417999998644 ], [ 30.274385, 59.943339999998628 ], [ 30.273916, 59.943746999998645 ] ] ] } },
{ "type": "Feature", "properties": { "height": 15.0, "match_type": "matched", "height_source": "source_b" }, "geometry": { "type": "Polygon", "coordinates": [ [ [ 30.273895, 59.943384999998649 ], [ 30.274223, 59.943479999998658 ], [ 30.274301, 59.943412999998635 ], [ 30.274137, 59.943364999998664 ], [ 30.274202, 59.943307999998652 ], [ 30.274038, 59.943260999998643 ], [ 30.273895, 59.943384999998649 ] ] ] } },
{ "type": "Feature", "properties": { "height": 9.9, "match_type": "matched", "height_source": "source_b" }, "geometry": { "type": "Polygon", "coordinates": [ [ [ 30.274062, 59.943619999998667 ], [ 30.273696, 59.943516999998664 ], [ 30.273526, 59.943669999998633 ], [ 30.273722, 59.943726999998653 ], [ 30.273814, 59.943645999998651 ], [ 30.273979, 59.94369199999867 ], [ 30.274062, 59.943619999998667 ] ] ] } },
{ "type": "Feature", "properties": { "height": 21.0, "match_type": "matched", "height_source": "source_b" }, "geometry": { "type": "Polygon", "coordinates": [ [ [ 30.274117, 59.94323399999864 ], [ 30.274628, 59.943417999998644 ], [ 30.275166, 59.94295299999866 ], [ 30.274582, 59.94282299999864 ], [ 30.274389, 59.942983999998646 ], [ 30.274677, 59.943070999998668 ], [ 30.274552, 59.94317399999867 ], [ 30.274286, 59.943093999998659 ], [ 30.274117, 59.94323399999864 ] ] ] } },
{ "type": "Feature", "properties": { "height": 15.0, "match_type": "matched", "height_source": "source_b" }, "geometry": { "type": "Polygon", "coordinates": [ [ [ 30.27474, 59.935344999998641 ], [ 30.274649, 59.935312999998665 ], [ 30.274941, 59.935014999998636 ], [ 30.27477, 59.934968999998645 ], [ 30.27441, 59.935274999998647 ], [ 30.274666, 59.935405999998679 ], [ 30.27474, 59.935344999998641 ] ] ] } },
{ "type": "Feature", "properties": { "height": 18.0, "match_type": "matched", "height_source": "source_b" }, "geometry": { "type": "Polygon", "coordinates": [ [ [ 30.274364, 59.935313999998655 ], [ 30.274513, 59.935358999998634 ], [ 30.27456, 59.935320999998638 ], [ 30.27441, 59.935274999998647 ], [ 30.274364, 59.935313999998655 ] ] ] } },
{ "type": "Feature", "properties": { "height": 15.0, "match_type": "matched", "height_source": "source_b" }, "geometry": { "type": "Polygon", "coordinates": [ [ [ 30.274421, 59.944133999998662 ], [ 30.27462, 59.944191999998637 ], [ 30.274719, 59.944158999998635 ], [ 30.274896, 59.944001999998648 ], [ 30.274854, 59.943989999998664 ], [ 30.274898, 59.943951999998667 ], [ 30.274701, 59.943893999998664 ], [ 30.274421, 59.944133999998662 ] ] ] } },
{ "type": "Feature", "properties": { "height": 9.9, "match_type": "matched", "height_source": "source_b" }, "geometry": { "type": "Polygon", "coordinates": [ [ [ 30.27442, 59.94481699999865 ], [ 30.274674, 59.944891999998653 ], [ 30.274946, 59.944658999998651 ], [ 30.27474, 59.944598999998632 ], [ 30.27442, 59.94481699999865 ] ] ] } },
{ "type": "Feature", "properties": { "height": 15.0, "match_type": "matched", "height_source": "source_b" }, "geometry": { "type": "Polygon", "coordinates": [ [ [ 30.274313, 59.938330999998669 ], [ 30.274998, 59.938524999998656 ], [ 30.275281, 59.938280999998661 ], [ 30.274597, 59.938087999998658 ], [ 30.274313, 59.938330999998669 ] ], [ [ 30.274755, 59.93819799999865 ], [ 30.275014, 59.938271999998626 ], [ 30.274885, 59.938385999998644 ], [ 30.274626, 59.938310999998649 ], [ 30.274755, 59.93819799999865 ] ] ] } },
{ "type": "Feature", "properties": { "height": 13.5, "match_type": "only_a", "height_source": "ml_predicted" }, "geometry": { "type": "Polygon", "coordinates": [ [ [ 30.27469, 59.94043 ], [ 30.27481, 59.94033 ], [ 30.27457, 59.94043 ], [ 30.27469, 59.94043 ] ] ] } },
{ "type": "Feature", "properties": { "height": 9.9, "match_type": "matched", "height_source": "source_b" }, "geometry": { "type": "Polygon", "coordinates": [ [ [ 30.274801, 59.944361999998662 ], [ 30.274574, 59.944566999998656 ], [ 30.274688, 59.944598999998639 ], [ 30.274779, 59.944565999998652 ], [ 30.274957, 59.944405999998658 ], [ 30.274801, 59.944361999998662 ] ] ] } },
{ "type": "Feature", "properties": { "height": 9.9, "match_type": "matched", "height_source": "source_b" }, "geometry": { "type": "Polygon", "coordinates": [ [ [ 30.275462, 59.936541999998639 ], [ 30.275697, 59.936609999998645 ], [ 30.276525, 59.935873999998634 ], [ 30.274983, 59.935434999998655 ], [ 30.274896, 59.935517999998666 ], [ 30.275272, 59.935626999998647 ], [ 30.275246, 59.935651999998647 ], [ 30.275668, 59.935740999998657 ], [ 30.2757, 59.935714999998652 ], [ 30.276239, 59.935858999998651 ], [ 30.27593, 59.936127999998661 ], [ 30.275069, 59.935873999998634 ], [ 30.27493, 59.93599599999866 ], [ 30.275789, 59.936251999998653 ], [ 30.275462, 59.936541999998639 ] ] ] } },
{ "type": "Feature", "properties": { "height": 13.2, "match_type": "matched", "height_source": "source_b" }, "geometry": { "type": "Polygon", "coordinates": [ [ [ 30.27493, 59.93599599999866 ], [ 30.275032, 59.935906999998664 ], [ 30.274913, 59.935869999998658 ], [ 30.27501, 59.935786999998633 ], [ 30.274676, 59.935666999998645 ], [ 30.274707, 59.935737999998658 ], [ 30.274842, 59.935775999998654 ], [ 30.274798, 59.935814999998641 ], [ 30.274844, 59.935846999998653 ], [ 30.274667, 59.935920999998665 ], [ 30.27493, 59.93599599999866 ] ] ] } },
{ "type": "Feature", "properties": { "height": 15.0, "match_type": "matched", "height_source": "source_b" }, "geometry": { "type": "Polygon", "coordinates": [ [ [ 30.274655, 59.935685999998654 ], [ 30.274486, 59.935829999998639 ], [ 30.274667, 59.935920999998665 ], [ 30.274814, 59.935889999998636 ], [ 30.274844, 59.935846999998653 ], [ 30.274798, 59.935814999998641 ], [ 30.274842, 59.935775999998654 ], [ 30.274655, 59.935685999998654 ] ] ] } },
{ "type": "Feature", "properties": { "height": 4.5, "match_type": "matched", "height_source": "source_b" }, "geometry": { "type": "Polygon", "coordinates": [ [ [ 30.275032, 59.935906999998664 ], [ 30.275081, 59.935863999998674 ], [ 30.274961, 59.935829999998653 ], [ 30.274913, 59.935869999998658 ], [ 30.275032, 59.935906999998664 ] ] ] } },
{ "type": "Feature", "properties": { "height": 18.0, "match_type": "matched", "height_source": "source_b" }, "geometry": { "type": "Polygon", "coordinates": [ [ [ 30.274452, 59.935859999998669 ], [ 30.274592, 59.935898999998642 ], [ 30.274625, 59.935869999998658 ], [ 30.274486, 59.935829999998639 ], [ 30.274452, 59.935859999998669 ] ] ] } },
{ "type": "Feature", "properties": { "height": 10.5, "match_type": "only_a", "height_source": "ml_predicted" }, "geometry": { "type": "Polygon", "coordinates": [ [ [ 30.27473, 59.94426 ], [ 30.27476, 59.94423 ], [ 30.27462, 59.94419 ], [ 30.27459, 59.94422 ], [ 30.27473, 59.94426 ] ] ] } },
{ "type": "Feature", "properties": { "height": 4.5, "match_type": "matched", "height_source": "source_b" }, "geometry": { "type": "Polygon", "coordinates": [ [ [ 30.274931, 59.939045999998655 ], [ 30.274815, 59.939147999998667 ], [ 30.274775, 59.939181999998645 ], [ 30.2749, 59.939217999998647 ], [ 30.275059, 59.939082999998639 ], [ 30.274931, 59.939045999998655 ] ] ] } },
{ "type": "Feature", "properties": { "height": 4.5, "match_type": "matched", "height_source": "source_b" }, "geometry": { "type": "Polygon", "coordinates": [ [ [ 30.274739, 59.939194999998634 ], [ 30.274677, 59.939254999998646 ], [ 30.274817, 59.939291999998638 ], [ 30.274879, 59.939231999998654 ], [ 30.274739, 59.939194999998634 ] ] ] } },
{ "type": "Feature", "properties": { "height": 4.5, "match_type": "matched", "height_source": "source_b" }, "geometry": { "type": "Polygon", "coordinates": [ [ [ 30.274708, 59.935371999998658 ], [ 30.274821, 59.93540499999866 ], [ 30.2749, 59.935336999998647 ], [ 30.274787, 59.935303999998659 ], [ 30.274708, 59.935371999998658 ] ] ] } },
{ "type": "Feature", "properties": { "height": 24.0, "match_type": "matched", "height_source": "source_b" }, "geometry": { "type": "Polygon", "coordinates": [ [ [ 30.274817, 59.941890999998634 ], [ 30.275456, 59.942068999998639 ], [ 30.27569, 59.941856999998642 ], [ 30.275566, 59.941820999998676 ], [ 30.275474, 59.941902999998653 ], [ 30.275084, 59.941793999998659 ], [ 30.275182, 59.941705999998668 ], [ 30.27507, 59.941674999998646 ], [ 30.274817, 59.941890999998634 ] ] ] } },
{ "type": "Feature", "properties": { "height": 3.3, "match_type": "only_a", "height_source": "ml_predicted" }, "geometry": { "type": "Polygon", "coordinates": [ [ [ 30.27482, 59.94461 ], [ 30.27491, 59.94463 ], [ 30.27495, 59.94459 ], [ 30.27487, 59.94457 ], [ 30.27482, 59.94461 ] ] ] } },
{ "type": "Feature", "properties": { "height": 15.0, "match_type": "matched", "height_source": "source_b" }, "geometry": { "type": "Polygon", "coordinates": [ [ [ 30.275195, 59.934597999998665 ], [ 30.274991, 59.934774999998652 ], [ 30.274822, 59.93492499999865 ], [ 30.275037, 59.934986999998678 ], [ 30.275424, 59.934661999998639 ], [ 30.275195, 59.934597999998665 ] ] ] } },
{ "type": "Feature", "properties": { "height": 6.4, "match_type": "only_a", "height_source": "ml_predicted" }, "geometry": { "type": "Polygon", "coordinates": [ [ [ 30.27484, 59.93613 ], [ 30.27468, 59.93608 ], [ 30.27464, 59.93612 ], [ 30.27454, 59.9361 ], [ 30.27478, 59.93618 ], [ 30.27484, 59.93613 ] ] ] } },
{ "type": "Feature", "properties": { "height": 6.6, "match_type": "matched", "height_source": "source_b" }, "geometry": { "type": "Polygon", "coordinates": [ [ [ 30.274866, 59.935722999998646 ], [ 30.274931, 59.935617999998655 ], [ 30.274814, 59.935548999998659 ], [ 30.274676, 59.935666999998645 ], [ 30.274866, 59.935722999998646 ] ] ] } },
{ "type": "Feature", "properties": { "height": 9.9, "match_type": "matched", "height_source": "source_b" }, "geometry": { "type": "Polygon", "coordinates": [ [ [ 30.274754, 59.940857999998634 ], [ 30.275336, 59.941024999998668 ], [ 30.275413, 59.940957999998624 ], [ 30.274831, 59.940789999998657 ], [ 30.274754, 59.940857999998634 ] ] ] } },
{ "type": "Feature", "properties": { "height": 9.9, "match_type": "matched", "height_source": "source_b" }, "geometry": { "type": "Polygon", "coordinates": [ [ [ 30.274817, 59.941890999998634 ], [ 30.27507, 59.941674999998646 ], [ 30.275408, 59.941385999998658 ], [ 30.275051, 59.941279999998649 ], [ 30.274972, 59.941346999998636 ], [ 30.27515, 59.941399999998637 ], [ 30.275069, 59.941468999998634 ], [ 30.274891, 59.941415999998668 ], [ 30.274732, 59.941550999998661 ], [ 30.274935, 59.941610999998673 ], [ 30.274816, 59.941711999998653 ], [ 30.274612, 59.94165599999863 ], [ 30.274463, 59.941786999998669 ], [ 30.274817, 59.941890999998634 ] ] ] } },
{ "type": "Feature", "properties": { "height": 15.0, "match_type": "matched", "height_source": "source_b" }, "geometry": { "type": "Polygon", "coordinates": [ [ [ 30.274366, 59.939470999998633 ], [ 30.274886, 59.939612999998637 ], [ 30.275025, 59.939484999998648 ], [ 30.274505, 59.939342999998637 ], [ 30.274366, 59.939470999998633 ] ] ] } },
{ "type": "Feature", "properties": { "height": 15.0, "match_type": "matched", "height_source": "source_b" }, "geometry": { "type": "Polygon", "coordinates": [ [ [ 30.274914, 59.942872999998627 ], [ 30.275166, 59.94295299999866 ], [ 30.275617, 59.942564999998652 ], [ 30.27534, 59.942486999998636 ], [ 30.274914, 59.942872999998627 ] ] ] } },
{ "type": "Feature", "properties": { "height": 15.0, "match_type": "matched", "height_source": "source_b" }, "geometry": { "type": "Polygon", "coordinates": [ [ [ 30.275617, 59.942564999998652 ], [ 30.275749, 59.942448999998639 ], [ 30.275173, 59.942270999998662 ], [ 30.275028, 59.942399999998663 ], [ 30.275617, 59.942564999998652 ] ] ] } },
{ "type": "Feature", "properties": { "height": 9.9, "match_type": "matched", "height_source": "source_b" }, "geometry": { "type": "Polygon", "coordinates": [ [ [ 30.275308, 59.940793999998647 ], [ 30.275608, 59.940539999998663 ], [ 30.275823, 59.94060399999865 ], [ 30.276, 59.940457999998671 ], [ 30.275415, 59.940288999998664 ], [ 30.275022, 59.940629999998649 ], [ 30.275124, 59.940660999998656 ], [ 30.275053, 59.94071999999867 ], [ 30.275308, 59.940793999998647 ] ], [ [ 30.275274, 59.940527999998665 ], [ 30.275351, 59.940456999998638 ], [ 30.275427, 59.940477999998656 ], [ 30.27535, 59.940548999998647 ], [ 30.275274, 59.940527999998665 ] ], [ [ 30.275145, 59.940643999998642 ], [ 30.275207, 59.940593999998647 ], [ 30.27528, 59.94061699999866 ], [ 30.275218, 59.940666999998655 ], [ 30.275145, 59.940643999998642 ] ] ] } },
{ "type": "Feature", "properties": { "height": 13.2, "match_type": "matched", "height_source": "source_b" }, "geometry": { "type": "Polygon", "coordinates": [ [ [ 30.275145, 59.940643999998642 ], [ 30.275218, 59.940666999998655 ], [ 30.27528, 59.94061699999866 ], [ 30.275207, 59.940593999998647 ], [ 30.275145, 59.940643999998642 ] ] ] } },
{ "type": "Feature", "properties": { "height": 6.6, "match_type": "matched", "height_source": "source_b" }, "geometry": { "type": "Polygon", "coordinates": [ [ [ 30.275022, 59.940629999998649 ], [ 30.274952, 59.940690999998637 ], [ 30.275053, 59.94071999999867 ], [ 30.275124, 59.940660999998656 ], [ 30.275022, 59.940629999998649 ] ] ] } },
{ "type": "Feature", "properties": { "height": 13.2, "match_type": "matched", "height_source": "source_b" }, "geometry": { "type": "Polygon", "coordinates": [ [ [ 30.275274, 59.940527999998665 ], [ 30.27535, 59.940548999998647 ], [ 30.275427, 59.940477999998656 ], [ 30.275351, 59.940456999998638 ], [ 30.275274, 59.940527999998665 ] ] ] } },
{ "type": "Feature", "properties": { "height": 6.1, "match_type": "only_a", "height_source": "ml_predicted" }, "geometry": { "type": "Polygon", "coordinates": [ [ [ 30.27497, 59.93429 ], [ 30.27494, 59.93428 ], [ 30.27488, 59.93433 ], [ 30.27491, 59.93434 ], [ 30.27497, 59.93429 ] ] ] } },
{ "type": "Feature", "properties": { "height": 13.2, "match_type": "matched", "height_source": "source_b" }, "geometry": { "type": "Polygon", "coordinates": [ [ [ 30.275244, 59.944960999998649 ], [ 30.274827, 59.94533399999866 ], [ 30.274733, 59.945306999998657 ], [ 30.274591, 59.945432999998658 ], [ 30.27498, 59.945541999998667 ], [ 30.275181, 59.94536199999866 ], [ 30.275077, 59.94533399999866 ], [ 30.275229, 59.945197999998648 ], [ 30.275363, 59.945234999998654 ], [ 30.275567, 59.945051999998654 ], [ 30.275244, 59.944960999998649 ] ] ] } },
{ "type": "Feature", "properties": { "height": 4.5, "match_type": "matched", "height_source": "source_b" }, "geometry": { "type": "Polygon", "coordinates": [ [ [ 30.274933, 59.938939999998674 ], [ 30.275022, 59.938966999998648 ], [ 30.275093, 59.938903999998665 ], [ 30.275001, 59.938876999998662 ], [ 30.274933, 59.938939999998674 ] ] ] } },
{ "type": "Feature", "properties": { "height": 4.5, "match_type": "matched", "height_source": "source_b" }, "geometry": { "type": "Polygon", "coordinates": [ [ [ 30.274886, 59.939612999998637 ], [ 30.275003, 59.939644999998656 ], [ 30.275126, 59.939530999998652 ], [ 30.275009, 59.939498999998641 ], [ 30.274886, 59.939612999998637 ] ] ] } },
{ "type": "Feature", "properties": { "height": 9.9, "match_type": "matched", "height_source": "source_b" }, "geometry": { "type": "Polygon", "coordinates": [ [ [ 30.274998, 59.938524999998656 ], [ 30.275115, 59.938558999998627 ], [ 30.275406, 59.938316999998634 ], [ 30.275281, 59.938280999998661 ], [ 30.274998, 59.938524999998656 ] ] ] } },
{ "type": "Feature", "properties": { "height": 6.6, "match_type": "matched", "height_source": "source_b" }, "geometry": { "type": "Polygon", "coordinates": [ [ [ 30.275065, 59.943723999998653 ], [ 30.274996, 59.943783999998637 ], [ 30.275161, 59.943833999998674 ], [ 30.275237, 59.943770999998662 ], [ 30.275065, 59.943723999998653 ] ] ] } },
{ "type": "Feature", "properties": { "height": 15.0, "match_type": "matched", "height_source": "source_b" }, "geometry": { "type": "Polygon", "coordinates": [ [ [ 30.274606, 59.943865999998657 ], [ 30.274824, 59.943929999998645 ], [ 30.275065, 59.943723999998653 ], [ 30.274847, 59.943664999998639 ], [ 30.274606, 59.943865999998657 ] ] ] } },
{ "type": "Feature", "properties": { "height": 18.0, "match_type": "matched", "height_source": "source_b" }, "geometry": { "type": "Polygon", "coordinates": [ [ [ 30.274963, 59.935225999998664 ], [ 30.275053, 59.93525199999867 ], [ 30.275167, 59.935149999998636 ], [ 30.275076, 59.935124999998649 ], [ 30.274963, 59.935225999998664 ] ] ] } },
{ "type": "Feature", "properties": { "height": 15.0, "match_type": "matched", "height_source": "source_b" }, "geometry": { "type": "Polygon", "coordinates": [ [ [ 30.274941, 59.935014999998636 ], [ 30.274864, 59.935088999998648 ], [ 30.27496, 59.935116999998627 ], [ 30.274876, 59.935201999998647 ], [ 30.274963, 59.935225999998664 ], [ 30.275076, 59.935124999998649 ], [ 30.275167, 59.935149999998636 ], [ 30.275053, 59.93525199999867 ], [ 30.275587, 59.935401999998639 ], [ 30.275759, 59.935254999998655 ], [ 30.274941, 59.935014999998636 ] ] ] } },
{ "type": "Feature", "properties": { "height": 5.3, "match_type": "only_a", "height_source": "ml_predicted" }, "geometry": { "type": "Polygon", "coordinates": [ [ [ 30.27513, 59.93628 ], [ 30.27531, 59.93612 ], [ 30.27525, 59.93611 ], [ 30.27507, 59.93626 ], [ 30.27513, 59.93628 ] ] ] } },
{ "type": "Feature", "properties": { "height": 4.5, "match_type": "matched", "height_source": "source_b" }, "geometry": { "type": "Polygon", "coordinates": [ [ [ 30.275143, 59.93400199999865 ], [ 30.27508, 59.934058999998634 ], [ 30.275157, 59.934079999998623 ], [ 30.27522, 59.934022999998653 ], [ 30.275143, 59.93400199999865 ] ] ] } },
{ "type": "Feature", "properties": { "height": 15.0, "match_type": "matched", "height_source": "source_b" }, "geometry": { "type": "Polygon", "coordinates": [ [ [ 30.275237, 59.943770999998662 ], [ 30.275098, 59.943886999998654 ], [ 30.275364, 59.943966999998651 ], [ 30.275567, 59.943861999998667 ], [ 30.275237, 59.943770999998662 ] ] ] } },
{ "type": "Feature", "properties": { "height": 9.9, "match_type": "matched", "height_source": "source_b" }, "geometry": { "type": "Polygon", "coordinates": [ [ [ 30.275522, 59.93801399999866 ], [ 30.275215, 59.937925999998633 ], [ 30.275139, 59.937991999998637 ], [ 30.275442, 59.938079999998656 ], [ 30.275522, 59.93801399999866 ] ] ] } },
{ "type": "Feature", "properties": { "height": 13.2, "match_type": "matched", "height_source": "source_b" }, "geometry": { "type": "Polygon", "coordinates": [ [ [ 30.275226, 59.938264999998651 ], [ 30.275441, 59.938326999998665 ], [ 30.275722, 59.938071999998648 ], [ 30.275522, 59.93801399999866 ], [ 30.275226, 59.938264999998651 ] ] ] } },
{ "type": "Feature", "properties": { "height": 3.4, "match_type": "only_a", "height_source": "ml_predicted" }, "geometry": { "type": "Polygon", "coordinates": [ [ [ 30.27524, 59.9415 ], [ 30.27534, 59.94153 ], [ 30.27548, 59.94141 ], [ 30.27538, 59.94139 ], [ 30.27524, 59.9415 ] ] ] } },
{ "type": "Feature", "properties": { "height": 15.0, "match_type": "matched", "height_source": "source_b" }, "geometry": { "type": "Polygon", "coordinates": [ [ [ 30.275337, 59.937435999998662 ], [ 30.275189, 59.937569999998651 ], [ 30.27567, 59.937708999998648 ], [ 30.275821, 59.937578999998642 ], [ 30.275337, 59.937435999998662 ] ] ] } },
{ "type": "Feature", "properties": { "height": 15.0, "match_type": "matched", "height_source": "source_b" }, "geometry": { "type": "Polygon", "coordinates": [ [ [ 30.275189, 59.937569999998651 ], [ 30.275001, 59.937735999998665 ], [ 30.275264, 59.937810999998646 ], [ 30.275374, 59.937712999998666 ], [ 30.275289, 59.937687999998658 ], [ 30.275363, 59.937619999998653 ], [ 30.275189, 59.937569999998651 ] ] ] } },
{ "type": "Feature", "properties": { "height": 15.0, "match_type": "matched", "height_source": "source_b" }, "geometry": { "type": "Polygon", "coordinates": [ [ [ 30.275001, 59.937735999998665 ], [ 30.274891, 59.93783199999865 ], [ 30.275377, 59.937971999998659 ], [ 30.275487, 59.93787599999866 ], [ 30.275001, 59.937735999998665 ] ] ] } },
{ "type": "Feature", "properties": { "height": 6.6, "match_type": "matched", "height_source": "source_b" }, "geometry": { "type": "Polygon", "coordinates": [ [ [ 30.275449, 59.944440999998655 ], [ 30.275395, 59.944413999998659 ], [ 30.27534, 59.944440999998655 ], [ 30.275395, 59.944467999998643 ], [ 30.275449, 59.944440999998655 ] ] ] } },
{ "type": "Feature", "properties": { "height": 4.7, "match_type": "only_a", "height_source": "ml_predicted" }, "geometry": { "type": "Polygon", "coordinates": [ [ [ 30.27541, 59.93864 ], [ 30.27562, 59.93846 ], [ 30.27604, 59.93855 ], [ 30.2756, 59.93843 ], [ 30.27537, 59.93863 ], [ 30.27541, 59.93864 ] ] ] } },
{ "type": "Feature", "properties": { "height": 4.5, "match_type": "matched", "height_source": "source_b" }, "geometry": { "type": "Polygon", "coordinates": [ [ [ 30.275543, 59.940596999998647 ], [ 30.275363, 59.940746999998666 ], [ 30.275433, 59.940766999998644 ], [ 30.275609, 59.940612999998621 ], [ 30.275543, 59.940596999998647 ] ] ] } },
{ "type": "Feature", "properties": { "height": 3.9, "match_type": "only_a", "height_source": "ml_predicted" }, "geometry": { "type": "Polygon", "coordinates": [ [ [ 30.27545, 59.93879 ], [ 30.27551, 59.93874 ], [ 30.27541, 59.93878 ], [ 30.27545, 59.93879 ] ] ] } },
{ "type": "Feature", "properties": { "height": 9.9, "match_type": "matched", "height_source": "source_b" }, "geometry": { "type": "Polygon", "coordinates": [ [ [ 30.275493, 59.934678999998653 ], [ 30.275409, 59.934750999998649 ], [ 30.275838, 59.934874999998655 ], [ 30.275919, 59.934801999998648 ], [ 30.275493, 59.934678999998653 ] ] ] } },
{ "type": "Feature", "properties": { "height": 9.9, "match_type": "matched", "height_source": "source_b" }, "geometry": { "type": "Polygon", "coordinates": [ [ [ 30.275022, 59.938966999998648 ], [ 30.275094, 59.939010999998644 ], [ 30.275422, 59.938719999998654 ], [ 30.27533, 59.938693999998641 ], [ 30.275022, 59.938966999998648 ] ] ] } },
{ "type": "Feature", "properties": { "height": 4.5, "match_type": "matched", "height_source": "source_b" }, "geometry": { "type": "Polygon", "coordinates": [ [ [ 30.275366, 59.944332999998657 ], [ 30.275472, 59.944361999998662 ], [ 30.275698, 59.94415399999864 ], [ 30.275592, 59.944124999998635 ], [ 30.275366, 59.944332999998657 ] ] ] } },
{ "type": "Feature", "properties": { "height": 15.0, "match_type": "matched", "height_source": "source_b" }, "geometry": { "type": "Polygon", "coordinates": [ [ [ 30.275462, 59.936541999998639 ], [ 30.27556, 59.936455999998671 ], [ 30.275342, 59.936391999998648 ], [ 30.275394, 59.936346999998648 ], [ 30.275189, 59.93628599999866 ], [ 30.275131, 59.936335999998654 ], [ 30.274841, 59.936249999998672 ], [ 30.274899, 59.936199999998664 ], [ 30.274536, 59.936092999998635 ], [ 30.274483, 59.936140999998635 ], [ 30.274194, 59.936080999998651 ], [ 30.274124, 59.936144999998646 ], [ 30.275462, 59.936541999998639 ] ] ] } },
{ "type": "Feature", "properties": { "height": 18.0, "match_type": "matched", "height_source": "source_b" }, "geometry": { "type": "Polygon", "coordinates": [ [ [ 30.274899, 59.936199999998664 ], [ 30.274841, 59.936249999998672 ], [ 30.275131, 59.936335999998654 ], [ 30.275189, 59.93628599999866 ], [ 30.274899, 59.936199999998664 ] ] ] } },
{ "type": "Feature", "properties": { "height": 18.0, "match_type": "matched", "height_source": "source_b" }, "geometry": { "type": "Polygon", "coordinates": [ [ [ 30.274462, 59.936070999998648 ], [ 30.274408, 59.936119999998638 ], [ 30.274483, 59.936140999998635 ], [ 30.274536, 59.936092999998635 ], [ 30.274462, 59.936070999998648 ] ] ] } },
{ "type": "Feature", "properties": { "height": 5.4, "match_type": "only_a", "height_source": "ml_predicted" }, "geometry": { "type": "Polygon", "coordinates": [ [ [ 30.27548, 59.94152 ], [ 30.27561, 59.94156 ], [ 30.2757, 59.94149 ], [ 30.27557, 59.94145 ], [ 30.27548, 59.94152 ] ] ] } },
{ "type": "Feature", "properties": { "height": 15.0, "match_type": "matched", "height_source": "source_b" }, "geometry": { "type": "Polygon", "coordinates": [ [ [ 30.275481, 59.940307999998659 ], [ 30.275574, 59.940224999998662 ], [ 30.27551, 59.940206999998644 ], [ 30.275415, 59.940288999998664 ], [ 30.275481, 59.940307999998659 ] ] ] } },
{ "type": "Feature", "properties": { "height": 24.0, "match_type": "matched", "height_source": "source_b" }, "geometry": { "type": "Polygon", "coordinates": [ [ [ 30.274847, 59.943664999998639 ], [ 30.275714, 59.943901999998644 ], [ 30.275772, 59.94384799999866 ], [ 30.275704, 59.943828999998665 ], [ 30.275859, 59.943685999998642 ], [ 30.27593, 59.943705999998649 ], [ 30.275991, 59.943649999998655 ], [ 30.275121, 59.943412999998657 ], [ 30.274847, 59.943664999998639 ] ], [ [ 30.275155, 59.943662999998672 ], [ 30.275274, 59.943550999998656 ], [ 30.275612, 59.943640999998642 ], [ 30.275493, 59.943752999998658 ], [ 30.275155, 59.943662999998672 ] ] ] } },
{ "type": "Feature", "properties": { "height": 2.8, "match_type": "only_a", "height_source": "ml_predicted" }, "geometry": { "type": "Polygon", "coordinates": [ [ [ 30.27556, 59.93801 ], [ 30.2756, 59.93797 ], [ 30.27547, 59.93793 ], [ 30.27543, 59.93797 ], [ 30.27556, 59.93801 ] ] ] } },
{ "type": "Feature", "properties": { "height": 9.9, "match_type": "matched", "height_source": "source_b" }, "geometry": { "type": "Polygon", "coordinates": [ [ [ 30.27558, 59.939225999998641 ], [ 30.275644, 59.939169999998654 ], [ 30.275111, 59.939019999998656 ], [ 30.275058, 59.939073999998669 ], [ 30.27558, 59.939225999998641 ] ] ] } },
{ "type": "Feature", "properties": { "height": 27.0, "match_type": "matched", "height_source": "source_b" }, "geometry": { "type": "Polygon", "coordinates": [ [ [ 30.27557, 59.94033299999866 ], [ 30.275635, 59.94035199999864 ], [ 30.275687, 59.94030599999865 ], [ 30.275622, 59.940286999998641 ], [ 30.27557, 59.94033299999866 ] ] ] } },
{ "type": "Feature", "properties": { "height": 5.7, "match_type": "only_a", "height_source": "ml_predicted" }, "geometry": { "type": "Polygon", "coordinates": [ [ [ 30.2756, 59.9441 ], [ 30.27556, 59.94409 ], [ 30.27552, 59.94413 ], [ 30.27556, 59.94414 ], [ 30.2756, 59.9441 ] ] ] } },
{ "type": "Feature", "properties": { "height": 15.0, "match_type": "matched", "height_source": "source_b" }, "geometry": { "type": "Polygon", "coordinates": [ [ [ 30.275195, 59.934597999998665 ], [ 30.275554, 59.934694999998655 ], [ 30.275629, 59.934580999998637 ], [ 30.275747, 59.934614999998665 ], [ 30.275809, 59.934559999998655 ], [ 30.275374, 59.934437999998657 ], [ 30.275195, 59.934597999998665 ] ] ] } },
{ "type": "Feature", "properties": { "height": 9.9, "match_type": "matched", "height_source": "source_b" }, "geometry": { "type": "Polygon", "coordinates": [ [ [ 30.275568, 59.943417999998651 ], [ 30.276198, 59.943579999998647 ], [ 30.276287, 59.943493999998637 ], [ 30.275656, 59.943331999998648 ], [ 30.275568, 59.943417999998651 ] ] ] } },
{ "type": "Feature", "properties": { "height": 4.5, "match_type": "matched", "height_source": "source_b" }, "geometry": { "type": "Polygon", "coordinates": [ [ [ 30.275778, 59.94347199999865 ], [ 30.275568, 59.943417999998651 ], [ 30.27553, 59.943455999998655 ], [ 30.275739, 59.943508999998649 ], [ 30.275778, 59.94347199999865 ] ] ] } },
{ "type": "Feature", "properties": { "height": 7.4, "match_type": "only_a", "height_source": "ml_predicted" }, "geometry": { "type": "Polygon", "coordinates": [ [ [ 30.27567, 59.94399 ], [ 30.27585, 59.94404 ], [ 30.27595, 59.94395 ], [ 30.27576, 59.9439 ], [ 30.27567, 59.94399 ] ] ] } },
{ "type": "Feature", "properties": { "height": 4.5, "match_type": "matched", "height_source": "source_b" }, "geometry": { "type": "Polygon", "coordinates": [ [ [ 30.275554, 59.934694999998655 ], [ 30.275919, 59.934801999998648 ], [ 30.275969, 59.93475899999865 ], [ 30.275605, 59.934650999998659 ], [ 30.275554, 59.934694999998655 ] ] ] } },
{ "type": "Feature", "properties": { "height": 13.2, "match_type": "matched", "height_source": "source_b" }, "geometry": { "type": "Polygon", "coordinates": [ [ [ 30.276207, 59.939972999998659 ], [ 30.275883, 59.939874999998665 ], [ 30.275706, 59.940045999998645 ], [ 30.276013, 59.940134999998662 ], [ 30.276207, 59.939972999998659 ] ] ] } },
{ "type": "Feature", "properties": { "height": 5.0, "match_type": "only_a", "height_source": "ml_predicted" }, "geometry": { "type": "Polygon", "coordinates": [ [ [ 30.27568, 59.94414 ], [ 30.27571, 59.94412 ], [ 30.2756, 59.94412 ], [ 30.27568, 59.94414 ] ] ] } },
{ "type": "Feature", "properties": { "height": 3.2, "match_type": "only_a", "height_source": "ml_predicted" }, "geometry": { "type": "Polygon", "coordinates": [ [ [ 30.2757, 59.94598 ], [ 30.27581, 59.94589 ], [ 30.27572, 59.94586 ], [ 30.27561, 59.94596 ], [ 30.2757, 59.94598 ] ] ] } },
{ "type": "Feature", "properties": { "height": 18.0, "match_type": "matched", "height_source": "source_b" }, "geometry": { "type": "Polygon", "coordinates": [ [ [ 30.276027, 59.939277999998659 ], [ 30.276344, 59.938988999998664 ], [ 30.275524, 59.938751999998651 ], [ 30.275194, 59.939043999998653 ], [ 30.276027, 59.939277999998659 ] ], [ [ 30.275528, 59.939036999998649 ], [ 30.275686, 59.938891999998674 ], [ 30.276022, 59.938966999998648 ], [ 30.275822, 59.939150999998652 ], [ 30.275528, 59.939036999998649 ] ] ] } },
{ "type": "Feature", "properties": { "height": 15.0, "match_type": "matched", "height_source": "source_b" }, "geometry": { "type": "Polygon", "coordinates": [ [ [ 30.274612, 59.940233999998632 ], [ 30.274847, 59.94030599999865 ], [ 30.27571, 59.939539999998651 ], [ 30.27527, 59.939419999998648 ], [ 30.27521, 59.939472999998657 ], [ 30.275349, 59.939512999998662 ], [ 30.275239, 59.939608999998647 ], [ 30.275306, 59.939627999998656 ], [ 30.274612, 59.940233999998632 ] ] ] } },
{ "type": "Feature", "properties": { "height": 13.2, "match_type": "matched", "height_source": "source_b" }, "geometry": { "type": "Polygon", "coordinates": [ [ [ 30.27571, 59.939539999998651 ], [ 30.276027, 59.939277999998659 ], [ 30.275644, 59.939169999998654 ], [ 30.27558, 59.939225999998641 ], [ 30.275766, 59.939245999998647 ], [ 30.275547, 59.939449999998651 ], [ 30.275437, 59.939382999998656 ], [ 30.275369, 59.939446999998665 ], [ 30.27571, 59.939539999998651 ] ] ] } },
{ "type": "Feature", "properties": { "height": 24.0, "match_type": "matched", "height_source": "source_b" }, "geometry": { "type": "Polygon", "coordinates": [ [ [ 30.275836, 59.941488999998633 ], [ 30.27598, 59.941527999998648 ], [ 30.276047, 59.941464999998644 ], [ 30.275903, 59.941425999998664 ], [ 30.275836, 59.941488999998633 ] ] ] } },
{ "type": "Feature", "properties": { "height": 21.0, "match_type": "matched", "height_source": "source_b" }, "geometry": { "type": "Polygon", "coordinates": [ [ [ 30.276119, 59.942132999998648 ], [ 30.276578, 59.94173399999864 ], [ 30.275814, 59.941520999998644 ], [ 30.275722, 59.941603999998641 ], [ 30.275292, 59.941484999998671 ], [ 30.27507, 59.941674999998646 ], [ 30.27569, 59.941856999998642 ], [ 30.275895, 59.941669999998666 ], [ 30.275969, 59.941689999998651 ], [ 30.275623, 59.942004999998652 ], [ 30.276119, 59.942132999998648 ] ] ] } },
{ "type": "Feature", "properties": { "height": 18.0, "match_type": "matched", "height_source": "source_b" }, "geometry": { "type": "Polygon", "coordinates": [ [ [ 30.275456, 59.942068999998639 ], [ 30.276012, 59.942225999998648 ], [ 30.276119, 59.942132999998648 ], [ 30.275623, 59.942004999998652 ], [ 30.275969, 59.941689999998651 ], [ 30.275895, 59.941669999998666 ], [ 30.275456, 59.942068999998639 ] ] ] } },
{ "type": "Feature", "properties": { "height": 15.0, "match_type": "matched", "height_source": "source_b" }, "geometry": { "type": "Polygon", "coordinates": [ [ [ 30.275863, 59.943871999998656 ], [ 30.275772, 59.94384799999866 ], [ 30.275721, 59.943895999998652 ], [ 30.275926, 59.943954999998653 ], [ 30.276196, 59.943716999998657 ], [ 30.276077, 59.943682999998636 ], [ 30.275863, 59.943871999998656 ] ] ] } },
{ "type": "Feature", "properties": { "height": 18.0, "match_type": "matched", "height_source": "source_b" }, "geometry": { "type": "Polygon", "coordinates": [ [ [ 30.275845, 59.934589999998643 ], [ 30.275904, 59.934630999998653 ], [ 30.275925, 59.934609999998649 ], [ 30.275845, 59.934589999998643 ] ] ] } },
{ "type": "Feature", "properties": { "height": 6.6, "match_type": "matched", "height_source": "source_b" }, "geometry": { "type": "Polygon", "coordinates": [ [ [ 30.275667, 59.935398999998654 ], [ 30.275789, 59.935434999998655 ], [ 30.275966, 59.935283999998653 ], [ 30.275844, 59.935247999998651 ], [ 30.275667, 59.935398999998654 ] ] ] } },
{ "type": "Feature", "properties": { "height": 13.2, "match_type": "matched", "height_source": "source_b" }, "geometry": { "type": "Polygon", "coordinates": [ [ [ 30.275877, 59.934920999998646 ], [ 30.27568, 59.935093999998642 ], [ 30.275826, 59.935135999998657 ], [ 30.275797, 59.93516199999867 ], [ 30.275615, 59.935107999998657 ], [ 30.275562, 59.935154999998637 ], [ 30.275807, 59.935225999998643 ], [ 30.276085, 59.934981999998634 ], [ 30.275877, 59.934920999998646 ] ] ] } },
{ "type": "Feature", "properties": { "height": 9.9, "match_type": "matched", "height_source": "source_b" }, "geometry": { "type": "Polygon", "coordinates": [ [ [ 30.275794, 59.944414999998649 ], [ 30.276175, 59.944385999998666 ], [ 30.276205, 59.944357999998658 ], [ 30.276113, 59.944180999998643 ], [ 30.275728, 59.94421099999866 ], [ 30.275701, 59.944233999998652 ], [ 30.275794, 59.944414999998649 ] ], [ [ 30.275839, 59.944400999998663 ], [ 30.27575, 59.944230999998638 ], [ 30.27607, 59.944188999998651 ], [ 30.276159, 59.944358999998649 ], [ 30.275839, 59.944400999998663 ] ] ] } },
{ "type": "Feature", "properties": { "height": 15.0, "match_type": "matched", "height_source": "source_b" }, "geometry": { "type": "Polygon", "coordinates": [ [ [ 30.276012, 59.944290999998657 ], [ 30.275952, 59.94426099999864 ], [ 30.275892, 59.944290999998657 ], [ 30.275952, 59.944320999998652 ], [ 30.276012, 59.944290999998657 ] ] ] } },
{ "type": "Feature", "properties": { "height": 13.2, "match_type": "matched", "height_source": "source_b" }, "geometry": { "type": "Polygon", "coordinates": [ [ [ 30.275839, 59.944400999998663 ], [ 30.276159, 59.944358999998649 ], [ 30.27607, 59.944188999998651 ], [ 30.27575, 59.944230999998638 ], [ 30.275839, 59.944400999998663 ] ], [ [ 30.276012, 59.944290999998657 ], [ 30.275952, 59.944320999998652 ], [ 30.275892, 59.944290999998657 ], [ 30.275952, 59.94426099999864 ], [ 30.276012, 59.944290999998657 ] ] ] } },
{ "type": "Feature", "properties": { "height": 15.0, "match_type": "matched", "height_source": "source_b" }, "geometry": { "type": "Polygon", "coordinates": [ [ [ 30.275732, 59.943105999998643 ], [ 30.275996, 59.942863999998636 ], [ 30.275843, 59.94282199999865 ], [ 30.275501, 59.943122999998636 ], [ 30.275839, 59.943216999998661 ], [ 30.275908, 59.943153999998657 ], [ 30.275732, 59.943105999998643 ] ] ] } },
{ "type": "Feature", "properties": { "height": 18.0, "match_type": "matched", "height_source": "source_b" }, "geometry": { "type": "Polygon", "coordinates": [ [ [ 30.275917, 59.934354999998632 ], [ 30.275815, 59.934326999998646 ], [ 30.275923, 59.934226999998636 ], [ 30.275673, 59.934183999998659 ], [ 30.275458, 59.934357999998646 ], [ 30.275809, 59.934453999998603 ], [ 30.275917, 59.934354999998632 ] ] ] } },
{ "type": "Feature", "properties": { "height": 13.2, "match_type": "matched", "height_source": "source_b" }, "geometry": { "type": "Polygon", "coordinates": [ [ [ 30.275469, 59.935564999998633 ], [ 30.275741, 59.935642999998635 ], [ 30.275931, 59.935476999998656 ], [ 30.275667, 59.935398999998654 ], [ 30.275469, 59.935564999998633 ] ] ] } },
{ "type": "Feature", "properties": { "height": 15.0, "match_type": "matched", "height_source": "source_b" }, "geometry": { "type": "Polygon", "coordinates": [ [ [ 30.275308, 59.94470899999866 ], [ 30.275365, 59.944725999998639 ], [ 30.275436, 59.944664999998651 ], [ 30.275379, 59.944647999998672 ], [ 30.275308, 59.94470899999866 ] ] ] } },
{ "type": "Feature", "properties": { "height": 13.2, "match_type": "matched", "height_source": "source_b" }, "geometry": { "type": "Polygon", "coordinates": [ [ [ 30.275331, 59.944595999998633 ], [ 30.275202, 59.944706999998665 ], [ 30.275914, 59.94491399999864 ], [ 30.276052, 59.944795999998647 ], [ 30.275892, 59.944748999998666 ], [ 30.275856, 59.944779999998659 ], [ 30.275331, 59.944595999998633 ] ], [ [ 30.275308, 59.94470899999866 ], [ 30.275379, 59.944647999998672 ], [ 30.275436, 59.944664999998651 ], [ 30.275365, 59.944725999998639 ], [ 30.275308, 59.94470899999866 ] ] ] } },
{ "type": "Feature", "properties": { "height": 9.9, "match_type": "matched", "height_source": "source_b" }, "geometry": { "type": "Polygon", "coordinates": [ [ [ 30.276167, 59.943903999998632 ], [ 30.276027, 59.943864999998667 ], [ 30.275827, 59.944043999998634 ], [ 30.275967, 59.944082999998663 ], [ 30.276167, 59.943903999998632 ] ] ] } },
{ "type": "Feature", "properties": { "height": 9.9, "match_type": "matched", "height_source": "source_b" }, "geometry": { "type": "Polygon", "coordinates": [ [ [ 30.275839, 59.943216999998661 ], [ 30.275962, 59.943249999998649 ], [ 30.276157, 59.943071999998651 ], [ 30.276034, 59.943037999998666 ], [ 30.275839, 59.943216999998661 ] ] ] } },
{ "type": "Feature", "properties": { "height": 27.0, "match_type": "matched", "height_source": "source_b" }, "geometry": { "type": "Polygon", "coordinates": [ [ [ 30.275834, 59.937713999998657 ], [ 30.275911, 59.937735999998665 ], [ 30.27597, 59.937681999998659 ], [ 30.275893, 59.937659999998644 ], [ 30.275834, 59.937713999998657 ] ] ] } },
{ "type": "Feature", "properties": { "height": 4.0, "match_type": "matched", "height_source": "source_b" }, "geometry": { "type": "Polygon", "coordinates": [ [ [ 30.26493, 59.935053999998651 ], [ 30.26482, 59.935149999998657 ], [ 30.265015, 59.935205999998637 ], [ 30.265125, 59.935197999998643 ], [ 30.265201, 59.935131999998639 ], [ 30.26493, 59.935053999998651 ] ] ] } },
{ "type": "Feature", "properties": { "height": 9.9, "match_type": "matched", "height_source": "source_b" }, "geometry": { "type": "Polygon", "coordinates": [ [ [ 30.264992, 59.935356999998653 ], [ 30.264873, 59.935462999998649 ], [ 30.264972, 59.935490999998649 ], [ 30.26509, 59.935384999998647 ], [ 30.264992, 59.935356999998653 ] ] ] } },
{ "type": "Feature", "properties": { "height": 4.5, "match_type": "only_b", "height_source": "source_b" }, "geometry": { "type": "Polygon", "coordinates": [ [ [ 30.266982, 59.937752999998636 ], [ 30.266921, 59.937804999998647 ], [ 30.267014, 59.937831999998643 ], [ 30.267075, 59.937779999998639 ], [ 30.266982, 59.937752999998636 ] ] ] } },
{ "type": "Feature", "properties": { "height": 4.5, "match_type": "matched", "height_source": "source_b" }, "geometry": { "type": "Polygon", "coordinates": [ [ [ 30.267291, 59.939173999998651 ], [ 30.267381, 59.939095999998649 ], [ 30.267117, 59.939018999998652 ], [ 30.267027, 59.939095999998649 ], [ 30.267291, 59.939173999998651 ] ] ] } },
{ "type": "Feature", "properties": { "height": 4.5, "match_type": "only_b", "height_source": "source_b" }, "geometry": { "type": "Polygon", "coordinates": [ [ [ 30.26852, 59.943544999998657 ], [ 30.268563, 59.94351299999866 ], [ 30.268421, 59.943466999998641 ], [ 30.26838, 59.943498999998667 ], [ 30.26852, 59.943544999998657 ] ] ] } },
{ "type": "Feature", "properties": { "height": 4.5, "match_type": "only_b", "height_source": "source_b" }, "geometry": { "type": "Polygon", "coordinates": [ [ [ 30.268536, 59.943904999998658 ], [ 30.268487, 59.943947999998635 ], [ 30.268706, 59.944010999998675 ], [ 30.268755, 59.94396899999866 ], [ 30.268536, 59.943904999998658 ] ] ] } },
{ "type": "Feature", "properties": { "height": 4.5, "match_type": "matched", "height_source": "source_b" }, "geometry": { "type": "Polygon", "coordinates": [ [ [ 30.2694, 59.941276999998635 ], [ 30.269621, 59.941336999998647 ], [ 30.26968, 59.941281999998644 ], [ 30.269459, 59.94122199999866 ], [ 30.2694, 59.941276999998635 ] ] ] } },
{ "type": "Feature", "properties": { "height": 4.5, "match_type": "matched", "height_source": "source_b" }, "geometry": { "type": "Polygon", "coordinates": [ [ [ 30.269546, 59.942873999998668 ], [ 30.269498, 59.942912999998654 ], [ 30.269626, 59.94295299999866 ], [ 30.269674, 59.942912999998654 ], [ 30.269546, 59.942873999998668 ] ] ] } },
{ "type": "Feature", "properties": { "height": 13.2, "match_type": "matched", "height_source": "source_b" }, "geometry": { "type": "Polygon", "coordinates": [ [ [ 30.273136, 59.943162999998641 ], [ 30.273083, 59.943140999998654 ], [ 30.273046, 59.943162999998648 ], [ 30.273083, 59.943184999998635 ], [ 30.273136, 59.943162999998641 ] ] ] } },
{ "type": "Feature", "properties": { "height": 4.5, "match_type": "only_b", "height_source": "source_b" }, "geometry": { "type": "Polygon", "coordinates": [ [ [ 30.273746, 59.945322999998666 ], [ 30.273689, 59.945380999998655 ], [ 30.27376, 59.945397999998669 ], [ 30.273817, 59.945340999998649 ], [ 30.273746, 59.945322999998666 ] ] ] } },
{ "type": "Feature", "properties": { "height": 4.5, "match_type": "only_b", "height_source": "source_b" }, "geometry": { "type": "Polygon", "coordinates": [ [ [ 30.274128, 59.93395399999865 ], [ 30.274045, 59.934023999998644 ], [ 30.274223, 59.934076999998666 ], [ 30.274306, 59.93400799999867 ], [ 30.274128, 59.93395399999865 ] ] ] } },
{ "type": "Feature", "properties": { "height": 4.5, "match_type": "only_b", "height_source": "source_b" }, "geometry": { "type": "Polygon", "coordinates": [ [ [ 30.274237, 59.939768999998655 ], [ 30.27433, 59.939795999998644 ], [ 30.274364, 59.939765999998627 ], [ 30.274271, 59.939738999998646 ], [ 30.274237, 59.939768999998655 ] ] ] } },
{ "type": "Feature", "properties": { "height": 4.5, "match_type": "only_b", "height_source": "source_b" }, "geometry": { "type": "Polygon", "coordinates": [ [ [ 30.274364, 59.939661999998663 ], [ 30.274296, 59.939717999998642 ], [ 30.274382, 59.939743999998633 ], [ 30.27445, 59.939688999998658 ], [ 30.274364, 59.939661999998663 ] ] ] } },
{ "type": "Feature", "properties": { "height": 4.5, "match_type": "only_b", "height_source": "source_b" }, "geometry": { "type": "Polygon", "coordinates": [ [ [ 30.274618, 59.942737999998677 ], [ 30.274735, 59.94277499999864 ], [ 30.274919, 59.942627999998663 ], [ 30.274801, 59.942590999998657 ], [ 30.274618, 59.942737999998677 ] ] ] } },
{ "type": "Feature", "properties": { "height": 4.5, "match_type": "only_b", "height_source": "source_b" }, "geometry": { "type": "Polygon", "coordinates": [ [ [ 30.275883, 59.940745999998661 ], [ 30.275804, 59.940816999998653 ], [ 30.276101, 59.940901999998644 ], [ 30.276181, 59.940830999998681 ], [ 30.275883, 59.940745999998661 ] ] ] } }
]
}
